2026-10-06T12:35:32.0919120Z Current runner version: '2.337.0'
2026-10-06T12:35:32.0945263Z ##[group]Runner Image Provisioner
2026-10-06T12:35:32.0946121Z Hosted Compute Agent
2026-10-06T12:35:32.0946853Z Version: 20260901.588
2026-10-06T12:35:32.0947562Z Commit: f88ec8081b781fac6c440065ac7ff9e710ce3d0b
2026-10-06T12:35:32.0948372Z Build Date: 2026-09-01T19:56:44Z
2026-10-06T12:35:32.0949098Z Worker ID: {f33b3447-36db-4c06-8dda-a1aadb45b0de}
2026-10-06T12:35:32.0949849Z Azure Region: westus
2026-10-06T12:35:32.0950755Z ##[endgroup]
2026-10-06T12:35:32.0952284Z ##[group]Operating System
2026-10-06T12:35:32.0953019Z Ubuntu
2026-10-06T12:35:32.0953580Z 24.04.5
2026-10-06T12:35:32.0954099Z LTS
2026-10-06T12:35:32.0954687Z ##[endgroup]
2026-10-06T12:35:32.0955295Z ##[group]Runner Image
2026-10-06T12:35:32.0955913Z Image: ubuntu-24.04
2026-10-06T12:35:32.0956564Z Version: 20260927.320.1
2026-10-06T12:35:32.0957825Z Included Software: https://github.com/actions/runner-images/blob/ubuntu24/20260927.320/images/ubuntu/Ubuntu2404-Readme.md
2026-10-06T12:35:32.0959509Z Image Release: https://github.com/actions/runner-images/releases/tag/ubuntu24%2F20260927.320
2026-10-06T12:35:32.0960747Z ##[endgroup]
2026-10-06T12:35:32.0962098Z ##[group]GITHUB_TOKEN Permissions
2026-10-06T12:35:32.0963999Z Contents: read
2026-10-06T12:35:32.0964818Z Metadata: read
2026-10-06T12:35:32.0965412Z Packages: read
2026-10-06T12:35:32.0966025Z ##[endgroup]
2026-10-06T12:35:32.0968563Z Secret source: Actions
2026-10-06T12:35:32.0969585Z Cache mode: write
2026-10-06T12:35:32.0970672Z Prepare workflow directory
2026-10-06T12:35:32.1586391Z Prepare all required actions
2026-10-06T12:35:32.1636303Z Getting action download info
2026-10-06T12:35:32.5324163Z Download action repository 'actions/checkout@v4' (SHA:11d5960a326750d5838078e36cf38b85af677262)
2026-10-06T12:35:32.6461840Z Download action repository 'astral-sh/setup-uv@v5' (SHA:d4b2f3b6ecc6e67c4457f6d3e41ec42d3d0fcb86)
2026-10-06T12:35:33.1586207Z Download action repository 'actions/setup-node@v4' (SHA:49933ea5288caeca8642d1e84afbd3f7d6820020)
2026-10-06T12:35:33.2444264Z Download action repository 'actions/upload-artifact@v4' (SHA:ea165f8d65b6e75b540449e92b4886f43607fa02)
2026-10-06T12:35:33.4659538Z Complete job name: Unit tests, shard 8
2026-10-06T12:35:33.5192939Z ##[group]Checking docker version
2026-10-06T12:35:33.5206169Z ##[command]/usr/bin/docker version --format '{{.Server.APIVersion}}'
2026-10-06T12:35:33.6272214Z '1.48'
2026-10-06T12:35:33.6289169Z Docker daemon API version: '1.48'
2026-10-06T12:35:33.6290060Z ##[command]/usr/bin/docker version --format '{{.Client.APIVersion}}'
2026-10-06T12:35:33.6450333Z '1.48'
2026-10-06T12:35:33.6464387Z Docker client API version: '1.48'
2026-10-06T12:35:33.6469975Z ##[endgroup]
2026-10-06T12:35:33.6473461Z ##[group]Clean up resources from previous jobs
2026-10-06T12:35:33.6478938Z ##[command]/usr/bin/docker ps --all --quiet --no-trunc --filter "label=e823c5"
2026-10-06T12:35:33.6626419Z ##[command]/usr/bin/docker network prune --force --filter "label=e823c5"
2026-10-06T12:35:33.6762051Z ##[endgroup]
2026-10-06T12:35:33.6762657Z ##[group]Create local container network
2026-10-06T12:35:33.6772943Z ##[command]/usr/bin/docker network create --label e823c5 github_network_50a071944a72478588f50f4ac89587ed
2026-10-06T12:35:33.7304543Z 9954fc7f462b10643ea277433ca40624d3ecced5cff4c2ab87cbbbcba2fc8969
2026-10-06T12:35:33.7324054Z ##[endgroup]
2026-10-06T12:35:33.7349334Z ##[group]Starting postgres service container
2026-10-06T12:35:33.7371021Z ##[command]/usr/bin/docker pull pgvector/pgvector:pg18
2026-10-06T12:35:34.6100222Z pg18: Pulling from pgvector/pgvector
2026-10-06T12:35:34.8865025Z 774043ccc8cc: Pulling fs layer
2026-10-06T12:35:34.8867014Z 211cec8da20e: Pulling fs layer
2026-10-06T12:35:34.8868991Z c56d732b49fe: Pulling fs layer
2026-10-06T12:35:34.8871109Z a9bacfc8d232: Pulling fs layer
2026-10-06T12:35:34.8873000Z c043c1caa591: Pulling fs layer
2026-10-06T12:35:34.8874747Z 6bd876b3b38f: Pulling fs layer
2026-10-06T12:35:34.8876372Z bdbb8057313b: Pulling fs layer
2026-10-06T12:35:34.8878119Z d1c18bcbca3a: Pulling fs layer
2026-10-06T12:35:34.8879245Z 0e6c3beb32b1: Pulling fs layer
2026-10-06T12:35:34.8880627Z 980abddbe295: Pulling fs layer
2026-10-06T12:35:34.8882449Z 5178c10d12ba: Pulling fs layer
2026-10-06T12:35:34.8884009Z 9dd6e8795674: Pulling fs layer
2026-10-06T12:35:34.8885603Z ddda533f81f8: Pulling fs layer
2026-10-06T12:35:34.8887172Z aac640d5ec42: Pulling fs layer
2026-10-06T12:35:34.8888748Z de9ba41de9ee: Pulling fs layer
2026-10-06T12:35:34.8890506Z d1c18bcbca3a: Waiting
2026-10-06T12:35:34.8892255Z 0e6c3beb32b1: Waiting
2026-10-06T12:35:34.8894020Z 980abddbe295: Waiting
2026-10-06T12:35:34.8895693Z 5178c10d12ba: Waiting
2026-10-06T12:35:34.8897396Z 9dd6e8795674: Waiting
2026-10-06T12:35:34.8899133Z ddda533f81f8: Waiting
2026-10-06T12:35:34.8901067Z de9ba41de9ee: Waiting
2026-10-06T12:35:34.8902867Z c043c1caa591: Waiting
2026-10-06T12:35:34.8904607Z 6bd876b3b38f: Waiting
2026-10-06T12:35:34.8906325Z bdbb8057313b: Waiting
2026-10-06T12:35:34.8970126Z a9bacfc8d232: Waiting
2026-10-06T12:35:34.8971917Z aac640d5ec42: Waiting
2026-10-06T12:35:35.1124951Z 211cec8da20e: Download complete
2026-10-06T12:35:35.1253534Z c56d732b49fe: Verifying Checksum
2026-10-06T12:35:35.1258947Z c56d732b49fe: Download complete
2026-10-06T12:35:35.2252691Z 774043ccc8cc: Verifying Checksum
2026-10-06T12:35:35.2254893Z 774043ccc8cc: Download complete
2026-10-06T12:35:35.3400570Z a9bacfc8d232: Verifying Checksum
2026-10-06T12:35:35.3405373Z a9bacfc8d232: Download complete
2026-10-06T12:35:35.3783321Z c043c1caa591: Verifying Checksum
2026-10-06T12:35:35.3787069Z c043c1caa591: Download complete
2026-10-06T12:35:35.4376232Z 6bd876b3b38f: Verifying Checksum
2026-10-06T12:35:35.4377670Z 6bd876b3b38f: Download complete
2026-10-06T12:35:35.5333881Z bdbb8057313b: Verifying Checksum
2026-10-06T12:35:35.5337185Z bdbb8057313b: Download complete
2026-10-06T12:35:35.5932605Z d1c18bcbca3a: Verifying Checksum
2026-10-06T12:35:35.5935371Z d1c18bcbca3a: Download complete
2026-10-06T12:35:35.7387645Z 980abddbe295: Verifying Checksum
2026-10-06T12:35:35.7394445Z 980abddbe295: Download complete
2026-10-06T12:35:35.8035482Z 5178c10d12ba: Verifying Checksum
2026-10-06T12:35:35.8037078Z 5178c10d12ba: Download complete
2026-10-06T12:35:35.9349203Z 9dd6e8795674: Verifying Checksum
2026-10-06T12:35:35.9352041Z 9dd6e8795674: Download complete
2026-10-06T12:35:36.0129741Z ddda533f81f8: Verifying Checksum
2026-10-06T12:35:36.0131494Z ddda533f81f8: Download complete
2026-10-06T12:35:36.0748601Z 0e6c3beb32b1: Verifying Checksum
2026-10-06T12:35:36.0749787Z 0e6c3beb32b1: Download complete
2026-10-06T12:35:36.1425282Z aac640d5ec42: Verifying Checksum
2026-10-06T12:35:36.1427908Z aac640d5ec42: Download complete
2026-10-06T12:35:36.2530237Z de9ba41de9ee: Verifying Checksum
2026-10-06T12:35:36.2531102Z de9ba41de9ee: Download complete
2026-10-06T12:35:36.5857924Z 774043ccc8cc: Pull complete
2026-10-06T12:35:39.4885237Z 211cec8da20e: Pull complete
2026-10-06T12:35:39.6271571Z c56d732b49fe: Pull complete
2026-10-06T12:35:39.6685627Z a9bacfc8d232: Pull complete
2026-10-06T12:35:39.9739463Z c043c1caa591: Pull complete
2026-10-06T12:35:40.0504976Z 6bd876b3b38f: Pull complete
2026-10-06T12:35:40.0580829Z bdbb8057313b: Pull complete
2026-10-06T12:35:40.0704135Z d1c18bcbca3a: Pull complete
2026-10-06T12:35:43.0514978Z 0e6c3beb32b1: Pull complete
2026-10-06T12:35:43.0632906Z 980abddbe295: Pull complete
2026-10-06T12:35:43.0721476Z 5178c10d12ba: Pull complete
2026-10-06T12:35:43.0808084Z 9dd6e8795674: Pull complete
2026-10-06T12:35:43.0903304Z ddda533f81f8: Pull complete
2026-10-06T12:35:43.1423791Z aac640d5ec42: Pull complete
2026-10-06T12:35:43.2721000Z de9ba41de9ee: Pull complete
2026-10-06T12:35:43.2761774Z Digest: sha256:2358fcba361ed2233a5ed81b5fe4ca779ccb304120ce531a3bf51c0ed7e2bc11
2026-10-06T12:35:43.2773372Z Status: Downloaded newer image for pgvector/pgvector:pg18
2026-10-06T12:35:43.2781783Z docker.io/pgvector/pgvector:pg18
2026-10-06T12:35:43.2857855Z ##[command]/usr/bin/docker create --name d6965ee1d06c442e9a3d9eba0f00447f_pgvectorpgvectorpg18_c8561e --label e823c5 --network github_network_50a071944a72478588f50f4ac89587ed --network-alias postgres -p 5432:5432 --health-cmd pg_isready --health-interval 5s --health-timeout 5s --health-retries 10 -e "POSTGRES_PASSWORD=postgres" -e "POSTGRES_DB=brain_test" -e GITHUB_ACTIONS=true -e CI=true pgvector/pgvector:pg18
2026-10-06T12:35:43.3117676Z f9027e39d75cdf7235edc03cf6125ddacd5b10579d8d40620ee1f45980fb6b17
2026-10-06T12:35:43.3141985Z ##[command]/usr/bin/docker start f9027e39d75cdf7235edc03cf6125ddacd5b10579d8d40620ee1f45980fb6b17
2026-10-06T12:35:43.5284163Z f9027e39d75cdf7235edc03cf6125ddacd5b10579d8d40620ee1f45980fb6b17
2026-10-06T12:35:43.5305206Z ##[command]/usr/bin/docker ps --all --filter id=f9027e39d75cdf7235edc03cf6125ddacd5b10579d8d40620ee1f45980fb6b17 --filter status=running --no-trunc --format "{{.ID}} {{.Status}}"
2026-10-06T12:35:43.5443058Z f9027e39d75cdf7235edc03cf6125ddacd5b10579d8d40620ee1f45980fb6b17 Up Less than a second (health: starting)
2026-10-06T12:35:43.5464657Z ##[command]/usr/bin/docker port f9027e39d75cdf7235edc03cf6125ddacd5b10579d8d40620ee1f45980fb6b17
2026-10-06T12:35:43.5611515Z 5432/tcp -> 0.0.0.0:5432
2026-10-06T12:35:43.5612237Z 5432/tcp -> [::]:5432
2026-10-06T12:35:43.5670668Z ##[endgroup]
2026-10-06T12:35:43.5680897Z ##[group]Waiting for all services to be ready
2026-10-06T12:35:43.5695130Z ##[command]/usr/bin/docker inspect --format="{{if .Config.Healthcheck}}{{print .State.Health.Status}}{{end}}" f9027e39d75cdf7235edc03cf6125ddacd5b10579d8d40620ee1f45980fb6b17
2026-10-06T12:35:43.5838589Z starting
2026-10-06T12:35:43.5866173Z postgres service is starting, waiting 2 seconds before checking again.
2026-10-06T12:35:45.5859520Z ##[command]/usr/bin/docker inspect --format="{{if .Config.Healthcheck}}{{print .State.Health.Status}}{{end}}" f9027e39d75cdf7235edc03cf6125ddacd5b10579d8d40620ee1f45980fb6b17
2026-10-06T12:35:45.5990240Z starting
2026-10-06T12:35:45.6003109Z postgres service is starting, waiting 4 seconds before checking again.
2026-10-06T12:35:49.8233783Z ##[command]/usr/bin/docker inspect --format="{{if .Config.Healthcheck}}{{print .State.Health.Status}}{{end}}" f9027e39d75cdf7235edc03cf6125ddacd5b10579d8d40620ee1f45980fb6b17
2026-10-06T12:35:49.8383060Z healthy
2026-10-06T12:35:49.8402599Z postgres service is healthy.
2026-10-06T12:35:49.8403376Z ##[endgroup]
2026-10-06T12:35:49.8689701Z ##[group]Run actions/checkout@v4
2026-10-06T12:35:49.8690264Z with:
2026-10-06T12:35:49.8690828Z   fetch-depth: 0
2026-10-06T12:35:49.8691078Z   repository: rpsj2230/Verz-OS-v2.0
2026-10-06T12:35:49.8693731Z   token: ***
2026-10-06T12:35:49.8693945Z   ssh-strict: true
2026-10-06T12:35:49.8694152Z   ssh-user: git
2026-10-06T12:35:49.8694369Z   persist-credentials: true
2026-10-06T12:35:49.8694604Z   clean: true
2026-10-06T12:35:49.8694819Z   sparse-checkout-cone-mode: true
2026-10-06T12:35:49.8695079Z   fetch-tags: false
2026-10-06T12:35:49.8695282Z   show-progress: true
2026-10-06T12:35:49.8695488Z   lfs: false
2026-10-06T12:35:49.8695673Z   submodules: false
2026-10-06T12:35:49.8695900Z   set-safe-directory: true
2026-10-06T12:35:49.8696143Z   allow-unsafe-pr-checkout: false
2026-10-06T12:35:49.8696654Z env:
2026-10-06T12:35:49.8696843Z   UV_VERSION: 0.12.9
2026-10-06T12:35:49.8697288Z   DATABASE_URL: ***localhost:5432/brain_test
2026-10-06T12:35:49.8697741Z   COVERAGE_FILE: /home/runner/work/Verz-OS-v2.0/Verz-OS-v2.0/coverage-shard-8
2026-10-06T12:35:49.8698142Z ##[endgroup]
2026-10-06T12:35:49.9742787Z Syncing repository: rpsj2230/Verz-OS-v2.0
2026-10-06T12:35:49.9744536Z ##[group]Getting Git version info
2026-10-06T12:35:49.9745271Z Working directory is '/home/runner/work/Verz-OS-v2.0/Verz-OS-v2.0'
2026-10-06T12:35:49.9746393Z [command]/usr/bin/git version
2026-10-06T12:35:49.9865992Z git version 2.55.0
2026-10-06T12:35:49.9893769Z ##[endgroup]
2026-10-06T12:35:49.9909233Z Temporarily overriding HOME='/home/runner/work/_temp/3cc658bc-854b-41e1-900f-d253af79c3cd' before making global git config changes
2026-10-06T12:35:49.9910714Z Adding repository directory to the temporary git global config as a safe directory
2026-10-06T12:35:49.9915827Z [command]/usr/bin/git config --global --add safe.directory /home/runner/work/Verz-OS-v2.0/Verz-OS-v2.0
2026-10-06T12:35:49.9975358Z Deleting the contents of '/home/runner/work/Verz-OS-v2.0/Verz-OS-v2.0'
2026-10-06T12:35:49.9979898Z ##[group]Initializing the repository
2026-10-06T12:35:49.9985312Z [command]/usr/bin/git init /home/runner/work/Verz-OS-v2.0/Verz-OS-v2.0
2026-10-06T12:35:50.0118028Z hint: Using 'master' as the name for the initial branch. This default branch name
2026-10-06T12:35:50.0118647Z hint: will change to "main" in Git 3.0. To configure the initial branch name
2026-10-06T12:35:50.0119193Z hint: to use in all of your new repositories, which will suppress this warning,
2026-10-06T12:35:50.0119608Z hint: call:
2026-10-06T12:35:50.0119805Z hint:
2026-10-06T12:35:50.0120134Z hint: 	git config --global init.defaultBranch <name>
2026-10-06T12:35:50.0120863Z hint:
2026-10-06T12:35:50.0121461Z hint: Names commonly chosen instead of 'master' are 'main', 'trunk' and
2026-10-06T12:35:50.0122212Z hint: 'development'. The just-created branch can be renamed via this command:
2026-10-06T12:35:50.0122614Z hint:
2026-10-06T12:35:50.0122828Z hint: 	git branch -m <name>
2026-10-06T12:35:50.0123103Z hint:
2026-10-06T12:35:50.0123457Z hint: Disable this message with "git config set advice.defaultBranchName false"
2026-10-06T12:35:50.0125102Z Initialized empty Git repository in /home/runner/work/Verz-OS-v2.0/Verz-OS-v2.0/.git/
2026-10-06T12:35:50.0136801Z [command]/usr/bin/git remote add origin https://github.com/rpsj2230/Verz-OS-v2.0
2026-10-06T12:35:50.0191131Z ##[endgroup]
2026-10-06T12:35:50.0191842Z ##[group]Disabling automatic garbage collection
2026-10-06T12:35:50.0196876Z [command]/usr/bin/git config --local gc.auto 0
2026-10-06T12:35:50.0228685Z ##[endgroup]
2026-10-06T12:35:50.0229283Z ##[group]Setting up auth
2026-10-06T12:35:50.0238793Z [command]/usr/bin/git config --local --name-only --get-regexp core\.sshCommand
2026-10-06T12:35:50.0276077Z [command]/usr/bin/git submodule foreach --recursive sh -c "git config --local --name-only --get-regexp 'core\.sshCommand' && git config --local --unset-all 'core.sshCommand' || :"
2026-10-06T12:35:50.0711062Z [command]/usr/bin/git config --local --name-only --get-regexp http\.https\:\/\/github\.com\/\.extraheader
2026-10-06T12:35:50.0751133Z [command]/usr/bin/git submodule foreach --recursive sh -c "git config --local --name-only --get-regexp 'http\.https\:\/\/github\.com\/\.extraheader' && git config --local --unset-all 'http.https://github.com/.extraheader' || :"
2026-10-06T12:35:50.0979312Z [command]/usr/bin/git config --local --name-only --get-regexp ^includeIf\.gitdir:
2026-10-06T12:35:50.1016099Z [command]/usr/bin/git submodule foreach --recursive git config --local --show-origin --name-only --get-regexp remote.origin.url
2026-10-06T12:35:50.1246788Z [command]/usr/bin/git config --local http.https://github.com/.extraheader AUTHORIZATION: basic ***
2026-10-06T12:35:50.1289847Z ##[endgroup]
2026-10-06T12:35:50.1290938Z ##[group]Fetching the repository
2026-10-06T12:35:50.1301759Z [command]/usr/bin/git -c protocol.version=2 fetch --prune --no-recurse-submodules origin +refs/heads/*:refs/remotes/origin/* +refs/tags/*:refs/tags/* +1dcc6e3c3c1ef5d82e5cc9d975ae85480180fc3a:refs/remotes/pull/466/merge
2026-10-06T12:35:53.2660928Z From https://github.com/rpsj2230/Verz-OS-v2.0
2026-10-06T12:35:53.2662350Z  * [new branch]        M0/keycloak-first-start-memory           -> origin/M0/keycloak-first-start-memory
2026-10-06T12:35:53.2664313Z  * [new branch]        M0/keycloak-fixed-heap                   -> origin/M0/keycloak-fixed-heap
2026-10-06T12:35:53.2665762Z  * [new branch]        M0/w2-ci-path-filters                    -> origin/M0/w2-ci-path-filters
2026-10-06T12:35:53.2667394Z  * [new branch]        M0/w2-test-selection-shadow              -> origin/M0/w2-test-selection-shadow
2026-10-06T12:35:53.2668970Z  * [new branch]        M1/add-work-email                        -> origin/M1/add-work-email
2026-10-06T12:35:53.2671238Z  * [new branch]        M1/console-token-scope                   -> origin/M1/console-token-scope
2026-10-06T12:35:53.2672701Z  * [new branch]        M1/departments-from                      -> origin/M1/departments-from
2026-10-06T12:35:53.2674141Z  * [new branch]        M1/departments-from-relanded             -> origin/M1/departments-from-relanded
2026-10-06T12:35:53.2675697Z  * [new branch]        M1/group-sync-break-glass-notice         -> origin/M1/group-sync-break-glass-notice
2026-10-06T12:35:53.2677043Z  * [new branch]        M1/head-audit-reads                      -> origin/M1/head-audit-reads
2026-10-06T12:35:53.2677763Z  * [new branch]        M1/ldap-staff-source                     -> origin/M1/ldap-staff-source
2026-10-06T12:35:53.2678322Z  * [new branch]        M1/people-status                         -> origin/M1/people-status
2026-10-06T12:35:53.2678902Z  * [new branch]        M1/relay-to-sign-in                      -> origin/M1/relay-to-sign-in
2026-10-06T12:35:53.2679523Z  * [new branch]        M1/role-grants-deputies-floor            -> origin/M1/role-grants-deputies-floor
2026-10-06T12:35:53.2680241Z  * [new branch]        M1/role-grants-deputies-floor-r225625    -> origin/M1/role-grants-deputies-floor-r225625
2026-10-06T12:35:53.2681606Z  * [new branch]        M1/staff-accounts                        -> origin/M1/staff-accounts
2026-10-06T12:35:53.2682732Z  * [new branch]        M1/staff-adapters-gws-entra-lark         -> origin/M1/staff-adapters-gws-entra-lark
2026-10-06T12:35:53.2683895Z  * [new branch]        M1/staff-are-people                      -> origin/M1/staff-are-people
2026-10-06T12:35:53.2685052Z  * [new branch]        M1/staff-source-connect-leaver-stop      -> origin/M1/staff-source-connect-leaver-stop
2026-10-06T12:35:53.2686181Z  * [new branch]        M1/staff-sync-diagnostics                -> origin/M1/staff-sync-diagnostics
2026-10-06T12:35:53.2687316Z  * [new branch]        M1/starter-pack-per-department           -> origin/M1/starter-pack-per-department
2026-10-06T12:35:53.2688521Z  * [new branch]        M10/channel-email                        -> origin/M10/channel-email
2026-10-06T12:35:53.2689656Z  * [new branch]        M10/channel-email-mailbox                -> origin/M10/channel-email-mailbox
2026-10-06T12:35:53.2691322Z  * [new branch]        M10/channel-pipeline                     -> origin/M10/channel-pipeline
2026-10-06T12:35:53.2692414Z  * [new branch]        M10/channel-slack                        -> origin/M10/channel-slack
2026-10-06T12:35:53.2693399Z  * [new branch]        M10/channel-teams                        -> origin/M10/channel-teams
2026-10-06T12:35:53.2694372Z  * [new branch]        M10/channel-telegram                     -> origin/M10/channel-telegram
2026-10-06T12:35:53.2695426Z  * [new branch]        M10/channel-whatsapp                     -> origin/M10/channel-whatsapp
2026-10-06T12:35:53.2696593Z  * [new branch]        M10/channels-screen-binding              -> origin/M10/channels-screen-binding
2026-10-06T12:35:53.2697688Z  * [new branch]        M10/lark-chat-channel                    -> origin/M10/lark-chat-channel
2026-10-06T12:35:53.2698787Z  * [new branch]        M10/w2-approval-cards                    -> origin/M10/w2-approval-cards
2026-10-06T12:35:53.2699849Z  * [new branch]        M10/w2-card-on-raise                     -> origin/M10/w2-card-on-raise
2026-10-06T12:35:53.2701033Z  * [new branch]        M10/w2-channel-checks                    -> origin/M10/w2-channel-checks
2026-10-06T12:35:53.2702026Z  * [new branch]        M10/w2-widget-public                     -> origin/M10/w2-widget-public
2026-10-06T12:35:53.2702918Z  * [new branch]        M10/w2-widget-session                    -> origin/M10/w2-widget-session
2026-10-06T12:35:53.2703801Z  * [new branch]        M10/widget-test-clock                    -> origin/M10/widget-test-clock
2026-10-06T12:35:53.2704694Z  * [new branch]        M11/ceilings-discovery                   -> origin/M11/ceilings-discovery
2026-10-06T12:35:53.2705621Z  * [new branch]        M11/connector-discovery                  -> origin/M11/connector-discovery
2026-10-06T12:35:53.2706867Z  * [new branch]        M11/connector-registries-minimal-index   -> origin/M11/connector-registries-minimal-index
2026-10-06T12:35:53.2708019Z  * [new branch]        M11/freshdesk-connector                  -> origin/M11/freshdesk-connector
2026-10-06T12:35:53.2709096Z  * [new branch]        M11/lark-wiki-base-connectors            -> origin/M11/lark-wiki-base-connectors
2026-10-06T12:35:53.2710216Z  * [new branch]        M11/live-read-speed-budget               -> origin/M11/live-read-speed-budget
2026-10-06T12:35:53.2711461Z  * [new branch]        M11/live-read-speed-budget-r2            -> origin/M11/live-read-speed-budget-r2
2026-10-06T12:35:53.2712366Z  * [new branch]        M11/w2-change-signals                    -> origin/M11/w2-change-signals
2026-10-06T12:35:53.2713239Z  * [new branch]        M11/w2-cloudflare                        -> origin/M11/w2-cloudflare
2026-10-06T12:35:53.2714204Z  * [new branch]        M11/w2-connect-drive-laravel             -> origin/M11/w2-connect-drive-laravel
2026-10-06T12:35:53.2715224Z  * [new branch]        M11/w2-connector-checks                  -> origin/M11/w2-connector-checks
2026-10-06T12:35:53.2716183Z  * [new branch]        M11/w2-connector-lifecycle               -> origin/M11/w2-connector-lifecycle
2026-10-06T12:35:53.2717180Z  * [new branch]        M11/w2-connector-metrics                 -> origin/M11/w2-connector-metrics
2026-10-06T12:35:53.2718077Z  * [new branch]        M11/w2-connectors-tools                  -> origin/M11/w2-connectors-tools
2026-10-06T12:35:53.2719217Z  * [new branch]        M11/w2-connectors-tools-2                -> origin/M11/w2-connectors-tools-2
2026-10-06T12:35:53.2720034Z  * [new branch]        M11/w2-domains                           -> origin/M11/w2-domains
2026-10-06T12:35:53.2720886Z  * [new branch]        M11/w2-drive-depth-first                 -> origin/M11/w2-drive-depth-first
2026-10-06T12:35:53.2721450Z  * [new branch]        M11/w2-drive-read                        -> origin/M11/w2-drive-read
2026-10-06T12:35:53.2722009Z  * [new branch]        M11/w2-framework-checks                  -> origin/M11/w2-framework-checks
2026-10-06T12:35:53.2722729Z  * [new branch]        M11/w2-freshdesk-live                    -> origin/M11/w2-freshdesk-live
2026-10-06T12:35:53.2723294Z  * [new branch]        M11/w2-freshdesk-reply                   -> origin/M11/w2-freshdesk-reply
2026-10-06T12:35:53.2723855Z  * [new branch]        M11/w2-google-analytics                  -> origin/M11/w2-google-analytics
2026-10-06T12:35:53.2724405Z  * [new branch]        M11/w2-google-workspace                  -> origin/M11/w2-google-workspace
2026-10-06T12:35:53.2724942Z  * [new branch]        M11/w2-hubspot-live                      -> origin/M11/w2-hubspot-live
2026-10-06T12:35:53.2725457Z  * [new branch]        M11/w2-laravel-read                      -> origin/M11/w2-laravel-read
2026-10-06T12:35:53.2725961Z  * [new branch]        M11/w2-lark-base                         -> origin/M11/w2-lark-base
2026-10-06T12:35:53.2726447Z  * [new branch]        M11/w2-oauth                             -> origin/M11/w2-oauth
2026-10-06T12:35:53.2726983Z  * [new branch]        M11/w2-requirement-areas                 -> origin/M11/w2-requirement-areas
2026-10-06T12:35:53.2727562Z  * [new branch]        M11/w2-schema-drift                      -> origin/M11/w2-schema-drift
2026-10-06T12:35:53.2728328Z  * [new branch]        M11/w2-search-console                    -> origin/M11/w2-search-console
2026-10-06T12:35:53.2729240Z  * [new branch]        M11/w2-slack-source                      -> origin/M11/w2-slack-source
2026-10-06T12:35:53.2730232Z  * [new branch]        M11/w2-spec-connector                    -> origin/M11/w2-spec-connector
2026-10-06T12:35:53.2731103Z  * [new branch]        M11/w2-staleness                         -> origin/M11/w2-staleness
2026-10-06T12:35:53.2731643Z  * [new branch]        M11/w2-transports                        -> origin/M11/w2-transports
2026-10-06T12:35:53.2732378Z  * [new branch]        M11/w2-write-tools                       -> origin/M11/w2-write-tools
2026-10-06T12:35:53.2732940Z  * [new branch]        M11/w3-connectable-checks                -> origin/M11/w3-connectable-checks
2026-10-06T12:35:53.2733510Z  * [new branch]        M11/w3-live-answers                      -> origin/M11/w3-live-answers
2026-10-06T12:35:53.2734060Z  * [new branch]        M11/w3-ready-from-console                -> origin/M11/w3-ready-from-console
2026-10-06T12:35:53.2734615Z  * [new branch]        M11/w3-write-proved                      -> origin/M11/w3-write-proved
2026-10-06T12:35:53.2735155Z  * [new branch]        M11/wave2-acceptance                     -> origin/M11/wave2-acceptance
2026-10-06T12:35:53.2735713Z  * [new branch]        M12/skill-import-review                  -> origin/M12/skill-import-review
2026-10-06T12:35:53.2736294Z  * [new branch]        M12/tool-catalogue-switch                -> origin/M12/tool-catalogue-switch
2026-10-06T12:35:53.2736947Z  * [new branch]        M12/tool-catalogue-switch-r195618        -> origin/M12/tool-catalogue-switch-r195618
2026-10-06T12:35:53.2737591Z  * [new branch]        M12/w2-chat-attach-control               -> origin/M12/w2-chat-attach-control
2026-10-06T12:35:53.2738175Z  * [new branch]        M12/w2-chat-attachments                  -> origin/M12/w2-chat-attachments
2026-10-06T12:35:53.2738746Z  * [new branch]        M12/w2-default-leash                     -> origin/M12/w2-default-leash
2026-10-06T12:35:53.2739306Z  * [new branch]        M12/w2-skill-packages                    -> origin/M12/w2-skill-packages
2026-10-06T12:35:53.2739877Z  * [new branch]        M12/w2-skill-script-digest               -> origin/M12/w2-skill-script-digest
2026-10-06T12:35:53.2740725Z  * [new branch]        M12/w2-sop-import                        -> origin/M12/w2-sop-import
2026-10-06T12:35:53.2741304Z  * [new branch]        M12/w2-website-check                     -> origin/M12/w2-website-check
2026-10-06T12:35:53.2741901Z  * [new branch]        M12/w3-skill-export-rehearsal            -> origin/M12/w3-skill-export-rehearsal
2026-10-06T12:35:53.2742659Z  * [new branch]        M12/w3-skill-pin-checks                  -> origin/M12/w3-skill-pin-checks
2026-10-06T12:35:53.2743372Z  * [new branch]        M12/w3-skill-pins-wired                  -> origin/M12/w3-skill-pins-wired
2026-10-06T12:35:53.2743954Z  * [new branch]        M12/website-check-tool                   -> origin/M12/website-check-tool
2026-10-06T12:35:53.2744478Z  * [new branch]        M13/halt-agent                           -> origin/M13/halt-agent
2026-10-06T12:35:53.2745025Z  * [new branch]        M13/install-checks-agents                -> origin/M13/install-checks-agents
2026-10-06T12:35:53.2745716Z  * [new branch]        M13/runtime-side-effects                 -> origin/M13/runtime-side-effects
2026-10-06T12:35:53.2746320Z  * [new branch]        M13/template-signing-key                 -> origin/M13/template-signing-key
2026-10-06T12:35:53.2746881Z  * [new branch]        M13/w2-template-key                      -> origin/M13/w2-template-key
2026-10-06T12:35:53.2747414Z  * [new branch]        M13/w3-actions-stack                     -> origin/M13/w3-actions-stack
2026-10-06T12:35:53.2747990Z  * [new branch]        M13/w3-agent-channels-edit               -> origin/M13/w3-agent-channels-edit
2026-10-06T12:35:53.2748662Z  * [new branch]        M13/w3-agent-reach                       -> origin/M13/w3-agent-reach
2026-10-06T12:35:53.2749183Z  * [new branch]        M13/w3-agent-runtime                     -> origin/M13/w3-agent-runtime
2026-10-06T12:35:53.2749764Z  * [new branch]        M13/w3-approved-runs-once                -> origin/M13/w3-approved-runs-once
2026-10-06T12:35:53.2750589Z  * [new branch]        M13/w3-builder-checks                    -> origin/M13/w3-builder-checks
2026-10-06T12:35:53.2751289Z  * [new branch]        M13/w3-connector-binding                 -> origin/M13/w3-connector-binding
2026-10-06T12:35:53.2752088Z  * [new branch]        M13/w3-runtime-side-effects              -> origin/M13/w3-runtime-side-effects
2026-10-06T12:35:53.2752836Z  * [new branch]        M13/w3-template-checks                   -> origin/M13/w3-template-checks
2026-10-06T12:35:53.2753395Z  * [new branch]        M13/w3-wiki-page-read                    -> origin/M13/w3-wiki-page-read
2026-10-06T12:35:53.2753978Z  * [new branch]        M13/wire-agent-upgrade                   -> origin/M13/wire-agent-upgrade
2026-10-06T12:35:53.2754527Z  * [new branch]        M13/wire-answer-key                      -> origin/M13/wire-answer-key
2026-10-06T12:35:53.2755067Z  * [new branch]        M13/wire-publish-gate                    -> origin/M13/wire-publish-gate
2026-10-06T12:35:53.2755667Z  * [new branch]        M14/w3-calibration                       -> origin/M14/w3-calibration
2026-10-06T12:35:53.2756378Z  * [new branch]        M14/w3-entity-resolution                 -> origin/M14/w3-entity-resolution
2026-10-06T12:35:53.2757195Z  * [new branch]        M14/w3-pepper                            -> origin/M14/w3-pepper
2026-10-06T12:35:53.2757757Z  * [new branch]        M14/w3-register-decisions                -> origin/M14/w3-register-decisions
2026-10-06T12:35:53.2758316Z  * [new branch]        M14/w3-unresolved                        -> origin/M14/w3-unresolved
2026-10-06T12:35:53.2759168Z  * [new branch]        M15/retrieval-log-replay                 -> origin/M15/retrieval-log-replay
2026-10-06T12:35:53.2760603Z  * [new branch]        M15/typed-rows-department-scope          -> origin/M15/typed-rows-department-scope
2026-10-06T12:35:53.2761813Z  * [new branch]        M15/w2-narrow-reader-scan                -> origin/M15/w2-narrow-reader-scan
2026-10-06T12:35:53.2762901Z  * [new branch]        M16/needs-memory-items                   -> origin/M16/needs-memory-items
2026-10-06T12:35:53.2763952Z  * [new branch]        M16/w3-channel-marks                     -> origin/M16/w3-channel-marks
2026-10-06T12:35:53.2764886Z  * [new branch]        M16/w3-confirmed                         -> origin/M16/w3-confirmed
2026-10-06T12:35:53.2765766Z  * [new branch]        M16/w3-context                           -> origin/M16/w3-context
2026-10-06T12:35:53.2766732Z  * [new branch]        M16/w3-learning-candidates               -> origin/M16/w3-learning-candidates
2026-10-06T12:35:53.2768078Z  * [new branch]        M16/w3-learning-tables                   -> origin/M16/w3-learning-tables
2026-10-06T12:35:53.2769157Z  * [new branch]        M16/w3-marks                             -> origin/M16/w3-marks
2026-10-06T12:35:53.2770119Z  * [new branch]        M16/w3-memory-learning                   -> origin/M16/w3-memory-learning
2026-10-06T12:35:53.2771338Z  * [new branch]        M16/w3-signal-log                        -> origin/M16/w3-signal-log
2026-10-06T12:35:53.2772199Z  * [new branch]        M16/w3-waiting                           -> origin/M16/w3-waiting
2026-10-06T12:35:53.2773070Z  * [new branch]        M16/w3-weekly-digest                     -> origin/M16/w3-weekly-digest
2026-10-06T12:35:53.2773998Z  * [new branch]        M20/draft-forms-fix                      -> origin/M20/draft-forms-fix
2026-10-06T12:35:53.2774937Z  * [new branch]        M20/w3-publish-record                    -> origin/M20/w3-publish-record
2026-10-06T12:35:53.2775935Z  * [new branch]        M20/wire-builder-sections                -> origin/M20/wire-builder-sections
2026-10-06T12:35:53.2776898Z  * [new branch]        M20/wire-coauthor                        -> origin/M20/wire-coauthor
2026-10-06T12:35:53.2778064Z  * [new branch]        M21/budget-stops                         -> origin/M21/budget-stops
2026-10-06T12:35:53.2778737Z  * [new branch]        M21/record-usage-for-stats               -> origin/M21/record-usage-for-stats
2026-10-06T12:35:53.2779357Z  * [new branch]        M22/w2-admission-classes                 -> origin/M22/w2-admission-classes
2026-10-06T12:35:53.2780018Z  * [new branch]        M22/w2-capacity-trace-pii-checks         -> origin/M22/w2-capacity-trace-pii-checks
2026-10-06T12:35:53.2781108Z  * [new branch]        M22/w2-class-pools                       -> origin/M22/w2-class-pools
2026-10-06T12:35:53.2781646Z  * [new branch]        M22/w2-pool-limits                       -> origin/M22/w2-pool-limits
2026-10-06T12:35:53.2782167Z  * [new branch]        M22/w2-ready-probe                       -> origin/M22/w2-ready-probe
2026-10-06T12:35:53.2782700Z  * [new branch]        M23/rate-limits-live                     -> origin/M23/rate-limits-live
2026-10-06T12:35:53.2783258Z  * [new branch]        M23/w2-proof-recovery                    -> origin/M23/w2-proof-recovery
2026-10-06T12:35:53.2783808Z  * [new branch]        M23/w2-redrive                           -> origin/M23/w2-redrive
2026-10-06T12:35:53.2784399Z  * [new branch]        M24/decisions-compliance-breach          -> origin/M24/decisions-compliance-breach
2026-10-06T12:35:53.2785055Z  * [new branch]        M24/trace-and-session-audit              -> origin/M24/trace-and-session-audit
2026-10-06T12:35:53.2785628Z  * [new branch]        M27/agent-builder                        -> origin/M27/agent-builder
2026-10-06T12:35:53.2786477Z  * [new branch]        M27/connect-wizards                      -> origin/M27/connect-wizards
2026-10-06T12:35:53.2787496Z  * [new branch]        M27/connect-wizards-2                    -> origin/M27/connect-wizards-2
2026-10-06T12:35:53.2788353Z  * [new branch]        M27/connect-wizards-3                    -> origin/M27/connect-wizards-3
2026-10-06T12:35:53.2788906Z  * [new branch]        M27/connect-wizards-4                    -> origin/M27/connect-wizards-4
2026-10-06T12:35:53.2789446Z  * [new branch]        M27/connector-drift                      -> origin/M27/connector-drift
2026-10-06T12:35:53.2790012Z  * [new branch]        M27/connector-test-probe                 -> origin/M27/connector-test-probe
2026-10-06T12:35:53.2790870Z  * [new branch]        M27/console-automations                  -> origin/M27/console-automations
2026-10-06T12:35:53.2791452Z  * [new branch]        M27/console-batch-0928                   -> origin/M27/console-batch-0928
2026-10-06T12:35:53.2792020Z  * [new branch]        M27/console-channels                     -> origin/M27/console-channels
2026-10-06T12:35:53.2792741Z  * [new branch]        M27/console-connectors                   -> origin/M27/console-connectors
2026-10-06T12:35:53.2793321Z  * [new branch]        M27/console-credentials                  -> origin/M27/console-credentials
2026-10-06T12:35:53.2793908Z  * [new branch]        M27/console-credentials-r2               -> origin/M27/console-credentials-r2
2026-10-06T12:35:53.2794495Z  * [new branch]        M27/console-governance                   -> origin/M27/console-governance
2026-10-06T12:35:53.2795049Z  * [new branch]        M27/console-knowledge                    -> origin/M27/console-knowledge
2026-10-06T12:35:53.2795615Z  * [new branch]        M27/console-knowledge-r2                 -> origin/M27/console-knowledge-r2
2026-10-06T12:35:53.2796317Z  * [new branch]        M27/console-knowledge-r3                 -> origin/M27/console-knowledge-r3
2026-10-06T12:35:53.2797110Z  * [new branch]        M27/console-last-pages                   -> origin/M27/console-last-pages
2026-10-06T12:35:53.2797714Z  * [new branch]        M27/console-models-routing               -> origin/M27/console-models-routing
2026-10-06T12:35:53.2798552Z  * [new branch]        M27/console-navigation-groups            -> origin/M27/console-navigation-groups
2026-10-06T12:35:53.2799738Z  * [new branch]        M27/console-operations                   -> origin/M27/console-operations
2026-10-06T12:35:53.2801112Z  * [new branch]        M27/console-overview-home                -> origin/M27/console-overview-home
2026-10-06T12:35:53.2802323Z  * [new branch]        M27/console-page-kit-agents              -> origin/M27/console-page-kit-agents
2026-10-06T12:35:53.2803457Z  * [new branch]        M27/console-people-org                   -> origin/M27/console-people-org
2026-10-06T12:35:53.2804477Z  * [new branch]        M27/console-platform                     -> origin/M27/console-platform
2026-10-06T12:35:53.2805845Z  * [new branch]        M27/console-registries-per-module        -> origin/M27/console-registries-per-module
2026-10-06T12:35:53.2807039Z  * [new branch]        M27/console-reports                      -> origin/M27/console-reports
2026-10-06T12:35:53.2808044Z  * [new branch]        M27/console-skills                       -> origin/M27/console-skills
2026-10-06T12:35:53.2809090Z  * [new branch]        M27/console-stats-overview               -> origin/M27/console-stats-overview
2026-10-06T12:35:53.2810184Z  * [new branch]        M27/console-stats-overview-r2            -> origin/M27/console-stats-overview-r2
2026-10-06T12:35:53.2811556Z  * [new branch]        M27/console-stats-overview-r3            -> origin/M27/console-stats-overview-r3
2026-10-06T12:35:53.2812640Z  * [new branch]        M27/console-stats-overview-r4            -> origin/M27/console-stats-overview-r4
2026-10-06T12:35:53.2813721Z  * [new branch]        M27/console-stats-overview-r5            -> origin/M27/console-stats-overview-r5
2026-10-06T12:35:53.2814810Z  * [new branch]        M27/console-stats-overview-r6            -> origin/M27/console-stats-overview-r6
2026-10-06T12:35:53.2815879Z  * [new branch]        M27/console-teardown-flake               -> origin/M27/console-teardown-flake
2026-10-06T12:35:53.2817142Z  * [new branch]        M27/department-about-flake               -> origin/M27/department-about-flake
2026-10-06T12:35:53.2817781Z  * [new branch]        M27/departments-page-writes              -> origin/M27/departments-page-writes
2026-10-06T12:35:53.2818336Z  * [new branch]        M27/halt                                 -> origin/M27/halt
2026-10-06T12:35:53.2818882Z  * [new branch]        M27/halt-and-agent-lifecycle             -> origin/M27/halt-and-agent-lifecycle
2026-10-06T12:35:53.2819456Z  * [new branch]        M27/halt-screen                          -> origin/M27/halt-screen
2026-10-06T12:35:53.2819951Z  * [new branch]        M27/halt-store                           -> origin/M27/halt-store
2026-10-06T12:35:53.2820784Z  * [new branch]        M27/harness-console-proofs               -> origin/M27/harness-console-proofs
2026-10-06T12:35:53.2821373Z  * [new branch]        M27/incidents-screen                     -> origin/M27/incidents-screen
2026-10-06T12:35:53.2822077Z  * [new branch]        M27/models-matrix                        -> origin/M27/models-matrix
2026-10-06T12:35:53.2822653Z  * [new branch]        M27/models-routing-plain                 -> origin/M27/models-routing-plain
2026-10-06T12:35:53.2823234Z  * [new branch]        M27/models-screen-matrix                 -> origin/M27/models-screen-matrix
2026-10-06T12:35:53.2823860Z  * [new branch]        M27/money-figures-carry-currency         -> origin/M27/money-figures-carry-currency
2026-10-06T12:35:53.2824809Z  * [new branch]        M27/people-grant-controls                -> origin/M27/people-grant-controls
2026-10-06T12:35:53.2825913Z  * [new branch]        M27/service-accounts-page                -> origin/M27/service-accounts-page
2026-10-06T12:35:53.2826917Z  * [new branch]        M27/stats-live-reads-skill-runs          -> origin/M27/stats-live-reads-skill-runs
2026-10-06T12:35:53.2850681Z  * [new branch]        M27/w3-browser-e2e                       -> origin/M27/w3-browser-e2e
2026-10-06T12:35:53.2851327Z  * [new branch]        M27/w3-browser-harness                   -> origin/M27/w3-browser-harness
2026-10-06T12:35:53.2851931Z  * [new branch]        M27/w3-credentials-checks                -> origin/M27/w3-credentials-checks
2026-10-06T12:35:53.2852532Z  * [new branch]        M27/w3-harness-app-memory                -> origin/M27/w3-harness-app-memory
2026-10-06T12:35:53.2853159Z  * [new branch]        M27/w3-harness-console-proofs            -> origin/M27/w3-harness-console-proofs
2026-10-06T12:35:53.2853781Z  * [new branch]        M27/w3-ops-screen-checks-a               -> origin/M27/w3-ops-screen-checks-a
2026-10-06T12:35:53.2854319Z  * [new branch]        M27/w3b-ops-1                            -> origin/M27/w3b-ops-1
2026-10-06T12:35:53.2855000Z  * [new branch]        M27/w3b-ops-2                            -> origin/M27/w3b-ops-2
2026-10-06T12:35:53.2855462Z  * [new branch]        M27/w3b-ops-3                            -> origin/M27/w3b-ops-3
2026-10-06T12:35:53.2855921Z  * [new branch]        M27/w3b-ops-4                            -> origin/M27/w3b-ops-4
2026-10-06T12:35:53.2856441Z  * [new branch]        M27/w3b-people-1                         -> origin/M27/w3b-people-1
2026-10-06T12:35:53.2856955Z  * [new branch]        M27/w3b-people-2                         -> origin/M27/w3b-people-2
2026-10-06T12:35:53.2857465Z  * [new branch]        M27/w3b-people-3                         -> origin/M27/w3b-people-3
2026-10-06T12:35:53.2857963Z  * [new branch]        M27/walk-defects                         -> origin/M27/walk-defects
2026-10-06T12:35:53.2858556Z  * [new branch]        M27/webhook-switch-on-and-replay         -> origin/M27/webhook-switch-on-and-replay
2026-10-06T12:35:53.2859233Z  * [new branch]        M28/golden-corpus-blocks-merge           -> origin/M28/golden-corpus-blocks-merge
2026-10-06T12:35:53.2859845Z  * [new branch]        M3/risk-and-route-on-row                 -> origin/M3/risk-and-route-on-row
2026-10-06T12:35:53.2860782Z  * [new branch]        M30/compat-permissive-policy             -> origin/M30/compat-permissive-policy
2026-10-06T12:35:53.2861402Z  * [new branch]        M31/apps-are-freed                       -> origin/M31/apps-are-freed
2026-10-06T12:35:53.2861944Z  * [new branch]        M31/fork-workers                         -> origin/M31/fork-workers
2026-10-06T12:35:53.2862449Z  * [new branch]        M31/simple-vault                         -> origin/M31/simple-vault
2026-10-06T12:35:53.2863047Z  * [new branch]        M31/worker-loads-saved-settings          -> origin/M31/worker-loads-saved-settings
2026-10-06T12:35:53.2863672Z  * [new branch]        M31/worker-mb-measured                   -> origin/M31/worker-mb-measured
2026-10-06T12:35:53.2864247Z  * [new branch]        M32/proof-sweep-module                   -> origin/M32/proof-sweep-module
2026-10-06T12:35:53.2864833Z  * [new branch]        M32/w2-deploy-proof                      -> origin/M32/w2-deploy-proof
2026-10-06T12:35:53.2865611Z  * [new branch]        M32/w2-deploy-proof-2                    -> origin/M32/w2-deploy-proof-2
2026-10-06T12:35:53.2866168Z  * [new branch]        M32/w2-deploy-proof-3                    -> origin/M32/w2-deploy-proof-3
2026-10-06T12:35:53.2866725Z  * [new branch]        M32/w2-egress-scrub                      -> origin/M32/w2-egress-scrub
2026-10-06T12:35:53.2867282Z  * [new branch]        M32/w2-overlay-langfuse                  -> origin/M32/w2-overlay-langfuse
2026-10-06T12:35:53.2867846Z  * [new branch]        M32/w2-overlay-presidio                  -> origin/M32/w2-overlay-presidio
2026-10-06T12:35:53.2868386Z  * [new branch]        M32/w2-payload-role                      -> origin/M32/w2-payload-role
2026-10-06T12:35:53.2868918Z  * [new branch]        M32/w2-proof-records                     -> origin/M32/w2-proof-records
2026-10-06T12:35:53.2869635Z  * [new branch]        M32/w2-proof-sweep-1005                  -> origin/M32/w2-proof-sweep-1005
2026-10-06T12:35:53.2870192Z  * [new branch]        M32/w2-proof-sweep-1006                  -> origin/M32/w2-proof-sweep-1006
2026-10-06T12:35:53.2870988Z  * [new branch]        M32/w2-sandbox-pr                        -> origin/M32/w2-sandbox-pr
2026-10-06T12:35:53.2871523Z  * [new branch]        M32/w2-scrub-cpu-clock                   -> origin/M32/w2-scrub-cpu-clock
2026-10-06T12:35:53.2872059Z  * [new branch]        M32/w2-trace-export                      -> origin/M32/w2-trace-export
2026-10-06T12:35:53.2872599Z  * [new branch]        M32/w2-trace-graph-page                  -> origin/M32/w2-trace-graph-page
2026-10-06T12:35:53.2873192Z  * [new branch]        M32/w2-trace-retention-proof             -> origin/M32/w2-trace-retention-proof
2026-10-06T12:35:53.2873807Z  * [new branch]        M32/w3-proof-sweep-1006b                 -> origin/M32/w3-proof-sweep-1006b
2026-10-06T12:35:53.2874519Z  * [new branch]        M33/approval-reach                       -> origin/M33/approval-reach
2026-10-06T12:35:53.2875061Z  * [new branch]        M33/audit-statistics                     -> origin/M33/audit-statistics
2026-10-06T12:35:53.2875595Z  * [new branch]        M33/company-views                        -> origin/M33/company-views
2026-10-06T12:35:53.2876184Z  * [new branch]        M33/department-activity-check            -> origin/M33/department-activity-check
2026-10-06T12:35:53.2876793Z  * [new branch]        M33/department-views                     -> origin/M33/department-views
2026-10-06T12:35:53.2877344Z  * [new branch]        M33/elevation-chain                      -> origin/M33/elevation-chain
2026-10-06T12:35:53.2877927Z  * [new branch]        M33/install-checks-console               -> origin/M33/install-checks-console
2026-10-06T12:35:53.2878530Z  * [new branch]        M33/my-conversation-export               -> origin/M33/my-conversation-export
2026-10-06T12:35:53.2879133Z  * [new branch]        M33/people-history-grants                -> origin/M33/people-history-grants
2026-10-06T12:35:53.2879754Z  * [new branch]        M33/permission-sync-decision             -> origin/M33/permission-sync-decision
2026-10-06T12:35:53.2880557Z  * [new branch]        M33/role-nominations                     -> origin/M33/role-nominations
2026-10-06T12:35:53.2881090Z  * [new branch]        M33/train-0200                           -> origin/M33/train-0200
2026-10-06T12:35:53.2881613Z  * [new branch]        M33/w3-global-publish                    -> origin/M33/w3-global-publish
2026-10-06T12:35:53.2882183Z  * [new branch]        M33/w3-governance-checks                 -> origin/M33/w3-governance-checks
2026-10-06T12:35:53.2882762Z  * [new branch]        M33/w3-governance-checks-2               -> origin/M33/w3-governance-checks-2
2026-10-06T12:35:53.2883373Z  * [new branch]        M38/acceptance-chat-and-skills           -> origin/M38/acceptance-chat-and-skills
2026-10-06T12:35:53.2884039Z  * [new branch]        M38/acceptance-chat-and-skills-r2        -> origin/M38/acceptance-chat-and-skills-r2
2026-10-06T12:35:53.2884827Z  * [new branch]        M38/acceptance-counts-derived            -> origin/M38/acceptance-counts-derived
2026-10-06T12:35:53.2885497Z  * [new branch]        M38/acceptance-modules-discovered        -> origin/M38/acceptance-modules-discovered
2026-10-06T12:35:53.2886151Z  * [new branch]        M38/channel-send-every-wire              -> origin/M38/channel-send-every-wire
2026-10-06T12:35:53.2886749Z  * [new branch]        M38/ci-task-list-fast-path               -> origin/M38/ci-task-list-fast-path
2026-10-06T12:35:53.2887359Z  * [new branch]        M38/console-enterprise-tasks             -> origin/M38/console-enterprise-tasks
2026-10-06T12:35:53.2887986Z  * [new branch]        M38/install-acceptance-checks            -> origin/M38/install-acceptance-checks
2026-10-06T12:35:53.2888638Z  * [new branch]        M38/install-acceptance-checks-r2         -> origin/M38/install-acceptance-checks-r2
2026-10-06T12:35:53.2889305Z  * [new branch]        M38/install-acceptance-checks-r3         -> origin/M38/install-acceptance-checks-r3
2026-10-06T12:35:53.2889969Z  * [new branch]        M38/install-acceptance-checks-r4         -> origin/M38/install-acceptance-checks-r4
2026-10-06T12:35:53.2890866Z  * [new branch]        M38/m571-wave5                           -> origin/M38/m571-wave5
2026-10-06T12:35:53.2891419Z  * [new branch]        M38/merge-duplicates-w3-5                -> origin/M38/merge-duplicates-w3-5
2026-10-06T12:35:53.2892049Z  * [new branch]        M38/migration-train-0118-0138-0139       -> origin/M38/migration-train-0118-0138-0139
2026-10-06T12:35:53.2892687Z  * [new branch]        M38/migration-train-0190-0207            -> origin/M38/migration-train-0190-0207
2026-10-06T12:35:53.2893290Z  * [new branch]        M38/migration-train-0204-0211            -> origin/M38/migration-train-0204-0211
2026-10-06T12:35:53.2894003Z  * [new branch]        M38/migration-train-2                    -> origin/M38/migration-train-2
2026-10-06T12:35:53.2894553Z  * [new branch]        M38/migration-train-r2                   -> origin/M38/migration-train-r2
2026-10-06T12:35:53.2895088Z  * [new branch]        M38/needs-115-118                        -> origin/M38/needs-115-118
2026-10-06T12:35:53.2895609Z  * [new branch]        M38/needs-117-decided                    -> origin/M38/needs-117-decided
2026-10-06T12:35:53.2896172Z  * [new branch]        M38/needs-121-conversations              -> origin/M38/needs-121-conversations
2026-10-06T12:35:53.2896718Z  * [new branch]        M38/needs-122-125                        -> origin/M38/needs-122-125
2026-10-06T12:35:53.2897235Z  * [new branch]        M38/needs-125-chat-use                   -> origin/M38/needs-125-chat-use
2026-10-06T12:35:53.2897773Z  * [new branch]        M38/needs-125-decided                    -> origin/M38/needs-125-decided
2026-10-06T12:35:53.2898300Z  * [new branch]        M38/needs-126-decided                    -> origin/M38/needs-126-decided
2026-10-06T12:35:53.2898841Z  * [new branch]        M38/needs-126-services                   -> origin/M38/needs-126-services
2026-10-06T12:35:53.2899380Z  * [new branch]        M38/needs-126-steps                      -> origin/M38/needs-126-steps
2026-10-06T12:35:53.2899887Z  * [new branch]        M38/needs-127-129                        -> origin/M38/needs-127-129
2026-10-06T12:35:53.2900671Z  * [new branch]        M38/needs-131-accounts                   -> origin/M38/needs-131-accounts
2026-10-06T12:35:53.2901239Z  * [new branch]        M38/needs-131-relay-once                 -> origin/M38/needs-131-relay-once
2026-10-06T12:35:53.2901781Z  * [new branch]        M38/needs-132-email                      -> origin/M38/needs-132-email
2026-10-06T12:35:53.2902308Z  * [new branch]        M38/needs-132-mailbox                    -> origin/M38/needs-132-mailbox
2026-10-06T12:35:53.2902860Z  * [new branch]        M38/needs-132-no-address                 -> origin/M38/needs-132-no-address
2026-10-06T12:35:53.2903417Z  * [new branch]        M38/needs-133-indexing                   -> origin/M38/needs-133-indexing
2026-10-06T12:35:53.2904076Z  * [new branch]        M38/needs-134-slack                      -> origin/M38/needs-134-slack
2026-10-06T12:35:53.2904636Z  * [new branch]        M38/needs-135-drive-sharing              -> origin/M38/needs-135-drive-sharing
2026-10-06T12:35:53.2905226Z  * [new branch]        M38/needs-138-laravel-rule               -> origin/M38/needs-138-laravel-rule
2026-10-06T12:35:53.2905786Z  * [new branch]        M38/needs-14-reopened                    -> origin/M38/needs-14-reopened
2026-10-06T12:35:53.2906319Z  * [new branch]        M38/needs-143-sources                    -> origin/M38/needs-143-sources
2026-10-06T12:35:53.2906852Z  * [new branch]        M38/needs-148-laravel                    -> origin/M38/needs-148-laravel
2026-10-06T12:35:53.2907376Z  * [new branch]        M38/needs-150-drive                      -> origin/M38/needs-150-drive
2026-10-06T12:35:53.2907939Z  * [new branch]        M38/needs-151-slack-hubspot              -> origin/M38/needs-151-slack-hubspot
2026-10-06T12:35:53.2908506Z  * [new branch]        M38/needs-153-chinese                    -> origin/M38/needs-153-chinese
2026-10-06T12:35:53.2909036Z  * [new branch]        M38/needs-154-reload                     -> origin/M38/needs-154-reload
2026-10-06T12:35:53.2909562Z  * [new branch]        M38/needs-154-sandbox                    -> origin/M38/needs-154-sandbox
2026-10-06T12:35:53.2910070Z  * [new branch]        M38/needs-157-158                        -> origin/M38/needs-157-158
2026-10-06T12:35:53.2910784Z  * [new branch]        M38/needs-162                            -> origin/M38/needs-162
2026-10-06T12:35:53.2911273Z  * [new branch]        M38/needs-163-164                        -> origin/M38/needs-163-164
2026-10-06T12:35:53.2911750Z  * [new branch]        M38/needs-165                            -> origin/M38/needs-165
2026-10-06T12:35:53.2912358Z  * [new branch]        M38/needs-166-167                        -> origin/M38/needs-166-167
2026-10-06T12:35:53.2912831Z  * [new branch]        M38/needs-168                            -> origin/M38/needs-168
2026-10-06T12:35:53.2913333Z  * [new branch]        M38/needs-168-decided                    -> origin/M38/needs-168-decided
2026-10-06T12:35:53.2913825Z  * [new branch]        M38/needs-169                            -> origin/M38/needs-169
2026-10-06T12:35:53.2914285Z  * [new branch]        M38/needs-170                            -> origin/M38/needs-170
2026-10-06T12:35:53.2914790Z  * [new branch]        M38/needs-decided-0929                   -> origin/M38/needs-decided-0929
2026-10-06T12:35:53.2915331Z  * [new branch]        M38/owner-answers-83                     -> origin/M38/owner-answers-83
2026-10-06T12:35:53.2915906Z  * [new branch]        M38/owner-answers-83-r224134             -> origin/M38/owner-answers-83-r224134
2026-10-06T12:35:53.2916489Z  * [new branch]        M38/owner-answers-85-97                  -> origin/M38/owner-answers-85-97
2026-10-06T12:35:53.2917056Z  * [new branch]        M38/owner-answers-99-106                 -> origin/M38/owner-answers-99-106
2026-10-06T12:35:53.2917655Z  * [new branch]        M38/owner-architecture-tasks             -> origin/M38/owner-architecture-tasks
2026-10-06T12:35:53.2918260Z  * [new branch]        M38/owner-decisions-tasks                -> origin/M38/owner-decisions-tasks
2026-10-06T12:35:53.2918898Z  * [new branch]        M38/postdeploy-proof-needs-three         -> origin/M38/postdeploy-proof-needs-three
2026-10-06T12:35:53.2919502Z  * [new branch]        M38/proof-required                       -> origin/M38/proof-required
2026-10-06T12:35:53.2920021Z  * [new branch]        M38/proof-to-close                       -> origin/M38/proof-to-close
2026-10-06T12:35:53.2920746Z  * [new branch]        M38/proofs-0929a                         -> origin/M38/proofs-0929a
2026-10-06T12:35:53.2921251Z  * [new branch]        M38/proofs-0929b                         -> origin/M38/proofs-0929b
2026-10-06T12:35:53.2921748Z  * [new branch]        M38/proofs-0929c                         -> origin/M38/proofs-0929c
2026-10-06T12:35:53.2922386Z  * [new branch]        M38/proofs-0929d                         -> origin/M38/proofs-0929d
2026-10-06T12:35:53.2922881Z  * [new branch]        M38/proofs-0929e                         -> origin/M38/proofs-0929e
2026-10-06T12:35:53.2923365Z  * [new branch]        M38/proofs-0929f                         -> origin/M38/proofs-0929f
2026-10-06T12:35:53.2923846Z  * [new branch]        M38/proofs-0929g                         -> origin/M38/proofs-0929g
2026-10-06T12:35:53.2924329Z  * [new branch]        M38/proofs-0929h                         -> origin/M38/proofs-0929h
2026-10-06T12:35:53.2924810Z  * [new branch]        M38/proofs-0929i                         -> origin/M38/proofs-0929i
2026-10-06T12:35:53.2925327Z  * [new branch]        M38/proofs-2026-09-28                    -> origin/M38/proofs-2026-09-28
2026-10-06T12:35:53.2925895Z  * [new branch]        M38/proofs-2026-09-28b                   -> origin/M38/proofs-2026-09-28b
2026-10-06T12:35:53.2926446Z  * [new branch]        M38/proofs-2026-09-28c                   -> origin/M38/proofs-2026-09-28c
2026-10-06T12:35:53.2926981Z  * [new branch]        M38/proofs-2026-09-28d                   -> origin/M38/proofs-2026-09-28d
2026-10-06T12:35:53.2927512Z  * [new branch]        M38/proofs-2026-09-29a                   -> origin/M38/proofs-2026-09-29a
2026-10-06T12:35:53.2928048Z  * [new branch]        M38/proofs-rate-limits                   -> origin/M38/proofs-rate-limits
2026-10-06T12:35:53.2928630Z  * [new branch]        M38/recovery-consolidation               -> origin/M38/recovery-consolidation
2026-10-06T12:35:53.2929233Z  * [new branch]        M38/requirements-register                -> origin/M38/requirements-register
2026-10-06T12:35:53.2929810Z  * [new branch]        M38/reuse-first-rule                     -> origin/M38/reuse-first-rule
2026-10-06T12:35:53.2930752Z  * [new branch]        M38/screens-agent-detail                 -> origin/M38/screens-agent-detail
2026-10-06T12:35:53.2931346Z  * [new branch]        M38/task-notes-prior-work                -> origin/M38/task-notes-prior-work
2026-10-06T12:35:53.2931918Z  * [new branch]        M38/traceability-fix                     -> origin/M38/traceability-fix
2026-10-06T12:35:53.2932457Z  * [new branch]        M38/tracker-2026-09-28                   -> origin/M38/tracker-2026-09-28
2026-10-06T12:35:53.2933014Z  * [new branch]        M38/tracker-batch1-landed                -> origin/M38/tracker-batch1-landed
2026-10-06T12:35:53.2933593Z  * [new branch]        M38/tracker-install-audit                -> origin/M38/tracker-install-audit
2026-10-06T12:35:53.2934174Z  * [new branch]        M38/tracker-wave1-landed                 -> origin/M38/tracker-wave1-landed
2026-10-06T12:35:53.2934719Z  * [new branch]        M38/w2-digest-body                       -> origin/M38/w2-digest-body
2026-10-06T12:35:53.2935272Z  * [new branch]        M38/w2-digest-destination                -> origin/M38/w2-digest-destination
2026-10-06T12:35:53.2935841Z  * [new branch]        M38/w2-digest-send-final                 -> origin/M38/w2-digest-send-final
2026-10-06T12:35:53.2936381Z  * [new branch]        M38/wave0-record                         -> origin/M38/wave0-record
2026-10-06T12:35:53.2936905Z  * [new branch]        M38/wave2-questions                      -> origin/M38/wave2-questions
2026-10-06T12:35:53.2937439Z  * [new branch]        M38/worker-ready-fast                    -> origin/M38/worker-ready-fast
2026-10-06T12:35:53.2937988Z  * [new branch]        M39/agent-deep-links                     -> origin/M39/agent-deep-links
2026-10-06T12:35:53.2938572Z  * [new branch]        M39/automation-paused-told               -> origin/M39/automation-paused-told
2026-10-06T12:35:53.2939129Z  * [new branch]        M39/channel-rows                         -> origin/M39/channel-rows
2026-10-06T12:35:53.2939636Z  * [new branch]        M39/group-install                        -> origin/M39/group-install
2026-10-06T12:35:53.2940216Z  * [new branch]        M39/install-checks-workspace             -> origin/M39/install-checks-workspace
2026-10-06T12:35:53.2941192Z  * [new branch]        M39/train-0191-0195                      -> origin/M39/train-0191-0195
2026-10-06T12:35:53.2941702Z  * [new branch]        M39/train-0196                           -> origin/M39/train-0196
2026-10-06T12:35:53.2942270Z  * [new branch]        M39/w3-agent-artifacts-replay            -> origin/M39/w3-agent-artifacts-replay
2026-10-06T12:35:53.2942918Z  * [new branch]        M39/w3-agent-attachments-replay          -> origin/M39/w3-agent-attachments-replay
2026-10-06T12:35:53.2943546Z  * [new branch]        M39/w3-agent-conversations               -> origin/M39/w3-agent-conversations
2026-10-06T12:35:53.2944186Z  * [new branch]        M39/w3-agent-conversations-replay        -> origin/M39/w3-agent-conversations-replay
2026-10-06T12:35:53.2944831Z  * [new branch]        M39/w3-agent-leash-replay                -> origin/M39/w3-agent-leash-replay
2026-10-06T12:35:53.2945404Z  * [new branch]        M39/w3-agent-workspace                   -> origin/M39/w3-agent-workspace
2026-10-06T12:35:53.2945977Z  * [new branch]        M39/w3-agent-workspace-2                 -> origin/M39/w3-agent-workspace-2
2026-10-06T12:35:53.2946542Z  * [new branch]        M39/w3-agent-workspace-3                 -> origin/M39/w3-agent-workspace-3
2026-10-06T12:35:53.2947096Z  * [new branch]        M39/w3-agent-workspace-4                 -> origin/M39/w3-agent-workspace-4
2026-10-06T12:35:53.2947684Z  * [new branch]        M39/w3-agent-workspace-5                 -> origin/M39/w3-agent-workspace-5
2026-10-06T12:35:53.2948251Z  * [new branch]        M39/w3-agent-workspace-6                 -> origin/M39/w3-agent-workspace-6
2026-10-06T12:35:53.2948812Z  * [new branch]        M39/w3-agent-workspace-7                 -> origin/M39/w3-agent-workspace-7
2026-10-06T12:35:53.2949369Z  * [new branch]        M39/w3-agent-workspace-8                 -> origin/M39/w3-agent-workspace-8
2026-10-06T12:35:53.2950019Z  * [new branch]        M39/w3b-agent-1                          -> origin/M39/w3b-agent-1
2026-10-06T12:35:53.2950731Z  * [new branch]        M39/w3b-agent-2                          -> origin/M39/w3b-agent-2
2026-10-06T12:35:53.2951253Z  * [new branch]        M41/ci-eight-shards                      -> origin/M41/ci-eight-shards
2026-10-06T12:35:53.2951812Z  * [new branch]        M41/ci-main-run-finishes                 -> origin/M41/ci-main-run-finishes
2026-10-06T12:35:53.2952411Z  * [new branch]        M41/ci-main-runs-deploy-gates            -> origin/M41/ci-main-runs-deploy-gates
2026-10-06T12:35:53.2953045Z  * [new branch]        M41/worker-gets-cache-address            -> origin/M41/worker-gets-cache-address
2026-10-06T12:35:53.2953637Z  * [new branch]        M42/realm-volume-owner                   -> origin/M42/realm-volume-owner
2026-10-06T12:35:53.2954179Z  * [new branch]        M5/last-step-budget                      -> origin/M5/last-step-budget
2026-10-06T12:35:53.2954795Z  * [new branch]        M5/model-health-routing-residency        -> origin/M5/model-health-routing-residency
2026-10-06T12:35:53.2955409Z  * [new branch]        M5/moonshot-end-to-end                   -> origin/M5/moonshot-end-to-end
2026-10-06T12:35:53.2955971Z  * [new branch]        M5/provider-acceptance                   -> origin/M5/provider-acceptance
2026-10-06T12:35:53.2956564Z  * [new branch]        M5/routing-proof-rest                    -> origin/M5/routing-proof-rest
2026-10-06T12:35:53.2957101Z  * [new branch]        M6/w3-caches-wired                       -> origin/M6/w3-caches-wired
2026-10-06T12:35:53.2957618Z  * [new branch]        M6/w3-fastlane-role                      -> origin/M6/w3-fastlane-role
2026-10-06T12:35:53.2958160Z  * [new branch]        M6/w3-source-epochs-cache                -> origin/M6/w3-source-epochs-cache
2026-10-06T12:35:53.2958684Z  * [new branch]        M6/w3-speed                              -> origin/M6/w3-speed
2026-10-06T12:35:53.2959239Z  * [new branch]        M7/classification-read-scope             -> origin/M7/classification-read-scope
2026-10-06T12:35:53.2959958Z  * [new branch]        M7/classified-tables                     -> origin/M7/classified-tables
2026-10-06T12:35:53.2960771Z  * [new branch]        M7/classified-tables-r191711             -> origin/M7/classified-tables-r191711
2026-10-06T12:35:53.2961366Z  * [new branch]        M7/knowledge-lifecycle                   -> origin/M7/knowledge-lifecycle
2026-10-06T12:35:53.2961939Z  * [new branch]        M7/knowledge-upload-text                 -> origin/M7/knowledge-upload-text
2026-10-06T12:35:53.2962518Z  * [new branch]        M7/links-scanning-queue                  -> origin/M7/links-scanning-queue
2026-10-06T12:35:53.2963071Z  * [new branch]        M7/price-list-fixes                      -> origin/M7/price-list-fixes
2026-10-06T12:35:53.2963631Z  * [new branch]        M7/text-path-app-budget                  -> origin/M7/text-path-app-budget
2026-10-06T12:35:53.2964185Z  * [new branch]        M7/w2-knowledge                          -> origin/M7/w2-knowledge
2026-10-06T12:35:53.2964685Z  * [new branch]        M7/w2-knowledge-2                        -> origin/M7/w2-knowledge-2
2026-10-06T12:35:53.2965192Z  * [new branch]        M7/w2-knowledge-3                        -> origin/M7/w2-knowledge-3
2026-10-06T12:35:53.2965682Z  * [new branch]        M7/w2-knowledge-4                        -> origin/M7/w2-knowledge-4
2026-10-06T12:35:53.2966170Z  * [new branch]        M7/w2-knowledge-5                        -> origin/M7/w2-knowledge-5
2026-10-06T12:35:53.2966656Z  * [new branch]        M7/w2-knowledge-6                        -> origin/M7/w2-knowledge-6
2026-10-06T12:35:53.2967145Z  * [new branch]        M7/w2-knowledge-7                        -> origin/M7/w2-knowledge-7
2026-10-06T12:35:53.2967638Z  * [new branch]        M7/w2-knowledge-8                        -> origin/M7/w2-knowledge-8
2026-10-06T12:35:53.2968316Z  * [new branch]        M7/w2-knowledge-checks-area              -> origin/M7/w2-knowledge-checks-area
2026-10-06T12:35:53.2968889Z  * [new branch]        M7/w2-knowledge-needs                    -> origin/M7/w2-knowledge-needs
2026-10-06T12:35:53.2969453Z  * [new branch]        M7/w2-knowledge-stewards                 -> origin/M7/w2-knowledge-stewards
2026-10-06T12:35:53.2969981Z  * [new branch]        M7/w2-queue-url                          -> origin/M7/w2-queue-url
2026-10-06T12:35:53.2970846Z  * [new branch]        M8/citations-freshness-abstention        -> origin/M8/citations-freshness-abstention
2026-10-06T12:35:53.2971567Z  * [new branch]        M8/citations-freshness-abstention-r2     -> origin/M8/citations-freshness-abstention-r2
2026-10-06T12:35:53.2972289Z  * [new branch]        M8/citations-freshness-abstention-r3     -> origin/M8/citations-freshness-abstention-r3
2026-10-06T12:35:53.2973003Z  * [new branch]        M8/citations-freshness-abstention-r4     -> origin/M8/citations-freshness-abstention-r4
2026-10-06T12:35:53.2973718Z  * [new branch]        M8/citations-freshness-abstention-r5     -> origin/M8/citations-freshness-abstention-r5
2026-10-06T12:35:53.2974320Z  * [new branch]        M8/w2-escalation                         -> origin/M8/w2-escalation
2026-10-06T12:35:53.2974862Z  * [new branch]        M8/w2-escalation-direct                  -> origin/M8/w2-escalation-direct
2026-10-06T12:35:53.2975388Z  * [new branch]        M8/w2-takeover                           -> origin/M8/w2-takeover
2026-10-06T12:35:53.2975893Z  * [new branch]        M8/w2-tell-the-asker                     -> origin/M8/w2-tell-the-asker
2026-10-06T12:35:53.2976378Z  * [new branch]        main                                     -> origin/main
2026-10-06T12:35:53.2976904Z  * [new branch]        recovery/from-windows-20260928           -> origin/recovery/from-windows-20260928
2026-10-06T12:35:53.2977703Z  * [new branch]        recovery/from-windows-20260928-branch-M38-needs-95-96 -> origin/recovery/from-windows-20260928-branch-M38-needs-95-96
2026-10-06T12:35:53.2978540Z  * [new branch]        recovery/from-windows-20260928-gate_wt   -> origin/recovery/from-windows-20260928-gate_wt
2026-10-06T12:35:53.2979414Z  * [new branch]        recovery/from-windows-20260928-wt-agent-api -> origin/recovery/from-windows-20260928-wt-agent-api
2026-10-06T12:35:53.2980249Z  * [new branch]        recovery/from-windows-20260928-wt-agent-lifecycle -> origin/recovery/from-windows-20260928-wt-agent-lifecycle
2026-10-06T12:35:53.2981315Z  * [new branch]        recovery/from-windows-20260928-wt-amr    -> origin/recovery/from-windows-20260928-wt-amr
2026-10-06T12:35:53.2982019Z  * [new branch]        recovery/from-windows-20260928-wt-ans    -> origin/recovery/from-windows-20260928-wt-ans
2026-10-06T12:35:53.2982823Z  * [new branch]        recovery/from-windows-20260928-wt-automation-memory -> origin/recovery/from-windows-20260928-wt-automation-memory
2026-10-06T12:35:53.2983662Z  * [new branch]        recovery/from-windows-20260928-wt-ci-shards -> origin/recovery/from-windows-20260928-wt-ci-shards
2026-10-06T12:35:53.2984417Z  * [new branch]        recovery/from-windows-20260928-wt-close2 -> origin/recovery/from-windows-20260928-wt-close2
2026-10-06T12:35:53.2985153Z  * [new branch]        recovery/from-windows-20260928-wt-close3 -> origin/recovery/from-windows-20260928-wt-close3
2026-10-06T12:35:53.2985879Z  * [new branch]        recovery/from-windows-20260928-wt-close4 -> origin/recovery/from-windows-20260928-wt-close4
2026-10-06T12:35:53.2986599Z  * [new branch]        recovery/from-windows-20260928-wt-close5 -> origin/recovery/from-windows-20260928-wt-close5
2026-10-06T12:35:53.2987314Z  * [new branch]        recovery/from-windows-20260928-wt-close6 -> origin/recovery/from-windows-20260928-wt-close6
2026-10-06T12:35:53.2988031Z  * [new branch]        recovery/from-windows-20260928-wt-close7 -> origin/recovery/from-windows-20260928-wt-close7
2026-10-06T12:35:53.2988744Z  * [new branch]        recovery/from-windows-20260928-wt-close8 -> origin/recovery/from-windows-20260928-wt-close8
2026-10-06T12:35:53.2989597Z  * [new branch]        recovery/from-windows-20260928-wt-close9 -> origin/recovery/from-windows-20260928-wt-close9
2026-10-06T12:35:53.2990512Z  * [new branch]        recovery/from-windows-20260928-wt-dec    -> origin/recovery/from-windows-20260928-wt-dec
2026-10-06T12:35:53.2991291Z  * [new branch]        recovery/from-windows-20260928-wt-deploy2 -> origin/recovery/from-windows-20260928-wt-deploy2
2026-10-06T12:35:53.2992065Z  * [new branch]        recovery/from-windows-20260928-wt-deployfix -> origin/recovery/from-windows-20260928-wt-deployfix
2026-10-06T12:35:53.2992836Z  * [new branch]        recovery/from-windows-20260928-wt-downgrade -> origin/recovery/from-windows-20260928-wt-downgrade
2026-10-06T12:35:53.2993581Z  * [new branch]        recovery/from-windows-20260928-wt-dsnleak -> origin/recovery/from-windows-20260928-wt-dsnleak
2026-10-06T12:35:53.2994303Z  * [new branch]        recovery/from-windows-20260928-wt-fast   -> origin/recovery/from-windows-20260928-wt-fast
2026-10-06T12:35:53.2995026Z  * [new branch]        recovery/from-windows-20260928-wt-flaky  -> origin/recovery/from-windows-20260928-wt-flaky
2026-10-06T12:35:53.2995736Z  * [new branch]        recovery/from-windows-20260928-wt-g1     -> origin/recovery/from-windows-20260928-wt-g1
2026-10-06T12:35:53.2996422Z  * [new branch]        recovery/from-windows-20260928-wt-g2     -> origin/recovery/from-windows-20260928-wt-g2
2026-10-06T12:35:53.2997097Z  * [new branch]        recovery/from-windows-20260928-wt-g3     -> origin/recovery/from-windows-20260928-wt-g3
2026-10-06T12:35:53.2997760Z  * [new branch]        recovery/from-windows-20260928-wt-g4     -> origin/recovery/from-windows-20260928-wt-g4
2026-10-06T12:35:53.2998449Z  * [new branch]        recovery/from-windows-20260928-wt-gate   -> origin/recovery/from-windows-20260928-wt-gate
2026-10-06T12:35:53.2999149Z  * [new branch]        recovery/from-windows-20260928-wt-halt   -> origin/recovery/from-windows-20260928-wt-halt
2026-10-06T12:35:53.2999905Z  * [new branch]        recovery/from-windows-20260928-wt-integrate2 -> origin/recovery/from-windows-20260928-wt-integrate2
2026-10-06T12:35:53.3000979Z  * [new branch]        recovery/from-windows-20260928-wt-kc     -> origin/recovery/from-windows-20260928-wt-kc
2026-10-06T12:35:53.3001712Z  * [new branch]        recovery/from-windows-20260928-wt-kcaccount -> origin/recovery/from-windows-20260928-wt-kcaccount
2026-10-06T12:35:53.3002477Z  * [new branch]        recovery/from-windows-20260928-wt-kcactions -> origin/recovery/from-windows-20260928-wt-kcactions
2026-10-06T12:35:53.3003241Z  * [new branch]        recovery/from-windows-20260928-wt-keyfield -> origin/recovery/from-windows-20260928-wt-keyfield
2026-10-06T12:35:53.3004027Z  * [new branch]        recovery/from-windows-20260928-wt-larkconnect -> origin/recovery/from-windows-20260928-wt-larkconnect
2026-10-06T12:35:53.3004780Z  * [new branch]        recovery/from-windows-20260928-wt-n81    -> origin/recovery/from-windows-20260928-wt-n81
2026-10-06T12:35:53.3005477Z  * [new branch]        recovery/from-windows-20260928-wt-n91    -> origin/recovery/from-windows-20260928-wt-n91
2026-10-06T12:35:53.3006169Z  * [new branch]        recovery/from-windows-20260928-wt-n96    -> origin/recovery/from-windows-20260928-wt-n96
2026-10-06T12:35:53.3006914Z  * [new branch]        recovery/from-windows-20260928-wt-needs  -> origin/recovery/from-windows-20260928-wt-needs
2026-10-06T12:35:53.3007673Z  * [new branch]        recovery/from-windows-20260928-wt-needs2 -> origin/recovery/from-windows-20260928-wt-needs2
2026-10-06T12:35:53.3008389Z  * [new branch]        recovery/from-windows-20260928-wt-needs3 -> origin/recovery/from-windows-20260928-wt-needs3
2026-10-06T12:35:53.3009089Z  * [new branch]        recovery/from-windows-20260928-wt-org    -> origin/recovery/from-windows-20260928-wt-org
2026-10-06T12:35:53.3009825Z  * [new branch]        recovery/from-windows-20260928-wt-overview -> origin/recovery/from-windows-20260928-wt-overview
2026-10-06T12:35:53.3010980Z  * [new branch]        recovery/from-windows-20260928-wt-own    -> origin/recovery/from-windows-20260928-wt-own
2026-10-06T12:35:53.3011694Z  * [new branch]        recovery/from-windows-20260928-wt-owner1 -> origin/recovery/from-windows-20260928-wt-owner1
2026-10-06T12:35:53.3012445Z  * [new branch]        recovery/from-windows-20260928-wt-profiles -> origin/recovery/from-windows-20260928-wt-profiles
2026-10-06T12:35:53.3013170Z  * [new branch]        recovery/from-windows-20260928-wt-reg    -> origin/recovery/from-windows-20260928-wt-reg
2026-10-06T12:35:53.3013870Z  * [new branch]        recovery/from-windows-20260928-wt-shell  -> origin/recovery/from-windows-20260928-wt-shell
2026-10-06T12:35:53.3014635Z  * [new branch]        recovery/from-windows-20260928-wt-skills-life -> origin/recovery/from-windows-20260928-wt-skills-life
2026-10-06T12:35:53.3015444Z  * [new branch]        recovery/from-windows-20260928-wt-skills-run -> origin/recovery/from-windows-20260928-wt-skills-run
2026-10-06T12:35:53.3016222Z  * [new branch]        recovery/from-windows-20260928-wt-staffsrc -> origin/recovery/from-windows-20260928-wt-staffsrc
2026-10-06T12:35:53.3016978Z  * [new branch]        recovery/from-windows-20260928-wt-steward -> origin/recovery/from-windows-20260928-wt-steward
2026-10-06T12:35:53.3017769Z  * [new branch]        recovery/from-windows-20260928-wt-ui-foundation -> origin/recovery/from-windows-20260928-wt-ui-foundation
2026-10-06T12:35:53.3018563Z  * [new branch]        recovery/from-windows-20260928-wt-vaultfix -> origin/recovery/from-windows-20260928-wt-vaultfix
2026-10-06T12:35:53.3019283Z  * [new branch]        recovery/from-windows-20260928-wt-w03    -> origin/recovery/from-windows-20260928-wt-w03
2026-10-06T12:35:53.3019972Z  * [new branch]        recovery/from-windows-20260928-wt-w04    -> origin/recovery/from-windows-20260928-wt-w04
2026-10-06T12:35:53.3020905Z  * [new branch]        recovery/from-windows-20260928-wt-w04b   -> origin/recovery/from-windows-20260928-wt-w04b
2026-10-06T12:35:53.3021611Z  * [new branch]        recovery/from-windows-20260928-wt-w05c   -> origin/recovery/from-windows-20260928-wt-w05c
2026-10-06T12:35:53.3022304Z  * [new branch]        recovery/from-windows-20260928-wt-w0a    -> origin/recovery/from-windows-20260928-wt-w0a
2026-10-06T12:35:53.3023122Z  * [new branch]        recovery/from-windows-20260928-wt-w0b    -> origin/recovery/from-windows-20260928-wt-w0b
2026-10-06T12:35:53.3023813Z  * [new branch]        recovery/from-windows-20260928-wt-w0c    -> origin/recovery/from-windows-20260928-wt-w0c
2026-10-06T12:35:53.3024492Z  * [new branch]        recovery/from-windows-20260928-wt-w0d    -> origin/recovery/from-windows-20260928-wt-w0d
2026-10-06T12:35:53.3025166Z  * [new branch]        recovery/from-windows-20260928-wt-w0e    -> origin/recovery/from-windows-20260928-wt-w0e
2026-10-06T12:35:53.3025839Z  * [new branch]        recovery/from-windows-20260928-wt-w0f    -> origin/recovery/from-windows-20260928-wt-w0f
2026-10-06T12:35:53.3026514Z  * [new branch]        recovery/from-windows-20260928-wt-w0g    -> origin/recovery/from-windows-20260928-wt-w0g
2026-10-06T12:35:53.3027198Z  * [new branch]        recovery/from-windows-20260928-wt-w0h    -> origin/recovery/from-windows-20260928-wt-w0h
2026-10-06T12:35:53.3027881Z  * [new branch]        recovery/from-windows-20260928-wt-w0i    -> origin/recovery/from-windows-20260928-wt-w0i
2026-10-06T12:35:53.3028566Z  * [new branch]        recovery/from-windows-20260928-wt-w0j    -> origin/recovery/from-windows-20260928-wt-w0j
2026-10-06T12:35:53.3029256Z  * [new branch]        recovery/from-windows-20260928-wt-w0k    -> origin/recovery/from-windows-20260928-wt-w0k
2026-10-06T12:35:53.3029937Z  * [new branch]        recovery/from-windows-20260928-wt-w0l    -> origin/recovery/from-windows-20260928-wt-w0l
2026-10-06T12:35:53.3030831Z  * [new branch]        recovery/from-windows-20260928-wt-w0m    -> origin/recovery/from-windows-20260928-wt-w0m
2026-10-06T12:35:53.3031516Z  * [new branch]        recovery/from-windows-20260928-wt-w0n    -> origin/recovery/from-windows-20260928-wt-w0n
2026-10-06T12:35:53.3032342Z  * [new branch]        recovery/from-windows-20260928-wt-w1-1   -> origin/recovery/from-windows-20260928-wt-w1-1
2026-10-06T12:35:53.3033033Z  * [new branch]        recovery/from-windows-20260928-wt-w1-2   -> origin/recovery/from-windows-20260928-wt-w1-2
2026-10-06T12:35:53.3033739Z  * [new branch]        recovery/from-windows-20260928-wt-w1-2a  -> origin/recovery/from-windows-20260928-wt-w1-2a
2026-10-06T12:35:53.3034443Z  * [new branch]        recovery/from-windows-20260928-wt-w1-2b  -> origin/recovery/from-windows-20260928-wt-w1-2b
2026-10-06T12:35:53.3035132Z  * [new branch]        recovery/from-windows-20260928-wt-w1-3   -> origin/recovery/from-windows-20260928-wt-w1-3
2026-10-06T12:35:53.3035822Z  * [new branch]        recovery/from-windows-20260928-wt-w1-4   -> origin/recovery/from-windows-20260928-wt-w1-4
2026-10-06T12:35:53.3036507Z  * [new branch]        recovery/from-windows-20260928-wt-w1-5   -> origin/recovery/from-windows-20260928-wt-w1-5
2026-10-06T12:35:53.3037202Z  * [new branch]        recovery/from-windows-20260928-wt-w1-5b  -> origin/recovery/from-windows-20260928-wt-w1-5b
2026-10-06T12:35:53.3037901Z  * [new branch]        recovery/from-windows-20260928-wt-w1-5c  -> origin/recovery/from-windows-20260928-wt-w1-5c
2026-10-06T12:35:53.3038607Z  * [new branch]        recovery/from-windows-20260928-wt-w1-6   -> origin/recovery/from-windows-20260928-wt-w1-6
2026-10-06T12:35:53.3039305Z  * [new branch]        recovery/from-windows-20260928-wt-w1-7   -> origin/recovery/from-windows-20260928-wt-w1-7
2026-10-06T12:35:53.3040012Z  * [new branch]        recovery/from-windows-20260928-wt-w1-8   -> origin/recovery/from-windows-20260928-wt-w1-8
2026-10-06T12:35:53.3040935Z  * [new branch]        recovery/from-windows-20260928-wt-w1-9   -> origin/recovery/from-windows-20260928-wt-w1-9
2026-10-06T12:35:53.3041678Z  * [new branch]        recovery/from-windows-20260928-wt-workerfix -> origin/recovery/from-windows-20260928-wt-workerfix
2026-10-06T12:35:53.3042347Z  * [new branch]        status                                   -> origin/status
2026-10-06T12:35:53.3042867Z  * [new branch]        train/migrations-0190-0207               -> origin/train/migrations-0190-0207
2026-10-06T12:35:53.3043565Z  * [new branch]        wip/0928/acceptance                      -> origin/wip/0928/acceptance
2026-10-06T12:35:53.3044179Z  * [new branch]        wip/0928/crud-departments-writes         -> origin/wip/0928/crud-departments-writes
2026-10-06T12:35:53.3044819Z  * [new branch]        wip/0928/crud-people-grants              -> origin/wip/0928/crud-people-grants
2026-10-06T12:35:53.3045443Z  * [new branch]        wip/0928/crud-service-accounts           -> origin/wip/0928/crud-service-accounts
2026-10-06T12:35:53.3046074Z  * [new branch]        wip/0928/land-agent-lifecycle            -> origin/wip/0928/land-agent-lifecycle
2026-10-06T12:35:53.3046651Z  * [new branch]        wip/0928/land-halt                       -> origin/wip/0928/land-halt
2026-10-06T12:35:53.3047189Z  * [new branch]        wip/0928/land-overview                   -> origin/wip/0928/land-overview
2026-10-06T12:35:53.3047728Z  * [new branch]        wip/0928/land-shell                      -> origin/wip/0928/land-shell
2026-10-06T12:35:53.3048242Z  * [new branch]        wip/0928/models                          -> origin/wip/0928/models
2026-10-06T12:35:53.3048763Z  * [new branch]        wip/0928/models-polish                   -> origin/wip/0928/models-polish
2026-10-06T12:35:53.3049288Z  * [new branch]        wip/0928/shell                           -> origin/wip/0928/shell
2026-10-06T12:35:53.3049768Z  * [new branch]        wip/0928/w2-ch2                          -> origin/wip/0928/w2-ch2
2026-10-06T12:35:53.3050238Z  * [new branch]        wip/0928/w2-k2                           -> origin/wip/0928/w2-k2
2026-10-06T12:35:53.3050975Z  * [new branch]        wip/0928/w2-k3                           -> origin/wip/0928/w2-k3
2026-10-06T12:35:53.3051437Z  * [new branch]        wip/0928/w2-k6                           -> origin/wip/0928/w2-k6
2026-10-06T12:35:53.3052032Z  * [new branch]        wip/0928/w2-t1                           -> origin/wip/0928/w2-t1
2026-10-06T12:35:53.3052532Z  * [new branch]        wip/0929/wt-b-answer                     -> origin/wip/0929/wt-b-answer
2026-10-06T12:35:53.3053079Z  * [new branch]        wip/0929/wt-b-knowledge                  -> origin/wip/0929/wt-b-knowledge
2026-10-06T12:35:53.3053616Z  * [new branch]        wip/0929/wt-b-memory                     -> origin/wip/0929/wt-b-memory
2026-10-06T12:35:53.3054133Z  * [new branch]        wip/0929/wt-b-tools                      -> origin/wip/0929/wt-b-tools
2026-10-06T12:35:53.3054666Z  * [new branch]        wip/0929/wt-b-workspace                  -> origin/wip/0929/wt-b-workspace
2026-10-06T12:35:53.3055241Z  * [new branch]        wip/0929/wt-connect-wizards              -> origin/wip/0929/wt-connect-wizards
2026-10-06T12:35:53.3055810Z  * [new branch]        wip/0929/wt-staff-diag                   -> origin/wip/0929/wt-staff-diag
2026-10-06T12:35:53.3056386Z  * [new branch]        wip/0930/wt-a-caches                     -> origin/wip/0930/wt-a-caches
2026-10-06T12:35:53.3056924Z  * [new branch]        wip/0930/wt-b-drive                      -> origin/wip/0930/wt-b-drive
2026-10-06T12:35:53.3057449Z  * [new branch]        wip/0930/wt-b-headers                    -> origin/wip/0930/wt-b-headers
2026-10-06T12:35:53.3057977Z  * [new branch]        wip/0930/wt-b-laravel                    -> origin/wip/0930/wt-b-laravel
2026-10-06T12:35:53.3058496Z  * [new branch]        wip/0930/wt-b-schema                     -> origin/wip/0930/wt-b-schema
2026-10-06T12:35:53.3059063Z  * [new branch]        wip/0930/wt-channel-telegram             -> origin/wip/0930/wt-channel-telegram
2026-10-06T12:35:53.3059672Z  * [new branch]        wip/0930/wt-channel-whatsapp             -> origin/wip/0930/wt-channel-whatsapp
2026-10-06T12:35:53.3060227Z  * [new branch]        wip/0930/wt-chk-b                        -> origin/wip/0930/wt-chk-b
2026-10-06T12:35:53.3061018Z  * [new branch]        wip/0930/wt-chk-c                        -> origin/wip/0930/wt-chk-c
2026-10-06T12:35:53.3061538Z  * [new branch]        wip/0930/wt-cm-models                    -> origin/wip/0930/wt-cm-models
2026-10-06T12:35:53.3062215Z  * [new branch]        wip/0930/wt-cm-overview                  -> origin/wip/0930/wt-cm-overview
2026-10-06T12:35:53.3062764Z  * [new branch]        wip/0930/wt-cm-people                    -> origin/wip/0930/wt-cm-people
2026-10-06T12:35:53.3063275Z  * [new branch]        wip/0930/wt-depts                        -> origin/wip/0930/wt-depts
2026-10-06T12:35:53.3063782Z  * [new branch]        wip/0930/wt-land-halt                    -> origin/wip/0930/wt-land-halt
2026-10-06T12:35:53.3064310Z  * [new branch]        wip/0930/wt-land-shell                   -> origin/wip/0930/wt-land-shell
2026-10-06T12:35:53.3064838Z  * [new branch]        wip/0930/wt-land308                      -> origin/wip/0930/wt-land308
2026-10-06T12:35:53.3065377Z  * [new branch]        wip/0930/wt-relay-realm                  -> origin/wip/0930/wt-relay-realm
2026-10-06T12:35:53.3065899Z  * [new branch]        wip/0930/wt-w2-ch2                       -> origin/wip/0930/wt-w2-ch2
2026-10-06T12:35:53.3066391Z  * [new branch]        wip/0930/wtc                             -> origin/wip/0930/wtc
2026-10-06T12:35:53.3066855Z  * [new branch]        wip/0930/wtt                             -> origin/wip/0930/wtt
2026-10-06T12:35:53.3067320Z  * [new branch]        wip/1006/wrows                           -> origin/wip/1006/wrows
2026-10-06T12:35:53.3067818Z  * [new branch]        wip/1006/wt-b-p4c                        -> origin/wip/1006/wt-b-p4c
2026-10-06T12:35:53.3068278Z  * [new tag]           v0.1.0                                   -> v0.1.0
2026-10-06T12:35:53.3068719Z  * [new ref]           1dcc6e3c3c1ef5d82e5cc9d975ae85480180fc3a -> pull/466/merge
2026-10-06T12:35:53.3069794Z ##[endgroup]
2026-10-06T12:35:53.3070154Z ##[group]Determining the checkout info
2026-10-06T12:35:53.3070922Z ##[endgroup]
2026-10-06T12:35:53.3071160Z [command]/usr/bin/git sparse-checkout disable
2026-10-06T12:35:53.3071842Z [command]/usr/bin/git config --local --unset-all extensions.worktreeConfig
2026-10-06T12:35:53.3072631Z ##[group]Checking out the ref
2026-10-06T12:35:53.3072999Z [command]/usr/bin/git checkout --progress --force refs/remotes/pull/466/merge
2026-10-06T12:35:53.6744226Z Note: switching to 'refs/remotes/pull/466/merge'.
2026-10-06T12:35:53.6745457Z 
2026-10-06T12:35:53.6745875Z You are in 'detached HEAD' state. You can look around, make experimental
2026-10-06T12:35:53.6746801Z changes and commit them, and you can discard any commits you make in this
2026-10-06T12:35:53.6747424Z state without impacting any branches by switching back to a branch.
2026-10-06T12:35:53.6747795Z 
2026-10-06T12:35:53.6748038Z If you want to create a new branch to retain commits you create, you may
2026-10-06T12:35:53.6748625Z do so (now or later) by using -c with the switch command. Example:
2026-10-06T12:35:53.6749002Z 
2026-10-06T12:35:53.6749141Z   git switch -c <new-branch-name>
2026-10-06T12:35:53.6749361Z 
2026-10-06T12:35:53.6749492Z Or undo this operation with:
2026-10-06T12:35:53.6749692Z 
2026-10-06T12:35:53.6749806Z   git switch -
2026-10-06T12:35:53.6749971Z 
2026-10-06T12:35:53.6750260Z Turn off this advice by setting config variable advice.detachedHead to false
2026-10-06T12:35:53.6750938Z 
2026-10-06T12:35:53.6751404Z HEAD is now at 1dcc6e3c Merge 5cc2db9e5fabfe323135dddcf88ed528048191e9 into 0eae5b754c663985269ff67877972c04a1bdaf49
2026-10-06T12:35:53.6776076Z ##[endgroup]
2026-10-06T12:35:53.6827218Z [command]/usr/bin/git log -1 --format=%H
2026-10-06T12:35:53.6855990Z 1dcc6e3c3c1ef5d82e5cc9d975ae85480180fc3a
2026-10-06T12:35:53.7103070Z ##[group]Run astral-sh/setup-uv@v5
2026-10-06T12:35:53.7103374Z with:
2026-10-06T12:35:53.7103564Z   version: 0.12.9
2026-10-06T12:35:53.7103771Z   enable-cache: true
2026-10-06T12:35:53.7106346Z   github-token: ***
2026-10-06T12:35:53.7106657Z   cache-dependency-glob: **/uv.lock
**/requirements*.txt

2026-10-06T12:35:53.7106989Z   prune-cache: true
2026-10-06T12:35:53.7107209Z   ignore-nothing-to-cache: false
2026-10-06T12:35:53.7107469Z   ignore-empty-workdir: false
2026-10-06T12:35:53.7107700Z env:
2026-10-06T12:35:53.7107877Z   UV_VERSION: 0.12.9
2026-10-06T12:35:53.7108278Z   DATABASE_URL: ***localhost:5432/brain_test
2026-10-06T12:35:53.7108679Z   COVERAGE_FILE: /home/runner/work/Verz-OS-v2.0/Verz-OS-v2.0/coverage-shard-8
2026-10-06T12:35:53.7109060Z ##[endgroup]
2026-10-06T12:35:53.8879235Z (node:2767) [DEP0040] DeprecationWarning: The `punycode` module is deprecated. Please use a userland alternative instead.
2026-10-06T12:35:53.8880943Z (Use `node --trace-deprecation ...` to show where the warning was created)
2026-10-06T12:35:53.9085707Z Downloading uv from "https://github.com/astral-sh/uv/releases/download/0.12.9/uv-x86_64-unknown-linux-gnu.tar.gz" ...
2026-10-06T12:35:54.2887381Z [command]/usr/bin/tar xz --warning=no-unknown-keyword --overwrite -C /home/runner/work/_temp/4d274542-88c2-420f-aaec-48a28cadf3b0 -f /home/runner/work/_temp/96d9ed1b-7799-4f14-aea2-7a20f70295ba
2026-10-06T12:35:54.6571077Z Added /home/runner/.local/bin to the path
2026-10-06T12:35:54.6574698Z Added /opt/hostedtoolcache/uv/0.12.9/x86_64 to the path
2026-10-06T12:35:54.6599080Z Set UV_CACHE_DIR to /home/runner/work/_temp/setup-uv-cache
2026-10-06T12:35:54.6599814Z Successfully installed uv version 0.12.9
2026-10-06T12:35:54.6600819Z Searching files using cache dependency glob: **/uv.lock,**/requirements*.txt
2026-10-06T12:35:54.8863317Z /home/runner/work/Verz-OS-v2.0/Verz-OS-v2.0/matcher/uv.lock
2026-10-06T12:35:55.0410688Z /home/runner/work/Verz-OS-v2.0/Verz-OS-v2.0/uv.lock
2026-10-06T12:35:55.0426548Z Found 2 files to hash.
2026-10-06T12:35:55.1462908Z Trying to restore uv cache from GitHub Actions cache with key: setup-uv-1-x86_64-unknown-linux-gnu-unknown-4fa71487548199487345489e1f4ab912cdc9b009220d8b57baa546f1323899d3
2026-10-06T12:35:55.3958092Z Cache hit for: setup-uv-1-x86_64-unknown-linux-gnu-unknown-4fa71487548199487345489e1f4ab912cdc9b009220d8b57baa546f1323899d3
2026-10-06T12:35:55.4071432Z (node:2767) [DEP0169] DeprecationWarning: `url.parse()` behavior is not standardized and prone to errors that have security implications. Use the WHATWG URL API instead. CVEs are not issued for `url.parse()` vulnerabilities.
2026-10-06T12:35:55.7546230Z Received 1118 of 1118 (100.0%), 0.0 MBs/sec
2026-10-06T12:35:55.7546942Z Cache Size: ~0 MB (1118 B)
2026-10-06T12:35:55.7575226Z [command]/usr/bin/tar -xf /home/runner/work/_temp/d6c126b1-19bf-40b4-9d5d-8ac124a01026/cache.tzst -P -C /home/runner/work/Verz-OS-v2.0/Verz-OS-v2.0 --use-compress-program unzstd
2026-10-06T12:35:55.7652393Z Cache restored successfully
2026-10-06T12:35:55.7657842Z uv cache restored from GitHub Actions cache with key: setup-uv-1-x86_64-unknown-linux-gnu-unknown-4fa71487548199487345489e1f4ab912cdc9b009220d8b57baa546f1323899d3
2026-10-06T12:35:55.7814857Z ##[group]Run uv sync --locked
2026-10-06T12:35:55.7815211Z uv sync --locked
2026-10-06T12:35:55.8028486Z shell: /usr/bin/bash -e {0}
2026-10-06T12:35:55.8028807Z env:
2026-10-06T12:35:55.8029035Z   UV_VERSION: 0.12.9
2026-10-06T12:35:55.8029642Z   DATABASE_URL: ***localhost:5432/brain_test
2026-10-06T12:35:55.8030147Z   COVERAGE_FILE: /home/runner/work/Verz-OS-v2.0/Verz-OS-v2.0/coverage-shard-8
2026-10-06T12:35:55.8030895Z   UV_CACHE_DIR: /home/runner/work/_temp/setup-uv-cache
2026-10-06T12:35:55.8031275Z ##[endgroup]
2026-10-06T12:35:55.9113147Z Downloading cpython-3.13.15-linux-x86_64-gnu (download) (33.2MiB)
2026-10-06T12:35:56.7519714Z  Downloaded cpython-3.13.15-linux-x86_64-gnu (download)
2026-10-06T12:35:56.9071508Z Using CPython 3.13.15
2026-10-06T12:35:56.9072237Z Creating virtual environment at: .venv
2026-10-06T12:35:56.9106099Z Resolved 124 packages in 0.69ms
2026-10-06T12:35:56.9305039Z    Building verz-brain @ file:///home/runner/work/Verz-OS-v2.0/Verz-OS-v2.0
2026-10-06T12:35:56.9654067Z Downloading hypothesis (1.1MiB)
2026-10-06T12:35:56.9654993Z Downloading psycopg-binary (5.0MiB)
2026-10-06T12:35:56.9656620Z Downloading pydantic-core (2.0MiB)
2026-10-06T12:35:56.9658544Z Downloading mypy (14.5MiB)
2026-10-06T12:35:56.9662551Z Downloading zstandard (5.3MiB)
2026-10-06T12:35:56.9666286Z Downloading cryptography (4.5MiB)
2026-10-06T12:35:56.9668159Z Downloading uvloop (4.2MiB)
2026-10-06T12:35:56.9672103Z Downloading lxml (5.0MiB)
2026-10-06T12:35:56.9675794Z Downloading ast-serialize (1.2MiB)
2026-10-06T12:35:56.9686599Z Downloading sqlalchemy (3.2MiB)
2026-10-06T12:35:56.9693689Z Downloading ruff (9.8MiB)
2026-10-06T12:35:56.9694337Z Downloading pygments (1.2MiB)
2026-10-06T12:35:57.1956092Z  Downloaded pygments
2026-10-06T12:35:57.1967815Z  Downloaded hypothesis
2026-10-06T12:35:57.2070076Z  Downloaded ast-serialize
2026-10-06T12:35:57.2258138Z  Downloaded pydantic-core
2026-10-06T12:35:57.2671507Z  Downloaded sqlalchemy
2026-10-06T12:35:57.2795464Z  Downloaded uvloop
2026-10-06T12:35:57.2914086Z  Downloaded cryptography
2026-10-06T12:35:57.2971094Z  Downloaded lxml
2026-10-06T12:35:57.2991153Z  Downloaded psycopg-binary
2026-10-06T12:35:57.2991844Z  Downloaded zstandard
2026-10-06T12:35:57.3338249Z  Downloaded ruff
2026-10-06T12:35:57.4275399Z  Downloaded mypy
2026-10-06T12:35:57.8667448Z       Built verz-brain @ file:///home/runner/work/Verz-OS-v2.0/Verz-OS-v2.0
2026-10-06T12:35:57.8677519Z Prepared 91 packages in 956ms
2026-10-06T12:35:57.9381334Z Installed 91 packages in 70ms
2026-10-06T12:35:57.9381895Z  + alembic==1.19.1
2026-10-06T12:35:57.9382581Z  + annotated-doc==0.0.5
2026-10-06T12:35:57.9383040Z  + annotated-types==0.8.0
2026-10-06T12:35:57.9383443Z  + anyio==4.15.0
2026-10-06T12:35:57.9383797Z  + asgiref==3.12.1
2026-10-06T12:35:57.9384232Z  + ast-serialize==0.9.0
2026-10-06T12:35:57.9384614Z  + attrs==26.1.0
2026-10-06T12:35:57.9384985Z  + certifi==2026.7.22
2026-10-06T12:35:57.9385408Z  + cffi==2.1.1
2026-10-06T12:35:57.9385993Z  + charset-normalizer==3.5.1
2026-10-06T12:35:57.9386448Z  + click==8.5.0
2026-10-06T12:35:57.9387082Z  + coverage==7.16.0
2026-10-06T12:35:57.9387476Z  + croniter==6.2.4
2026-10-06T12:35:57.9388020Z  + cryptography==50.0.1
2026-10-06T12:35:57.9388527Z  + distro==1.9.0
2026-10-06T12:35:57.9389037Z  + fastapi==0.141.1
2026-10-06T12:35:57.9389554Z  + greenlet==3.5.5
2026-10-06T12:35:57.9390061Z  + h11==0.16.0
2026-10-06T12:35:57.9390939Z  + httpcore==1.0.9
2026-10-06T12:35:57.9391442Z  + httpcore2==2.13.0
2026-10-06T12:35:57.9392088Z  + httptools==0.8.0
2026-10-06T12:35:57.9392495Z  + httpx==0.28.1
2026-10-06T12:35:57.9393073Z  + httpx2==2.13.0
2026-10-06T12:35:57.9393605Z  + hypothesis==6.167.1
2026-10-06T12:35:57.9393996Z  + idna==3.19
2026-10-06T12:35:57.9394600Z  + iniconfig==2.3.0
2026-10-06T12:35:57.9395003Z  + jsonpatch==1.33
2026-10-06T12:35:57.9395608Z  + jsonpointer==3.1.1
2026-10-06T12:35:57.9396087Z  + langchain-core==1.6.3
2026-10-06T12:35:57.9396725Z  + langchain-protocol==0.0.19
2026-10-06T12:35:57.9397577Z  + langgraph==1.2.11
2026-10-06T12:35:57.9397994Z  + langgraph-checkpoint==4.2.0
2026-10-06T12:35:57.9398481Z  + langgraph-checkpoint-postgres==3.1.2
2026-10-06T12:35:57.9398998Z  + langgraph-prebuilt==1.1.0
2026-10-06T12:35:57.9399442Z  + langgraph-sdk==0.4.4
2026-10-06T12:35:57.9399886Z  + langsmith==0.12.4
2026-10-06T12:35:57.9400500Z  + ldap3==2.9.1
2026-10-06T12:35:57.9401390Z  + librt==0.15.0
2026-10-06T12:35:57.9401984Z  + lxml==6.1.3
2026-10-06T12:35:57.9402448Z  + mako==1.4.1
2026-10-06T12:35:57.9402932Z  + markupsafe==3.0.3
2026-10-06T12:35:57.9403423Z  + mypy==2.3.1
2026-10-06T12:35:57.9404009Z  + mypy-extensions==1.1.0
2026-10-06T12:35:57.9404537Z  + orjson==3.12.0
2026-10-06T12:35:57.9405021Z  + ormsgpack==1.12.2
2026-10-06T12:35:57.9405514Z  + packaging==26.3
2026-10-06T12:35:57.9406108Z  + pathspec==1.1.1
2026-10-06T12:35:57.9406588Z  + pluggy==1.6.0
2026-10-06T12:35:57.9407067Z  + procrastinate==3.9.0
2026-10-06T12:35:57.9407459Z  + psycopg==3.3.5
2026-10-06T12:35:57.9407837Z  + psycopg-binary==3.3.5
2026-10-06T12:35:57.9408240Z  + psycopg-pool==3.3.1
2026-10-06T12:35:57.9408631Z  + pyasn1==0.6.4
2026-10-06T12:35:57.9408987Z  + pycparser==3.0
2026-10-06T12:35:57.9409349Z  + pydantic==2.13.5
2026-10-06T12:35:57.9409720Z  + pydantic-core==2.46.5
2026-10-06T12:35:57.9410206Z  + pydantic-settings==2.15.0
2026-10-06T12:35:57.9410833Z  + pygments==2.21.0
2026-10-06T12:35:57.9411180Z  + pymysql==1.2.3
2026-10-06T12:35:57.9411532Z  + pypdf==6.19.0
2026-10-06T12:35:57.9411880Z  + pytest==9.1.1
2026-10-06T12:35:57.9412228Z  + pytest-cov==7.1.0
2026-10-06T12:35:57.9412844Z  + python-dateutil==2.9.0.post0
2026-10-06T12:35:57.9413274Z  + python-docx==1.2.0
2026-10-06T12:35:57.9413652Z  + python-dotenv==1.2.3
2026-10-06T12:35:57.9414036Z  + pyyaml==6.0.3
2026-10-06T12:35:57.9414377Z  + redis==8.1.0
2026-10-06T12:35:57.9414728Z  + requests==2.34.2
2026-10-06T12:35:57.9415102Z  + requests-toolbelt==1.0.0
2026-10-06T12:35:57.9415491Z  + ruff==0.16.6
2026-10-06T12:35:57.9415828Z  + six==1.17.0
2026-10-06T12:35:57.9416164Z  + sniffio==1.3.1
2026-10-06T12:35:57.9416529Z  + sortedcontainers==2.4.0
2026-10-06T12:35:57.9416931Z  + sqlalchemy==2.0.52
2026-10-06T12:35:57.9417299Z  + starlette==1.6.0
2026-10-06T12:35:57.9417653Z  + structlog==26.1.0
2026-10-06T12:35:57.9418004Z  + tenacity==9.1.4
2026-10-06T12:35:57.9418352Z  + truststore==0.10.4
2026-10-06T12:35:57.9418745Z  + types-pymysql==1.2.0.20260923
2026-10-06T12:35:57.9419196Z  + types-pyyaml==6.0.12.20260815
2026-10-06T12:35:57.9419632Z  + typing-extensions==4.16.0
2026-10-06T12:35:57.9420067Z  + typing-inspection==0.4.4
2026-10-06T12:35:57.9420801Z  + urllib3==2.7.0
2026-10-06T12:35:57.9421171Z  + uuid-utils==0.17.1
2026-10-06T12:35:57.9421506Z  + uvicorn==0.52.4
2026-10-06T12:35:57.9421835Z  + uvloop==0.22.1
2026-10-06T12:35:57.9422650Z  + verz-brain==0.1.0 (from file:///home/runner/work/Verz-OS-v2.0/Verz-OS-v2.0)
2026-10-06T12:35:57.9423541Z  + watchfiles==1.2.0
2026-10-06T12:35:57.9423874Z  + websockets==16.1.1
2026-10-06T12:35:57.9424203Z  + xxhash==4.0.1
2026-10-06T12:35:57.9424530Z  + zstandard==0.25.0
2026-10-06T12:35:57.9635981Z ##[group]Run actions/setup-node@v4
2026-10-06T12:35:57.9636289Z with:
2026-10-06T12:35:57.9636499Z   node-version: 22
2026-10-06T12:35:57.9636714Z   cache: npm
2026-10-06T12:35:57.9637035Z   cache-dependency-path: ops/automation/piece/package-lock.json
2026-10-06T12:35:57.9637413Z   always-auth: false
2026-10-06T12:35:57.9637651Z   check-latest: false
2026-10-06T12:35:57.9640253Z   token: ***
2026-10-06T12:35:57.9640802Z env:
2026-10-06T12:35:57.9641002Z   UV_VERSION: 0.12.9
2026-10-06T12:35:57.9641409Z   DATABASE_URL: ***localhost:5432/brain_test
2026-10-06T12:35:57.9641835Z   COVERAGE_FILE: /home/runner/work/Verz-OS-v2.0/Verz-OS-v2.0/coverage-shard-8
2026-10-06T12:35:57.9642276Z   UV_CACHE_DIR: /home/runner/work/_temp/setup-uv-cache
2026-10-06T12:35:57.9642593Z ##[endgroup]
2026-10-06T12:35:58.1077282Z Found in cache @ /opt/hostedtoolcache/node/22.23.3/x64
2026-10-06T12:35:58.1082327Z (node:2867) [DEP0040] DeprecationWarning: The `punycode` module is deprecated. Please use a userland alternative instead.
2026-10-06T12:35:58.1083317Z (Use `node --trace-deprecation ...` to show where the warning was created)
2026-10-06T12:35:58.1085531Z ##[group]Environment details
2026-10-06T12:35:58.5274115Z node: v22.23.3
2026-10-06T12:35:58.5274391Z npm: 10.9.9
2026-10-06T12:35:58.5274600Z yarn: 1.22.22
2026-10-06T12:35:58.5275094Z ##[endgroup]
2026-10-06T12:35:58.5295666Z [command]/opt/hostedtoolcache/node/22.23.3/x64/bin/npm config get cache
2026-10-06T12:35:58.6456631Z /home/runner/.npm
2026-10-06T12:35:58.9271540Z Cache hit for: node-cache-Linux-x64-npm-00f69f0a9962b4706237ac11ce343b8faf403ef0be0e9808fc4256ca2e86efc1
2026-10-06T12:35:58.9373215Z (node:2867) [DEP0169] DeprecationWarning: `url.parse()` behavior is not standardized and prone to errors that have security implications. Use the WHATWG URL API instead. CVEs are not issued for `url.parse()` vulnerabilities.
2026-10-06T12:36:00.2017182Z Received 4197240 of 8391544 (50.0%), 4.0 MBs/sec
2026-10-06T12:36:00.3222009Z Received 8391544 of 8391544 (100.0%), 7.1 MBs/sec
2026-10-06T12:36:00.3222678Z Cache Size: ~8 MB (8391544 B)
2026-10-06T12:36:00.3250178Z [command]/usr/bin/tar -xf /home/runner/work/_temp/c18cd2d9-9fea-48cd-89de-6bacaabee1fa/cache.tzst -P -C /home/runner/work/Verz-OS-v2.0/Verz-OS-v2.0 --use-compress-program unzstd
2026-10-06T12:36:00.3601520Z Cache restored successfully
2026-10-06T12:36:00.3609699Z Cache restored from key: node-cache-Linux-x64-npm-00f69f0a9962b4706237ac11ce343b8faf403ef0be0e9808fc4256ca2e86efc1
2026-10-06T12:36:00.3745776Z ##[group]Run npm ci --ignore-scripts
2026-10-06T12:36:00.3746134Z npm ci --ignore-scripts
2026-10-06T12:36:00.3815708Z shell: /usr/bin/bash -e {0}
2026-10-06T12:36:00.3815994Z env:
2026-10-06T12:36:00.3816222Z   UV_VERSION: 0.12.9
2026-10-06T12:36:00.3816879Z   DATABASE_URL: ***localhost:5432/brain_test
2026-10-06T12:36:00.3817343Z   COVERAGE_FILE: /home/runner/work/Verz-OS-v2.0/Verz-OS-v2.0/coverage-shard-8
2026-10-06T12:36:00.3817849Z   UV_CACHE_DIR: /home/runner/work/_temp/setup-uv-cache
2026-10-06T12:36:00.3818199Z ##[endgroup]
2026-10-06T12:36:02.2994969Z 
2026-10-06T12:36:02.3002634Z added 12 packages, and audited 13 packages in 2s
2026-10-06T12:36:02.3003045Z 
2026-10-06T12:36:02.3003303Z 1 package is looking for funding
2026-10-06T12:36:02.3003728Z   run `npm fund` for details
2026-10-06T12:36:02.3075290Z 
2026-10-06T12:36:02.3076014Z 3 vulnerabilities (2 moderate, 1 high)
2026-10-06T12:36:02.3076415Z 
2026-10-06T12:36:02.3076892Z To address issues that do not require attention, run:
2026-10-06T12:36:02.3077491Z   npm audit fix
2026-10-06T12:36:02.3077713Z 
2026-10-06T12:36:02.3077934Z To address all issues, run:
2026-10-06T12:36:02.3078448Z   npm audit fix --force
2026-10-06T12:36:02.3078719Z 
2026-10-06T12:36:02.3078931Z Run `npm audit` for details.
2026-10-06T12:36:02.3550907Z ##[group]Run files=$(uv run python -m brain.ops.test_shards --shard 8 --of 8)
2026-10-06T12:36:02.3551552Z files=$(uv run python -m brain.ops.test_shards --shard 8 --of 8)
2026-10-06T12:36:02.3552281Z [ -n "$files" ] || { echo "::error::shard 8 has no test files"; exit 1; }
2026-10-06T12:36:02.3552750Z echo "shard 8 of 8: $(echo "$files" | wc -l) file(s)"
2026-10-06T12:36:02.3553369Z uv run pytest --cov --cov-report= --cov-fail-under=0 --junitxml="$GITHUB_WORKSPACE/junit/shard-8.xml" $files
2026-10-06T12:36:02.3616631Z shell: /usr/bin/bash -e {0}
2026-10-06T12:36:02.3616905Z env:
2026-10-06T12:36:02.3617105Z   UV_VERSION: 0.12.9
2026-10-06T12:36:02.3617627Z   DATABASE_URL: ***localhost:5432/brain_test
2026-10-06T12:36:02.3618093Z   COVERAGE_FILE: /home/runner/work/Verz-OS-v2.0/Verz-OS-v2.0/coverage-shard-8
2026-10-06T12:36:02.3618585Z   UV_CACHE_DIR: /home/runner/work/_temp/setup-uv-cache
2026-10-06T12:36:02.3618928Z ##[endgroup]
2026-10-06T12:36:02.5477795Z shard 8 of 8: 120 file(s)
2026-10-06T12:36:59.2873223Z ........................................................................ [  2%]
2026-10-06T12:37:47.9747519Z ........................................................................ [  5%]
2026-10-06T12:39:16.5601507Z ........................................................................ [  7%]
2026-10-06T12:39:56.0772026Z ........................................................................ [ 10%]
2026-10-06T12:40:16.3534597Z ........................................................................ [ 13%]
2026-10-06T12:40:16.6219837Z ........................................................................ [ 15%]
2026-10-06T12:40:16.8353063Z ........................................................................ [ 18%]
2026-10-06T12:40:31.2285756Z ........................................................................ [ 20%]
2026-10-06T12:40:37.3307945Z ........................................................................ [ 23%]
2026-10-06T12:40:44.3504233Z ........................................................................ [ 26%]
2026-10-06T12:40:51.5703807Z ........................................................................ [ 28%]
2026-10-06T12:41:13.5080036Z ........................................................................ [ 31%]
2026-10-06T12:41:24.3792805Z ........................................................................ [ 33%]
2026-10-06T12:42:04.1000159Z ........................................................................ [ 36%]
2026-10-06T12:42:53.1809372Z ........................................................................ [ 39%]
2026-10-06T12:43:08.6586018Z ........................................................................ [ 41%]
2026-10-06T12:43:32.8409204Z ........................................................................ [ 44%]
2026-10-06T12:43:54.8589399Z ........................................................................ [ 46%]
2026-10-06T12:44:37.2407378Z ........................................................................ [ 49%]
2026-10-06T12:44:59.6950244Z ........................................................................ [ 52%]
2026-10-06T12:45:00.9853709Z ........................................................................ [ 54%]
2026-10-06T12:45:16.1748134Z ........................................................................ [ 57%]
2026-10-06T12:45:17.1388745Z ........................................................................ [ 59%]
2026-10-06T12:45:22.2356620Z ........................................................................ [ 62%]
2026-10-06T12:45:23.3888388Z .................................................F...................... [ 65%]
2026-10-06T12:46:11.1413675Z ........................................................................ [ 67%]
2026-10-06T12:46:11.2694351Z ........................................................................ [ 70%]
2026-10-06T12:46:15.0904175Z ........ssss............................................................ [ 72%]
2026-10-06T12:46:16.4899184Z ........................................................................ [ 75%]
2026-10-06T12:46:16.7469492Z ........................................................................ [ 78%]
2026-10-06T12:46:33.6673599Z ........................................................................ [ 80%]
2026-10-06T12:46:38.8411870Z ........................................................................ [ 83%]
2026-10-06T12:46:41.5981611Z ........................................................................ [ 85%]
2026-10-06T12:46:50.5911457Z ........................................................................ [ 88%]
2026-10-06T12:47:05.5469910Z ........................................................................ [ 91%]
2026-10-06T12:47:07.8802327Z ........................................................................ [ 93%]
2026-10-06T12:47:09.3042251Z ........................................................................ [ 96%]
2026-10-06T12:47:34.0117137Z ........................................................................ [ 98%]
2026-10-06T12:47:47.4637727Z ............................                                             [100%]
2026-10-06T12:47:47.4639834Z =================================== FAILURES ===================================
2026-10-06T12:47:47.4641378Z __________________ test_the_gate_does_not_import_a_connector ___________________
2026-10-06T12:47:47.4641976Z 
2026-10-06T12:47:47.4642435Z     def test_the_gate_does_not_import_a_connector() -> None:
2026-10-06T12:47:47.4643335Z         """The direction of the dependency is the architecture. A connector is a source of
2026-10-06T12:47:47.4644318Z         records; the gate decides what a caller may see of them. If the gate imported a
2026-10-06T12:47:47.4645269Z         connector it would be deciding *and* fetching, and the seam where every permission
2026-10-06T12:47:47.4646037Z         decision happens would no longer be a seam.
2026-10-06T12:47:47.4646477Z     
2026-10-06T12:47:47.4647073Z         Checked over imports rather than over a diagram, because a diagram cannot fail.
2026-10-06T12:47:47.4647714Z         """
2026-10-06T12:47:47.4648100Z         gate = REPO / "src" / "brain" / "gate"
2026-10-06T12:47:47.4648565Z         offenders = [
2026-10-06T12:47:47.4648986Z             f"{path.relative_to(REPO)}:{i}"
2026-10-06T12:47:47.4649499Z             for path in gate.rglob("*.py")
2026-10-06T12:47:47.4650240Z             for i, line in enumerate(path.read_text(encoding="utf-8").splitlines(), 1)
2026-10-06T12:47:47.4651299Z             if re.match(r"\s*(from|import)\s+brain\.connectors", line)
2026-10-06T12:47:47.4651819Z         ]
2026-10-06T12:47:47.4652412Z >       assert not offenders, f"the gate imports a connector: {offenders}"
2026-10-06T12:47:47.4653746Z E       AssertionError: the gate imports a connector: ['src/brain/gate/runtime_effects.py:47', 'src/brain/gate/runtime_effects.py:48']
2026-10-06T12:47:47.4655147Z E       assert not ['src/brain/gate/runtime_effects.py:47', 'src/brain/gate/runtime_effects.py:48']
2026-10-06T12:47:47.4655730Z 
2026-10-06T12:47:47.4656031Z tests/unit/test_repo_shape.py:82: AssertionError
2026-10-06T12:47:47.4656945Z =============================== warnings summary ===============================
2026-10-06T12:47:47.4657728Z .venv/lib/python3.13/site-packages/starlette/testclient.py:53
2026-10-06T12:47:47.4659488Z   /home/runner/work/Verz-OS-v2.0/Verz-OS-v2.0/.venv/lib/python3.13/site-packages/starlette/testclient.py:53: DeprecationWarning: The anyio.abc.BlockingPortal alias is deprecated, use anyio.from_thread.BlockingPortal instead.
2026-10-06T12:47:47.4661477Z     _PortalFactoryType = Callable[[], AbstractContextManager[anyio.abc.BlockingPortal]]
2026-10-06T12:47:47.4662037Z 
2026-10-06T12:47:47.4662378Z tests/unit/test_acceptance_calibration.py: 10 warnings
2026-10-06T12:47:47.4663053Z tests/unit/test_acceptance_cards.py: 2 warnings
2026-10-06T12:47:47.4663699Z tests/unit/test_acceptance_entity_merge.py: 2 warnings
2026-10-06T12:47:47.4664703Z tests/unit/test_acceptance_halt.py: 10 warnings
2026-10-06T12:47:47.4665322Z tests/unit/test_acceptance_ingest.py: 2 warnings
2026-10-06T12:47:47.4665950Z tests/unit/test_acceptance_lifecycle.py: 2 warnings
2026-10-06T12:47:47.4666798Z tests/unit/test_acceptance_memory.py: 2 warnings
2026-10-06T12:47:47.4667416Z tests/unit/test_acceptance_models.py: 12 warnings
2026-10-06T12:47:47.4668052Z tests/unit/test_acceptance_procedures.py: 4 warnings
2026-10-06T12:47:47.4668663Z tests/unit/test_acceptance_review.py: 20 warnings
2026-10-06T12:47:47.4669272Z tests/unit/test_acceptance_slack.py: 10 warnings
2026-10-06T12:47:47.4669869Z tests/unit/test_acceptance_sources.py: 14 warnings
2026-10-06T12:47:47.4670757Z tests/unit/test_acceptance_takeover.py: 2 warnings
2026-10-06T12:47:47.4671398Z tests/unit/test_access_request_routes.py: 14 warnings
2026-10-06T12:47:47.4672064Z tests/unit/test_agent_attachment_routes.py: 6 warnings
2026-10-06T12:47:47.4672696Z tests/unit/test_approval_cards.py: 16 warnings
2026-10-06T12:47:47.4673329Z tests/unit/test_automation_paused_told.py: 4 warnings
2026-10-06T12:47:47.4673962Z tests/unit/test_browser_session_store.py: 2 warnings
2026-10-06T12:47:47.4674574Z tests/unit/test_channel_binding.py: 12 warnings
2026-10-06T12:47:47.4675175Z tests/unit/test_channel_pipeline.py: 26 warnings
2026-10-06T12:47:47.4675784Z tests/unit/test_compliance_routes.py: 3 warnings
2026-10-06T12:47:47.4676434Z tests/unit/test_console_control_audit.py: 16 warnings
2026-10-06T12:47:47.4677059Z tests/unit/test_decision_entries.py: 16 warnings
2026-10-06T12:47:47.4677665Z tests/unit/test_default_ladder_store.py: 16 warnings
2026-10-06T12:47:47.4678312Z tests/unit/test_department_view_routes.py: 14 warnings
2026-10-06T12:47:47.4678939Z tests/unit/test_deployment_database.py: 7 warnings
2026-10-06T12:47:47.4679588Z tests/unit/test_downgrade_keeps_history.py: 4 warnings
2026-10-06T12:47:47.4680216Z tests/unit/test_embedding_path_db.py: 6 warnings
2026-10-06T12:47:47.4681045Z tests/unit/test_escalation_store.py: 2 warnings
2026-10-06T12:47:47.4681676Z tests/unit/test_fresh_install_answers.py: 2 warnings
2026-10-06T12:47:47.4682265Z tests/unit/test_halt_store.py: 21 warnings
2026-10-06T12:47:47.4682819Z tests/unit/test_incident_routes.py: 6 warnings
2026-10-06T12:47:47.4683392Z tests/unit/test_jobs_routes.py: 37 warnings
2026-10-06T12:47:47.4683974Z tests/unit/test_knowledge_routes.py: 16 warnings
2026-10-06T12:47:47.4684567Z tests/unit/test_person_grant_ids.py: 2 warnings
2026-10-06T12:47:47.4685154Z tests/unit/test_plugin_registry.py: 10 warnings
2026-10-06T12:47:47.4685739Z tests/unit/test_report_screens.py: 28 warnings
2026-10-06T12:47:47.4686276Z tests/unit/test_resolver.py: 1 warning
2026-10-06T12:47:47.4686830Z tests/unit/test_schedule_runner.py: 12 warnings
2026-10-06T12:47:47.4687407Z tests/unit/test_sign_in_binding.py: 76 warnings
2026-10-06T12:47:47.4688019Z tests/unit/test_source_organisation.py: 4 warnings
2026-10-06T12:47:47.4688580Z tests/unit/test_status.py: 17 warnings
2026-10-06T12:47:47.4689118Z tests/unit/test_storage_routes.py: 8 warnings
2026-10-06T12:47:47.4689708Z tests/unit/test_vault_audit_ship.py: 2 warnings
2026-10-06T12:47:47.4690483Z tests/unit/test_webhook_delivery.py: 6 warnings
2026-10-06T12:47:47.4691101Z tests/unit/test_worker_schedule.py: 30 warnings
2026-10-06T12:47:47.4693227Z   /home/runner/work/Verz-OS-v2.0/Verz-OS-v2.0/.venv/lib/python3.13/site-packages/alembic/config.py:604: DeprecationWarning: No path_separator found in configuration; falling back to legacy splitting on spaces, commas, and colons for prepend_sys_path.  Consider adding path_separator=os to Alembic config.
2026-10-06T12:47:47.4695193Z     util.warn_deprecated(
2026-10-06T12:47:47.4695429Z 
2026-10-06T12:47:47.4695877Z -- Docs: https://docs.pytest.org/en/stable/how-to/capture-warnings.html
2026-10-06T12:47:47.4696717Z =========================== short test summary info ============================
2026-10-06T12:47:47.4698699Z FAILED tests/unit/test_repo_shape.py::test_the_gate_does_not_import_a_connector - AssertionError: the gate imports a connector: ['src/brain/gate/runtime_effects.py:47', 'src/brain/gate/runtime_effects.py:48']
2026-10-06T12:47:47.4700608Z assert not ['src/brain/gate/runtime_effects.py:47', 'src/brain/gate/runtime_effects.py:48']
2026-10-06T12:47:47.4701730Z 1 failed, 2759 passed, 4 skipped, 535 warnings in 701.90s (0:11:41)
2026-10-06T12:47:49.8026521Z ##[error]Process completed with exit code 1.
2026-10-06T12:47:49.8116375Z ##[group]Run actions/upload-artifact@v4
2026-10-06T12:47:49.8116704Z with:
2026-10-06T12:47:49.8116919Z   name: junit-shard-8
2026-10-06T12:47:49.8117220Z   path: /home/runner/work/Verz-OS-v2.0/Verz-OS-v2.0/junit
2026-10-06T12:47:49.8117577Z   if-no-files-found: ignore
2026-10-06T12:47:49.8117821Z   overwrite: true
2026-10-06T12:47:49.8118036Z   retention-days: 7
2026-10-06T12:47:49.8118263Z   compression-level: 6
2026-10-06T12:47:49.8118503Z   include-hidden-files: false
2026-10-06T12:47:49.8118752Z env:
2026-10-06T12:47:49.8118947Z   UV_VERSION: 0.12.9
2026-10-06T12:47:49.8119443Z   DATABASE_URL: ***localhost:5432/brain_test
2026-10-06T12:47:49.8119873Z   COVERAGE_FILE: /home/runner/work/Verz-OS-v2.0/Verz-OS-v2.0/coverage-shard-8
2026-10-06T12:47:49.8120606Z   UV_CACHE_DIR: /home/runner/work/_temp/setup-uv-cache
2026-10-06T12:47:49.8120955Z ##[endgroup]
2026-10-06T12:47:49.9856098Z (node:18968) [DEP0040] DeprecationWarning: The `punycode` module is deprecated. Please use a userland alternative instead.
2026-10-06T12:47:49.9857500Z (Use `node --trace-deprecation ...` to show where the warning was created)
2026-10-06T12:47:49.9932165Z With the provided path, there will be 1 file uploaded
2026-10-06T12:47:50.2943382Z Artifact name is valid!
2026-10-06T12:47:50.2944209Z Root directory input is valid!
2026-10-06T12:47:50.5587415Z Beginning upload of artifact content to blob storage
2026-10-06T12:47:50.5870667Z (node:18968) [DEP0169] DeprecationWarning: `url.parse()` behavior is not standardized and prone to errors that have security implications. Use the WHATWG URL API instead. CVEs are not issued for `url.parse()` vulnerabilities.
2026-10-06T12:47:50.9703719Z Uploaded bytes 64766
2026-10-06T12:47:51.0444746Z Finished uploading artifact content to blob storage!
2026-10-06T12:47:51.0445758Z SHA256 digest of uploaded artifact zip is 939939ada3c4b4423bb692efc49cabcc782ee5216b0a9ebcb08dc5e6ba940e41
2026-10-06T12:47:51.0446537Z Finalizing artifact upload
2026-10-06T12:47:51.3643223Z Artifact junit-shard-8.zip successfully finalized. Artifact ID 11414299676
2026-10-06T12:47:51.3644592Z Artifact junit-shard-8 has been successfully uploaded! Final size is 64766 bytes. Artifact ID is 11414299676
2026-10-06T12:47:51.3650576Z Artifact download URL: https://github.com/rpsj2230/Verz-OS-v2.0/actions/runs/37464323438/artifacts/11414299676
2026-10-06T12:47:51.3867355Z Post job cleanup.
2026-10-06T12:47:51.4798060Z [command]/usr/bin/git version
2026-10-06T12:47:51.4841812Z git version 2.55.0
2026-10-06T12:47:51.4881519Z Temporarily overriding HOME='/home/runner/work/_temp/74f11840-8ff3-46a6-8fde-6d61b165680d' before making global git config changes
2026-10-06T12:47:51.4883043Z Adding repository directory to the temporary git global config as a safe directory
2026-10-06T12:47:51.4887474Z [command]/usr/bin/git config --global --add safe.directory /home/runner/work/Verz-OS-v2.0/Verz-OS-v2.0
2026-10-06T12:47:51.4933877Z [command]/usr/bin/git config --local --name-only --get-regexp core\.sshCommand
2026-10-06T12:47:51.4975407Z [command]/usr/bin/git submodule foreach --recursive sh -c "git config --local --name-only --get-regexp 'core\.sshCommand' && git config --local --unset-all 'core.sshCommand' || :"
2026-10-06T12:47:51.5234692Z [command]/usr/bin/git config --local --name-only --get-regexp http\.https\:\/\/github\.com\/\.extraheader
2026-10-06T12:47:51.5262123Z http.https://github.com/.extraheader
2026-10-06T12:47:51.5274401Z [command]/usr/bin/git config --local --unset-all http.https://github.com/.extraheader
2026-10-06T12:47:51.5312836Z [command]/usr/bin/git submodule foreach --recursive sh -c "git config --local --name-only --get-regexp 'http\.https\:\/\/github\.com\/\.extraheader' && git config --local --unset-all 'http.https://github.com/.extraheader' || :"
2026-10-06T12:47:51.5605415Z [command]/usr/bin/git config --local --name-only --get-regexp ^includeIf\.gitdir:
2026-10-06T12:47:51.5651063Z [command]/usr/bin/git submodule foreach --recursive git config --local --show-origin --name-only --get-regexp remote.origin.url
2026-10-06T12:47:51.6103402Z Print service container logs: d6965ee1d06c442e9a3d9eba0f00447f_pgvectorpgvectorpg18_c8561e
2026-10-06T12:47:51.6107878Z ##[command]/usr/bin/docker logs --details f9027e39d75cdf7235edc03cf6125ddacd5b10579d8d40620ee1f45980fb6b17
2026-10-06T12:47:51.6242918Z  The files belonging to this database system will be owned by user "postgres".
2026-10-06T12:47:51.6244285Z  This user must also own the server process.
2026-10-06T12:47:51.6244899Z  
2026-10-06T12:47:51.6245436Z  The database cluster will be initialized with locale "en_US.utf8".
2026-10-06T12:47:51.6246257Z  The default database encoding has accordingly been set to "UTF8".
2026-10-06T12:47:51.6247046Z  The default text search configuration will be set to "english".
2026-10-06T12:47:51.6247739Z  
2026-10-06T12:47:51.6248179Z  Data page checksums are enabled.
2026-10-06T12:47:51.6248731Z  
2026-10-06T12:47:51.6249372Z  fixing permissions on existing directory /var/lib/postgresql/18/docker ... ok
2026-10-06T12:47:51.6250521Z  creating subdirectories ... ok
2026-10-06T12:47:51.6252657Z  initdb: warning: enabling "trust" authentication for local connections
2026-10-06T12:47:51.6253475Z  selecting dynamic shared memory implementation ... posix
2026-10-06T12:47:51.6255161Z  initdb: hint: You can change this by editing pg_hba.conf or using the option -A, or --auth-local and --auth-host, the next time you run initdb.
2026-10-06T12:47:51.6256300Z  selecting default "max_connections" ... 100
2026-10-06T12:47:51.6257175Z  selecting default "shared_buffers" ... 128MB
2026-10-06T12:47:51.6257737Z  selecting default time zone ... Etc/UTC
2026-10-06T12:47:51.6258265Z  creating configuration files ... ok
2026-10-06T12:47:51.6258768Z  running bootstrap script ... ok
2026-10-06T12:47:51.6259306Z  performing post-bootstrap initialization ... ok
2026-10-06T12:47:51.6259867Z  syncing data to disk ... ok
2026-10-06T12:47:51.6260611Z  
2026-10-06T12:47:51.6260938Z  
2026-10-06T12:47:51.6261382Z  Success. You can now start the database server using:
2026-10-06T12:47:51.6261930Z  
2026-10-06T12:47:51.6262382Z      pg_ctl -D /var/lib/postgresql/18/docker -l logfile start
2026-10-06T12:47:51.6262946Z  
2026-10-06T12:47:51.6263970Z  2026-10-06 12:35:44.561 UTC [1] LOG:  starting PostgreSQL 18.6 (Debian 18.6-1.pgdg12+2) on x86_64-pc-linux-gnu, compiled by gcc (Debian 12.2.0-14+deb12u1) 12.2.0, 64-bit
2026-10-06T12:47:51.6264983Z  2026-10-06 12:35:44.561 UTC [1] LOG:  listening on IPv4 address "0.0.0.0", port 5432
2026-10-06T12:47:51.6265634Z  2026-10-06 12:35:44.561 UTC [1] LOG:  listening on IPv6 address "::", port 5432
2026-10-06T12:47:51.6266565Z  2026-10-06 12:35:44.562 UTC [1] LOG:  listening on Unix socket "/var/run/postgresql/.s.PGSQL.5432"
2026-10-06T12:47:51.6268186Z  waiting for server to start....2026-10-06 12:35:44.235 UTC [53] LOG:  starting PostgreSQL 18.6 (Debian 18.6-1.pgdg12+2) on x86_64-pc-linux-gnu, compiled by gcc (Debian 12.2.0-14+deb12u1) 12.2.0, 64-bit
2026-10-06T12:47:51.6269898Z  2026-10-06 12:35:44.236 UTC [53] LOG:  listening on Unix socket "/var/run/postgresql/.s.PGSQL.5432"
2026-10-06T12:47:51.6291312Z  2026-10-06 12:35:44.239 UTC [59] LOG:  database system was shut down at 2026-10-06 12:35:44 UTC
2026-10-06T12:47:51.6292281Z  2026-10-06 12:35:44.242 UTC [53] LOG:  database system is ready to accept connections
2026-10-06T12:47:51.6293205Z   done
2026-10-06T12:47:51.6293577Z  server started
2026-10-06T12:47:51.6294347Z  CREATE DATABASE
2026-10-06T12:47:51.6294740Z  
2026-10-06T12:47:51.6295070Z  
2026-10-06T12:47:51.6295698Z  /usr/local/bin/docker-entrypoint.sh: ignoring /docker-entrypoint-initdb.d/*
2026-10-06T12:47:51.6296480Z  
2026-10-06T12:47:51.6297205Z  waiting for server to shut down...2026-10-06 12:35:44.435 UTC [53] LOG:  received fast shutdown request
2026-10-06T12:47:51.6298658Z  .2026-10-06 12:35:44.435 UTC [53] LOG:  aborting any active transactions
2026-10-06T12:47:51.6301087Z  2026-10-06 12:35:44.438 UTC [53] LOG:  background worker "logical replication launcher" (PID 62) exited with exit code 1
2026-10-06T12:47:51.6302811Z  2026-10-06 12:35:44.439 UTC [57] LOG:  shutting down
2026-10-06T12:47:51.6304250Z  2026-10-06 12:35:44.439 UTC [57] LOG:  checkpoint starting: shutdown immediate
2026-10-06T12:47:51.6306288Z  2026-10-06 12:35:44.455 UTC [57] LOG:  checkpoint complete: wrote 941 buffers (5.7%), wrote 3 SLRU buffers; 0 WAL file(s) added, 0 removed, 0 recycled; write=0.013 s, sync=0.003 s, total=0.016 s; sync files=303, longest=0.002 s, average=0.001 s; distance=4334 kB, estimate=4334 kB; lsn=0/1B94F70, redo lsn=0/1B94F70
2026-10-06T12:47:51.6308266Z  2026-10-06 12:35:44.465 UTC [53] LOG:  database system is shut down
2026-10-06T12:47:51.6308849Z   done
2026-10-06T12:47:51.6309168Z  server stopped
2026-10-06T12:47:51.6309513Z  
2026-10-06T12:47:51.6310164Z  PostgreSQL init process complete; ready for start up.
2026-10-06T12:47:51.6311090Z  
2026-10-06T12:47:51.6312018Z  2026-10-06 12:35:44.566 UTC [75] LOG:  database system was shut down at 2026-10-06 12:35:44 UTC
2026-10-06T12:47:51.6312927Z  2026-10-06 12:35:44.570 UTC [1] LOG:  database system is ready to accept connections
2026-10-06T12:47:51.6313802Z  2026-10-06 12:35:48.590 UTC [86] FATAL:  role "root" does not exist
2026-10-06T12:47:51.6314502Z  2026-10-06 12:35:53.653 UTC [94] FATAL:  role "root" does not exist
2026-10-06T12:47:51.6315195Z  2026-10-06 12:35:58.721 UTC [102] FATAL:  role "root" does not exist
2026-10-06T12:47:51.6315900Z  2026-10-06 12:36:03.796 UTC [110] FATAL:  role "root" does not exist
2026-10-06T12:47:51.6330896Z  2026-10-06 12:36:08.891 UTC [118] FATAL:  role "root" does not exist
2026-10-06T12:47:51.6331659Z  2026-10-06 12:36:13.956 UTC [126] FATAL:  role "root" does not exist
2026-10-06T12:47:51.6332356Z  2026-10-06 12:36:19.021 UTC [135] FATAL:  role "root" does not exist
2026-10-06T12:47:51.6333079Z  2026-10-06 12:36:24.084 UTC [143] FATAL:  role "root" does not exist
2026-10-06T12:47:51.6333810Z  2026-10-06 12:36:29.158 UTC [151] FATAL:  role "root" does not exist
2026-10-06T12:47:51.6334550Z  2026-10-06 12:36:34.221 UTC [159] FATAL:  role "root" does not exist
2026-10-06T12:47:51.6335309Z  2026-10-06 12:36:39.285 UTC [167] FATAL:  role "root" does not exist
2026-10-06T12:47:51.6335934Z  2026-10-06 12:36:44.355 UTC [175] FATAL:  role "root" does not exist
2026-10-06T12:47:51.6336388Z  2026-10-06 12:36:49.419 UTC [184] FATAL:  role "root" does not exist
2026-10-06T12:47:51.6336812Z  2026-10-06 12:36:54.482 UTC [193] FATAL:  role "root" does not exist
2026-10-06T12:47:51.6337219Z  2026-10-06 12:36:59.555 UTC [210] FATAL:  role "root" does not exist
2026-10-06T12:47:51.6337681Z  2026-10-06 12:37:03.975 UTC [73] LOG:  checkpoint starting: immediate force wait
2026-10-06T12:47:51.6338881Z  2026-10-06 12:37:03.980 UTC [73] LOG:  checkpoint complete: wrote 64 buffers (0.4%), wrote 3 SLRU buffers; 0 WAL file(s) added, 0 removed, 1 recycled; write=0.002 s, sync=0.001 s, total=0.005 s; sync files=28, longest=0.001 s, average=0.001 s; distance=13701 kB, estimate=13701 kB; lsn=0/28F66E0, redo lsn=0/28F6688
2026-10-06T12:47:51.6340077Z  2026-10-06 12:37:04.625 UTC [429] FATAL:  role "root" does not exist
2026-10-06T12:47:51.6340824Z  2026-10-06 12:37:07.087 UTC [73] LOG:  checkpoint starting: immediate force wait
2026-10-06T12:47:51.6342031Z  2026-10-06 12:37:07.090 UTC [73] LOG:  checkpoint complete: wrote 18 buffers (0.1%), wrote 2 SLRU buffers; 0 WAL file(s) added, 0 removed, 1 recycled; write=0.001 s, sync=0.001 s, total=0.004 s; sync files=8, longest=0.001 s, average=0.001 s; distance=13394 kB, estimate=13671 kB; lsn=0/360B170, redo lsn=0/360B118
2026-10-06T12:47:51.6343200Z  2026-10-06 12:37:09.707 UTC [454] FATAL:  role "root" does not exist
2026-10-06T12:47:51.6343655Z  2026-10-06 12:37:10.586 UTC [73] LOG:  checkpoint starting: immediate force wait
2026-10-06T12:47:51.6345010Z  2026-10-06 12:37:10.590 UTC [73] LOG:  checkpoint complete: wrote 20 buffers (0.1%), wrote 2 SLRU buffers; 0 WAL file(s) added, 0 removed, 1 recycled; write=0.001 s, sync=0.001 s, total=0.004 s; sync files=7, longest=0.001 s, average=0.001 s; distance=13380 kB, estimate=13642 kB; lsn=0/431C388, redo lsn=0/431C330
2026-10-06T12:47:51.6346324Z  2026-10-06 12:37:13.652 UTC [73] LOG:  checkpoint starting: immediate force wait
2026-10-06T12:47:51.6347483Z  2026-10-06 12:37:13.655 UTC [73] LOG:  checkpoint complete: wrote 16 buffers (0.1%), wrote 2 SLRU buffers; 0 WAL file(s) added, 0 removed, 1 recycled; write=0.001 s, sync=0.001 s, total=0.004 s; sync files=7, longest=0.001 s, average=0.001 s; distance=13375 kB, estimate=13615 kB; lsn=0/502C108, redo lsn=0/502C0B0
2026-10-06T12:47:51.6348626Z  2026-10-06 12:37:14.776 UTC [488] FATAL:  role "root" does not exist
2026-10-06T12:47:51.6349077Z  2026-10-06 12:37:16.672 UTC [73] LOG:  checkpoint starting: immediate force wait
2026-10-06T12:47:51.6350232Z  2026-10-06 12:37:16.676 UTC [73] LOG:  checkpoint complete: wrote 62 buffers (0.4%), wrote 2 SLRU buffers; 0 WAL file(s) added, 0 removed, 0 recycled; write=0.002 s, sync=0.001 s, total=0.004 s; sync files=14, longest=0.001 s, average=0.001 s; distance=13642 kB, estimate=13642 kB; lsn=0/5D7EC30, redo lsn=0/5D7EBD8
2026-10-06T12:47:51.6351604Z  2026-10-06 12:37:19.852 UTC [611] FATAL:  role "root" does not exist
2026-10-06T12:47:51.6352022Z  2026-10-06 12:37:24.926 UTC [729] FATAL:  role "root" does not exist
2026-10-06T12:47:51.6352425Z  2026-10-06 12:37:30.002 UTC [754] FATAL:  role "root" does not exist
2026-10-06T12:47:51.6352876Z  2026-10-06 12:37:31.286 UTC [73] LOG:  checkpoint starting: immediate force wait
2026-10-06T12:47:51.6354034Z  2026-10-06 12:37:31.291 UTC [73] LOG:  checkpoint complete: wrote 32 buffers (0.2%), wrote 5 SLRU buffers; 0 WAL file(s) added, 0 removed, 1 recycled; write=0.002 s, sync=0.001 s, total=0.005 s; sync files=13, longest=0.001 s, average=0.001 s; distance=15222 kB, estimate=15222 kB; lsn=0/6C5C668, redo lsn=0/6C5C610
2026-10-06T12:47:51.6355161Z  2026-10-06 12:37:35.082 UTC [821] FATAL:  role "root" does not exist
2026-10-06T12:47:51.6355605Z  2026-10-06 12:37:35.235 UTC [73] LOG:  checkpoint starting: immediate force wait
2026-10-06T12:47:51.6356755Z  2026-10-06 12:37:35.239 UTC [73] LOG:  checkpoint complete: wrote 25 buffers (0.2%), wrote 4 SLRU buffers; 0 WAL file(s) added, 0 removed, 1 recycled; write=0.001 s, sync=0.001 s, total=0.005 s; sync files=13, longest=0.001 s, average=0.001 s; distance=13403 kB, estimate=15040 kB; lsn=0/7973340, redo lsn=0/79732E8
2026-10-06T12:47:51.6357924Z  2026-10-06 12:37:38.887 UTC [73] LOG:  checkpoint starting: immediate force wait
2026-10-06T12:47:51.6359073Z  2026-10-06 12:37:38.890 UTC [73] LOG:  checkpoint complete: wrote 19 buffers (0.1%), wrote 2 SLRU buffers; 0 WAL file(s) added, 0 removed, 1 recycled; write=0.001 s, sync=0.001 s, total=0.004 s; sync files=8, longest=0.001 s, average=0.001 s; distance=13081 kB, estimate=14844 kB; lsn=0/86397B8, redo lsn=0/8639760
2026-10-06T12:47:51.6360198Z  2026-10-06 12:37:40.156 UTC [1055] FATAL:  role "root" does not exist
2026-10-06T12:47:51.6360936Z  2026-10-06 12:37:41.440 UTC [73] LOG:  checkpoint starting: immediate force wait
2026-10-06T12:47:51.6362095Z  2026-10-06 12:37:41.444 UTC [73] LOG:  checkpoint complete: wrote 20 buffers (0.1%), wrote 2 SLRU buffers; 0 WAL file(s) added, 0 removed, 1 recycled; write=0.001 s, sync=0.001 s, total=0.004 s; sync files=9, longest=0.001 s, average=0.001 s; distance=13077 kB, estimate=14667 kB; lsn=0/92FEDD0, redo lsn=0/92FED78
2026-10-06T12:47:51.6363267Z  2026-10-06 12:37:43.561 UTC [73] LOG:  checkpoint starting: immediate force wait
2026-10-06T12:47:51.6364455Z  2026-10-06 12:37:43.564 UTC [73] LOG:  checkpoint complete: wrote 19 buffers (0.1%), wrote 2 SLRU buffers; 0 WAL file(s) added, 0 removed, 0 recycled; write=0.001 s, sync=0.001 s, total=0.003 s; sync files=8, longest=0.001 s, average=0.001 s; distance=13073 kB, estimate=14508 kB; lsn=0/9FC3448, redo lsn=0/9FC33F0
2026-10-06T12:47:51.6365597Z  2026-10-06 12:37:45.230 UTC [1092] FATAL:  role "root" does not exist
2026-10-06T12:47:51.6366217Z  2026-10-06 12:37:45.705 UTC [73] LOG:  checkpoint starting: immediate force wait
2026-10-06T12:47:51.6367503Z  2026-10-06 12:37:45.709 UTC [73] LOG:  checkpoint complete: wrote 67 buffers (0.4%), wrote 2 SLRU buffers; 0 WAL file(s) added, 0 removed, 1 recycled; write=0.002 s, sync=0.001 s, total=0.004 s; sync files=11, longest=0.001 s, average=0.001 s; distance=13406 kB, estimate=14398 kB; lsn=0/ACDAE30, redo lsn=0/ACDADD8
2026-10-06T12:47:51.6368685Z  2026-10-06 12:37:47.905 UTC [73] LOG:  checkpoint starting: immediate force wait
2026-10-06T12:47:51.6369847Z  2026-10-06 12:37:47.908 UTC [73] LOG:  checkpoint complete: wrote 22 buffers (0.1%), wrote 2 SLRU buffers; 0 WAL file(s) added, 0 removed, 1 recycled; write=0.001 s, sync=0.001 s, total=0.004 s; sync files=10, longest=0.001 s, average=0.001 s; distance=13108 kB, estimate=14269 kB; lsn=0/B9A80D0, redo lsn=0/B9A8078
2026-10-06T12:47:51.6371240Z  2026-10-06 12:37:50.305 UTC [1129] FATAL:  role "root" does not exist
2026-10-06T12:47:51.6372739Z  2026-10-06 12:37:51.703 UTC [1234] ERROR:  know.chunk.embedding already holds vectors, so this install cannot change its width to 1025: a stored vector belongs to the model that produced it and a narrower or wider column does not convert the corpus, it invalidates it. Clear the column and re-embed every chunk, or put INSTALL_EMBEDDING_DIMENSIONS back to the width the corpus was embedded at
2026-10-06T12:47:51.6374309Z  2026-10-06 12:37:51.703 UTC [1234] CONTEXT:  PL/pgSQL function inline_code_block line 4 at RAISE
2026-10-06T12:47:51.6374792Z  2026-10-06 12:37:51.703 UTC [1234] STATEMENT:  DO $$
2026-10-06T12:47:51.6375101Z  	BEGIN
2026-10-06T12:47:51.6375421Z  	    IF EXISTS (SELECT 1 FROM know.chunk WHERE embedding IS NOT NULL) THEN
2026-10-06T12:47:51.6376914Z  	        RAISE EXCEPTION 'know.chunk.embedding already holds vectors, so this install cannot change its width to 1025: a stored vector belongs to the model that produced it and a narrower or wider column does not convert the corpus, it invalidates it. Clear the column and re-embed every chunk, or put INSTALL_EMBEDDING_DIMENSIONS back to the width the corpus was embedded at';
2026-10-06T12:47:51.6378285Z  	    END IF;
2026-10-06T12:47:51.6378492Z  	END
2026-10-06T12:47:51.6378678Z  	$$
2026-10-06T12:47:51.6378987Z  2026-10-06 12:37:53.663 UTC [73] LOG:  checkpoint starting: immediate force wait
2026-10-06T12:47:51.6380176Z  2026-10-06 12:37:53.666 UTC [73] LOG:  checkpoint complete: wrote 26 buffers (0.2%), wrote 2 SLRU buffers; 0 WAL file(s) added, 0 removed, 1 recycled; write=0.001 s, sync=0.001 s, total=0.004 s; sync files=10, longest=0.001 s, average=0.001 s; distance=13455 kB, estimate=14187 kB; lsn=0/C6CBE48, redo lsn=0/C6CBDF0
2026-10-06T12:47:51.6381801Z  2026-10-06 12:37:55.374 UTC [1371] FATAL:  role "root" does not exist
2026-10-06T12:47:51.6382319Z  2026-10-06 12:37:58.318 UTC [1642] ERROR:  the document moved after its promotion was asked for
2026-10-06T12:47:51.6382924Z  2026-10-06 12:37:58.318 UTC [1642] HINT:  reject this one and ask again for the document as it is now
2026-10-06T12:47:51.6383553Z  2026-10-06 12:37:58.318 UTC [1642] CONTEXT:  PL/pgSQL function apply_promotion() line 34 at RAISE
2026-10-06T12:47:51.6384958Z  2026-10-06 12:37:58.318 UTC [1642] STATEMENT:  UPDATE gate.suspension SET state=$1::VARCHAR, decided_by=$2::VARCHAR, decided_at=$3::TIMESTAMP WITH TIME ZONE, verdict=$4::VARCHAR, reason_code=$5::VARCHAR, updated_at=now() WHERE gate.suspension.id = $6::VARCHAR AND gate.suspension.state = $7::VARCHAR AND gate.suspension.action_digest = $8::VARCHAR
2026-10-06T12:47:51.6386264Z  2026-10-06 12:38:00.450 UTC [1862] FATAL:  role "root" does not exist
2026-10-06T12:47:51.6386771Z  2026-10-06 12:38:03.102 UTC [1934] ERROR:  the document moved after its promotion was asked for
2026-10-06T12:47:51.6387366Z  2026-10-06 12:38:03.102 UTC [1934] HINT:  reject this one and ask again for the document as it is now
2026-10-06T12:47:51.6387967Z  2026-10-06 12:38:03.102 UTC [1934] CONTEXT:  PL/pgSQL function apply_promotion() line 34 at RAISE
2026-10-06T12:47:51.6389607Z  2026-10-06 12:38:03.102 UTC [1934] STATEMENT:  UPDATE gate.suspension SET state=$1::VARCHAR, decided_by=$2::VARCHAR, decided_at=$3::TIMESTAMP WITH TIME ZONE, verdict=$4::VARCHAR, reason_code=$5::VARCHAR, updated_at=now() WHERE gate.suspension.id = $6::VARCHAR AND gate.suspension.state = $7::VARCHAR AND gate.suspension.action_digest = $8::VARCHAR
2026-10-06T12:47:51.6391216Z  2026-10-06 12:38:03.588 UTC [1936] ERROR:  the document moved after its promotion was asked for
2026-10-06T12:47:51.6391813Z  2026-10-06 12:38:03.588 UTC [1936] HINT:  reject this one and ask again for the document as it is now
2026-10-06T12:47:51.6392410Z  2026-10-06 12:38:03.588 UTC [1936] CONTEXT:  PL/pgSQL function apply_promotion() line 34 at RAISE
2026-10-06T12:47:51.6393791Z  2026-10-06 12:38:03.588 UTC [1936] STATEMENT:  UPDATE gate.suspension SET state=$1::VARCHAR, decided_by=$2::VARCHAR, decided_at=$3::TIMESTAMP WITH TIME ZONE, verdict=$4::VARCHAR, reason_code=$5::VARCHAR, updated_at=now() WHERE gate.suspension.id = $6::VARCHAR AND gate.suspension.state = $7::VARCHAR AND gate.suspension.action_digest = $8::VARCHAR
2026-10-06T12:47:51.6395131Z  2026-10-06 12:38:04.983 UTC [73] LOG:  checkpoint starting: immediate force wait
2026-10-06T12:47:51.6396322Z  2026-10-06 12:38:04.987 UTC [73] LOG:  checkpoint complete: wrote 55 buffers (0.3%), wrote 4 SLRU buffers; 0 WAL file(s) added, 0 removed, 1 recycled; write=0.002 s, sync=0.001 s, total=0.004 s; sync files=13, longest=0.001 s, average=0.001 s; distance=14608 kB, estimate=14608 kB; lsn=0/D5101D0, redo lsn=0/D510178
2026-10-06T12:47:51.6397467Z  2026-10-06 12:38:05.521 UTC [1991] FATAL:  role "root" does not exist
2026-10-06T12:47:51.6397912Z  2026-10-06 12:38:10.141 UTC [73] LOG:  checkpoint starting: immediate force wait
2026-10-06T12:47:51.6399081Z  2026-10-06 12:38:10.144 UTC [73] LOG:  checkpoint complete: wrote 19 buffers (0.1%), wrote 2 SLRU buffers; 0 WAL file(s) added, 0 removed, 1 recycled; write=0.001 s, sync=0.001 s, total=0.004 s; sync files=10, longest=0.001 s, average=0.001 s; distance=13470 kB, estimate=14495 kB; lsn=0/E237B50, redo lsn=0/E237AF8
2026-10-06T12:47:51.6400225Z  2026-10-06 12:38:10.599 UTC [2052] FATAL:  role "root" does not exist
2026-10-06T12:47:51.6400901Z  2026-10-06 12:38:15.680 UTC [2184] FATAL:  role "root" does not exist
2026-10-06T12:47:51.6401354Z  2026-10-06 12:38:16.983 UTC [73] LOG:  checkpoint starting: immediate force wait
2026-10-06T12:47:51.6402523Z  2026-10-06 12:38:16.986 UTC [73] LOG:  checkpoint complete: wrote 37 buffers (0.2%), wrote 2 SLRU buffers; 0 WAL file(s) added, 0 removed, 0 recycled; write=0.001 s, sync=0.001 s, total=0.004 s; sync files=11, longest=0.001 s, average=0.001 s; distance=13862 kB, estimate=14431 kB; lsn=0/EFC15F0, redo lsn=0/EFC1598
2026-10-06T12:47:51.6403652Z  2026-10-06 12:38:20.751 UTC [2328] FATAL:  role "root" does not exist
2026-10-06T12:47:51.6404097Z  2026-10-06 12:38:21.697 UTC [73] LOG:  checkpoint starting: immediate force wait
2026-10-06T12:47:51.6405264Z  2026-10-06 12:38:21.700 UTC [73] LOG:  checkpoint complete: wrote 19 buffers (0.1%), wrote 3 SLRU buffers; 0 WAL file(s) added, 0 removed, 1 recycled; write=0.001 s, sync=0.001 s, total=0.004 s; sync files=10, longest=0.001 s, average=0.001 s; distance=13458 kB, estimate=14334 kB; lsn=0/FCE6170, redo lsn=0/FCE6118
2026-10-06T12:47:51.6406388Z  2026-10-06 12:38:25.831 UTC [2374] FATAL:  role "root" does not exist
2026-10-06T12:47:51.6406840Z  2026-10-06 12:38:26.383 UTC [73] LOG:  checkpoint starting: immediate force wait
2026-10-06T12:47:51.6408008Z  2026-10-06 12:38:26.386 UTC [73] LOG:  checkpoint complete: wrote 25 buffers (0.2%), wrote 2 SLRU buffers; 0 WAL file(s) added, 0 removed, 1 recycled; write=0.001 s, sync=0.001 s, total=0.004 s; sync files=9, longest=0.001 s, average=0.001 s; distance=13515 kB, estimate=14252 kB; lsn=0/10A18FD8, redo lsn=0/10A18F80
2026-10-06T12:47:51.6409137Z  2026-10-06 12:38:30.913 UTC [2419] FATAL:  role "root" does not exist
2026-10-06T12:47:51.6409578Z  2026-10-06 12:38:31.580 UTC [73] LOG:  checkpoint starting: immediate force wait
2026-10-06T12:47:51.6411345Z  2026-10-06 12:38:31.583 UTC [73] LOG:  checkpoint complete: wrote 51 buffers (0.3%), wrote 2 SLRU buffers; 0 WAL file(s) added, 0 removed, 1 recycled; write=0.002 s, sync=0.001 s, total=0.004 s; sync files=11, longest=0.001 s, average=0.001 s; distance=13862 kB, estimate=14213 kB; lsn=0/117A2920, redo lsn=0/117A28C8
2026-10-06T12:47:51.6412491Z  2026-10-06 12:38:35.988 UTC [2466] FATAL:  role "root" does not exist
2026-10-06T12:47:51.6412941Z  2026-10-06 12:38:36.256 UTC [73] LOG:  checkpoint starting: immediate force wait
2026-10-06T12:47:51.6414140Z  2026-10-06 12:38:36.260 UTC [73] LOG:  checkpoint complete: wrote 20 buffers (0.1%), wrote 2 SLRU buffers; 0 WAL file(s) added, 0 removed, 1 recycled; write=0.001 s, sync=0.001 s, total=0.004 s; sync files=10, longest=0.001 s, average=0.001 s; distance=13471 kB, estimate=14139 kB; lsn=0/124CA700, redo lsn=0/124CA6A8
2026-10-06T12:47:51.6415310Z  2026-10-06 12:38:39.560 UTC [73] LOG:  checkpoint starting: immediate force wait
2026-10-06T12:47:51.6416489Z  2026-10-06 12:38:39.564 UTC [73] LOG:  checkpoint complete: wrote 24 buffers (0.1%), wrote 2 SLRU buffers; 0 WAL file(s) added, 0 removed, 1 recycled; write=0.001 s, sync=0.001 s, total=0.004 s; sync files=11, longest=0.001 s, average=0.001 s; distance=13347 kB, estimate=14060 kB; lsn=0/131D33B0, redo lsn=0/131D3358
2026-10-06T12:47:51.6417626Z  2026-10-06 12:38:41.062 UTC [2511] FATAL:  role "root" does not exist
2026-10-06T12:47:51.6418067Z  2026-10-06 12:38:44.234 UTC [73] LOG:  checkpoint starting: immediate force wait
2026-10-06T12:47:51.6419235Z  2026-10-06 12:38:44.237 UTC [73] LOG:  checkpoint complete: wrote 25 buffers (0.2%), wrote 2 SLRU buffers; 0 WAL file(s) added, 0 removed, 0 recycled; write=0.001 s, sync=0.001 s, total=0.004 s; sync files=11, longest=0.001 s, average=0.001 s; distance=13123 kB, estimate=13966 kB; lsn=0/13EA4348, redo lsn=0/13EA42F0
2026-10-06T12:47:51.6420613Z  2026-10-06 12:38:46.139 UTC [2745] FATAL:  role "root" does not exist
2026-10-06T12:47:51.6421067Z  2026-10-06 12:38:46.637 UTC [73] LOG:  checkpoint starting: immediate force wait
2026-10-06T12:47:51.6422238Z  2026-10-06 12:38:46.641 UTC [73] LOG:  checkpoint complete: wrote 44 buffers (0.3%), wrote 2 SLRU buffers; 0 WAL file(s) added, 0 removed, 1 recycled; write=0.001 s, sync=0.001 s, total=0.004 s; sync files=11, longest=0.001 s, average=0.001 s; distance=13342 kB, estimate=13904 kB; lsn=0/14BABE60, redo lsn=0/14BABE08
2026-10-06T12:47:51.6423405Z  2026-10-06 12:38:50.445 UTC [73] LOG:  checkpoint starting: immediate force wait
2026-10-06T12:47:51.6424566Z  2026-10-06 12:38:50.448 UTC [73] LOG:  checkpoint complete: wrote 20 buffers (0.1%), wrote 4 SLRU buffers; 0 WAL file(s) added, 0 removed, 1 recycled; write=0.002 s, sync=0.001 s, total=0.004 s; sync files=12, longest=0.001 s, average=0.001 s; distance=13171 kB, estimate=13830 kB; lsn=0/15888BE8, redo lsn=0/15888B90
2026-10-06T12:47:51.6425720Z  2026-10-06 12:38:51.211 UTC [2980] FATAL:  role "root" does not exist
2026-10-06T12:47:51.6426169Z  2026-10-06 12:38:52.758 UTC [73] LOG:  checkpoint starting: immediate force wait
2026-10-06T12:47:51.6427333Z  2026-10-06 12:38:52.762 UTC [73] LOG:  checkpoint complete: wrote 25 buffers (0.2%), wrote 2 SLRU buffers; 0 WAL file(s) added, 0 removed, 1 recycled; write=0.001 s, sync=0.001 s, total=0.005 s; sync files=11, longest=0.001 s, average=0.001 s; distance=13198 kB, estimate=13767 kB; lsn=0/1656C760, redo lsn=0/1656C708
2026-10-06T12:47:51.6428496Z  2026-10-06 12:38:55.603 UTC [73] LOG:  checkpoint starting: immediate force wait
2026-10-06T12:47:51.6429656Z  2026-10-06 12:38:55.607 UTC [73] LOG:  checkpoint complete: wrote 18 buffers (0.1%), wrote 4 SLRU buffers; 0 WAL file(s) added, 0 removed, 1 recycled; write=0.001 s, sync=0.001 s, total=0.004 s; sync files=10, longest=0.001 s, average=0.001 s; distance=13158 kB, estimate=13706 kB; lsn=0/17246268, redo lsn=0/17246210
2026-10-06T12:47:51.6431025Z  2026-10-06 12:38:56.286 UTC [3016] FATAL:  role "root" does not exist
2026-10-06T12:47:51.6431603Z  2026-10-06 12:38:58.003 UTC [73] LOG:  checkpoint starting: immediate force wait
2026-10-06T12:47:51.6432869Z  2026-10-06 12:38:58.007 UTC [73] LOG:  checkpoint complete: wrote 22 buffers (0.1%), wrote 4 SLRU buffers; 0 WAL file(s) added, 0 removed, 0 recycled; write=0.001 s, sync=0.001 s, total=0.004 s; sync files=11, longest=0.001 s, average=0.001 s; distance=13173 kB, estimate=13653 kB; lsn=0/17F236D8, redo lsn=0/17F23680
2026-10-06T12:47:51.6434035Z  2026-10-06 12:39:00.341 UTC [73] LOG:  checkpoint starting: immediate force wait
2026-10-06T12:47:51.6435197Z  2026-10-06 12:39:00.345 UTC [73] LOG:  checkpoint complete: wrote 70 buffers (0.4%), wrote 2 SLRU buffers; 0 WAL file(s) added, 0 removed, 1 recycled; write=0.002 s, sync=0.001 s, total=0.004 s; sync files=11, longest=0.001 s, average=0.001 s; distance=13478 kB, estimate=13635 kB; lsn=0/18C4CF68, redo lsn=0/18C4CF10
2026-10-06T12:47:51.6436332Z  2026-10-06 12:39:01.364 UTC [3053] FATAL:  role "root" does not exist
2026-10-06T12:47:51.6436780Z  2026-10-06 12:39:02.676 UTC [73] LOG:  checkpoint starting: immediate force wait
2026-10-06T12:47:51.6437942Z  2026-10-06 12:39:02.680 UTC [73] LOG:  checkpoint complete: wrote 19 buffers (0.1%), wrote 2 SLRU buffers; 0 WAL file(s) added, 0 removed, 1 recycled; write=0.001 s, sync=0.001 s, total=0.004 s; sync files=10, longest=0.001 s, average=0.001 s; distance=13156 kB, estimate=13587 kB; lsn=0/19925FB0, redo lsn=0/19925F58
2026-10-06T12:47:51.6439113Z  2026-10-06 12:39:05.488 UTC [73] LOG:  checkpoint starting: immediate force wait
2026-10-06T12:47:51.6440522Z  2026-10-06 12:39:05.491 UTC [73] LOG:  checkpoint complete: wrote 25 buffers (0.2%), wrote 2 SLRU buffers; 0 WAL file(s) added, 0 removed, 1 recycled; write=0.001 s, sync=0.001 s, total=0.004 s; sync files=11, longest=0.001 s, average=0.001 s; distance=13188 kB, estimate=13547 kB; lsn=0/1A6072F8, redo lsn=0/1A6072A0
2026-10-06T12:47:51.6441724Z  2026-10-06 12:39:06.434 UTC [3089] FATAL:  role "root" does not exist
2026-10-06T12:47:51.6442175Z  2026-10-06 12:39:07.808 UTC [73] LOG:  checkpoint starting: immediate force wait
2026-10-06T12:47:51.6443343Z  2026-10-06 12:39:07.811 UTC [73] LOG:  checkpoint complete: wrote 23 buffers (0.1%), wrote 2 SLRU buffers; 0 WAL file(s) added, 0 removed, 1 recycled; write=0.001 s, sync=0.001 s, total=0.004 s; sync files=11, longest=0.001 s, average=0.001 s; distance=13174 kB, estimate=13510 kB; lsn=0/1B2E4D70, redo lsn=0/1B2E4D18
2026-10-06T12:47:51.6444504Z  2026-10-06 12:39:10.161 UTC [73] LOG:  checkpoint starting: immediate force wait
2026-10-06T12:47:51.6445668Z  2026-10-06 12:39:10.164 UTC [73] LOG:  checkpoint complete: wrote 29 buffers (0.2%), wrote 4 SLRU buffers; 0 WAL file(s) added, 0 removed, 0 recycled; write=0.001 s, sync=0.001 s, total=0.004 s; sync files=13, longest=0.001 s, average=0.001 s; distance=13223 kB, estimate=13481 kB; lsn=0/1BFCEA70, redo lsn=0/1BFCEA18
2026-10-06T12:47:51.6446820Z  2026-10-06 12:39:11.502 UTC [3125] FATAL:  role "root" does not exist
2026-10-06T12:47:51.6447263Z  2026-10-06 12:39:12.471 UTC [73] LOG:  checkpoint starting: immediate force wait
2026-10-06T12:47:51.6448440Z  2026-10-06 12:39:12.475 UTC [73] LOG:  checkpoint complete: wrote 23 buffers (0.1%), wrote 2 SLRU buffers; 0 WAL file(s) added, 0 removed, 1 recycled; write=0.001 s, sync=0.001 s, total=0.004 s; sync files=9, longest=0.001 s, average=0.001 s; distance=13196 kB, estimate=13453 kB; lsn=0/1CCB1B50, redo lsn=0/1CCB1AF8
2026-10-06T12:47:51.6449607Z  2026-10-06 12:39:16.532 UTC [73] LOG:  checkpoint starting: immediate force wait
2026-10-06T12:47:51.6450991Z  2026-10-06 12:39:16.535 UTC [73] LOG:  checkpoint complete: wrote 81 buffers (0.5%), wrote 2 SLRU buffers; 0 WAL file(s) added, 0 removed, 1 recycled; write=0.002 s, sync=0.001 s, total=0.004 s; sync files=11, longest=0.001 s, average=0.001 s; distance=13682 kB, estimate=13682 kB; lsn=0/1DA0E578, redo lsn=0/1DA0E520
2026-10-06T12:47:51.6452156Z  2026-10-06 12:39:16.571 UTC [3357] FATAL:  role "root" does not exist
2026-10-06T12:47:51.6452778Z  2026-10-06 12:39:19.461 UTC [73] LOG:  checkpoint starting: immediate force wait
2026-10-06T12:47:51.6454057Z  2026-10-06 12:39:19.464 UTC [73] LOG:  checkpoint complete: wrote 18 buffers (0.1%), wrote 2 SLRU buffers; 0 WAL file(s) added, 0 removed, 1 recycled; write=0.001 s, sync=0.001 s, total=0.004 s; sync files=10, longest=0.001 s, average=0.001 s; distance=13091 kB, estimate=13623 kB; lsn=0/1E6D7220, redo lsn=0/1E6D71C8
2026-10-06T12:47:51.6455216Z  2026-10-06 12:39:21.649 UTC [3403] FATAL:  role "root" does not exist
2026-10-06T12:47:51.6455669Z  2026-10-06 12:39:21.884 UTC [73] LOG:  checkpoint starting: immediate force wait
2026-10-06T12:47:51.6456833Z  2026-10-06 12:39:21.887 UTC [73] LOG:  checkpoint complete: wrote 22 buffers (0.1%), wrote 2 SLRU buffers; 0 WAL file(s) added, 0 removed, 1 recycled; write=0.001 s, sync=0.001 s, total=0.004 s; sync files=10, longest=0.001 s, average=0.001 s; distance=13120 kB, estimate=13573 kB; lsn=0/1F3A7328, redo lsn=0/1F3A72D0
2026-10-06T12:47:51.6458008Z  2026-10-06 12:39:24.128 UTC [73] LOG:  checkpoint starting: immediate force wait
2026-10-06T12:47:51.6459178Z  2026-10-06 12:39:24.131 UTC [73] LOG:  checkpoint complete: wrote 23 buffers (0.1%), wrote 2 SLRU buffers; 0 WAL file(s) added, 0 removed, 1 recycled; write=0.001 s, sync=0.001 s, total=0.004 s; sync files=11, longest=0.001 s, average=0.001 s; distance=13093 kB, estimate=13525 kB; lsn=0/20070A50, redo lsn=0/200709F8
2026-10-06T12:47:51.6460486Z  2026-10-06 12:39:26.086 UTC [73] LOG:  checkpoint starting: immediate force wait
2026-10-06T12:47:51.6461649Z  2026-10-06 12:39:26.089 UTC [73] LOG:  checkpoint complete: wrote 25 buffers (0.2%), wrote 1 SLRU buffers; 0 WAL file(s) added, 0 removed, 0 recycled; write=0.001 s, sync=0.001 s, total=0.003 s; sync files=11, longest=0.001 s, average=0.001 s; distance=13087 kB, estimate=13481 kB; lsn=0/20D386B0, redo lsn=0/20D38658
2026-10-06T12:47:51.6462786Z  2026-10-06 12:39:26.718 UTC [3463] FATAL:  role "root" does not exist
2026-10-06T12:47:51.6463237Z  2026-10-06 12:39:30.329 UTC [73] LOG:  checkpoint starting: immediate force wait
2026-10-06T12:47:51.6464403Z  2026-10-06 12:39:30.333 UTC [73] LOG:  checkpoint complete: wrote 74 buffers (0.5%), wrote 2 SLRU buffers; 0 WAL file(s) added, 0 removed, 1 recycled; write=0.002 s, sync=0.001 s, total=0.004 s; sync files=11, longest=0.001 s, average=0.001 s; distance=13657 kB, estimate=13657 kB; lsn=0/21A8ED58, redo lsn=0/21A8ED00
2026-10-06T12:47:51.6465545Z  2026-10-06 12:39:31.792 UTC [3688] FATAL:  role "root" does not exist
2026-10-06T12:47:51.6465990Z  2026-10-06 12:39:32.968 UTC [73] LOG:  checkpoint starting: immediate force wait
2026-10-06T12:47:51.6467153Z  2026-10-06 12:39:32.971 UTC [73] LOG:  checkpoint complete: wrote 20 buffers (0.1%), wrote 2 SLRU buffers; 0 WAL file(s) added, 0 removed, 1 recycled; write=0.001 s, sync=0.001 s, total=0.004 s; sync files=10, longest=0.001 s, average=0.001 s; distance=13064 kB, estimate=13598 kB; lsn=0/22750F80, redo lsn=0/22750F28
2026-10-06T12:47:51.6468329Z  2026-10-06 12:39:35.235 UTC [73] LOG:  checkpoint starting: immediate force wait
2026-10-06T12:47:51.6469495Z  2026-10-06 12:39:35.238 UTC [73] LOG:  checkpoint complete: wrote 22 buffers (0.1%), wrote 2 SLRU buffers; 0 WAL file(s) added, 0 removed, 1 recycled; write=0.001 s, sync=0.001 s, total=0.004 s; sync files=10, longest=0.001 s, average=0.001 s; distance=13104 kB, estimate=13548 kB; lsn=0/2341D250, redo lsn=0/2341D1F8
2026-10-06T12:47:51.6470766Z  2026-10-06 12:39:36.869 UTC [3736] FATAL:  role "root" does not exist
2026-10-06T12:47:51.6471220Z  2026-10-06 12:39:37.771 UTC [73] LOG:  checkpoint starting: immediate force wait
2026-10-06T12:47:51.6472392Z  2026-10-06 12:39:37.774 UTC [73] LOG:  checkpoint complete: wrote 23 buffers (0.1%), wrote 2 SLRU buffers; 0 WAL file(s) added, 0 removed, 1 recycled; write=0.001 s, sync=0.001 s, total=0.004 s; sync files=11, longest=0.001 s, average=0.001 s; distance=13133 kB, estimate=13507 kB; lsn=0/240F0650, redo lsn=0/240F05F8
2026-10-06T12:47:51.6473684Z  2026-10-06 12:39:40.323 UTC [73] LOG:  checkpoint starting: immediate force wait
2026-10-06T12:47:51.6474951Z  2026-10-06 12:39:40.326 UTC [73] LOG:  checkpoint complete: wrote 21 buffers (0.1%), wrote 2 SLRU buffers; 0 WAL file(s) added, 0 removed, 0 recycled; write=0.001 s, sync=0.001 s, total=0.004 s; sync files=10, longest=0.001 s, average=0.001 s; distance=13109 kB, estimate=13467 kB; lsn=0/24DBDB48, redo lsn=0/24DBDAF0
2026-10-06T12:47:51.6476094Z  2026-10-06 12:39:41.939 UTC [3784] FATAL:  role "root" does not exist
2026-10-06T12:47:51.6476547Z  2026-10-06 12:39:42.729 UTC [73] LOG:  checkpoint starting: immediate force wait
2026-10-06T12:47:51.6477709Z  2026-10-06 12:39:42.732 UTC [73] LOG:  checkpoint complete: wrote 25 buffers (0.2%), wrote 2 SLRU buffers; 0 WAL file(s) added, 0 removed, 1 recycled; write=0.001 s, sync=0.001 s, total=0.003 s; sync files=11, longest=0.001 s, average=0.001 s; distance=13112 kB, estimate=13432 kB; lsn=0/25A8BD80, redo lsn=0/25A8BD28
2026-10-06T12:47:51.6478881Z  2026-10-06 12:39:44.692 UTC [73] LOG:  checkpoint starting: immediate force wait
2026-10-06T12:47:51.6480038Z  2026-10-06 12:39:44.695 UTC [73] LOG:  checkpoint complete: wrote 28 buffers (0.2%), wrote 1 SLRU buffers; 0 WAL file(s) added, 0 removed, 1 recycled; write=0.001 s, sync=0.001 s, total=0.004 s; sync files=9, longest=0.001 s, average=0.001 s; distance=13114 kB, estimate=13400 kB; lsn=0/2675A8F0, redo lsn=0/2675A898
2026-10-06T12:47:51.6481304Z  2026-10-06 12:39:47.025 UTC [3828] FATAL:  role "root" does not exist
2026-10-06T12:47:51.6481757Z  2026-10-06 12:39:49.139 UTC [73] LOG:  checkpoint starting: immediate force wait
2026-10-06T12:47:51.6482916Z  2026-10-06 12:39:49.143 UTC [73] LOG:  checkpoint complete: wrote 53 buffers (0.3%), wrote 2 SLRU buffers; 0 WAL file(s) added, 0 removed, 1 recycled; write=0.001 s, sync=0.001 s, total=0.004 s; sync files=11, longest=0.001 s, average=0.001 s; distance=13537 kB, estimate=13537 kB; lsn=0/27492D40, redo lsn=0/27492CE8
2026-10-06T12:47:51.6484053Z  2026-10-06 12:39:52.090 UTC [4086] FATAL:  role "root" does not exist
2026-10-06T12:47:51.6484470Z  2026-10-06 12:39:57.160 UTC [4254] FATAL:  role "root" does not exist
2026-10-06T12:47:51.6484912Z  2026-10-06 12:39:58.486 UTC [73] LOG:  checkpoint starting: immediate force wait
2026-10-06T12:47:51.6486089Z  2026-10-06 12:39:58.660 UTC [73] LOG:  checkpoint complete: wrote 1042 buffers (6.4%), wrote 1 SLRU buffers; 0 WAL file(s) added, 0 removed, 1 recycled; write=0.011 s, sync=0.161 s, total=0.174 s; sync files=898, longest=0.003 s, average=0.001 s; distance=23206 kB, estimate=23206 kB; lsn=0/28B3C860, redo lsn=0/28B3C808
2026-10-06T12:47:51.6487278Z  2026-10-06 12:40:00.613 UTC [73] LOG:  checkpoint starting: immediate force wait
2026-10-06T12:47:51.6488442Z  2026-10-06 12:40:00.616 UTC [73] LOG:  checkpoint complete: wrote 47 buffers (0.3%), wrote 1 SLRU buffers; 0 WAL file(s) added, 0 removed, 1 recycled; write=0.001 s, sync=0.001 s, total=0.004 s; sync files=11, longest=0.001 s, average=0.001 s; distance=13263 kB, estimate=22212 kB; lsn=0/29830518, redo lsn=0/298304C0
2026-10-06T12:47:51.6489584Z  2026-10-06 12:40:02.240 UTC [4315] FATAL:  role "root" does not exist
2026-10-06T12:47:51.6490030Z  2026-10-06 12:40:03.210 UTC [73] LOG:  checkpoint starting: immediate force wait
2026-10-06T12:47:51.6491308Z  2026-10-06 12:40:03.213 UTC [73] LOG:  checkpoint complete: wrote 21 buffers (0.1%), wrote 1 SLRU buffers; 0 WAL file(s) added, 0 removed, 1 recycled; write=0.001 s, sync=0.001 s, total=0.003 s; sync files=10, longest=0.001 s, average=0.001 s; distance=13066 kB, estimate=21297 kB; lsn=0/2A4F30D0, redo lsn=0/2A4F3078
2026-10-06T12:47:51.6492457Z  2026-10-06 12:40:07.306 UTC [4328] FATAL:  role "root" does not exist
2026-10-06T12:47:51.6492880Z  2026-10-06 12:40:12.371 UTC [4336] FATAL:  role "root" does not exist
2026-10-06T12:47:51.6493290Z  2026-10-06 12:40:17.444 UTC [4345] FATAL:  role "root" does not exist
2026-10-06T12:47:51.6493702Z  2026-10-06 12:40:22.517 UTC [4454] FATAL:  role "root" does not exist
2026-10-06T12:47:51.6494233Z  2026-10-06 12:40:27.590 UTC [4558] FATAL:  role "root" does not exist
2026-10-06T12:47:51.6494738Z  2026-10-06 12:40:32.659 UTC [4653] FATAL:  role "root" does not exist
2026-10-06T12:47:51.6495186Z  2026-10-06 12:40:34.285 UTC [73] LOG:  checkpoint starting: immediate force wait
2026-10-06T12:47:51.6496353Z  2026-10-06 12:40:34.289 UTC [73] LOG:  checkpoint complete: wrote 65 buffers (0.4%), wrote 1 SLRU buffers; 0 WAL file(s) added, 0 removed, 1 recycled; write=0.002 s, sync=0.001 s, total=0.004 s; sync files=21, longest=0.001 s, average=0.001 s; distance=13458 kB, estimate=20513 kB; lsn=0/2B217BC0, redo lsn=0/2B217B68
2026-10-06T12:47:51.6497528Z  2026-10-06 12:40:36.545 UTC [73] LOG:  checkpoint starting: immediate force wait
2026-10-06T12:47:51.6498695Z  2026-10-06 12:40:36.548 UTC [73] LOG:  checkpoint complete: wrote 22 buffers (0.1%), wrote 1 SLRU buffers; 0 WAL file(s) added, 0 removed, 0 recycled; write=0.001 s, sync=0.001 s, total=0.003 s; sync files=9, longest=0.001 s, average=0.001 s; distance=13060 kB, estimate=19768 kB; lsn=0/2BED8FA8, redo lsn=0/2BED8F50
2026-10-06T12:47:51.6499837Z  2026-10-06 12:40:37.724 UTC [4716] FATAL:  role "root" does not exist
2026-10-06T12:47:51.6500247Z  2026-10-06 12:40:42.796 UTC [4734] FATAL:  role "root" does not exist
2026-10-06T12:47:51.6501096Z  2026-10-06 12:40:44.132 UTC [4742] ERROR:  insert or update on table "browser_session" violates foreign key constraint "fk_browser_session_run_id_browser_envelope"
2026-10-06T12:47:51.6501901Z  2026-10-06 12:40:44.132 UTC [4742] DETAIL:  Key is not present in table "browser_envelope".
2026-10-06T12:47:51.6502731Z  2026-10-06 12:40:44.132 UTC [4742] STATEMENT:  INSERT INTO agent.browser_session (run_id, trace_id, started_at) VALUES ($1::VARCHAR, $2::VARCHAR, $3::TIMESTAMP WITH TIME ZONE)
2026-10-06T12:47:51.6503525Z  2026-10-06 12:40:44.224 UTC [73] LOG:  checkpoint starting: immediate force wait
2026-10-06T12:47:51.6504706Z  2026-10-06 12:40:44.226 UTC [73] LOG:  checkpoint complete: wrote 20 buffers (0.1%), wrote 1 SLRU buffers; 0 WAL file(s) added, 0 removed, 1 recycled; write=0.001 s, sync=0.001 s, total=0.003 s; sync files=9, longest=0.001 s, average=0.001 s; distance=13010 kB, estimate=19092 kB; lsn=0/2CB8DB10, redo lsn=0/2CB8DAB8
2026-10-06T12:47:51.6505860Z  2026-10-06 12:40:47.861 UTC [4836] FATAL:  role "root" does not exist
2026-10-06T12:47:51.6506274Z  2026-10-06 12:40:52.930 UTC [4941] FATAL:  role "root" does not exist
2026-10-06T12:47:51.6506717Z  2026-10-06 12:40:54.591 UTC [73] LOG:  checkpoint starting: immediate force wait
2026-10-06T12:47:51.6507893Z  2026-10-06 12:40:54.599 UTC [73] LOG:  checkpoint complete: wrote 655 buffers (4.0%), wrote 1 SLRU buffers; 0 WAL file(s) added, 0 removed, 1 recycled; write=0.006 s, sync=0.001 s, total=0.009 s; sync files=60, longest=0.001 s, average=0.001 s; distance=17770 kB, estimate=18960 kB; lsn=0/2DCE86B0, redo lsn=0/2DCE8658
2026-10-06T12:47:51.6509041Z  2026-10-06 12:40:58.001 UTC [5070] FATAL:  role "root" does not exist
2026-10-06T12:47:51.6509456Z  2026-10-06 12:41:03.069 UTC [5174] FATAL:  role "root" does not exist
2026-10-06T12:47:51.6509870Z  2026-10-06 12:41:08.141 UTC [5294] FATAL:  role "root" does not exist
2026-10-06T12:47:51.6510393Z  2026-10-06 12:41:13.206 UTC [5399] FATAL:  role "root" does not exist
2026-10-06T12:47:51.6511022Z  2026-10-06 12:41:15.725 UTC [5430] ERROR:  new row for relation "channel" violates check constraint "ck_channel_secret_path_is_derived"
2026-10-06T12:47:51.6511938Z  2026-10-06 12:41:15.725 UTC [5430] DETAIL:  Failing row contains (webhook, t, {}, providers/anthropic, application, u_admin, 2026-10-06 12:41:15.724963+00).
2026-10-06T12:47:51.6513111Z  2026-10-06 12:41:15.725 UTC [5430] STATEMENT:  INSERT INTO ops.channel (channel, enabled, tenant, secret_path, secret_role, updated_by) VALUES ('webhook', true, '{}', 'providers/anthropic', 'application', 'u_admin')
2026-10-06T12:47:51.6514303Z  2026-10-06 12:41:15.733 UTC [5431] ERROR:  new row for relation "channel_delivery" violates check constraint "ck_channel_delivery_outcome_fits_direction"
2026-10-06T12:47:51.6515556Z  2026-10-06 12:41:15.733 UTC [5431] DETAIL:  Failing row contains (26df83f2-fc56-4451-b2c8-341e87fcb534, webhook, inbound, sent, null, null, 2026-10-06 12:41:15.732406+00).
2026-10-06T12:47:51.6516568Z  2026-10-06 12:41:15.733 UTC [5431] STATEMENT:  INSERT INTO ops.channel_delivery (channel, direction, outcome, reason) VALUES ('webhook', $1, $2, $3)
2026-10-06T12:47:51.6517525Z  2026-10-06 12:41:15.740 UTC [5432] ERROR:  new row for relation "channel_delivery" violates check constraint "ck_channel_delivery_reason_when_not_delivered"
2026-10-06T12:47:51.6518570Z  2026-10-06 12:41:15.740 UTC [5432] DETAIL:  Failing row contains (3b533e5c-600b-4bbf-b8d3-ef1fedb4528e, webhook, outbound, refused, null, null, 2026-10-06 12:41:15.739608+00).
2026-10-06T12:47:51.6519586Z  2026-10-06 12:41:15.740 UTC [5432] STATEMENT:  INSERT INTO ops.channel_delivery (channel, direction, outcome, reason) VALUES ('webhook', $1, $2, $3)
2026-10-06T12:47:51.6520418Z  2026-10-06 12:41:15.824 UTC [73] LOG:  checkpoint starting: immediate force wait
2026-10-06T12:47:51.6521636Z  2026-10-06 12:41:16.024 UTC [73] LOG:  checkpoint complete: wrote 1686 buffers (10.3%), wrote 1 SLRU buffers; 0 WAL file(s) added, 0 removed, 1 recycled; write=0.019 s, sync=0.180 s, total=0.201 s; sync files=1081, longest=0.017 s, average=0.001 s; distance=17574 kB, estimate=18822 kB; lsn=0/2EE12158, redo lsn=0/2EE12100
2026-10-06T12:47:51.6522838Z  2026-10-06 12:41:16.040 UTC [73] LOG:  checkpoint starting: immediate force wait
2026-10-06T12:47:51.6523990Z  2026-10-06 12:41:16.042 UTC [73] LOG:  checkpoint complete: wrote 9 buffers (0.1%), wrote 1 SLRU buffers; 0 WAL file(s) added, 0 removed, 0 recycled; write=0.001 s, sync=0.001 s, total=0.003 s; sync files=4, longest=0.001 s, average=0.001 s; distance=89 kB, estimate=16948 kB; lsn=0/2EE286A8, redo lsn=0/2EE28650
2026-10-06T12:47:51.6525149Z  2026-10-06 12:41:16.366 UTC [73] LOG:  checkpoint starting: immediate force wait
2026-10-06T12:47:51.6526312Z  2026-10-06 12:41:16.369 UTC [73] LOG:  checkpoint complete: wrote 7 buffers (0.0%), wrote 1 SLRU buffers; 0 WAL file(s) added, 0 removed, 1 recycled; write=0.001 s, sync=0.001 s, total=0.003 s; sync files=7, longest=0.001 s, average=0.001 s; distance=4457 kB, estimate=15699 kB; lsn=0/2F282E38, redo lsn=0/2F282DE0
2026-10-06T12:47:51.6527469Z  2026-10-06 12:41:16.559 UTC [73] LOG:  checkpoint starting: immediate force wait
2026-10-06T12:47:51.6528631Z  2026-10-06 12:41:16.562 UTC [73] LOG:  checkpoint complete: wrote 7 buffers (0.0%), wrote 1 SLRU buffers; 0 WAL file(s) added, 0 removed, 0 recycled; write=0.001 s, sync=0.001 s, total=0.003 s; sync files=7, longest=0.001 s, average=0.001 s; distance=4486 kB, estimate=14578 kB; lsn=0/2F6E4708, redo lsn=0/2F6E46B0
2026-10-06T12:47:51.6529771Z  2026-10-06 12:41:18.270 UTC [5478] FATAL:  role "root" does not exist
2026-10-06T12:47:51.6530185Z  2026-10-06 12:41:23.340 UTC [5579] FATAL:  role "root" does not exist
2026-10-06T12:47:51.6530710Z  2026-10-06 12:41:28.412 UTC [5605] FATAL:  role "root" does not exist
2026-10-06T12:47:51.6531122Z  2026-10-06 12:41:33.481 UTC [5623] FATAL:  role "root" does not exist
2026-10-06T12:47:51.6531560Z  2026-10-06 12:41:37.960 UTC [73] LOG:  checkpoint starting: immediate force wait
2026-10-06T12:47:51.6532727Z  2026-10-06 12:41:37.965 UTC [73] LOG:  checkpoint complete: wrote 71 buffers (0.4%), wrote 1 SLRU buffers; 0 WAL file(s) added, 0 removed, 1 recycled; write=0.003 s, sync=0.001 s, total=0.005 s; sync files=38, longest=0.001 s, average=0.001 s; distance=13246 kB, estimate=14445 kB; lsn=0/303D4018, redo lsn=0/303D3FA8
2026-10-06T12:47:51.6533869Z  2026-10-06 12:41:38.548 UTC [5657] FATAL:  role "root" does not exist
2026-10-06T12:47:51.6534391Z  2026-10-06 12:41:40.002 UTC [5660] FATAL:  terminating autovacuum process due to administrator command
2026-10-06T12:47:51.6534960Z  2026-10-06 12:41:40.103 UTC [73] LOG:  checkpoint starting: immediate force wait
2026-10-06T12:47:51.6536249Z  2026-10-06 12:41:40.106 UTC [73] LOG:  checkpoint complete: wrote 23 buffers (0.1%), wrote 1 SLRU buffers; 0 WAL file(s) added, 0 removed, 1 recycled; write=0.001 s, sync=0.001 s, total=0.004 s; sync files=9, longest=0.001 s, average=0.001 s; distance=13170 kB, estimate=14317 kB; lsn=0/310B0B08, redo lsn=0/310B0AB0
2026-10-06T12:47:51.6537492Z  2026-10-06 12:41:43.623 UTC [5692] FATAL:  role "root" does not exist
2026-10-06T12:47:51.6537936Z  2026-10-06 12:41:43.629 UTC [73] LOG:  checkpoint starting: immediate force wait
2026-10-06T12:47:51.6539097Z  2026-10-06 12:41:43.632 UTC [73] LOG:  checkpoint complete: wrote 17 buffers (0.1%), wrote 1 SLRU buffers; 0 WAL file(s) added, 0 removed, 0 recycled; write=0.001 s, sync=0.001 s, total=0.004 s; sync files=8, longest=0.001 s, average=0.001 s; distance=13003 kB, estimate=14186 kB; lsn=0/31D63908, redo lsn=0/31D638B0
2026-10-06T12:47:51.6540364Z  2026-10-06 12:41:47.337 UTC [73] LOG:  checkpoint starting: immediate force wait
2026-10-06T12:47:51.6541535Z  2026-10-06 12:41:47.340 UTC [73] LOG:  checkpoint complete: wrote 18 buffers (0.1%), wrote 1 SLRU buffers; 0 WAL file(s) added, 0 removed, 1 recycled; write=0.001 s, sync=0.001 s, total=0.003 s; sync files=8, longest=0.001 s, average=0.001 s; distance=13014 kB, estimate=14069 kB; lsn=0/32A19158, redo lsn=0/32A19100
2026-10-06T12:47:51.6542671Z  2026-10-06 12:41:48.697 UTC [5732] FATAL:  role "root" does not exist
2026-10-06T12:47:51.6543110Z  2026-10-06 12:41:51.054 UTC [73] LOG:  checkpoint starting: immediate force wait
2026-10-06T12:47:51.6544275Z  2026-10-06 12:41:51.057 UTC [73] LOG:  checkpoint complete: wrote 19 buffers (0.1%), wrote 1 SLRU buffers; 0 WAL file(s) added, 0 removed, 1 recycled; write=0.001 s, sync=0.001 s, total=0.004 s; sync files=9, longest=0.001 s, average=0.001 s; distance=13005 kB, estimate=13962 kB; lsn=0/336CC900, redo lsn=0/336CC8A8
2026-10-06T12:47:51.6545436Z  2026-10-06 12:41:53.055 UTC [73] LOG:  checkpoint starting: immediate force wait
2026-10-06T12:47:51.6546593Z  2026-10-06 12:41:53.059 UTC [73] LOG:  checkpoint complete: wrote 19 buffers (0.1%), wrote 1 SLRU buffers; 0 WAL file(s) added, 0 removed, 1 recycled; write=0.001 s, sync=0.002 s, total=0.005 s; sync files=8, longest=0.001 s, average=0.001 s; distance=13011 kB, estimate=13867 kB; lsn=0/34381820, redo lsn=0/343817C8
2026-10-06T12:47:51.6547759Z  2026-10-06 12:41:53.774 UTC [5779] FATAL:  role "root" does not exist
2026-10-06T12:47:51.6548217Z  2026-10-06 12:41:56.436 UTC [73] LOG:  checkpoint starting: immediate force wait
2026-10-06T12:47:51.6549398Z  2026-10-06 12:41:56.439 UTC [73] LOG:  checkpoint complete: wrote 79 buffers (0.5%), wrote 1 SLRU buffers; 0 WAL file(s) added, 0 removed, 1 recycled; write=0.002 s, sync=0.001 s, total=0.004 s; sync files=11, longest=0.001 s, average=0.001 s; distance=13390 kB, estimate=13819 kB; lsn=0/35095228, redo lsn=0/350951D0
2026-10-06T12:47:51.6550667Z  2026-10-06 12:41:58.850 UTC [5812] FATAL:  role "root" does not exist
2026-10-06T12:47:51.6551329Z  2026-10-06 12:42:00.587 UTC [5820] ERROR:  duplicate key value violates unique constraint "uq_capability_grant_principal_id_capability_live"
2026-10-06T12:47:51.6553878Z  2026-10-06 12:42:00.587 UTC [5820] STATEMENT:  INSERT INTO gate.capability_grant (principal_id, team_path, capability, scope, granted_by, reason, not_after) VALUES ($1::VARCHAR, $2::VARCHAR, $3::VARCHAR, $4::JSONB, $5::VARCHAR, $6::VARCHAR, $7::TIMESTAMP WITH TIME ZONE) RETURNING gate.capability_grant.id, gate.capability_grant.principal_id, gate.capability_grant.team_path, gate.capability_grant.capability, gate.capability_grant.scope, gate.capability_grant.granted_by, gate.capability_grant.reason, gate.capability_grant.not_after, gate.capability_grant.created_at, gate.capability_grant.updated_at, gate.capability_grant.deleted_at
2026-10-06T12:47:51.6556210Z  2026-10-06 12:42:00.678 UTC [73] LOG:  checkpoint starting: immediate force wait
2026-10-06T12:47:51.6557395Z  2026-10-06 12:42:00.681 UTC [73] LOG:  checkpoint complete: wrote 24 buffers (0.1%), wrote 1 SLRU buffers; 0 WAL file(s) added, 0 removed, 0 recycled; write=0.001 s, sync=0.001 s, total=0.003 s; sync files=10, longest=0.001 s, average=0.001 s; distance=13048 kB, estimate=13742 kB; lsn=0/35D53370, redo lsn=0/35D53318
2026-10-06T12:47:51.6558836Z  2026-10-06 12:42:00.946 UTC [73] LOG:  checkpoint starting: immediate force wait
2026-10-06T12:47:51.6560009Z  2026-10-06 12:42:00.949 UTC [73] LOG:  checkpoint complete: wrote 9 buffers (0.1%), wrote 1 SLRU buffers; 0 WAL file(s) added, 0 removed, 1 recycled; write=0.001 s, sync=0.001 s, total=0.003 s; sync files=8, longest=0.001 s, average=0.001 s; distance=4497 kB, estimate=12818 kB; lsn=0/361B7980, redo lsn=0/361B7928
2026-10-06T12:47:51.6561267Z  2026-10-06 12:42:03.923 UTC [5852] FATAL:  role "root" does not exist
2026-10-06T12:47:51.6561719Z  2026-10-06 12:42:06.108 UTC [73] LOG:  checkpoint starting: immediate force wait
2026-10-06T12:47:51.6562896Z  2026-10-06 12:42:06.111 UTC [73] LOG:  checkpoint complete: wrote 21 buffers (0.1%), wrote 1 SLRU buffers; 0 WAL file(s) added, 0 removed, 0 recycled; write=0.001 s, sync=0.001 s, total=0.003 s; sync files=10, longest=0.001 s, average=0.001 s; distance=13008 kB, estimate=13008 kB; lsn=0/36E6BC80, redo lsn=0/36E6BC28
2026-10-06T12:47:51.6564130Z  2026-10-06 12:42:08.041 UTC [5877] ERROR:  a deny reason is one of DenyReason, not felt_like_it
2026-10-06T12:47:51.6564789Z  2026-10-06 12:42:08.041 UTC [5877] CONTEXT:  PL/pgSQL function gate.record_denial(text,text,text) line 15 at RAISE
2026-10-06T12:47:51.6565565Z  2026-10-06 12:42:08.041 UTC [5877] STATEMENT:  SELECT gate.record_denial('entity:price_list', 'read:price_list', 'felt_like_it')
2026-10-06T12:47:51.6566216Z  2026-10-06 12:42:08.051 UTC [73] LOG:  checkpoint starting: immediate force wait
2026-10-06T12:47:51.6567399Z  2026-10-06 12:42:08.054 UTC [73] LOG:  checkpoint complete: wrote 23 buffers (0.1%), wrote 1 SLRU buffers; 0 WAL file(s) added, 0 removed, 1 recycled; write=0.001 s, sync=0.001 s, total=0.004 s; sync files=11, longest=0.001 s, average=0.001 s; distance=13018 kB, estimate=13018 kB; lsn=0/37B22820, redo lsn=0/37B227C8
2026-10-06T12:47:51.6568560Z  2026-10-06 12:42:08.999 UTC [5896] FATAL:  role "root" does not exist
2026-10-06T12:47:51.6569092Z  2026-10-06 12:42:10.087 UTC [5900] FATAL:  terminating autovacuum process due to administrator command
2026-10-06T12:47:51.6569662Z  2026-10-06 12:42:10.189 UTC [73] LOG:  checkpoint starting: immediate force wait
2026-10-06T12:47:51.6570957Z  2026-10-06 12:42:10.193 UTC [73] LOG:  checkpoint complete: wrote 25 buffers (0.2%), wrote 1 SLRU buffers; 0 WAL file(s) added, 0 removed, 1 recycled; write=0.001 s, sync=0.001 s, total=0.004 s; sync files=11, longest=0.001 s, average=0.001 s; distance=13144 kB, estimate=13144 kB; lsn=0/387F8B68, redo lsn=0/387F8B10
2026-10-06T12:47:51.6572125Z  2026-10-06 12:42:12.845 UTC [73] LOG:  checkpoint starting: immediate force wait
2026-10-06T12:47:51.6573305Z  2026-10-06 12:42:12.848 UTC [73] LOG:  checkpoint complete: wrote 23 buffers (0.1%), wrote 1 SLRU buffers; 0 WAL file(s) added, 0 removed, 1 recycled; write=0.001 s, sync=0.001 s, total=0.003 s; sync files=9, longest=0.001 s, average=0.001 s; distance=13041 kB, estimate=13134 kB; lsn=0/394B5030, redo lsn=0/394B4FD8
2026-10-06T12:47:51.6574457Z  2026-10-06 12:42:14.069 UTC [5937] FATAL:  role "root" does not exist
2026-10-06T12:47:51.6574905Z  2026-10-06 12:42:15.074 UTC [73] LOG:  checkpoint starting: immediate force wait
2026-10-06T12:47:51.6576085Z  2026-10-06 12:42:15.079 UTC [73] LOG:  checkpoint complete: wrote 25 buffers (0.2%), wrote 1 SLRU buffers; 0 WAL file(s) added, 0 removed, 1 recycled; write=0.001 s, sync=0.002 s, total=0.005 s; sync files=8, longest=0.001 s, average=0.001 s; distance=13069 kB, estimate=13127 kB; lsn=0/3A178678, redo lsn=0/3A178620
2026-10-06T12:47:51.6577255Z  2026-10-06 12:42:17.151 UTC [73] LOG:  checkpoint starting: immediate force wait
2026-10-06T12:47:51.6578419Z  2026-10-06 12:42:17.154 UTC [73] LOG:  checkpoint complete: wrote 21 buffers (0.1%), wrote 1 SLRU buffers; 0 WAL file(s) added, 0 removed, 0 recycled; write=0.001 s, sync=0.001 s, total=0.004 s; sync files=8, longest=0.001 s, average=0.001 s; distance=13038 kB, estimate=13118 kB; lsn=0/3AE33E98, redo lsn=0/3AE33E40
2026-10-06T12:47:51.6579802Z  2026-10-06 12:42:19.147 UTC [5978] FATAL:  role "root" does not exist
2026-10-06T12:47:51.6580367Z  2026-10-06 12:42:19.236 UTC [73] LOG:  checkpoint starting: immediate force wait
2026-10-06T12:47:51.6581539Z  2026-10-06 12:42:19.239 UTC [73] LOG:  checkpoint complete: wrote 19 buffers (0.1%), wrote 1 SLRU buffers; 0 WAL file(s) added, 0 removed, 1 recycled; write=0.001 s, sync=0.001 s, total=0.004 s; sync files=8, longest=0.001 s, average=0.001 s; distance=13004 kB, estimate=13107 kB; lsn=0/3BAE7190, redo lsn=0/3BAE7138
2026-10-06T12:47:51.6582705Z  2026-10-06 12:42:21.232 UTC [73] LOG:  checkpoint starting: immediate force wait
2026-10-06T12:47:51.6583866Z  2026-10-06 12:42:21.235 UTC [73] LOG:  checkpoint complete: wrote 18 buffers (0.1%), wrote 1 SLRU buffers; 0 WAL file(s) added, 0 removed, 1 recycled; write=0.001 s, sync=0.001 s, total=0.004 s; sync files=7, longest=0.001 s, average=0.001 s; distance=13003 kB, estimate=13097 kB; lsn=0/3C79A0E8, redo lsn=0/3C79A090
2026-10-06T12:47:51.6585043Z  2026-10-06 12:42:23.906 UTC [73] LOG:  checkpoint starting: immediate force wait
2026-10-06T12:47:51.6586201Z  2026-10-06 12:42:23.909 UTC [73] LOG:  checkpoint complete: wrote 17 buffers (0.1%), wrote 1 SLRU buffers; 0 WAL file(s) added, 0 removed, 1 recycled; write=0.001 s, sync=0.001 s, total=0.004 s; sync files=8, longest=0.001 s, average=0.001 s; distance=13013 kB, estimate=13088 kB; lsn=0/3D44F510, redo lsn=0/3D44F4B8
2026-10-06T12:47:51.6587345Z  2026-10-06 12:42:24.215 UTC [6034] FATAL:  role "root" does not exist
2026-10-06T12:47:51.6587791Z  2026-10-06 12:42:25.968 UTC [73] LOG:  checkpoint starting: immediate force wait
2026-10-06T12:47:51.6588962Z  2026-10-06 12:42:25.972 UTC [73] LOG:  checkpoint complete: wrote 124 buffers (0.8%), wrote 1 SLRU buffers; 0 WAL file(s) added, 0 removed, 1 recycled; write=0.002 s, sync=0.001 s, total=0.004 s; sync files=11, longest=0.001 s, average=0.001 s; distance=13710 kB, estimate=13710 kB; lsn=0/3E1B2EE8, redo lsn=0/3E1B2E90
2026-10-06T12:47:51.6590149Z  2026-10-06 12:42:27.976 UTC [73] LOG:  checkpoint starting: immediate force wait
2026-10-06T12:47:51.6591422Z  2026-10-06 12:42:27.979 UTC [73] LOG:  checkpoint complete: wrote 23 buffers (0.1%), wrote 1 SLRU buffers; 0 WAL file(s) added, 0 removed, 0 recycled; write=0.001 s, sync=0.001 s, total=0.003 s; sync files=10, longest=0.001 s, average=0.001 s; distance=13028 kB, estimate=13642 kB; lsn=0/3EE6C1A0, redo lsn=0/3EE6C148
2026-10-06T12:47:51.6592557Z  2026-10-06 12:42:29.292 UTC [6075] FATAL:  role "root" does not exist
2026-10-06T12:47:51.6593005Z  2026-10-06 12:42:30.041 UTC [73] LOG:  checkpoint starting: immediate force wait
2026-10-06T12:47:51.6594163Z  2026-10-06 12:42:30.045 UTC [73] LOG:  checkpoint complete: wrote 20 buffers (0.1%), wrote 1 SLRU buffers; 0 WAL file(s) added, 0 removed, 1 recycled; write=0.001 s, sync=0.001 s, total=0.004 s; sync files=10, longest=0.001 s, average=0.001 s; distance=13030 kB, estimate=13581 kB; lsn=0/3FB259E0, redo lsn=0/3FB25988
2026-10-06T12:47:51.6595331Z  2026-10-06 12:42:32.182 UTC [73] LOG:  checkpoint starting: immediate force wait
2026-10-06T12:47:51.6596496Z  2026-10-06 12:42:32.185 UTC [73] LOG:  checkpoint complete: wrote 21 buffers (0.1%), wrote 1 SLRU buffers; 0 WAL file(s) added, 0 removed, 1 recycled; write=0.001 s, sync=0.001 s, total=0.004 s; sync files=10, longest=0.001 s, average=0.001 s; distance=13053 kB, estimate=13528 kB; lsn=0/407E4E70, redo lsn=0/407E4E18
2026-10-06T12:47:51.6597664Z  2026-10-06 12:42:34.239 UTC [73] LOG:  checkpoint starting: immediate force wait
2026-10-06T12:47:51.6598823Z  2026-10-06 12:42:34.242 UTC [73] LOG:  checkpoint complete: wrote 25 buffers (0.2%), wrote 1 SLRU buffers; 0 WAL file(s) added, 0 removed, 1 recycled; write=0.001 s, sync=0.001 s, total=0.004 s; sync files=11, longest=0.001 s, average=0.001 s; distance=13049 kB, estimate=13480 kB; lsn=0/414A3330, redo lsn=0/414A32D8
2026-10-06T12:47:51.6600090Z  2026-10-06 12:42:34.369 UTC [6130] FATAL:  role "root" does not exist
2026-10-06T12:47:51.6600759Z  2026-10-06 12:42:37.014 UTC [73] LOG:  checkpoint starting: immediate force wait
2026-10-06T12:47:51.6601924Z  2026-10-06 12:42:37.018 UTC [73] LOG:  checkpoint complete: wrote 24 buffers (0.1%), wrote 1 SLRU buffers; 0 WAL file(s) added, 0 removed, 1 recycled; write=0.001 s, sync=0.001 s, total=0.004 s; sync files=10, longest=0.001 s, average=0.001 s; distance=13038 kB, estimate=13436 kB; lsn=0/4215EEA8, redo lsn=0/4215EE50
2026-10-06T12:47:51.6603089Z  2026-10-06 12:42:39.035 UTC [73] LOG:  checkpoint starting: immediate force wait
2026-10-06T12:47:51.6604253Z  2026-10-06 12:42:39.038 UTC [73] LOG:  checkpoint complete: wrote 24 buffers (0.1%), wrote 1 SLRU buffers; 0 WAL file(s) added, 0 removed, 0 recycled; write=0.001 s, sync=0.001 s, total=0.004 s; sync files=10, longest=0.001 s, average=0.001 s; distance=13042 kB, estimate=13396 kB; lsn=0/42E1B9E0, redo lsn=0/42E1B988
2026-10-06T12:47:51.6605391Z  2026-10-06 12:42:39.439 UTC [6179] FATAL:  role "root" does not exist
2026-10-06T12:47:51.6605800Z  2026-10-06 12:42:44.512 UTC [6268] FATAL:  role "root" does not exist
2026-10-06T12:47:51.6606209Z  2026-10-06 12:42:49.603 UTC [6351] FATAL:  role "root" does not exist
2026-10-06T12:47:51.6606646Z  2026-10-06 12:42:53.150 UTC [73] LOG:  checkpoint starting: immediate force wait
2026-10-06T12:47:51.6607809Z  2026-10-06 12:42:53.153 UTC [73] LOG:  checkpoint complete: wrote 71 buffers (0.4%), wrote 2 SLRU buffers; 0 WAL file(s) added, 0 removed, 1 recycled; write=0.002 s, sync=0.001 s, total=0.004 s; sync files=22, longest=0.001 s, average=0.001 s; distance=13646 kB, estimate=13646 kB; lsn=0/43B6F1E0, redo lsn=0/43B6F188
2026-10-06T12:47:51.6608976Z  2026-10-06 12:42:53.330 UTC [73] LOG:  checkpoint starting: immediate force wait
2026-10-06T12:47:51.6610130Z  2026-10-06 12:42:53.332 UTC [73] LOG:  checkpoint complete: wrote 3 buffers (0.0%), wrote 1 SLRU buffers; 0 WAL file(s) added, 0 removed, 0 recycled; write=0.001 s, sync=0.001 s, total=0.003 s; sync files=4, longest=0.001 s, average=0.001 s; distance=4356 kB, estimate=12717 kB; lsn=0/43FB0510, redo lsn=0/43FB04B8
2026-10-06T12:47:51.6611413Z  2026-10-06 12:42:53.500 UTC [73] LOG:  checkpoint starting: immediate force wait
2026-10-06T12:47:51.6612579Z  2026-10-06 12:42:53.502 UTC [73] LOG:  checkpoint complete: wrote 3 buffers (0.0%), wrote 1 SLRU buffers; 0 WAL file(s) added, 0 removed, 1 recycled; write=0.001 s, sync=0.001 s, total=0.003 s; sync files=4, longest=0.001 s, average=0.001 s; distance=4357 kB, estimate=11881 kB; lsn=0/443F1940, redo lsn=0/443F18E8
2026-10-06T12:47:51.6613744Z  2026-10-06 12:42:54.673 UTC [6434] FATAL:  role "root" does not exist
2026-10-06T12:47:51.6614188Z  2026-10-06 12:42:56.051 UTC [73] LOG:  checkpoint starting: immediate force wait
2026-10-06T12:47:51.6615372Z  2026-10-06 12:42:56.054 UTC [73] LOG:  checkpoint complete: wrote 34 buffers (0.2%), wrote 1 SLRU buffers; 0 WAL file(s) added, 0 removed, 1 recycled; write=0.001 s, sync=0.001 s, total=0.004 s; sync files=12, longest=0.001 s, average=0.001 s; distance=13227 kB, estimate=13227 kB; lsn=0/450DC908, redo lsn=0/450DC8B0
2026-10-06T12:47:51.6616743Z  2026-10-06 12:42:58.669 UTC [6465] ERROR:  new row for relation "audit_entry" violates check constraint "ck_audit_entry_subject_grammar"
2026-10-06T12:47:51.6618349Z  2026-10-06 12:42:58.669 UTC [6465] DETAIL:  Failing row contains (1, 2026-10-06 12:42:58.665406+00, u_operator, grant, setting:feature.written_after_the_downgrade, 00000000000000000000000000000000, trace-after-downgrade, {}, c72d988b63fb396861b2acf519749ebf3e2f06e70051787247d2d0c4168abaf4, 30d599037703a2b8fd2fa47a3b0ede95f15a93e64e601bc24d50bc86ac66bbef).
2026-10-06T12:47:51.6619696Z  2026-10-06 12:42:58.669 UTC [6465] STATEMENT:  
2026-10-06T12:47:51.6620023Z  	INSERT INTO obs.audit_entry (
2026-10-06T12:47:51.6620547Z  	    seq, at, actor_id, action, subject, ent_hash, trace_id, details, prev_hash, entry_hash
2026-10-06T12:47:51.6621114Z  	)
2026-10-06T12:47:51.6621301Z  	SELECT
2026-10-06T12:47:51.6621577Z  	    s.seq, s.at, 'u_operator', 'grant', $1::text, repeat('0', 32),
2026-10-06T12:47:51.6622080Z  	    'trace-after-downgrade', '{}'::jsonb, s.prev,
2026-10-06T12:47:51.6622402Z  	    obs.audit_entry_hash(
2026-10-06T12:47:51.6622724Z  	        s.seq, s.at, 'u_operator', 'grant', $1::text, repeat('0', 32),
2026-10-06T12:47:51.6623111Z  	        'trace-after-downgrade', '{}'::jsonb, s.prev
2026-10-06T12:47:51.6623423Z  	    )
2026-10-06T12:47:51.6623609Z  	FROM (
2026-10-06T12:47:51.6623803Z  	    SELECT
2026-10-06T12:47:51.6624031Z  	        COALESCE(max(e.seq) + 1, 0) AS seq,
2026-10-06T12:47:51.6624315Z  	        now() AS at,
2026-10-06T12:47:51.6624610Z  	        COALESCE(
2026-10-06T12:47:51.6625230Z  	            (SELECT x.entry_hash FROM obs.audit_entry x ORDER BY x.seq DESC LIMIT 1),
2026-10-06T12:47:51.6640782Z  	            repeat('0', 64)
2026-10-06T12:47:51.6641102Z  	        ) AS prev
2026-10-06T12:47:51.6641348Z  	    FROM obs.audit_entry e
2026-10-06T12:47:51.6641599Z  	) AS s
2026-10-06T12:47:51.6641780Z  	
2026-10-06T12:47:51.6642098Z  2026-10-06 12:42:58.795 UTC [73] LOG:  checkpoint starting: immediate force wait
2026-10-06T12:47:51.6643311Z  2026-10-06 12:42:58.798 UTC [73] LOG:  checkpoint complete: wrote 27 buffers (0.2%), wrote 1 SLRU buffers; 0 WAL file(s) added, 0 removed, 0 recycled; write=0.001 s, sync=0.001 s, total=0.003 s; sync files=12, longest=0.001 s, average=0.001 s; distance=14180 kB, estimate=14180 kB; lsn=0/45EB5B88, redo lsn=0/45EB5B30
2026-10-06T12:47:51.6644463Z  2026-10-06 12:42:59.744 UTC [6491] FATAL:  role "root" does not exist
2026-10-06T12:47:51.6644933Z  2026-10-06 12:43:00.956 UTC [73] LOG:  checkpoint starting: immediate force wait
2026-10-06T12:47:51.6646124Z  2026-10-06 12:43:00.958 UTC [73] LOG:  checkpoint complete: wrote 22 buffers (0.1%), wrote 1 SLRU buffers; 0 WAL file(s) added, 0 removed, 1 recycled; write=0.001 s, sync=0.001 s, total=0.003 s; sync files=13, longest=0.001 s, average=0.001 s; distance=13030 kB, estimate=14065 kB; lsn=0/46B6F570, redo lsn=0/46B6F518
2026-10-06T12:47:51.6647285Z  2026-10-06 12:43:03.025 UTC [73] LOG:  checkpoint starting: immediate force wait
2026-10-06T12:47:51.6648464Z  2026-10-06 12:43:03.028 UTC [73] LOG:  checkpoint complete: wrote 18 buffers (0.1%), wrote 1 SLRU buffers; 0 WAL file(s) added, 0 removed, 1 recycled; write=0.001 s, sync=0.001 s, total=0.003 s; sync files=8, longest=0.001 s, average=0.001 s; distance=13020 kB, estimate=13961 kB; lsn=0/478268D0, redo lsn=0/47826878
2026-10-06T12:47:51.6649619Z  2026-10-06 12:43:04.812 UTC [6543] FATAL:  role "root" does not exist
2026-10-06T12:47:51.6650072Z  2026-10-06 12:43:06.188 UTC [73] LOG:  checkpoint starting: immediate force wait
2026-10-06T12:47:51.6651582Z  2026-10-06 12:43:06.192 UTC [73] LOG:  checkpoint complete: wrote 18 buffers (0.1%), wrote 1 SLRU buffers; 0 WAL file(s) added, 0 removed, 1 recycled; write=0.001 s, sync=0.001 s, total=0.004 s; sync files=9, longest=0.001 s, average=0.001 s; distance=13046 kB, estimate=13869 kB; lsn=0/484E43C0, redo lsn=0/484E4368
2026-10-06T12:47:51.6652806Z  2026-10-06 12:43:08.495 UTC [6602] ERROR:  permission denied for table escalation
2026-10-06T12:47:51.6653407Z  2026-10-06 12:43:08.495 UTC [6602] STATEMENT:  UPDATE gate.escalation SET expired_at = expires_at WHERE id = $1
2026-10-06T12:47:51.6654002Z  2026-10-06 12:43:08.628 UTC [73] LOG:  checkpoint starting: immediate force wait
2026-10-06T12:47:51.6655166Z  2026-10-06 12:43:08.631 UTC [73] LOG:  checkpoint complete: wrote 19 buffers (0.1%), wrote 1 SLRU buffers; 0 WAL file(s) added, 0 removed, 1 recycled; write=0.001 s, sync=0.001 s, total=0.004 s; sync files=8, longest=0.001 s, average=0.001 s; distance=13031 kB, estimate=13785 kB; lsn=0/4919E320, redo lsn=0/4919E2C8
2026-10-06T12:47:51.6656304Z  2026-10-06 12:43:09.888 UTC [6629] FATAL:  role "root" does not exist
2026-10-06T12:47:51.6656749Z  2026-10-06 12:43:10.854 UTC [73] LOG:  checkpoint starting: immediate force wait
2026-10-06T12:47:51.6658191Z  2026-10-06 12:43:10.857 UTC [73] LOG:  checkpoint complete: wrote 75 buffers (0.5%), wrote 1 SLRU buffers; 0 WAL file(s) added, 0 removed, 0 recycled; write=0.001 s, sync=0.001 s, total=0.003 s; sync files=10, longest=0.001 s, average=0.001 s; distance=13371 kB, estimate=13744 kB; lsn=0/49EAD138, redo lsn=0/49EAD0E0
2026-10-06T12:47:51.6659330Z  2026-10-06 12:43:14.953 UTC [6650] FATAL:  role "root" does not exist
2026-10-06T12:47:51.6659770Z  2026-10-06 12:43:20.013 UTC [73] LOG:  checkpoint starting: immediate force wait
2026-10-06T12:47:51.6661065Z  2026-10-06 12:43:20.017 UTC [73] LOG:  checkpoint complete: wrote 22 buffers (0.1%), wrote 1 SLRU buffers; 0 WAL file(s) added, 0 removed, 1 recycled; write=0.001 s, sync=0.001 s, total=0.004 s; sync files=10, longest=0.001 s, average=0.001 s; distance=13032 kB, estimate=13673 kB; lsn=0/4AB671F8, redo lsn=0/4AB671A0
2026-10-06T12:47:51.6662193Z  2026-10-06 12:43:20.032 UTC [6678] FATAL:  role "root" does not exist
2026-10-06T12:47:51.6662640Z  2026-10-06 12:43:22.056 UTC [73] LOG:  checkpoint starting: immediate force wait
2026-10-06T12:47:51.6663798Z  2026-10-06 12:43:22.059 UTC [73] LOG:  checkpoint complete: wrote 22 buffers (0.1%), wrote 1 SLRU buffers; 0 WAL file(s) added, 0 removed, 1 recycled; write=0.001 s, sync=0.001 s, total=0.004 s; sync files=10, longest=0.001 s, average=0.001 s; distance=13022 kB, estimate=13608 kB; lsn=0/4B81ECB0, redo lsn=0/4B81EC58
2026-10-06T12:47:51.6664973Z  2026-10-06 12:43:24.645 UTC [73] LOG:  checkpoint starting: immediate force wait
2026-10-06T12:47:51.6666133Z  2026-10-06 12:43:24.648 UTC [73] LOG:  checkpoint complete: wrote 22 buffers (0.1%), wrote 1 SLRU buffers; 0 WAL file(s) added, 0 removed, 1 recycled; write=0.001 s, sync=0.001 s, total=0.004 s; sync files=11, longest=0.001 s, average=0.001 s; distance=13014 kB, estimate=13548 kB; lsn=0/4C4D46E0, redo lsn=0/4C4D4688
2026-10-06T12:47:51.6667263Z  2026-10-06 12:43:25.105 UTC [6724] FATAL:  role "root" does not exist
2026-10-06T12:47:51.6667710Z  2026-10-06 12:43:26.724 UTC [73] LOG:  checkpoint starting: immediate force wait
2026-10-06T12:47:51.6668903Z  2026-10-06 12:43:26.727 UTC [73] LOG:  checkpoint complete: wrote 61 buffers (0.4%), wrote 1 SLRU buffers; 0 WAL file(s) added, 0 removed, 1 recycled; write=0.002 s, sync=0.001 s, total=0.004 s; sync files=11, longest=0.001 s, average=0.001 s; distance=13299 kB, estimate=13523 kB; lsn=0/4D1D1690, redo lsn=0/4D1D1638
2026-10-06T12:47:51.6670081Z  2026-10-06 12:43:29.771 UTC [73] LOG:  checkpoint starting: immediate force wait
2026-10-06T12:47:51.6671373Z  2026-10-06 12:43:29.774 UTC [73] LOG:  checkpoint complete: wrote 29 buffers (0.2%), wrote 1 SLRU buffers; 0 WAL file(s) added, 0 removed, 0 recycled; write=0.001 s, sync=0.001 s, total=0.004 s; sync files=15, longest=0.001 s, average=0.001 s; distance=13060 kB, estimate=13477 kB; lsn=0/4DE92980, redo lsn=0/4DE92928
2026-10-06T12:47:51.6672507Z  2026-10-06 12:43:30.189 UTC [6776] FATAL:  role "root" does not exist
2026-10-06T12:47:51.6672945Z  2026-10-06 12:43:32.871 UTC [73] LOG:  checkpoint starting: immediate force wait
2026-10-06T12:47:51.6674104Z  2026-10-06 12:43:32.874 UTC [73] LOG:  checkpoint complete: wrote 26 buffers (0.2%), wrote 1 SLRU buffers; 0 WAL file(s) added, 0 removed, 1 recycled; write=0.001 s, sync=0.001 s, total=0.004 s; sync files=15, longest=0.001 s, average=0.001 s; distance=13042 kB, estimate=13434 kB; lsn=0/4EB4F248, redo lsn=0/4EB4F1F0
2026-10-06T12:47:51.6675232Z  2026-10-06 12:43:35.260 UTC [6815] FATAL:  role "root" does not exist
2026-10-06T12:47:51.6675671Z  2026-10-06 12:43:36.807 UTC [73] LOG:  checkpoint starting: immediate force wait
2026-10-06T12:47:51.6676819Z  2026-10-06 12:43:36.811 UTC [73] LOG:  checkpoint complete: wrote 27 buffers (0.2%), wrote 1 SLRU buffers; 0 WAL file(s) added, 0 removed, 1 recycled; write=0.001 s, sync=0.001 s, total=0.004 s; sync files=15, longest=0.001 s, average=0.001 s; distance=13061 kB, estimate=13396 kB; lsn=0/4F810910, redo lsn=0/4F8108B8
2026-10-06T12:47:51.6677976Z  2026-10-06 12:43:39.109 UTC [73] LOG:  checkpoint starting: immediate force wait
2026-10-06T12:47:51.6679399Z  2026-10-06 12:43:39.112 UTC [73] LOG:  checkpoint complete: wrote 26 buffers (0.2%), wrote 1 SLRU buffers; 0 WAL file(s) added, 0 removed, 1 recycled; write=0.001 s, sync=0.001 s, total=0.004 s; sync files=10, longest=0.001 s, average=0.001 s; distance=13067 kB, estimate=13363 kB; lsn=0/504D38F8, redo lsn=0/504D38A0
2026-10-06T12:47:51.6680672Z  2026-10-06 12:43:39.821 UTC [73] LOG:  checkpoint starting: immediate force wait
2026-10-06T12:47:51.6681814Z  2026-10-06 12:43:39.824 UTC [73] LOG:  checkpoint complete: wrote 8 buffers (0.0%), wrote 1 SLRU buffers; 0 WAL file(s) added, 0 removed, 0 recycled; write=0.001 s, sync=0.001 s, total=0.003 s; sync files=7, longest=0.001 s, average=0.001 s; distance=4711 kB, estimate=12498 kB; lsn=0/5096D6C0, redo lsn=0/5096D668
2026-10-06T12:47:51.6682932Z  2026-10-06 12:43:40.328 UTC [6885] FATAL:  role "root" does not exist
2026-10-06T12:47:51.6683371Z  2026-10-06 12:43:42.368 UTC [73] LOG:  checkpoint starting: immediate force wait
2026-10-06T12:47:51.6684522Z  2026-10-06 12:43:42.371 UTC [73] LOG:  checkpoint complete: wrote 61 buffers (0.4%), wrote 1 SLRU buffers; 0 WAL file(s) added, 0 removed, 1 recycled; write=0.001 s, sync=0.001 s, total=0.004 s; sync files=11, longest=0.001 s, average=0.001 s; distance=13332 kB, estimate=13332 kB; lsn=0/516728B0, redo lsn=0/51672858
2026-10-06T12:47:51.6685655Z  2026-10-06 12:43:45.403 UTC [6948] FATAL:  role "root" does not exist
2026-10-06T12:47:51.6686064Z  2026-10-06 12:43:50.484 UTC [7018] FATAL:  role "root" does not exist
2026-10-06T12:47:51.6686462Z  2026-10-06 12:43:55.557 UTC [7042] FATAL:  role "root" does not exist
2026-10-06T12:47:51.6686872Z  2026-10-06 12:44:00.629 UTC [7114] FATAL:  role "root" does not exist
2026-10-06T12:47:51.6687268Z  2026-10-06 12:44:05.700 UTC [7187] FATAL:  role "root" does not exist
2026-10-06T12:47:51.6687671Z  2026-10-06 12:44:10.773 UTC [7271] FATAL:  role "root" does not exist
2026-10-06T12:47:51.6688080Z  2026-10-06 12:44:15.845 UTC [7342] FATAL:  role "root" does not exist
2026-10-06T12:47:51.6688482Z  2026-10-06 12:44:20.917 UTC [7424] FATAL:  role "root" does not exist
2026-10-06T12:47:51.6688889Z  2026-10-06 12:44:26.002 UTC [7500] FATAL:  role "root" does not exist
2026-10-06T12:47:51.6689286Z  2026-10-06 12:44:31.070 UTC [7568] FATAL:  role "root" does not exist
2026-10-06T12:47:51.6689693Z  2026-10-06 12:44:36.136 UTC [7652] FATAL:  role "root" does not exist
2026-10-06T12:47:51.6690129Z  2026-10-06 12:44:39.409 UTC [73] LOG:  checkpoint starting: immediate force wait
2026-10-06T12:47:51.6691404Z  2026-10-06 12:44:39.412 UTC [73] LOG:  checkpoint complete: wrote 78 buffers (0.5%), wrote 1 SLRU buffers; 0 WAL file(s) added, 0 removed, 0 recycled; write=0.002 s, sync=0.001 s, total=0.004 s; sync files=22, longest=0.001 s, average=0.001 s; distance=5017 kB, estimate=12501 kB; lsn=0/51B58F58, redo lsn=0/51B58F00
2026-10-06T12:47:51.6692535Z  2026-10-06 12:44:41.201 UTC [7736] FATAL:  role "root" does not exist
2026-10-06T12:47:51.6692946Z  2026-10-06 12:44:46.273 UTC [7807] FATAL:  role "root" does not exist
2026-10-06T12:47:51.6693349Z  2026-10-06 12:44:51.348 UTC [7879] FATAL:  role "root" does not exist
2026-10-06T12:47:51.6693752Z  2026-10-06 12:44:56.416 UTC [7951] FATAL:  role "root" does not exist
2026-10-06T12:47:51.6694175Z  2026-10-06 12:45:01.489 UTC [7993] FATAL:  role "root" does not exist
2026-10-06T12:47:51.6694595Z  2026-10-06 12:45:06.559 UTC [8001] FATAL:  role "root" does not exist
2026-10-06T12:47:51.6695005Z  2026-10-06 12:45:11.632 UTC [8009] FATAL:  role "root" does not exist
2026-10-06T12:47:51.6695408Z  2026-10-06 12:45:16.701 UTC [8017] FATAL:  role "root" does not exist
2026-10-06T12:47:51.6695862Z  2026-10-06 12:45:20.201 UTC [73] LOG:  checkpoint starting: immediate force wait
2026-10-06T12:47:51.6697030Z  2026-10-06 12:45:20.204 UTC [73] LOG:  checkpoint complete: wrote 40 buffers (0.2%), wrote 1 SLRU buffers; 0 WAL file(s) added, 0 removed, 1 recycled; write=0.001 s, sync=0.001 s, total=0.004 s; sync files=23, longest=0.001 s, average=0.001 s; distance=13189 kB, estimate=13189 kB; lsn=0/5283A490, redo lsn=0/5283A438
2026-10-06T12:47:51.6698668Z  2026-10-06 12:45:20.965 UTC [8067] ERROR:  new row for relation "plugin_install" violates check constraint "ck_plugin_install_removed_only_when_disabled"
2026-10-06T12:47:51.6699577Z  2026-10-06 12:45:20.965 UTC [8067] STATEMENT:  UPDATE ops.plugin_install SET removed_at = $1 WHERE plugin_id = 'still-on'
2026-10-06T12:47:51.6700228Z  2026-10-06 12:45:21.124 UTC [8076] ERROR:  permission denied for table plugin_install
2026-10-06T12:47:51.6700959Z  2026-10-06 12:45:21.124 UTC [8076] STATEMENT:  DELETE FROM ops.plugin_install WHERE plugin_id = 'kept-row'
2026-10-06T12:47:51.6701780Z  2026-10-06 12:45:21.233 UTC [8082] ERROR:  plugin comes-back was removed and comes back as enabled; a plugin returns installed and is enabled separately
2026-10-06T12:47:51.6702629Z  2026-10-06 12:45:21.233 UTC [8082] CONTEXT:  PL/pgSQL function ops.plugin_install_returns_switched_off() line 4 at RAISE
2026-10-06T12:47:51.6703460Z  2026-10-06 12:45:21.233 UTC [8082] STATEMENT:  UPDATE ops.plugin_install SET removed_at = NULL, state = 'enabled' WHERE plugin_id = 'comes-back'
2026-10-06T12:47:51.6704255Z  2026-10-06 12:45:21.289 UTC [8086] ERROR:  new row violates row-level security policy for table "plugin_install"
2026-10-06T12:47:51.6705250Z  2026-10-06 12:45:21.289 UTC [8086] STATEMENT:  INSERT INTO ops.plugin_install (plugin_id, version, point, state, since, history, manifest) VALUES ('arrives-on', '1.0.0', 'connector', $1, $2, ARRAY['1.0.0'], $3)
2026-10-06T12:47:51.6706370Z  2026-10-06 12:45:21.355 UTC [8089] ERROR:  new row for relation "plugin_install" violates check constraint "ck_plugin_install_point_takes_a_plugin"
2026-10-06T12:47:51.6707726Z  2026-10-06 12:45:21.355 UTC [8089] STATEMENT:  INSERT INTO ops.plugin_install (plugin_id, version, point, state, since, history, manifest, removed_at) VALUES ($1::VARCHAR, $2::VARCHAR, $3::VARCHAR, $4::VARCHAR, $5::TIMESTAMP WITH TIME ZONE, $6::TEXT[], $7::JSONB, $8::TIMESTAMP WITH TIME ZONE)
2026-10-06T12:47:51.6708872Z  2026-10-06 12:45:21.583 UTC [73] LOG:  checkpoint starting: immediate force wait
2026-10-06T12:47:51.6710054Z  2026-10-06 12:45:21.604 UTC [73] LOG:  checkpoint complete: wrote 1004 buffers (6.1%), wrote 1 SLRU buffers; 0 WAL file(s) added, 0 removed, 1 recycled; write=0.013 s, sync=0.007 s, total=0.022 s; sync files=342, longest=0.001 s, average=0.001 s; distance=9218 kB, estimate=12792 kB; lsn=0/5313ACB0, redo lsn=0/5313AC58
2026-10-06T12:47:51.6711318Z  2026-10-06 12:45:21.775 UTC [8121] FATAL:  role "root" does not exist
2026-10-06T12:47:51.6711767Z  2026-10-06 12:45:22.224 UTC [73] LOG:  checkpoint starting: immediate force wait
2026-10-06T12:47:51.6712918Z  2026-10-06 12:45:22.227 UTC [73] LOG:  checkpoint complete: wrote 14 buffers (0.1%), wrote 1 SLRU buffers; 0 WAL file(s) added, 0 removed, 0 recycled; write=0.001 s, sync=0.001 s, total=0.004 s; sync files=9, longest=0.001 s, average=0.001 s; distance=4806 kB, estimate=11993 kB; lsn=0/535EC610, redo lsn=0/535EC5B8
2026-10-06T12:47:51.6714116Z  2026-10-06 12:45:22.243 UTC [73] LOG:  checkpoint starting: immediate force wait
2026-10-06T12:47:51.6715254Z  2026-10-06 12:45:22.245 UTC [73] LOG:  checkpoint complete: wrote 3 buffers (0.0%), wrote 1 SLRU buffers; 0 WAL file(s) added, 0 removed, 0 recycled; write=0.001 s, sync=0.001 s, total=0.003 s; sync files=3, longest=0.001 s, average=0.001 s; distance=6 kB, estimate=10794 kB; lsn=0/535EE068, redo lsn=0/535EDFF8
2026-10-06T12:47:51.6716362Z  2026-10-06 12:45:26.841 UTC [8174] FATAL:  role "root" does not exist
2026-10-06T12:47:51.6716774Z  2026-10-06 12:45:31.908 UTC [8244] FATAL:  role "root" does not exist
2026-10-06T12:47:51.6717180Z  2026-10-06 12:45:36.978 UTC [8302] FATAL:  role "root" does not exist
2026-10-06T12:47:51.6717580Z  2026-10-06 12:45:42.051 UTC [8374] FATAL:  role "root" does not exist
2026-10-06T12:47:51.6717985Z  2026-10-06 12:45:47.126 UTC [8439] FATAL:  role "root" does not exist
2026-10-06T12:47:51.6718513Z  2026-10-06 12:45:52.191 UTC [8500] FATAL:  role "root" does not exist
2026-10-06T12:47:51.6719025Z  2026-10-06 12:45:57.264 UTC [8556] FATAL:  role "root" does not exist
2026-10-06T12:47:51.6719432Z  2026-10-06 12:46:02.331 UTC [8628] FATAL:  role "root" does not exist
2026-10-06T12:47:51.6719832Z  2026-10-06 12:46:07.399 UTC [8654] FATAL:  role "root" does not exist
2026-10-06T12:47:51.6720390Z  2026-10-06 12:46:11.642 UTC [73] LOG:  checkpoint starting: immediate force wait
2026-10-06T12:47:51.6721557Z  2026-10-06 12:46:11.645 UTC [73] LOG:  checkpoint complete: wrote 34 buffers (0.2%), wrote 1 SLRU buffers; 0 WAL file(s) added, 0 removed, 0 recycled; write=0.001 s, sync=0.001 s, total=0.003 s; sync files=17, longest=0.001 s, average=0.001 s; distance=4722 kB, estimate=10187 kB; lsn=0/53A8AC28, redo lsn=0/53A8ABD0
2026-10-06T12:47:51.6722717Z  2026-10-06 12:46:11.836 UTC [73] LOG:  checkpoint starting: immediate force wait
2026-10-06T12:47:51.6723865Z  2026-10-06 12:46:11.838 UTC [73] LOG:  checkpoint complete: wrote 8 buffers (0.0%), wrote 1 SLRU buffers; 0 WAL file(s) added, 0 removed, 0 recycled; write=0.001 s, sync=0.001 s, total=0.003 s; sync files=7, longest=0.001 s, average=0.001 s; distance=4492 kB, estimate=9618 kB; lsn=0/53EEDDC8, redo lsn=0/53EEDD70
2026-10-06T12:47:51.6725022Z  2026-10-06 12:46:12.023 UTC [73] LOG:  checkpoint starting: immediate force wait
2026-10-06T12:47:51.6726154Z  2026-10-06 12:46:12.026 UTC [73] LOG:  checkpoint complete: wrote 9 buffers (0.1%), wrote 1 SLRU buffers; 0 WAL file(s) added, 0 removed, 1 recycled; write=0.001 s, sync=0.001 s, total=0.003 s; sync files=7, longest=0.001 s, average=0.001 s; distance=4498 kB, estimate=9106 kB; lsn=0/54352730, redo lsn=0/543526D8
2026-10-06T12:47:51.6727298Z  2026-10-06 12:46:12.222 UTC [73] LOG:  checkpoint starting: immediate force wait
2026-10-06T12:47:51.6728451Z  2026-10-06 12:46:12.227 UTC [73] LOG:  checkpoint complete: wrote 8 buffers (0.0%), wrote 1 SLRU buffers; 0 WAL file(s) added, 0 removed, 0 recycled; write=0.001 s, sync=0.001 s, total=0.005 s; sync files=7, longest=0.001 s, average=0.001 s; distance=4494 kB, estimate=8645 kB; lsn=0/547B61E0, redo lsn=0/547B6188
2026-10-06T12:47:51.6729591Z  2026-10-06 12:46:12.417 UTC [73] LOG:  checkpoint starting: immediate force wait
2026-10-06T12:47:51.6730852Z  2026-10-06 12:46:12.420 UTC [73] LOG:  checkpoint complete: wrote 8 buffers (0.0%), wrote 1 SLRU buffers; 0 WAL file(s) added, 0 removed, 0 recycled; write=0.001 s, sync=0.001 s, total=0.003 s; sync files=7, longest=0.001 s, average=0.001 s; distance=4495 kB, estimate=8230 kB; lsn=0/54C19DE0, redo lsn=0/54C19D88
2026-10-06T12:47:51.6731975Z  2026-10-06 12:46:12.466 UTC [8745] FATAL:  role "root" does not exist
2026-10-06T12:47:51.6732408Z  2026-10-06 12:46:12.597 UTC [73] LOG:  checkpoint starting: immediate force wait
2026-10-06T12:47:51.6733548Z  2026-10-06 12:46:12.600 UTC [73] LOG:  checkpoint complete: wrote 9 buffers (0.1%), wrote 1 SLRU buffers; 0 WAL file(s) added, 0 removed, 1 recycled; write=0.001 s, sync=0.001 s, total=0.003 s; sync files=7, longest=0.001 s, average=0.001 s; distance=4501 kB, estimate=7857 kB; lsn=0/5507F2B8, redo lsn=0/5507F260
2026-10-06T12:47:51.6734698Z  2026-10-06 12:46:12.781 UTC [73] LOG:  checkpoint starting: immediate force wait
2026-10-06T12:47:51.6735838Z  2026-10-06 12:46:12.784 UTC [73] LOG:  checkpoint complete: wrote 8 buffers (0.0%), wrote 1 SLRU buffers; 0 WAL file(s) added, 0 removed, 0 recycled; write=0.001 s, sync=0.001 s, total=0.003 s; sync files=7, longest=0.001 s, average=0.001 s; distance=4497 kB, estimate=7521 kB; lsn=0/554E3800, redo lsn=0/554E37A8
2026-10-06T12:47:51.6736990Z  2026-10-06 12:46:12.979 UTC [73] LOG:  checkpoint starting: immediate force wait
2026-10-06T12:47:51.6738134Z  2026-10-06 12:46:12.981 UTC [73] LOG:  checkpoint complete: wrote 8 buffers (0.0%), wrote 2 SLRU buffers; 0 WAL file(s) added, 0 removed, 0 recycled; write=0.001 s, sync=0.001 s, total=0.003 s; sync files=7, longest=0.001 s, average=0.001 s; distance=4500 kB, estimate=7219 kB; lsn=0/55948AD8, redo lsn=0/55948A80
2026-10-06T12:47:51.6739397Z  2026-10-06 12:46:13.172 UTC [73] LOG:  checkpoint starting: immediate force wait
2026-10-06T12:47:51.6740782Z  2026-10-06 12:46:13.174 UTC [73] LOG:  checkpoint complete: wrote 9 buffers (0.1%), wrote 1 SLRU buffers; 0 WAL file(s) added, 0 removed, 0 recycled; write=0.001 s, sync=0.001 s, total=0.003 s; sync files=7, longest=0.001 s, average=0.001 s; distance=4509 kB, estimate=6948 kB; lsn=0/55DB01E0, redo lsn=0/55DB0188
2026-10-06T12:47:51.6741940Z  2026-10-06 12:46:13.374 UTC [73] LOG:  checkpoint starting: immediate force wait
2026-10-06T12:47:51.6743084Z  2026-10-06 12:46:13.377 UTC [73] LOG:  checkpoint complete: wrote 8 buffers (0.0%), wrote 1 SLRU buffers; 0 WAL file(s) added, 0 removed, 1 recycled; write=0.001 s, sync=0.001 s, total=0.004 s; sync files=7, longest=0.001 s, average=0.001 s; distance=4500 kB, estimate=6703 kB; lsn=0/56215280, redo lsn=0/56215228
2026-10-06T12:47:51.6744222Z  2026-10-06 12:46:13.619 UTC [73] LOG:  checkpoint starting: immediate force wait
2026-10-06T12:47:51.6745372Z  2026-10-06 12:46:13.621 UTC [73] LOG:  checkpoint complete: wrote 10 buffers (0.1%), wrote 1 SLRU buffers; 0 WAL file(s) added, 0 removed, 0 recycled; write=0.001 s, sync=0.001 s, total=0.003 s; sync files=7, longest=0.001 s, average=0.001 s; distance=4534 kB, estimate=6486 kB; lsn=0/56682E38, redo lsn=0/56682DE0
2026-10-06T12:47:51.6746532Z  2026-10-06 12:46:13.807 UTC [73] LOG:  checkpoint starting: immediate force wait
2026-10-06T12:47:51.6747669Z  2026-10-06 12:46:13.810 UTC [73] LOG:  checkpoint complete: wrote 8 buffers (0.0%), wrote 1 SLRU buffers; 0 WAL file(s) added, 0 removed, 0 recycled; write=0.001 s, sync=0.001 s, total=0.003 s; sync files=7, longest=0.001 s, average=0.001 s; distance=4501 kB, estimate=6288 kB; lsn=0/56AE8610, redo lsn=0/56AE85B8
2026-10-06T12:47:51.6748815Z  2026-10-06 12:46:14.012 UTC [73] LOG:  checkpoint starting: immediate force wait
2026-10-06T12:47:51.6749958Z  2026-10-06 12:46:14.014 UTC [73] LOG:  checkpoint complete: wrote 8 buffers (0.0%), wrote 1 SLRU buffers; 0 WAL file(s) added, 0 removed, 0 recycled; write=0.001 s, sync=0.001 s, total=0.003 s; sync files=7, longest=0.001 s, average=0.001 s; distance=4503 kB, estimate=6109 kB; lsn=0/56F4E2A0, redo lsn=0/56F4E248
2026-10-06T12:47:51.6751225Z  2026-10-06 12:46:14.216 UTC [73] LOG:  checkpoint starting: immediate force wait
2026-10-06T12:47:51.6752365Z  2026-10-06 12:46:14.219 UTC [73] LOG:  checkpoint complete: wrote 9 buffers (0.1%), wrote 1 SLRU buffers; 0 WAL file(s) added, 0 removed, 1 recycled; write=0.001 s, sync=0.001 s, total=0.003 s; sync files=7, longest=0.001 s, average=0.001 s; distance=4514 kB, estimate=5950 kB; lsn=0/573B6B50, redo lsn=0/573B6AF8
2026-10-06T12:47:51.6753582Z  2026-10-06 12:46:14.392 UTC [8906] ERROR:  relation "obs.legal_hold" does not exist at character 85
2026-10-06T12:47:51.6754649Z  2026-10-06 12:46:14.392 UTC [8906] STATEMENT:  SELECT id, reason_code, subjects, actors, all_subjects, placed_at, released_at FROM obs.legal_hold WHERE placed_at <= $1 AND (released_at IS NULL OR released_at > $2) ORDER BY placed_at, id
2026-10-06T12:47:51.6755657Z  2026-10-06 12:46:14.416 UTC [73] LOG:  checkpoint starting: immediate force wait
2026-10-06T12:47:51.6756832Z  2026-10-06 12:46:14.419 UTC [73] LOG:  checkpoint complete: wrote 8 buffers (0.0%), wrote 1 SLRU buffers; 0 WAL file(s) added, 0 removed, 0 recycled; write=0.001 s, sync=0.001 s, total=0.003 s; sync files=7, longest=0.001 s, average=0.001 s; distance=4515 kB, estimate=5806 kB; lsn=0/5781F7C8, redo lsn=0/5781F770
2026-10-06T12:47:51.6757985Z  2026-10-06 12:46:14.677 UTC [73] LOG:  checkpoint starting: immediate force wait
2026-10-06T12:47:51.6759129Z  2026-10-06 12:46:14.680 UTC [73] LOG:  checkpoint complete: wrote 8 buffers (0.0%), wrote 1 SLRU buffers; 0 WAL file(s) added, 0 removed, 0 recycled; write=0.001 s, sync=0.001 s, total=0.003 s; sync files=7, longest=0.001 s, average=0.001 s; distance=4512 kB, estimate=5677 kB; lsn=0/57C87A40, redo lsn=0/57C879E8
2026-10-06T12:47:51.6760576Z  2026-10-06 12:46:14.873 UTC [73] LOG:  checkpoint starting: immediate force wait
2026-10-06T12:47:51.6761840Z  2026-10-06 12:46:14.878 UTC [73] LOG:  checkpoint complete: wrote 9 buffers (0.1%), wrote 1 SLRU buffers; 0 WAL file(s) added, 0 removed, 1 recycled; write=0.002 s, sync=0.002 s, total=0.006 s; sync files=7, longest=0.002 s, average=0.001 s; distance=4511 kB, estimate=5560 kB; lsn=0/580EF880, redo lsn=0/580EF828
2026-10-06T12:47:51.6762995Z  2026-10-06 12:46:15.066 UTC [73] LOG:  checkpoint starting: immediate force wait
2026-10-06T12:47:51.6764137Z  2026-10-06 12:46:15.068 UTC [73] LOG:  checkpoint complete: wrote 8 buffers (0.0%), wrote 1 SLRU buffers; 0 WAL file(s) added, 0 removed, 0 recycled; write=0.001 s, sync=0.001 s, total=0.003 s; sync files=7, longest=0.001 s, average=0.001 s; distance=4513 kB, estimate=5455 kB; lsn=0/58557CD8, redo lsn=0/58557C80
2026-10-06T12:47:51.6765293Z  2026-10-06 12:46:15.568 UTC [73] LOG:  checkpoint starting: immediate force wait
2026-10-06T12:47:51.6766454Z  2026-10-06 12:46:15.571 UTC [73] LOG:  checkpoint complete: wrote 11 buffers (0.1%), wrote 1 SLRU buffers; 0 WAL file(s) added, 0 removed, 0 recycled; write=0.001 s, sync=0.001 s, total=0.003 s; sync files=7, longest=0.001 s, average=0.001 s; distance=4549 kB, estimate=5365 kB; lsn=0/589C9438, redo lsn=0/589C93E0
2026-10-06T12:47:51.6767611Z  2026-10-06 12:46:15.958 UTC [73] LOG:  checkpoint starting: immediate force wait
2026-10-06T12:47:51.6768765Z  2026-10-06 12:46:15.960 UTC [73] LOG:  checkpoint complete: wrote 10 buffers (0.1%), wrote 1 SLRU buffers; 0 WAL file(s) added, 0 removed, 0 recycled; write=0.001 s, sync=0.001 s, total=0.003 s; sync files=7, longest=0.001 s, average=0.001 s; distance=4524 kB, estimate=5281 kB; lsn=0/58E34520, redo lsn=0/58E344C8
2026-10-06T12:47:51.6769913Z  2026-10-06 12:46:16.396 UTC [73] LOG:  checkpoint starting: immediate force wait
2026-10-06T12:47:51.6771372Z  2026-10-06 12:46:16.399 UTC [73] LOG:  checkpoint complete: wrote 9 buffers (0.1%), wrote 1 SLRU buffers; 0 WAL file(s) added, 0 removed, 1 recycled; write=0.001 s, sync=0.001 s, total=0.003 s; sync files=7, longest=0.001 s, average=0.001 s; distance=4628 kB, estimate=5215 kB; lsn=0/592B96D8, redo lsn=0/592B9680
2026-10-06T12:47:51.6772512Z  2026-10-06 12:46:17.529 UTC [8997] FATAL:  role "root" does not exist
2026-10-06T12:47:51.6772964Z  2026-10-06 12:46:20.764 UTC [73] LOG:  checkpoint starting: immediate force wait
2026-10-06T12:47:51.6774111Z  2026-10-06 12:46:20.766 UTC [73] LOG:  checkpoint complete: wrote 18 buffers (0.1%), wrote 1 SLRU buffers; 0 WAL file(s) added, 0 removed, 0 recycled; write=0.001 s, sync=0.001 s, total=0.003 s; sync files=10, longest=0.001 s, average=0.001 s; distance=5426 kB, estimate=5426 kB; lsn=0/59806100, redo lsn=0/598060A8
2026-10-06T12:47:51.6775262Z  2026-10-06 12:46:21.553 UTC [73] LOG:  checkpoint starting: immediate force wait
2026-10-06T12:47:51.6776416Z  2026-10-06 12:46:21.558 UTC [73] LOG:  checkpoint complete: wrote 14 buffers (0.1%), wrote 1 SLRU buffers; 0 WAL file(s) added, 0 removed, 0 recycled; write=0.001 s, sync=0.003 s, total=0.005 s; sync files=9, longest=0.003 s, average=0.001 s; distance=5310 kB, estimate=5414 kB; lsn=0/59D35CA8, redo lsn=0/59D35C50
2026-10-06T12:47:51.6777586Z  2026-10-06 12:46:22.463 UTC [9042] ERROR:  canceling statement due to lock timeout
2026-10-06T12:47:51.6778119Z  2026-10-06 12:46:22.463 UTC [9042] CONTEXT:  while locking tuple (0,1) in relation "principal"
2026-10-06T12:47:51.6779322Z  2026-10-06 12:46:22.463 UTC [9042] STATEMENT:  SELECT auth.principal.id, auth.principal.kind, auth.principal.employment, auth.principal.display_name, auth.principal.primary_department, auth.principal.not_after, auth.principal.disabled_at, auth.principal.deleted_at 
2026-10-06T12:47:51.6780512Z  	FROM auth.principal 
2026-10-06T12:47:51.6780798Z  	WHERE auth.principal.id = $1::VARCHAR FOR UPDATE
2026-10-06T12:47:51.6781224Z  2026-10-06 12:46:22.483 UTC [73] LOG:  checkpoint starting: immediate force wait
2026-10-06T12:47:51.6782529Z  2026-10-06 12:46:22.486 UTC [73] LOG:  checkpoint complete: wrote 10 buffers (0.1%), wrote 1 SLRU buffers; 0 WAL file(s) added, 0 removed, 1 recycled; write=0.001 s, sync=0.001 s, total=0.003 s; sync files=7, longest=0.001 s, average=0.001 s; distance=5279 kB, estimate=5401 kB; lsn=0/5A25DA48, redo lsn=0/5A25D9F0
2026-10-06T12:47:51.6783779Z  2026-10-06 12:46:22.600 UTC [9056] FATAL:  role "root" does not exist
2026-10-06T12:47:51.6784231Z  2026-10-06 12:46:23.256 UTC [73] LOG:  checkpoint starting: immediate force wait
2026-10-06T12:47:51.6785386Z  2026-10-06 12:46:23.259 UTC [73] LOG:  checkpoint complete: wrote 13 buffers (0.1%), wrote 1 SLRU buffers; 0 WAL file(s) added, 0 removed, 0 recycled; write=0.001 s, sync=0.001 s, total=0.003 s; sync files=8, longest=0.001 s, average=0.001 s; distance=5305 kB, estimate=5391 kB; lsn=0/5A78BE88, redo lsn=0/5A78BE30
2026-10-06T12:47:51.6786550Z  2026-10-06 12:46:24.020 UTC [73] LOG:  checkpoint starting: immediate force wait
2026-10-06T12:47:51.6787716Z  2026-10-06 12:46:24.022 UTC [73] LOG:  checkpoint complete: wrote 13 buffers (0.1%), wrote 1 SLRU buffers; 0 WAL file(s) added, 0 removed, 0 recycled; write=0.001 s, sync=0.001 s, total=0.003 s; sync files=8, longest=0.001 s, average=0.001 s; distance=5304 kB, estimate=5383 kB; lsn=0/5ACB9F30, redo lsn=0/5ACB9ED8
2026-10-06T12:47:51.6788873Z  2026-10-06 12:46:24.805 UTC [73] LOG:  checkpoint starting: immediate force wait
2026-10-06T12:47:51.6790029Z  2026-10-06 12:46:24.808 UTC [73] LOG:  checkpoint complete: wrote 10 buffers (0.1%), wrote 1 SLRU buffers; 0 WAL file(s) added, 0 removed, 1 recycled; write=0.001 s, sync=0.001 s, total=0.003 s; sync files=7, longest=0.001 s, average=0.001 s; distance=5292 kB, estimate=5373 kB; lsn=0/5B1E5160, redo lsn=0/5B1E5108
2026-10-06T12:47:51.6791305Z  2026-10-06 12:46:25.636 UTC [73] LOG:  checkpoint starting: immediate force wait
2026-10-06T12:47:51.6792467Z  2026-10-06 12:46:25.638 UTC [73] LOG:  checkpoint complete: wrote 10 buffers (0.1%), wrote 1 SLRU buffers; 0 WAL file(s) added, 0 removed, 0 recycled; write=0.001 s, sync=0.001 s, total=0.003 s; sync files=7, longest=0.001 s, average=0.001 s; distance=5296 kB, estimate=5366 kB; lsn=0/5B711388, redo lsn=0/5B711330
2026-10-06T12:47:51.6793625Z  2026-10-06 12:46:26.445 UTC [73] LOG:  checkpoint starting: immediate force wait
2026-10-06T12:47:51.6794785Z  2026-10-06 12:46:26.448 UTC [73] LOG:  checkpoint complete: wrote 10 buffers (0.1%), wrote 1 SLRU buffers; 0 WAL file(s) added, 0 removed, 0 recycled; write=0.001 s, sync=0.001 s, total=0.003 s; sync files=7, longest=0.001 s, average=0.001 s; distance=5304 kB, estimate=5360 kB; lsn=0/5BC3F558, redo lsn=0/5BC3F500
2026-10-06T12:47:51.6795927Z  2026-10-06 12:46:27.683 UTC [9148] FATAL:  role "root" does not exist
2026-10-06T12:47:51.6796370Z  2026-10-06 12:46:28.525 UTC [73] LOG:  checkpoint starting: immediate force wait
2026-10-06T12:47:51.6797530Z  2026-10-06 12:46:28.528 UTC [73] LOG:  checkpoint complete: wrote 25 buffers (0.2%), wrote 1 SLRU buffers; 0 WAL file(s) added, 0 removed, 1 recycled; write=0.001 s, sync=0.001 s, total=0.003 s; sync files=9, longest=0.001 s, average=0.001 s; distance=13066 kB, estimate=13066 kB; lsn=0/5C902030, redo lsn=0/5C901FC0
2026-10-06T12:47:51.6798707Z  2026-10-06 12:46:30.513 UTC [73] LOG:  checkpoint starting: immediate force wait
2026-10-06T12:47:51.6799869Z  2026-10-06 12:46:30.516 UTC [73] LOG:  checkpoint complete: wrote 17 buffers (0.1%), wrote 1 SLRU buffers; 0 WAL file(s) added, 0 removed, 1 recycled; write=0.001 s, sync=0.001 s, total=0.003 s; sync files=8, longest=0.001 s, average=0.001 s; distance=13004 kB, estimate=13060 kB; lsn=0/5D5B50C0, redo lsn=0/5D5B5068
2026-10-06T12:47:51.6801146Z  2026-10-06 12:46:31.289 UTC [73] LOG:  checkpoint starting: immediate force wait
2026-10-06T12:47:51.6802298Z  2026-10-06 12:46:31.291 UTC [73] LOG:  checkpoint complete: wrote 8 buffers (0.0%), wrote 1 SLRU buffers; 0 WAL file(s) added, 0 removed, 0 recycled; write=0.001 s, sync=0.001 s, total=0.003 s; sync files=7, longest=0.001 s, average=0.001 s; distance=5290 kB, estimate=12283 kB; lsn=0/5DADFB00, redo lsn=0/5DADFAA8
2026-10-06T12:47:51.6803581Z  2026-10-06 12:46:32.063 UTC [73] LOG:  checkpoint starting: immediate force wait
2026-10-06T12:47:51.6804839Z  2026-10-06 12:46:32.066 UTC [73] LOG:  checkpoint complete: wrote 6 buffers (0.0%), wrote 1 SLRU buffers; 0 WAL file(s) added, 0 removed, 1 recycled; write=0.001 s, sync=0.001 s, total=0.004 s; sync files=7, longest=0.001 s, average=0.001 s; distance=5280 kB, estimate=11583 kB; lsn=0/5E007BC0, redo lsn=0/5E007B68
2026-10-06T12:47:51.6805976Z  2026-10-06 12:46:32.752 UTC [9215] FATAL:  role "root" does not exist
2026-10-06T12:47:51.6806417Z  2026-10-06 12:46:32.860 UTC [73] LOG:  checkpoint starting: immediate force wait
2026-10-06T12:47:51.6807570Z  2026-10-06 12:46:32.862 UTC [73] LOG:  checkpoint complete: wrote 7 buffers (0.0%), wrote 1 SLRU buffers; 0 WAL file(s) added, 0 removed, 0 recycled; write=0.001 s, sync=0.001 s, total=0.003 s; sync files=7, longest=0.001 s, average=0.001 s; distance=5286 kB, estimate=10953 kB; lsn=0/5E531630, redo lsn=0/5E5315D8
2026-10-06T12:47:51.6808733Z  2026-10-06 12:46:33.629 UTC [73] LOG:  checkpoint starting: immediate force wait
2026-10-06T12:47:51.6809886Z  2026-10-06 12:46:33.632 UTC [73] LOG:  checkpoint complete: wrote 6 buffers (0.0%), wrote 1 SLRU buffers; 0 WAL file(s) added, 0 removed, 0 recycled; write=0.001 s, sync=0.001 s, total=0.003 s; sync files=7, longest=0.001 s, average=0.001 s; distance=5284 kB, estimate=10386 kB; lsn=0/5EA5A8E8, redo lsn=0/5EA5A890
2026-10-06T12:47:51.6811199Z  2026-10-06 12:46:36.622 UTC [73] LOG:  checkpoint starting: immediate force wait
2026-10-06T12:47:51.6812362Z  2026-10-06 12:46:36.626 UTC [73] LOG:  checkpoint complete: wrote 46 buffers (0.3%), wrote 2 SLRU buffers; 0 WAL file(s) added, 0 removed, 1 recycled; write=0.001 s, sync=0.001 s, total=0.004 s; sync files=10, longest=0.001 s, average=0.001 s; distance=13200 kB, estimate=13200 kB; lsn=0/5F73ECC0, redo lsn=0/5F73EC68
2026-10-06T12:47:51.6813529Z  2026-10-06 12:46:37.822 UTC [9280] FATAL:  role "root" does not exist
2026-10-06T12:47:51.6813975Z  2026-10-06 12:46:38.740 UTC [73] LOG:  checkpoint starting: immediate force wait
2026-10-06T12:47:51.6815144Z  2026-10-06 12:46:38.744 UTC [73] LOG:  checkpoint complete: wrote 24 buffers (0.1%), wrote 1 SLRU buffers; 0 WAL file(s) added, 0 removed, 1 recycled; write=0.001 s, sync=0.001 s, total=0.004 s; sync files=10, longest=0.001 s, average=0.001 s; distance=13059 kB, estimate=13186 kB; lsn=0/603FFA68, redo lsn=0/603FFA10
2026-10-06T12:47:51.6816378Z  2026-10-06 12:46:39.229 UTC [9297] ERROR:  relation "gate.department" does not exist at character 57
2026-10-06T12:47:51.6816994Z  2026-10-06 12:46:39.229 UTC [9297] STATEMENT:  SELECT gate.department.slug, gate.department.name 
2026-10-06T12:47:51.6817454Z  	FROM gate.department 
2026-10-06T12:47:51.6817719Z  	WHERE gate.department.deleted_at IS NULL
2026-10-06T12:47:51.6818187Z  2026-10-06 12:46:39.245 UTC [9298] ERROR:  relation "obs.audit_entry" does not exist at character 127
2026-10-06T12:47:51.6819044Z  2026-10-06 12:46:39.245 UTC [9298] STATEMENT:  SELECT DISTINCT ON (obs.audit_entry.subject) obs.audit_entry.subject, obs.audit_entry.actor_id, obs.audit_entry.details 
2026-10-06T12:47:51.6819720Z  	FROM obs.audit_entry 
2026-10-06T12:47:51.6820639Z  	WHERE obs.audit_entry.action = $1::VARCHAR AND obs.audit_entry.subject IN (NULL) AND (1 != 1) AND (obs.audit_entry.details ->> $2::TEXT) IN ($3::VARCHAR, $4::VARCHAR) ORDER BY obs.audit_entry.subject, obs.audit_entry.seq DESC
2026-10-06T12:47:51.6821649Z  2026-10-06 12:46:39.259 UTC [9299] ERROR:  relation "obs.audit_entry" does not exist at character 127
2026-10-06T12:47:51.6822492Z  2026-10-06 12:46:39.259 UTC [9299] STATEMENT:  SELECT DISTINCT ON (obs.audit_entry.subject) obs.audit_entry.subject, obs.audit_entry.actor_id, obs.audit_entry.details 
2026-10-06T12:47:51.6823171Z  	FROM obs.audit_entry 
2026-10-06T12:47:51.6823953Z  	WHERE obs.audit_entry.action = $1::VARCHAR AND obs.audit_entry.subject IN (NULL) AND (1 != 1) AND (obs.audit_entry.details ->> $2::TEXT) IN ($3::VARCHAR, $4::VARCHAR) ORDER BY obs.audit_entry.subject, obs.audit_entry.seq DESC
2026-10-06T12:47:51.6825212Z  2026-10-06 12:46:39.290 UTC [9301] ERROR:  relation "gate.department_lead" does not exist at character 70
2026-10-06T12:47:51.6825907Z  2026-10-06 12:46:39.290 UTC [9301] STATEMENT:  SELECT gate.department_lead.principal_id, gate.department.slug 
2026-10-06T12:47:51.6826636Z  	FROM gate.department_lead JOIN gate.department ON gate.department.id = gate.department_lead.department_id 
2026-10-06T12:47:51.6827625Z  	WHERE gate.department_lead.ended_at IS NULL AND gate.department.deleted_at IS NULL AND (gate.department_lead.principal_id NOT IN (SELECT DISTINCT auth.principal_identity.principal_id 
2026-10-06T12:47:51.6828849Z  	FROM auth.principal_identity JOIN auth.staff_member ON auth.staff_member.address_hash = auth.principal_identity.identity_hash AND auth.principal_identity.channel = $1::VARCHAR 
2026-10-06T12:47:51.6829974Z  	WHERE auth.staff_member.left_at IS NOT NULL AND auth.principal_identity.deleted_at IS NULL)) ORDER BY gate.department_lead.principal_id, gate.department.slug
2026-10-06T12:47:51.6830945Z  2026-10-06 12:46:39.300 UTC [9302] ERROR:  relation "gate.capability_pack" does not exist at character 73
2026-10-06T12:47:51.6831633Z  2026-10-06 12:46:39.300 UTC [9302] STATEMENT:  SELECT gate.capability_pack.id, gate.capability_pack.capabilities 
2026-10-06T12:47:51.6832142Z  	FROM gate.capability_pack 
2026-10-06T12:47:51.6832564Z  	WHERE gate.capability_pack.name = $1::VARCHAR AND gate.capability_pack.deleted_at IS NULL
2026-10-06T12:47:51.6833193Z  2026-10-06 12:46:39.322 UTC [9304] ERROR:  relation "gate.team_membership" does not exist at character 127
2026-10-06T12:47:51.6834056Z  2026-10-06 12:46:39.322 UTC [9304] STATEMENT:  SELECT gate.department.slug, gate.team.slug AS slug_1, gate.team_membership.principal_id, gate.team_membership.added_by 
2026-10-06T12:47:51.6835112Z  	FROM gate.team_membership JOIN gate.team ON gate.team.id = gate.team_membership.team_id JOIN gate.department ON gate.department.id = gate.team.department_id 
2026-10-06T12:47:51.6835810Z  	WHERE gate.team_membership.ended_at IS NULL
2026-10-06T12:47:51.6836285Z  2026-10-06 12:46:39.357 UTC [9306] ERROR:  relation "gate.department" does not exist at character 57
2026-10-06T12:47:51.6836899Z  2026-10-06 12:46:39.357 UTC [9306] STATEMENT:  SELECT gate.department.slug, gate.department.name 
2026-10-06T12:47:51.6837353Z  	FROM gate.department 
2026-10-06T12:47:51.6837615Z  	WHERE gate.department.deleted_at IS NULL
2026-10-06T12:47:51.6838077Z  2026-10-06 12:46:39.373 UTC [9307] ERROR:  relation "obs.audit_entry" does not exist at character 127
2026-10-06T12:47:51.6838915Z  2026-10-06 12:46:39.373 UTC [9307] STATEMENT:  SELECT DISTINCT ON (obs.audit_entry.subject) obs.audit_entry.subject, obs.audit_entry.actor_id, obs.audit_entry.details 
2026-10-06T12:47:51.6839594Z  	FROM obs.audit_entry 
2026-10-06T12:47:51.6840496Z  	WHERE obs.audit_entry.action = $1::VARCHAR AND obs.audit_entry.subject IN (NULL) AND (1 != 1) AND (obs.audit_entry.details ->> $2::TEXT) IN ($3::VARCHAR, $4::VARCHAR) ORDER BY obs.audit_entry.subject, obs.audit_entry.seq DESC
2026-10-06T12:47:51.6841508Z  2026-10-06 12:46:39.387 UTC [9308] ERROR:  relation "obs.audit_entry" does not exist at character 127
2026-10-06T12:47:51.6842362Z  2026-10-06 12:46:39.387 UTC [9308] STATEMENT:  SELECT DISTINCT ON (obs.audit_entry.subject) obs.audit_entry.subject, obs.audit_entry.actor_id, obs.audit_entry.details 
2026-10-06T12:47:51.6843040Z  	FROM obs.audit_entry 
2026-10-06T12:47:51.6843819Z  	WHERE obs.audit_entry.action = $1::VARCHAR AND obs.audit_entry.subject IN (NULL) AND (1 != 1) AND (obs.audit_entry.details ->> $2::TEXT) IN ($3::VARCHAR, $4::VARCHAR) ORDER BY obs.audit_entry.subject, obs.audit_entry.seq DESC
2026-10-06T12:47:51.6844844Z  2026-10-06 12:46:39.421 UTC [9310] ERROR:  relation "gate.department_lead" does not exist at character 70
2026-10-06T12:47:51.6845523Z  2026-10-06 12:46:39.421 UTC [9310] STATEMENT:  SELECT gate.department_lead.principal_id, gate.department.slug 
2026-10-06T12:47:51.6846506Z  	FROM gate.department_lead JOIN gate.department ON gate.department.id = gate.department_lead.department_id 
2026-10-06T12:47:51.6847495Z  	WHERE gate.department_lead.ended_at IS NULL AND gate.department.deleted_at IS NULL AND (gate.department_lead.principal_id NOT IN (SELECT DISTINCT auth.principal_identity.principal_id 
2026-10-06T12:47:51.6848720Z  	FROM auth.principal_identity JOIN auth.staff_member ON auth.staff_member.address_hash = auth.principal_identity.identity_hash AND auth.principal_identity.channel = $1::VARCHAR 
2026-10-06T12:47:51.6849869Z  	WHERE auth.staff_member.left_at IS NOT NULL AND auth.principal_identity.deleted_at IS NULL)) ORDER BY gate.department_lead.principal_id, gate.department.slug
2026-10-06T12:47:51.6850852Z  2026-10-06 12:46:39.432 UTC [9311] ERROR:  relation "gate.capability_pack" does not exist at character 73
2026-10-06T12:47:51.6851539Z  2026-10-06 12:46:39.432 UTC [9311] STATEMENT:  SELECT gate.capability_pack.id, gate.capability_pack.capabilities 
2026-10-06T12:47:51.6852058Z  	FROM gate.capability_pack 
2026-10-06T12:47:51.6852488Z  	WHERE gate.capability_pack.name = $1::VARCHAR AND gate.capability_pack.deleted_at IS NULL
2026-10-06T12:47:51.6853117Z  2026-10-06 12:46:39.454 UTC [9313] ERROR:  relation "gate.team_membership" does not exist at character 127
2026-10-06T12:47:51.6853986Z  2026-10-06 12:46:39.454 UTC [9313] STATEMENT:  SELECT gate.department.slug, gate.team.slug AS slug_1, gate.team_membership.principal_id, gate.team_membership.added_by 
2026-10-06T12:47:51.6855040Z  	FROM gate.team_membership JOIN gate.team ON gate.team.id = gate.team_membership.team_id JOIN gate.department ON gate.department.id = gate.team.department_id 
2026-10-06T12:47:51.6855728Z  	WHERE gate.team_membership.ended_at IS NULL
2026-10-06T12:47:51.6856139Z  2026-10-06 12:46:39.506 UTC [73] LOG:  checkpoint starting: immediate force wait
2026-10-06T12:47:51.6857321Z  2026-10-06 12:46:39.508 UTC [73] LOG:  checkpoint complete: wrote 8 buffers (0.0%), wrote 1 SLRU buffers; 0 WAL file(s) added, 0 removed, 0 recycled; write=0.001 s, sync=0.001 s, total=0.003 s; sync files=8, longest=0.001 s, average=0.001 s; distance=4637 kB, estimate=12331 kB; lsn=0/60887068, redo lsn=0/60887010
2026-10-06T12:47:51.6858562Z  2026-10-06 12:46:39.650 UTC [9323] ERROR:  relation "gate.department" does not exist at character 57
2026-10-06T12:47:51.6859182Z  2026-10-06 12:46:39.650 UTC [9323] STATEMENT:  SELECT gate.department.slug, gate.department.name 
2026-10-06T12:47:51.6859634Z  	FROM gate.department 
2026-10-06T12:47:51.6859898Z  	WHERE gate.department.deleted_at IS NULL
2026-10-06T12:47:51.6860498Z  2026-10-06 12:46:39.670 UTC [9324] ERROR:  relation "obs.audit_entry" does not exist at character 127
2026-10-06T12:47:51.6861343Z  2026-10-06 12:46:39.670 UTC [9324] STATEMENT:  SELECT DISTINCT ON (obs.audit_entry.subject) obs.audit_entry.subject, obs.audit_entry.actor_id, obs.audit_entry.details 
2026-10-06T12:47:51.6862019Z  	FROM obs.audit_entry 
2026-10-06T12:47:51.6862811Z  	WHERE obs.audit_entry.action = $1::VARCHAR AND obs.audit_entry.subject IN (NULL) AND (1 != 1) AND (obs.audit_entry.details ->> $2::TEXT) IN ($3::VARCHAR, $4::VARCHAR) ORDER BY obs.audit_entry.subject, obs.audit_entry.seq DESC
2026-10-06T12:47:51.6863812Z  2026-10-06 12:46:39.684 UTC [9325] ERROR:  relation "obs.audit_entry" does not exist at character 127
2026-10-06T12:47:51.6864652Z  2026-10-06 12:46:39.684 UTC [9325] STATEMENT:  SELECT DISTINCT ON (obs.audit_entry.subject) obs.audit_entry.subject, obs.audit_entry.actor_id, obs.audit_entry.details 
2026-10-06T12:47:51.6865317Z  	FROM obs.audit_entry 
2026-10-06T12:47:51.6866104Z  	WHERE obs.audit_entry.action = $1::VARCHAR AND obs.audit_entry.subject IN (NULL) AND (1 != 1) AND (obs.audit_entry.details ->> $2::TEXT) IN ($3::VARCHAR, $4::VARCHAR) ORDER BY obs.audit_entry.subject, obs.audit_entry.seq DESC
2026-10-06T12:47:51.6867133Z  2026-10-06 12:46:39.716 UTC [9327] ERROR:  relation "gate.department_lead" does not exist at character 70
2026-10-06T12:47:51.6867938Z  2026-10-06 12:46:39.716 UTC [9327] STATEMENT:  SELECT gate.department_lead.principal_id, gate.department.slug 
2026-10-06T12:47:51.6868763Z  	FROM gate.department_lead JOIN gate.department ON gate.department.id = gate.department_lead.department_id 
2026-10-06T12:47:51.6869758Z  	WHERE gate.department_lead.ended_at IS NULL AND gate.department.deleted_at IS NULL AND (gate.department_lead.principal_id NOT IN (SELECT DISTINCT auth.principal_identity.principal_id 
2026-10-06T12:47:51.6871092Z  	FROM auth.principal_identity JOIN auth.staff_member ON auth.staff_member.address_hash = auth.principal_identity.identity_hash AND auth.principal_identity.channel = $1::VARCHAR 
2026-10-06T12:47:51.6872228Z  	WHERE auth.staff_member.left_at IS NOT NULL AND auth.principal_identity.deleted_at IS NULL)) ORDER BY gate.department_lead.principal_id, gate.department.slug
2026-10-06T12:47:51.6873078Z  2026-10-06 12:46:39.726 UTC [9328] ERROR:  relation "gate.capability_pack" does not exist at character 73
2026-10-06T12:47:51.6873759Z  2026-10-06 12:46:39.726 UTC [9328] STATEMENT:  SELECT gate.capability_pack.id, gate.capability_pack.capabilities 
2026-10-06T12:47:51.6874272Z  	FROM gate.capability_pack 
2026-10-06T12:47:51.6874691Z  	WHERE gate.capability_pack.name = $1::VARCHAR AND gate.capability_pack.deleted_at IS NULL
2026-10-06T12:47:51.6875316Z  2026-10-06 12:46:39.750 UTC [9330] ERROR:  relation "gate.team_membership" does not exist at character 127
2026-10-06T12:47:51.6876189Z  2026-10-06 12:46:39.750 UTC [9330] STATEMENT:  SELECT gate.department.slug, gate.team.slug AS slug_1, gate.team_membership.principal_id, gate.team_membership.added_by 
2026-10-06T12:47:51.6877248Z  	FROM gate.team_membership JOIN gate.team ON gate.team.id = gate.team_membership.team_id JOIN gate.department ON gate.department.id = gate.team.department_id 
2026-10-06T12:47:51.6877945Z  	WHERE gate.team_membership.ended_at IS NULL
2026-10-06T12:47:51.6878355Z  2026-10-06 12:46:39.783 UTC [73] LOG:  checkpoint starting: immediate force wait
2026-10-06T12:47:51.6879544Z  2026-10-06 12:46:39.785 UTC [73] LOG:  checkpoint complete: wrote 8 buffers (0.0%), wrote 1 SLRU buffers; 0 WAL file(s) added, 0 removed, 0 recycled; write=0.001 s, sync=0.001 s, total=0.003 s; sync files=8, longest=0.001 s, average=0.001 s; distance=4636 kB, estimate=11562 kB; lsn=0/60D0E340, redo lsn=0/60D0E2E8
2026-10-06T12:47:51.6880906Z  2026-10-06 12:46:39.960 UTC [9342] ERROR:  relation "gate.department" does not exist at character 57
2026-10-06T12:47:51.6881526Z  2026-10-06 12:46:39.960 UTC [9342] STATEMENT:  SELECT gate.department.slug, gate.department.name 
2026-10-06T12:47:51.6881979Z  	FROM gate.department 
2026-10-06T12:47:51.6882240Z  	WHERE gate.department.deleted_at IS NULL
2026-10-06T12:47:51.6882699Z  2026-10-06 12:46:39.977 UTC [9343] ERROR:  relation "obs.audit_entry" does not exist at character 127
2026-10-06T12:47:51.6883538Z  2026-10-06 12:46:39.977 UTC [9343] STATEMENT:  SELECT DISTINCT ON (obs.audit_entry.subject) obs.audit_entry.subject, obs.audit_entry.actor_id, obs.audit_entry.details 
2026-10-06T12:47:51.6884232Z  	FROM obs.audit_entry 
2026-10-06T12:47:51.6885010Z  	WHERE obs.audit_entry.action = $1::VARCHAR AND obs.audit_entry.subject IN ($2::VARCHAR) AND (obs.audit_entry.details ->> $3::TEXT) IN ($4::VARCHAR, $5::VARCHAR) ORDER BY obs.audit_entry.subject, obs.audit_entry.seq DESC
2026-10-06T12:47:51.6886010Z  2026-10-06 12:46:39.992 UTC [9344] ERROR:  relation "obs.audit_entry" does not exist at character 127
2026-10-06T12:47:51.6886852Z  2026-10-06 12:46:39.992 UTC [9344] STATEMENT:  SELECT DISTINCT ON (obs.audit_entry.subject) obs.audit_entry.subject, obs.audit_entry.actor_id, obs.audit_entry.details 
2026-10-06T12:47:51.6887521Z  	FROM obs.audit_entry 
2026-10-06T12:47:51.6888291Z  	WHERE obs.audit_entry.action = $1::VARCHAR AND obs.audit_entry.subject IN ($2::VARCHAR) AND (obs.audit_entry.details ->> $3::TEXT) IN ($4::VARCHAR, $5::VARCHAR) ORDER BY obs.audit_entry.subject, obs.audit_entry.seq DESC
2026-10-06T12:47:51.6889448Z  2026-10-06 12:46:40.024 UTC [9346] ERROR:  relation "gate.department_lead" does not exist at character 70
2026-10-06T12:47:51.6890226Z  2026-10-06 12:46:40.024 UTC [9346] STATEMENT:  SELECT gate.department_lead.principal_id, gate.department.slug 
2026-10-06T12:47:51.6891070Z  	FROM gate.department_lead JOIN gate.department ON gate.department.id = gate.department_lead.department_id 
2026-10-06T12:47:51.6892060Z  	WHERE gate.department_lead.ended_at IS NULL AND gate.department.deleted_at IS NULL AND (gate.department_lead.principal_id NOT IN (SELECT DISTINCT auth.principal_identity.principal_id 
2026-10-06T12:47:51.6893279Z  	FROM auth.principal_identity JOIN auth.staff_member ON auth.staff_member.address_hash = auth.principal_identity.identity_hash AND auth.principal_identity.channel = $1::VARCHAR 
2026-10-06T12:47:51.6894410Z  	WHERE auth.staff_member.left_at IS NOT NULL AND auth.principal_identity.deleted_at IS NULL)) ORDER BY gate.department_lead.principal_id, gate.department.slug
2026-10-06T12:47:51.6895268Z  2026-10-06 12:46:40.034 UTC [9347] ERROR:  relation "gate.capability_pack" does not exist at character 73
2026-10-06T12:47:51.6895961Z  2026-10-06 12:46:40.034 UTC [9347] STATEMENT:  SELECT gate.capability_pack.id, gate.capability_pack.capabilities 
2026-10-06T12:47:51.6896475Z  	FROM gate.capability_pack 
2026-10-06T12:47:51.6896890Z  	WHERE gate.capability_pack.name = $1::VARCHAR AND gate.capability_pack.deleted_at IS NULL
2026-10-06T12:47:51.6897519Z  2026-10-06 12:46:40.056 UTC [9349] ERROR:  relation "gate.team_membership" does not exist at character 127
2026-10-06T12:47:51.6898390Z  2026-10-06 12:46:40.056 UTC [9349] STATEMENT:  SELECT gate.department.slug, gate.team.slug AS slug_1, gate.team_membership.principal_id, gate.team_membership.added_by 
2026-10-06T12:47:51.6899443Z  	FROM gate.team_membership JOIN gate.team ON gate.team.id = gate.team_membership.team_id JOIN gate.department ON gate.department.id = gate.team.department_id 
2026-10-06T12:47:51.6900138Z  	WHERE gate.team_membership.ended_at IS NULL
2026-10-06T12:47:51.6901025Z  2026-10-06 12:46:40.106 UTC [9352] ERROR:  relation "gate.department" does not exist at character 57
2026-10-06T12:47:51.6902205Z  2026-10-06 12:46:40.106 UTC [9352] STATEMENT:  SELECT gate.department.slug, gate.department.name 
2026-10-06T12:47:51.6902974Z  	FROM gate.department 
2026-10-06T12:47:51.6903375Z  	WHERE gate.department.deleted_at IS NULL
2026-10-06T12:47:51.6903849Z  2026-10-06 12:46:40.122 UTC [9353] ERROR:  relation "obs.audit_entry" does not exist at character 127
2026-10-06T12:47:51.6904700Z  2026-10-06 12:46:40.122 UTC [9353] STATEMENT:  SELECT DISTINCT ON (obs.audit_entry.subject) obs.audit_entry.subject, obs.audit_entry.actor_id, obs.audit_entry.details 
2026-10-06T12:47:51.6905378Z  	FROM obs.audit_entry 
2026-10-06T12:47:51.6906161Z  	WHERE obs.audit_entry.action = $1::VARCHAR AND obs.audit_entry.subject IN ($2::VARCHAR) AND (obs.audit_entry.details ->> $3::TEXT) IN ($4::VARCHAR, $5::VARCHAR) ORDER BY obs.audit_entry.subject, obs.audit_entry.seq DESC
2026-10-06T12:47:51.6907168Z  2026-10-06 12:46:40.135 UTC [9354] ERROR:  relation "obs.audit_entry" does not exist at character 127
2026-10-06T12:47:51.6908011Z  2026-10-06 12:46:40.135 UTC [9354] STATEMENT:  SELECT DISTINCT ON (obs.audit_entry.subject) obs.audit_entry.subject, obs.audit_entry.actor_id, obs.audit_entry.details 
2026-10-06T12:47:51.6908692Z  	FROM obs.audit_entry 
2026-10-06T12:47:51.6909463Z  	WHERE obs.audit_entry.action = $1::VARCHAR AND obs.audit_entry.subject IN ($2::VARCHAR) AND (obs.audit_entry.details ->> $3::TEXT) IN ($4::VARCHAR, $5::VARCHAR) ORDER BY obs.audit_entry.subject, obs.audit_entry.seq DESC
2026-10-06T12:47:51.6910737Z  2026-10-06 12:46:40.167 UTC [9356] ERROR:  relation "gate.department_lead" does not exist at character 70
2026-10-06T12:47:51.6911428Z  2026-10-06 12:46:40.167 UTC [9356] STATEMENT:  SELECT gate.department_lead.principal_id, gate.department.slug 
2026-10-06T12:47:51.6912153Z  	FROM gate.department_lead JOIN gate.department ON gate.department.id = gate.department_lead.department_id 
2026-10-06T12:47:51.6913450Z  	WHERE gate.department_lead.ended_at IS NULL AND gate.department.deleted_at IS NULL AND (gate.department_lead.principal_id NOT IN (SELECT DISTINCT auth.principal_identity.principal_id 
2026-10-06T12:47:51.6914684Z  	FROM auth.principal_identity JOIN auth.staff_member ON auth.staff_member.address_hash = auth.principal_identity.identity_hash AND auth.principal_identity.channel = $1::VARCHAR 
2026-10-06T12:47:51.6915814Z  	WHERE auth.staff_member.left_at IS NOT NULL AND auth.principal_identity.deleted_at IS NULL)) ORDER BY gate.department_lead.principal_id, gate.department.slug
2026-10-06T12:47:51.6916667Z  2026-10-06 12:46:40.178 UTC [9357] ERROR:  relation "gate.capability_pack" does not exist at character 73
2026-10-06T12:47:51.6917353Z  2026-10-06 12:46:40.178 UTC [9357] STATEMENT:  SELECT gate.capability_pack.id, gate.capability_pack.capabilities 
2026-10-06T12:47:51.6917862Z  	FROM gate.capability_pack 
2026-10-06T12:47:51.6918283Z  	WHERE gate.capability_pack.name = $1::VARCHAR AND gate.capability_pack.deleted_at IS NULL
2026-10-06T12:47:51.6918922Z  2026-10-06 12:46:40.198 UTC [9359] ERROR:  relation "gate.team_membership" does not exist at character 127
2026-10-06T12:47:51.6919784Z  2026-10-06 12:46:40.198 UTC [9359] STATEMENT:  SELECT gate.department.slug, gate.team.slug AS slug_1, gate.team_membership.principal_id, gate.team_membership.added_by 
2026-10-06T12:47:51.6920975Z  	FROM gate.team_membership JOIN gate.team ON gate.team.id = gate.team_membership.team_id JOIN gate.department ON gate.department.id = gate.team.department_id 
2026-10-06T12:47:51.6921671Z  	WHERE gate.team_membership.ended_at IS NULL
2026-10-06T12:47:51.6922073Z  2026-10-06 12:46:40.227 UTC [73] LOG:  checkpoint starting: immediate force wait
2026-10-06T12:47:51.6923256Z  2026-10-06 12:46:40.229 UTC [73] LOG:  checkpoint complete: wrote 8 buffers (0.0%), wrote 1 SLRU buffers; 0 WAL file(s) added, 0 removed, 1 recycled; write=0.001 s, sync=0.001 s, total=0.003 s; sync files=8, longest=0.001 s, average=0.001 s; distance=4640 kB, estimate=10870 kB; lsn=0/61196570, redo lsn=0/61196518
2026-10-06T12:47:51.6924512Z  2026-10-06 12:46:40.414 UTC [9372] ERROR:  relation "gate.department" does not exist at character 57
2026-10-06T12:47:51.6925125Z  2026-10-06 12:46:40.414 UTC [9372] STATEMENT:  SELECT gate.department.slug, gate.department.name 
2026-10-06T12:47:51.6925580Z  	FROM gate.department 
2026-10-06T12:47:51.6925840Z  	WHERE gate.department.deleted_at IS NULL
2026-10-06T12:47:51.6926306Z  2026-10-06 12:46:40.429 UTC [9373] ERROR:  relation "obs.audit_entry" does not exist at character 127
2026-10-06T12:47:51.6927147Z  2026-10-06 12:46:40.429 UTC [9373] STATEMENT:  SELECT DISTINCT ON (obs.audit_entry.subject) obs.audit_entry.subject, obs.audit_entry.actor_id, obs.audit_entry.details 
2026-10-06T12:47:51.6927962Z  	FROM obs.audit_entry 
2026-10-06T12:47:51.6929017Z  	WHERE obs.audit_entry.action = $1::VARCHAR AND obs.audit_entry.subject IN ($2::VARCHAR) AND (obs.audit_entry.details ->> $3::TEXT) IN ($4::VARCHAR, $5::VARCHAR) ORDER BY obs.audit_entry.subject, obs.audit_entry.seq DESC
2026-10-06T12:47:51.6930039Z  2026-10-06 12:46:40.443 UTC [9374] ERROR:  relation "obs.audit_entry" does not exist at character 127
2026-10-06T12:47:51.6931002Z  2026-10-06 12:46:40.443 UTC [9374] STATEMENT:  SELECT DISTINCT ON (obs.audit_entry.subject) obs.audit_entry.subject, obs.audit_entry.actor_id, obs.audit_entry.details 
2026-10-06T12:47:51.6931679Z  	FROM obs.audit_entry 
2026-10-06T12:47:51.6932451Z  	WHERE obs.audit_entry.action = $1::VARCHAR AND obs.audit_entry.subject IN ($2::VARCHAR) AND (obs.audit_entry.details ->> $3::TEXT) IN ($4::VARCHAR, $5::VARCHAR) ORDER BY obs.audit_entry.subject, obs.audit_entry.seq DESC
2026-10-06T12:47:51.6933461Z  2026-10-06 12:46:40.474 UTC [9376] ERROR:  relation "gate.department_lead" does not exist at character 70
2026-10-06T12:47:51.6934146Z  2026-10-06 12:46:40.474 UTC [9376] STATEMENT:  SELECT gate.department_lead.principal_id, gate.department.slug 
2026-10-06T12:47:51.6935023Z  	FROM gate.department_lead JOIN gate.department ON gate.department.id = gate.department_lead.department_id 
2026-10-06T12:47:51.6936116Z  	WHERE gate.department_lead.ended_at IS NULL AND gate.department.deleted_at IS NULL AND (gate.department_lead.principal_id NOT IN (SELECT DISTINCT auth.principal_identity.principal_id 
2026-10-06T12:47:51.6937351Z  	FROM auth.principal_identity JOIN auth.staff_member ON auth.staff_member.address_hash = auth.principal_identity.identity_hash AND auth.principal_identity.channel = $1::VARCHAR 
2026-10-06T12:47:51.6938477Z  	WHERE auth.staff_member.left_at IS NOT NULL AND auth.principal_identity.deleted_at IS NULL)) ORDER BY gate.department_lead.principal_id, gate.department.slug
2026-10-06T12:47:51.6939335Z  2026-10-06 12:46:40.484 UTC [9377] ERROR:  relation "gate.capability_pack" does not exist at character 73
2026-10-06T12:47:51.6940028Z  2026-10-06 12:46:40.484 UTC [9377] STATEMENT:  SELECT gate.capability_pack.id, gate.capability_pack.capabilities 
2026-10-06T12:47:51.6940667Z  	FROM gate.capability_pack 
2026-10-06T12:47:51.6941096Z  	WHERE gate.capability_pack.name = $1::VARCHAR AND gate.capability_pack.deleted_at IS NULL
2026-10-06T12:47:51.6941725Z  2026-10-06 12:46:40.506 UTC [9379] ERROR:  relation "gate.team_membership" does not exist at character 127
2026-10-06T12:47:51.6942585Z  2026-10-06 12:46:40.506 UTC [9379] STATEMENT:  SELECT gate.department.slug, gate.team.slug AS slug_1, gate.team_membership.principal_id, gate.team_membership.added_by 
2026-10-06T12:47:51.6943638Z  	FROM gate.team_membership JOIN gate.team ON gate.team.id = gate.team_membership.team_id JOIN gate.department ON gate.department.id = gate.team.department_id 
2026-10-06T12:47:51.6944334Z  	WHERE gate.team_membership.ended_at IS NULL
2026-10-06T12:47:51.6944796Z  2026-10-06 12:46:40.548 UTC [9382] ERROR:  relation "gate.department" does not exist at character 57
2026-10-06T12:47:51.6945411Z  2026-10-06 12:46:40.548 UTC [9382] STATEMENT:  SELECT gate.department.slug, gate.department.name 
2026-10-06T12:47:51.6945868Z  	FROM gate.department 
2026-10-06T12:47:51.6946132Z  	WHERE gate.department.deleted_at IS NULL
2026-10-06T12:47:51.6946594Z  2026-10-06 12:46:40.562 UTC [9383] ERROR:  relation "obs.audit_entry" does not exist at character 127
2026-10-06T12:47:51.6947433Z  2026-10-06 12:46:40.562 UTC [9383] STATEMENT:  SELECT DISTINCT ON (obs.audit_entry.subject) obs.audit_entry.subject, obs.audit_entry.actor_id, obs.audit_entry.details 
2026-10-06T12:47:51.6948108Z  	FROM obs.audit_entry 
2026-10-06T12:47:51.6948878Z  	WHERE obs.audit_entry.action = $1::VARCHAR AND obs.audit_entry.subject IN ($2::VARCHAR) AND (obs.audit_entry.details ->> $3::TEXT) IN ($4::VARCHAR, $5::VARCHAR) ORDER BY obs.audit_entry.subject, obs.audit_entry.seq DESC
2026-10-06T12:47:51.6949870Z  2026-10-06 12:46:40.576 UTC [9384] ERROR:  relation "obs.audit_entry" does not exist at character 127
2026-10-06T12:47:51.6951045Z  2026-10-06 12:46:40.576 UTC [9384] STATEMENT:  SELECT DISTINCT ON (obs.audit_entry.subject) obs.audit_entry.subject, obs.audit_entry.actor_id, obs.audit_entry.details 
2026-10-06T12:47:51.6951802Z  	FROM obs.audit_entry 
2026-10-06T12:47:51.6952829Z  	WHERE obs.audit_entry.action = $1::VARCHAR AND obs.audit_entry.subject IN ($2::VARCHAR) AND (obs.audit_entry.details ->> $3::TEXT) IN ($4::VARCHAR, $5::VARCHAR) ORDER BY obs.audit_entry.subject, obs.audit_entry.seq DESC
2026-10-06T12:47:51.6954118Z  2026-10-06 12:46:40.609 UTC [9386] ERROR:  relation "gate.department_lead" does not exist at character 70
2026-10-06T12:47:51.6954994Z  2026-10-06 12:46:40.609 UTC [9386] STATEMENT:  SELECT gate.department_lead.principal_id, gate.department.slug 
2026-10-06T12:47:51.6955731Z  	FROM gate.department_lead JOIN gate.department ON gate.department.id = gate.department_lead.department_id 
2026-10-06T12:47:51.6956724Z  	WHERE gate.department_lead.ended_at IS NULL AND gate.department.deleted_at IS NULL AND (gate.department_lead.principal_id NOT IN (SELECT DISTINCT auth.principal_identity.principal_id 
2026-10-06T12:47:51.6958204Z  	FROM auth.principal_identity JOIN auth.staff_member ON auth.staff_member.address_hash = auth.principal_identity.identity_hash AND auth.principal_identity.channel = $1::VARCHAR 
2026-10-06T12:47:51.6959351Z  	WHERE auth.staff_member.left_at IS NOT NULL AND auth.principal_identity.deleted_at IS NULL)) ORDER BY gate.department_lead.principal_id, gate.department.slug
2026-10-06T12:47:51.6960210Z  2026-10-06 12:46:40.619 UTC [9387] ERROR:  relation "gate.capability_pack" does not exist at character 73
2026-10-06T12:47:51.6961152Z  2026-10-06 12:46:40.619 UTC [9387] STATEMENT:  SELECT gate.capability_pack.id, gate.capability_pack.capabilities 
2026-10-06T12:47:51.6961673Z  	FROM gate.capability_pack 
2026-10-06T12:47:51.6962103Z  	WHERE gate.capability_pack.name = $1::VARCHAR AND gate.capability_pack.deleted_at IS NULL
2026-10-06T12:47:51.6962740Z  2026-10-06 12:46:40.640 UTC [9389] ERROR:  relation "gate.team_membership" does not exist at character 127
2026-10-06T12:47:51.6963615Z  2026-10-06 12:46:40.640 UTC [9389] STATEMENT:  SELECT gate.department.slug, gate.team.slug AS slug_1, gate.team_membership.principal_id, gate.team_membership.added_by 
2026-10-06T12:47:51.6964694Z  	FROM gate.team_membership JOIN gate.team ON gate.team.id = gate.team_membership.team_id JOIN gate.department ON gate.department.id = gate.team.department_id 
2026-10-06T12:47:51.6965397Z  	WHERE gate.team_membership.ended_at IS NULL
2026-10-06T12:47:51.6965807Z  2026-10-06 12:46:40.658 UTC [73] LOG:  checkpoint starting: immediate force wait
2026-10-06T12:47:51.6967003Z  2026-10-06 12:46:40.660 UTC [73] LOG:  checkpoint complete: wrote 8 buffers (0.0%), wrote 1 SLRU buffers; 0 WAL file(s) added, 0 removed, 0 recycled; write=0.001 s, sync=0.001 s, total=0.003 s; sync files=8, longest=0.001 s, average=0.001 s; distance=4643 kB, estimate=10247 kB; lsn=0/6161F230, redo lsn=0/6161F1D8
2026-10-06T12:47:51.6968239Z  2026-10-06 12:46:40.804 UTC [9397] ERROR:  relation "gate.department" does not exist at character 57
2026-10-06T12:47:51.6968863Z  2026-10-06 12:46:40.804 UTC [9397] STATEMENT:  SELECT gate.department.slug, gate.department.name 
2026-10-06T12:47:51.6969317Z  	FROM gate.department 
2026-10-06T12:47:51.6969592Z  	WHERE gate.department.deleted_at IS NULL
2026-10-06T12:47:51.6970057Z  2026-10-06 12:46:40.820 UTC [9398] ERROR:  relation "obs.audit_entry" does not exist at character 127
2026-10-06T12:47:51.6971096Z  2026-10-06 12:46:40.820 UTC [9398] STATEMENT:  SELECT DISTINCT ON (obs.audit_entry.subject) obs.audit_entry.subject, obs.audit_entry.actor_id, obs.audit_entry.details 
2026-10-06T12:47:51.6971774Z  	FROM obs.audit_entry 
2026-10-06T12:47:51.6972562Z  	WHERE obs.audit_entry.action = $1::VARCHAR AND obs.audit_entry.subject IN (NULL) AND (1 != 1) AND (obs.audit_entry.details ->> $2::TEXT) IN ($3::VARCHAR, $4::VARCHAR) ORDER BY obs.audit_entry.subject, obs.audit_entry.seq DESC
2026-10-06T12:47:51.6973570Z  2026-10-06 12:46:40.834 UTC [9399] ERROR:  relation "obs.audit_entry" does not exist at character 127
2026-10-06T12:47:51.6974425Z  2026-10-06 12:46:40.834 UTC [9399] STATEMENT:  SELECT DISTINCT ON (obs.audit_entry.subject) obs.audit_entry.subject, obs.audit_entry.actor_id, obs.audit_entry.details 
2026-10-06T12:47:51.6975093Z  	FROM obs.audit_entry 
2026-10-06T12:47:51.6975872Z  	WHERE obs.audit_entry.action = $1::VARCHAR AND obs.audit_entry.subject IN (NULL) AND (1 != 1) AND (obs.audit_entry.details ->> $2::TEXT) IN ($3::VARCHAR, $4::VARCHAR) ORDER BY obs.audit_entry.subject, obs.audit_entry.seq DESC
2026-10-06T12:47:51.6976898Z  2026-10-06 12:46:40.868 UTC [9401] ERROR:  relation "gate.department_lead" does not exist at character 70
2026-10-06T12:47:51.6977578Z  2026-10-06 12:46:40.868 UTC [9401] STATEMENT:  SELECT gate.department_lead.principal_id, gate.department.slug 
2026-10-06T12:47:51.6978302Z  	FROM gate.department_lead JOIN gate.department ON gate.department.id = gate.department_lead.department_id 
2026-10-06T12:47:51.6979295Z  	WHERE gate.department_lead.ended_at IS NULL AND gate.department.deleted_at IS NULL AND (gate.department_lead.principal_id NOT IN (SELECT DISTINCT auth.principal_identity.principal_id 
2026-10-06T12:47:51.6981130Z  	FROM auth.principal_identity JOIN auth.staff_member ON auth.staff_member.address_hash = auth.principal_identity.identity_hash AND auth.principal_identity.channel = $1::VARCHAR 
2026-10-06T12:47:51.6982279Z  	WHERE auth.staff_member.left_at IS NOT NULL AND auth.principal_identity.deleted_at IS NULL)) ORDER BY gate.department_lead.principal_id, gate.department.slug
2026-10-06T12:47:51.6983137Z  2026-10-06 12:46:40.878 UTC [9402] ERROR:  relation "gate.capability_pack" does not exist at character 73
2026-10-06T12:47:51.6983830Z  2026-10-06 12:46:40.878 UTC [9402] STATEMENT:  SELECT gate.capability_pack.id, gate.capability_pack.capabilities 
2026-10-06T12:47:51.6984347Z  	FROM gate.capability_pack 
2026-10-06T12:47:51.6984763Z  	WHERE gate.capability_pack.name = $1::VARCHAR AND gate.capability_pack.deleted_at IS NULL
2026-10-06T12:47:51.6985397Z  2026-10-06 12:46:40.900 UTC [9404] ERROR:  relation "gate.team_membership" does not exist at character 127
2026-10-06T12:47:51.6986279Z  2026-10-06 12:46:40.900 UTC [9404] STATEMENT:  SELECT gate.department.slug, gate.team.slug AS slug_1, gate.team_membership.principal_id, gate.team_membership.added_by 
2026-10-06T12:47:51.6987338Z  	FROM gate.team_membership JOIN gate.team ON gate.team.id = gate.team_membership.team_id JOIN gate.department ON gate.department.id = gate.team.department_id 
2026-10-06T12:47:51.6988037Z  	WHERE gate.team_membership.ended_at IS NULL
2026-10-06T12:47:51.6988445Z  2026-10-06 12:46:40.977 UTC [73] LOG:  checkpoint starting: immediate force wait
2026-10-06T12:47:51.6989622Z  2026-10-06 12:46:40.979 UTC [73] LOG:  checkpoint complete: wrote 8 buffers (0.0%), wrote 1 SLRU buffers; 0 WAL file(s) added, 0 removed, 0 recycled; write=0.001 s, sync=0.001 s, total=0.003 s; sync files=8, longest=0.001 s, average=0.001 s; distance=4639 kB, estimate=9686 kB; lsn=0/61AA6F08, redo lsn=0/61AA6EB0
2026-10-06T12:47:51.6991181Z  2026-10-06 12:46:41.096 UTC [9415] ERROR:  new row for relation "staff_sync_run" violates check constraint "ck_staff_sync_run_only_an_applied_run_changes_anybody"
2026-10-06T12:47:51.6992378Z  2026-10-06 12:46:41.096 UTC [9415] DETAIL:  Failing row contains (06e17868-b8bc-4e74-b592-6c32a46c9abf, lark, 2026-10-06 12:46:41.096229+00, 2026-10-06 12:46:41.096229+00, credential_refused, refused, {}, {Ada}, {}, {}, {}).
2026-10-06T12:47:51.6993845Z  2026-10-06 12:46:41.096 UTC [9415] STATEMENT:  INSERT INTO auth.staff_sync_run (source, started_at, finished_at, outcome, detail, added, marked_left, renamed, withheld) VALUES ('lark', now(), now(), 'credential_refused', 'refused', '{}', '{Ada}', '{}', '{}')
2026-10-06T12:47:51.6994877Z  2026-10-06 12:46:41.105 UTC [73] LOG:  checkpoint starting: immediate force wait
2026-10-06T12:47:51.6996105Z  2026-10-06 12:46:41.107 UTC [73] LOG:  checkpoint complete: wrote 6 buffers (0.0%), wrote 1 SLRU buffers; 0 WAL file(s) added, 0 removed, 0 recycled; write=0.001 s, sync=0.001 s, total=0.003 s; sync files=7, longest=0.001 s, average=0.001 s; distance=4624 kB, estimate=9180 kB; lsn=0/61F2B070, redo lsn=0/61F2B018
2026-10-06T12:47:51.6997251Z  2026-10-06 12:46:42.895 UTC [9465] FATAL:  role "root" does not exist
2026-10-06T12:47:51.6997670Z  2026-10-06 12:46:47.960 UTC [9601] FATAL:  role "root" does not exist
2026-10-06T12:47:51.6998081Z  2026-10-06 12:46:53.025 UTC [9726] FATAL:  role "root" does not exist
2026-10-06T12:47:51.6998484Z  2026-10-06 12:46:58.103 UTC [9782] FATAL:  role "root" does not exist
2026-10-06T12:47:51.6998890Z  2026-10-06 12:47:03.170 UTC [9838] FATAL:  role "root" does not exist
2026-10-06T12:47:51.6999299Z  2026-10-06 12:47:08.242 UTC [9864] FATAL:  role "root" does not exist
2026-10-06T12:47:51.6999740Z  2026-10-06 12:47:11.359 UTC [73] LOG:  checkpoint starting: immediate force wait
2026-10-06T12:47:51.7001028Z  2026-10-06 12:47:11.362 UTC [73] LOG:  checkpoint complete: wrote 40 buffers (0.2%), wrote 1 SLRU buffers; 0 WAL file(s) added, 0 removed, 1 recycled; write=0.001 s, sync=0.001 s, total=0.003 s; sync files=18, longest=0.001 s, average=0.001 s; distance=13308 kB, estimate=13308 kB; lsn=0/62C2A0E8, redo lsn=0/62C2A090
2026-10-06T12:47:51.7002439Z  2026-10-06 12:47:13.304 UTC [9905] FATAL:  role "root" does not exist
2026-10-06T12:47:51.7002881Z  2026-10-06 12:47:16.985 UTC [73] LOG:  checkpoint starting: immediate force wait
2026-10-06T12:47:51.7004041Z  2026-10-06 12:47:16.988 UTC [73] LOG:  checkpoint complete: wrote 7 buffers (0.0%), wrote 1 SLRU buffers; 0 WAL file(s) added, 0 removed, 1 recycled; write=0.001 s, sync=0.001 s, total=0.004 s; sync files=7, longest=0.001 s, average=0.001 s; distance=4756 kB, estimate=12452 kB; lsn=0/630CF3D0, redo lsn=0/630CF378
2026-10-06T12:47:51.7005183Z  2026-10-06 12:47:18.366 UTC [9956] FATAL:  role "root" does not exist
2026-10-06T12:47:51.7005587Z  2026-10-06 12:47:23.428 UTC [9965] FATAL:  role "root" does not exist
2026-10-06T12:47:51.7005996Z  2026-10-06 12:47:28.494 UTC [9973] FATAL:  role "root" does not exist
2026-10-06T12:47:51.7006409Z  2026-10-06 12:47:33.558 UTC [9981] FATAL:  role "root" does not exist
2026-10-06T12:47:51.7006812Z  2026-10-06 12:47:38.636 UTC [9988] FATAL:  role "root" does not exist
2026-10-06T12:47:51.7007253Z  2026-10-06 12:47:40.462 UTC [73] LOG:  checkpoint starting: immediate force wait
2026-10-06T12:47:51.7008411Z  2026-10-06 12:47:40.469 UTC [73] LOG:  checkpoint complete: wrote 38 buffers (0.2%), wrote 1 SLRU buffers; 0 WAL file(s) added, 0 removed, 0 recycled; write=0.002 s, sync=0.001 s, total=0.007 s; sync files=18, longest=0.001 s, average=0.001 s; distance=4751 kB, estimate=11682 kB; lsn=0/635733A8, redo lsn=0/63573350
2026-10-06T12:47:51.7009570Z  2026-10-06 12:47:41.486 UTC [73] LOG:  checkpoint starting: immediate force wait
2026-10-06T12:47:51.7010864Z  2026-10-06 12:47:41.489 UTC [73] LOG:  checkpoint complete: wrote 9 buffers (0.1%), wrote 1 SLRU buffers; 0 WAL file(s) added, 0 removed, 0 recycled; write=0.001 s, sync=0.001 s, total=0.003 s; sync files=8, longest=0.001 s, average=0.001 s; distance=4592 kB, estimate=10973 kB; lsn=0/639EF408, redo lsn=0/639EF3B0
2026-10-06T12:47:51.7012031Z  2026-10-06 12:47:42.525 UTC [73] LOG:  checkpoint starting: immediate force wait
2026-10-06T12:47:51.7013216Z  2026-10-06 12:47:42.527 UTC [73] LOG:  checkpoint complete: wrote 9 buffers (0.1%), wrote 1 SLRU buffers; 0 WAL file(s) added, 0 removed, 0 recycled; write=0.001 s, sync=0.001 s, total=0.003 s; sync files=8, longest=0.001 s, average=0.001 s; distance=4600 kB, estimate=10336 kB; lsn=0/63E6D7D8, redo lsn=0/63E6D780
2026-10-06T12:47:51.7014373Z  2026-10-06 12:47:43.251 UTC [73] LOG:  checkpoint starting: immediate force wait
2026-10-06T12:47:51.7015531Z  2026-10-06 12:47:43.253 UTC [73] LOG:  checkpoint complete: wrote 10 buffers (0.1%), wrote 1 SLRU buffers; 0 WAL file(s) added, 0 removed, 1 recycled; write=0.001 s, sync=0.001 s, total=0.003 s; sync files=8, longest=0.001 s, average=0.001 s; distance=4591 kB, estimate=9762 kB; lsn=0/642E9650, redo lsn=0/642E95F8
2026-10-06T12:47:51.7016667Z  2026-10-06 12:47:43.711 UTC [10187] FATAL:  role "root" does not exist
2026-10-06T12:47:51.7017121Z  2026-10-06 12:47:43.993 UTC [73] LOG:  checkpoint starting: immediate force wait
2026-10-06T12:47:51.7018269Z  2026-10-06 12:47:43.995 UTC [73] LOG:  checkpoint complete: wrote 8 buffers (0.0%), wrote 1 SLRU buffers; 0 WAL file(s) added, 0 removed, 0 recycled; write=0.001 s, sync=0.001 s, total=0.003 s; sync files=7, longest=0.001 s, average=0.001 s; distance=4578 kB, estimate=9243 kB; lsn=0/647620F8, redo lsn=0/647620A0
2026-10-06T12:47:51.7019418Z  2026-10-06 12:47:45.477 UTC [73] LOG:  checkpoint starting: immediate force wait
2026-10-06T12:47:51.7020686Z  2026-10-06 12:47:45.480 UTC [73] LOG:  checkpoint complete: wrote 12 buffers (0.1%), wrote 1 SLRU buffers; 0 WAL file(s) added, 0 removed, 0 recycled; write=0.001 s, sync=0.001 s, total=0.003 s; sync files=7, longest=0.001 s, average=0.001 s; distance=5496 kB, estimate=8868 kB; lsn=0/64CC02F8, redo lsn=0/64CC02A0
2026-10-06T12:47:51.7021816Z  2026-10-06 12:47:48.780 UTC [10269] FATAL:  role "root" does not exist
2026-10-06T12:47:51.7029321Z Stop and remove container: d6965ee1d06c442e9a3d9eba0f00447f_pgvectorpgvectorpg18_c8561e
2026-10-06T12:47:51.7035199Z ##[command]/usr/bin/docker rm --force f9027e39d75cdf7235edc03cf6125ddacd5b10579d8d40620ee1f45980fb6b17
2026-10-06T12:47:51.9162469Z f9027e39d75cdf7235edc03cf6125ddacd5b10579d8d40620ee1f45980fb6b17
2026-10-06T12:47:51.9193339Z Remove container network: github_network_50a071944a72478588f50f4ac89587ed
2026-10-06T12:47:51.9197666Z ##[command]/usr/bin/docker network rm github_network_50a071944a72478588f50f4ac89587ed
2026-10-06T12:47:52.0289656Z github_network_50a071944a72478588f50f4ac89587ed
2026-10-06T12:47:52.0360823Z Cleaning up orphan processes
2026-10-06T12:47:52.0705040Z ##[warning]Node.js 20 is deprecated. The following actions target Node.js 20 but are being forced to run on Node.js 24: actions/checkout@v4, actions/setup-node@v4, actions/upload-artifact@v4, astral-sh/setup-uv@v5. For more information see: https://github.blog/changelog/2025-09-19-deprecation-of-node-20-on-github-actions-runners/
