2026-10-06T15:52:09.0566465Z Current runner version: '2.337.0'
2026-10-06T15:52:09.0586617Z ##[group]Runner Image Provisioner
2026-10-06T15:52:09.0587162Z Hosted Compute Agent
2026-10-06T15:52:09.0587536Z Version: 20261002.596
2026-10-06T15:52:09.0588084Z Commit: c3d12f3313a95f25162a1503be624f3b0617f8c0
2026-10-06T15:52:09.0588497Z Build Date: 2026-10-02T22:28:27Z
2026-10-06T15:52:09.0588880Z Worker ID: {374299a1-f875-44fd-aadf-f53b5733a65b}
2026-10-06T15:52:09.0589330Z Region: westus2
2026-10-06T15:52:09.0589707Z Cloud: Azure
2026-10-06T15:52:09.0590059Z ##[endgroup]
2026-10-06T15:52:09.0591021Z ##[group]Operating System
2026-10-06T15:52:09.0591365Z Ubuntu
2026-10-06T15:52:09.0591722Z 24.04.5
2026-10-06T15:52:09.0592054Z LTS
2026-10-06T15:52:09.0592374Z ##[endgroup]
2026-10-06T15:52:09.0592706Z ##[group]Runner Image
2026-10-06T15:52:09.0593064Z Image: ubuntu-24.04
2026-10-06T15:52:09.0593428Z Version: 20261004.327.1
2026-10-06T15:52:09.0594223Z Included Software: https://github.com/actions/runner-images/blob/ubuntu24/20261004.327/images/ubuntu/Ubuntu2404-Readme.md
2026-10-06T15:52:09.0595083Z Image Release: https://github.com/actions/runner-images/releases/tag/ubuntu24%2F20261004.327
2026-10-06T15:52:09.0595615Z ##[endgroup]
2026-10-06T15:52:09.0596370Z ##[group]GITHUB_TOKEN Permissions
2026-10-06T15:52:09.0597674Z Contents: read
2026-10-06T15:52:09.0598187Z Metadata: read
2026-10-06T15:52:09.0598514Z Packages: read
2026-10-06T15:52:09.0598871Z ##[endgroup]
2026-10-06T15:52:09.0600236Z Secret source: Actions
2026-10-06T15:52:09.0600820Z Cache mode: write
2026-10-06T15:52:09.0601242Z Prepare workflow directory
2026-10-06T15:52:09.1893685Z Prepare all required actions
2026-10-06T15:52:09.1924769Z Getting action download info
2026-10-06T15:52:09.5642089Z Download action repository 'actions/checkout@v4' (SHA:11d5960a326750d5838078e36cf38b85af677262)
2026-10-06T15:52:10.0911804Z Download action repository 'astral-sh/setup-uv@v5' (SHA:d4b2f3b6ecc6e67c4457f6d3e41ec42d3d0fcb86)
2026-10-06T15:52:10.5132404Z Download action repository 'actions/setup-node@v4' (SHA:49933ea5288caeca8642d1e84afbd3f7d6820020)
2026-10-06T15:52:10.6277632Z Download action repository 'actions/upload-artifact@v4' (SHA:ea165f8d65b6e75b540449e92b4886f43607fa02)
2026-10-06T15:52:10.8531624Z Complete job name: Unit tests, shard 6
2026-10-06T15:52:10.8843601Z ##[group]Checking docker version
2026-10-06T15:52:10.8851744Z ##[command]/usr/bin/docker version --format '{{.Server.APIVersion}}'
2026-10-06T15:52:10.9699525Z '1.48'
2026-10-06T15:52:10.9712633Z Docker daemon API version: '1.48'
2026-10-06T15:52:10.9713083Z ##[command]/usr/bin/docker version --format '{{.Client.APIVersion}}'
2026-10-06T15:52:10.9847970Z '1.48'
2026-10-06T15:52:10.9858061Z Docker client API version: '1.48'
2026-10-06T15:52:10.9863425Z ##[endgroup]
2026-10-06T15:52:10.9864746Z ##[group]Clean up resources from previous jobs
2026-10-06T15:52:10.9868891Z ##[command]/usr/bin/docker ps --all --quiet --no-trunc --filter "label=747b06"
2026-10-06T15:52:10.9971371Z ##[command]/usr/bin/docker network prune --force --filter "label=747b06"
2026-10-06T15:52:11.0069401Z ##[endgroup]
2026-10-06T15:52:11.0069697Z ##[group]Create local container network
2026-10-06T15:52:11.0076218Z ##[command]/usr/bin/docker network create --label 747b06 github_network_c2dcdbae674c406786032999891b37c3
2026-10-06T15:52:11.0969652Z e4236716225558eeceaa7eccae71017eb38e8ceea1611110a29215e45734f53e
2026-10-06T15:52:11.0985820Z ##[endgroup]
2026-10-06T15:52:11.1003362Z ##[group]Starting postgres service container
2026-10-06T15:52:11.1016899Z ##[command]/usr/bin/docker pull pgvector/pgvector:pg18
2026-10-06T15:52:12.0974059Z pg18: Pulling from pgvector/pgvector
2026-10-06T15:52:12.3653898Z 774043ccc8cc: Pulling fs layer
2026-10-06T15:52:12.3654833Z 211cec8da20e: Pulling fs layer
2026-10-06T15:52:12.3655500Z c56d732b49fe: Pulling fs layer
2026-10-06T15:52:12.3656156Z a9bacfc8d232: Pulling fs layer
2026-10-06T15:52:12.3656824Z c043c1caa591: Pulling fs layer
2026-10-06T15:52:12.3657479Z 6bd876b3b38f: Pulling fs layer
2026-10-06T15:52:12.3658359Z bdbb8057313b: Pulling fs layer
2026-10-06T15:52:12.3659373Z d1c18bcbca3a: Pulling fs layer
2026-10-06T15:52:12.3660032Z 0e6c3beb32b1: Pulling fs layer
2026-10-06T15:52:12.3660691Z 980abddbe295: Pulling fs layer
2026-10-06T15:52:12.3661367Z 5178c10d12ba: Pulling fs layer
2026-10-06T15:52:12.3662035Z 9dd6e8795674: Pulling fs layer
2026-10-06T15:52:12.3662708Z ddda533f81f8: Pulling fs layer
2026-10-06T15:52:12.3663348Z aac640d5ec42: Pulling fs layer
2026-10-06T15:52:12.3663981Z de9ba41de9ee: Pulling fs layer
2026-10-06T15:52:12.3664688Z a9bacfc8d232: Waiting
2026-10-06T15:52:12.3665265Z c043c1caa591: Waiting
2026-10-06T15:52:12.3665832Z 6bd876b3b38f: Waiting
2026-10-06T15:52:12.3666340Z bdbb8057313b: Waiting
2026-10-06T15:52:12.3666975Z d1c18bcbca3a: Waiting
2026-10-06T15:52:12.3719447Z 0e6c3beb32b1: Waiting
2026-10-06T15:52:12.3720194Z 980abddbe295: Waiting
2026-10-06T15:52:12.3720908Z 5178c10d12ba: Waiting
2026-10-06T15:52:12.3721615Z 9dd6e8795674: Waiting
2026-10-06T15:52:12.3722343Z ddda533f81f8: Waiting
2026-10-06T15:52:12.3723081Z aac640d5ec42: Waiting
2026-10-06T15:52:12.3723819Z de9ba41de9ee: Waiting
2026-10-06T15:52:12.6150599Z 211cec8da20e: Verifying Checksum
2026-10-06T15:52:12.6152377Z 211cec8da20e: Download complete
2026-10-06T15:52:12.7106040Z c56d732b49fe: Verifying Checksum
2026-10-06T15:52:12.7107291Z c56d732b49fe: Download complete
2026-10-06T15:52:12.7461930Z 774043ccc8cc: Verifying Checksum
2026-10-06T15:52:12.7463210Z 774043ccc8cc: Download complete
2026-10-06T15:52:12.9258623Z a9bacfc8d232: Verifying Checksum
2026-10-06T15:52:12.9259138Z a9bacfc8d232: Download complete
2026-10-06T15:52:13.0340704Z c043c1caa591: Verifying Checksum
2026-10-06T15:52:13.0341075Z c043c1caa591: Download complete
2026-10-06T15:52:13.0462677Z 6bd876b3b38f: Verifying Checksum
2026-10-06T15:52:13.0462960Z 6bd876b3b38f: Download complete
2026-10-06T15:52:13.1574032Z bdbb8057313b: Download complete
2026-10-06T15:52:13.2621838Z d1c18bcbca3a: Verifying Checksum
2026-10-06T15:52:13.2622180Z d1c18bcbca3a: Download complete
2026-10-06T15:52:13.4065608Z 980abddbe295: Verifying Checksum
2026-10-06T15:52:13.4066098Z 980abddbe295: Download complete
2026-10-06T15:52:13.4188558Z 774043ccc8cc: Pull complete
2026-10-06T15:52:13.5292822Z 5178c10d12ba: Verifying Checksum
2026-10-06T15:52:13.5293555Z 5178c10d12ba: Download complete
2026-10-06T15:52:13.6567590Z 9dd6e8795674: Download complete
2026-10-06T15:52:13.6630462Z 0e6c3beb32b1: Verifying Checksum
2026-10-06T15:52:13.6630768Z 0e6c3beb32b1: Download complete
2026-10-06T15:52:13.8063292Z ddda533f81f8: Download complete
2026-10-06T15:52:13.8489986Z 211cec8da20e: Pull complete
2026-10-06T15:52:13.9124873Z aac640d5ec42: Download complete
2026-10-06T15:52:14.1185248Z de9ba41de9ee: Verifying Checksum
2026-10-06T15:52:14.1185580Z de9ba41de9ee: Download complete
2026-10-06T15:52:19.6931379Z c56d732b49fe: Pull complete
2026-10-06T15:52:19.7320517Z a9bacfc8d232: Pull complete
2026-10-06T15:52:20.0426434Z c043c1caa591: Pull complete
2026-10-06T15:52:20.1330575Z 6bd876b3b38f: Pull complete
2026-10-06T15:52:20.1395902Z bdbb8057313b: Pull complete
2026-10-06T15:52:20.1463208Z d1c18bcbca3a: Pull complete
2026-10-06T15:52:23.3238682Z 0e6c3beb32b1: Pull complete
2026-10-06T15:52:23.3327635Z 980abddbe295: Pull complete
2026-10-06T15:52:23.3405819Z 5178c10d12ba: Pull complete
2026-10-06T15:52:23.3476850Z 9dd6e8795674: Pull complete
2026-10-06T15:52:23.3540871Z ddda533f81f8: Pull complete
2026-10-06T15:52:23.3836339Z aac640d5ec42: Pull complete
2026-10-06T15:52:23.5363944Z de9ba41de9ee: Pull complete
2026-10-06T15:52:23.5396924Z Digest: sha256:2358fcba361ed2233a5ed81b5fe4ca779ccb304120ce531a3bf51c0ed7e2bc11
2026-10-06T15:52:23.5413420Z Status: Downloaded newer image for pgvector/pgvector:pg18
2026-10-06T15:52:23.5419063Z docker.io/pgvector/pgvector:pg18
2026-10-06T15:52:23.5468787Z ##[command]/usr/bin/docker create --name 96332a5fa0d14a3d87a1f13bce9b54f5_pgvectorpgvectorpg18_1bab37 --label 747b06 --network github_network_c2dcdbae674c406786032999891b37c3 --network-alias postgres -p 5432:5432 --health-cmd pg_isready --health-interval 5s --health-timeout 5s --health-retries 10 -e "POSTGRES_PASSWORD=postgres" -e "POSTGRES_DB=brain_test" -e GITHUB_ACTIONS=true -e CI=true pgvector/pgvector:pg18
2026-10-06T15:52:23.5661115Z db6338e06e913813260e689da2e8b304b3cd1d94cbbfd658eef2b61cd844687a
2026-10-06T15:52:23.5680182Z ##[command]/usr/bin/docker start db6338e06e913813260e689da2e8b304b3cd1d94cbbfd658eef2b61cd844687a
2026-10-06T15:52:23.7564778Z db6338e06e913813260e689da2e8b304b3cd1d94cbbfd658eef2b61cd844687a
2026-10-06T15:52:23.7588393Z ##[command]/usr/bin/docker ps --all --filter id=db6338e06e913813260e689da2e8b304b3cd1d94cbbfd658eef2b61cd844687a --filter status=running --no-trunc --format "{{.ID}} {{.Status}}"
2026-10-06T15:52:23.7695505Z db6338e06e913813260e689da2e8b304b3cd1d94cbbfd658eef2b61cd844687a Up Less than a second (health: starting)
2026-10-06T15:52:23.7716058Z ##[command]/usr/bin/docker port db6338e06e913813260e689da2e8b304b3cd1d94cbbfd658eef2b61cd844687a
2026-10-06T15:52:23.7816488Z 5432/tcp -> 0.0.0.0:5432
2026-10-06T15:52:23.7817324Z 5432/tcp -> [::]:5432
2026-10-06T15:52:23.7856518Z ##[endgroup]
2026-10-06T15:52:23.7863101Z ##[group]Waiting for all services to be ready
2026-10-06T15:52:23.7872946Z ##[command]/usr/bin/docker inspect --format="{{if .Config.Healthcheck}}{{print .State.Health.Status}}{{end}}" db6338e06e913813260e689da2e8b304b3cd1d94cbbfd658eef2b61cd844687a
2026-10-06T15:52:23.7996322Z starting
2026-10-06T15:52:23.8018958Z postgres service is starting, waiting 2 seconds before checking again.
2026-10-06T15:52:25.8022235Z ##[command]/usr/bin/docker inspect --format="{{if .Config.Healthcheck}}{{print .State.Health.Status}}{{end}}" db6338e06e913813260e689da2e8b304b3cd1d94cbbfd658eef2b61cd844687a
2026-10-06T15:52:25.8115791Z starting
2026-10-06T15:52:25.8127445Z postgres service is starting, waiting 4 seconds before checking again.
2026-10-06T15:52:30.0764684Z ##[command]/usr/bin/docker inspect --format="{{if .Config.Healthcheck}}{{print .State.Health.Status}}{{end}}" db6338e06e913813260e689da2e8b304b3cd1d94cbbfd658eef2b61cd844687a
2026-10-06T15:52:30.0854541Z healthy
2026-10-06T15:52:30.0868776Z postgres service is healthy.
2026-10-06T15:52:30.0869332Z ##[endgroup]
2026-10-06T15:52:30.1033641Z ##[group]Run actions/checkout@v4
2026-10-06T15:52:30.1033877Z with:
2026-10-06T15:52:30.1033985Z   fetch-depth: 0
2026-10-06T15:52:30.1034115Z   repository: rpsj2230/Verz-OS-v2.0
2026-10-06T15:52:30.1035463Z   token: ***
2026-10-06T15:52:30.1035573Z   ssh-strict: true
2026-10-06T15:52:30.1035683Z   ssh-user: git
2026-10-06T15:52:30.1035799Z   persist-credentials: true
2026-10-06T15:52:30.1035928Z   clean: true
2026-10-06T15:52:30.1036043Z   sparse-checkout-cone-mode: true
2026-10-06T15:52:30.1036181Z   fetch-tags: false
2026-10-06T15:52:30.1036293Z   show-progress: true
2026-10-06T15:52:30.1036405Z   lfs: false
2026-10-06T15:52:30.1036506Z   submodules: false
2026-10-06T15:52:30.1036619Z   set-safe-directory: true
2026-10-06T15:52:30.1036751Z   allow-unsafe-pr-checkout: false
2026-10-06T15:52:30.1036944Z env:
2026-10-06T15:52:30.1037061Z   UV_VERSION: 0.12.9
2026-10-06T15:52:30.1037323Z   DATABASE_URL: ***localhost:5432/brain_test
2026-10-06T15:52:30.1037570Z   COVERAGE_FILE: /home/runner/work/Verz-OS-v2.0/Verz-OS-v2.0/coverage-shard-6
2026-10-06T15:52:30.1037928Z ##[endgroup]
2026-10-06T15:52:30.1698947Z Syncing repository: rpsj2230/Verz-OS-v2.0
2026-10-06T15:52:30.1699906Z ##[group]Getting Git version info
2026-10-06T15:52:30.1700133Z Working directory is '/home/runner/work/Verz-OS-v2.0/Verz-OS-v2.0'
2026-10-06T15:52:30.1700469Z [command]/usr/bin/git version
2026-10-06T15:52:30.1756017Z git version 2.55.0
2026-10-06T15:52:30.1771536Z ##[endgroup]
2026-10-06T15:52:30.1783093Z Temporarily overriding HOME='/home/runner/work/_temp/6b72f0df-15dc-487d-8d36-38d9a50a8a22' before making global git config changes
2026-10-06T15:52:30.1783749Z Adding repository directory to the temporary git global config as a safe directory
2026-10-06T15:52:30.1787427Z [command]/usr/bin/git config --global --add safe.directory /home/runner/work/Verz-OS-v2.0/Verz-OS-v2.0
2026-10-06T15:52:30.1834825Z Deleting the contents of '/home/runner/work/Verz-OS-v2.0/Verz-OS-v2.0'
2026-10-06T15:52:30.1838908Z ##[group]Initializing the repository
2026-10-06T15:52:30.1842108Z [command]/usr/bin/git init /home/runner/work/Verz-OS-v2.0/Verz-OS-v2.0
2026-10-06T15:52:30.1937708Z hint: Using 'master' as the name for the initial branch. This default branch name
2026-10-06T15:52:30.1938465Z hint: will change to "main" in Git 3.0. To configure the initial branch name
2026-10-06T15:52:30.1939055Z hint: to use in all of your new repositories, which will suppress this warning,
2026-10-06T15:52:30.1939511Z hint: call:
2026-10-06T15:52:30.1939758Z hint:
2026-10-06T15:52:30.1940321Z hint: 	git config --global init.defaultBranch <name>
2026-10-06T15:52:30.1940621Z hint:
2026-10-06T15:52:30.1940896Z hint: Names commonly chosen instead of 'master' are 'main', 'trunk' and
2026-10-06T15:52:30.1941326Z hint: 'development'. The just-created branch can be renamed via this command:
2026-10-06T15:52:30.1941676Z hint:
2026-10-06T15:52:30.1941853Z hint: 	git branch -m <name>
2026-10-06T15:52:30.1942078Z hint:
2026-10-06T15:52:30.1942379Z hint: Disable this message with "git config set advice.defaultBranchName false"
2026-10-06T15:52:30.1942876Z Initialized empty Git repository in /home/runner/work/Verz-OS-v2.0/Verz-OS-v2.0/.git/
2026-10-06T15:52:30.1950320Z [command]/usr/bin/git remote add origin https://github.com/rpsj2230/Verz-OS-v2.0
2026-10-06T15:52:30.2005123Z ##[endgroup]
2026-10-06T15:52:30.2005451Z ##[group]Disabling automatic garbage collection
2026-10-06T15:52:30.2008932Z [command]/usr/bin/git config --local gc.auto 0
2026-10-06T15:52:30.2046793Z ##[endgroup]
2026-10-06T15:52:30.2047000Z ##[group]Setting up auth
2026-10-06T15:52:30.2053901Z [command]/usr/bin/git config --local --name-only --get-regexp core\.sshCommand
2026-10-06T15:52:30.2084077Z [command]/usr/bin/git submodule foreach --recursive sh -c "git config --local --name-only --get-regexp 'core\.sshCommand' && git config --local --unset-all 'core.sshCommand' || :"
2026-10-06T15:52:30.2403756Z [command]/usr/bin/git config --local --name-only --get-regexp http\.https\:\/\/github\.com\/\.extraheader
2026-10-06T15:52:30.2432658Z [command]/usr/bin/git submodule foreach --recursive sh -c "git config --local --name-only --get-regexp 'http\.https\:\/\/github\.com\/\.extraheader' && git config --local --unset-all 'http.https://github.com/.extraheader' || :"
2026-10-06T15:52:30.2600044Z [command]/usr/bin/git config --local --name-only --get-regexp ^includeIf\.gitdir:
2026-10-06T15:52:30.2627482Z [command]/usr/bin/git submodule foreach --recursive git config --local --show-origin --name-only --get-regexp remote.origin.url
2026-10-06T15:52:30.2794475Z [command]/usr/bin/git config --local http.https://github.com/.extraheader AUTHORIZATION: basic ***
2026-10-06T15:52:30.2826564Z ##[endgroup]
2026-10-06T15:52:30.2826819Z ##[group]Fetching the repository
2026-10-06T15:52:30.2833286Z [command]/usr/bin/git -c protocol.version=2 fetch --prune --no-recurse-submodules origin +refs/heads/*:refs/remotes/origin/* +refs/tags/*:refs/tags/* +43642683ac7f98c57f33427e1b6df38dde5ba4e9:refs/remotes/pull/383/merge
2026-10-06T15:52:32.8917674Z From https://github.com/rpsj2230/Verz-OS-v2.0
2026-10-06T15:52:32.8918386Z  * [new branch]        M0/keycloak-first-start-memory           -> origin/M0/keycloak-first-start-memory
2026-10-06T15:52:32.8918919Z  * [new branch]        M0/keycloak-fixed-heap                   -> origin/M0/keycloak-fixed-heap
2026-10-06T15:52:32.8919433Z  * [new branch]        M0/w2-ci-path-filters                    -> origin/M0/w2-ci-path-filters
2026-10-06T15:52:32.8920086Z  * [new branch]        M0/w2-test-selection-shadow              -> origin/M0/w2-test-selection-shadow
2026-10-06T15:52:32.8920550Z  * [new branch]        M1/add-work-email                        -> origin/M1/add-work-email
2026-10-06T15:52:32.8921033Z  * [new branch]        M1/console-token-scope                   -> origin/M1/console-token-scope
2026-10-06T15:52:32.8921509Z  * [new branch]        M1/departments-from                      -> origin/M1/departments-from
2026-10-06T15:52:32.8922457Z  * [new branch]        M1/departments-from-relanded             -> origin/M1/departments-from-relanded
2026-10-06T15:52:32.8923055Z  * [new branch]        M1/group-sync-break-glass-notice         -> origin/M1/group-sync-break-glass-notice
2026-10-06T15:52:32.8923615Z  * [new branch]        M1/head-audit-reads                      -> origin/M1/head-audit-reads
2026-10-06T15:52:32.8924098Z  * [new branch]        M1/ldap-staff-source                     -> origin/M1/ldap-staff-source
2026-10-06T15:52:32.8924588Z  * [new branch]        M1/people-status                         -> origin/M1/people-status
2026-10-06T15:52:32.8925059Z  * [new branch]        M1/relay-to-sign-in                      -> origin/M1/relay-to-sign-in
2026-10-06T15:52:32.8925565Z  * [new branch]        M1/role-grants-deputies-floor            -> origin/M1/role-grants-deputies-floor
2026-10-06T15:52:32.8926131Z  * [new branch]        M1/role-grants-deputies-floor-r225625    -> origin/M1/role-grants-deputies-floor-r225625
2026-10-06T15:52:32.8926680Z  * [new branch]        M1/staff-accounts                        -> origin/M1/staff-accounts
2026-10-06T15:52:32.8927171Z  * [new branch]        M1/staff-adapters-gws-entra-lark         -> origin/M1/staff-adapters-gws-entra-lark
2026-10-06T15:52:32.8927655Z  * [new branch]        M1/staff-are-people                      -> origin/M1/staff-are-people
2026-10-06T15:52:32.8928354Z  * [new branch]        M1/staff-source-connect-leaver-stop      -> origin/M1/staff-source-connect-leaver-stop
2026-10-06T15:52:32.8928702Z  * [new branch]        M1/staff-sync-diagnostics                -> origin/M1/staff-sync-diagnostics
2026-10-06T15:52:32.8929038Z  * [new branch]        M1/starter-pack-per-department           -> origin/M1/starter-pack-per-department
2026-10-06T15:52:32.8929358Z  * [new branch]        M10/channel-email                        -> origin/M10/channel-email
2026-10-06T15:52:32.8929658Z  * [new branch]        M10/channel-email-mailbox                -> origin/M10/channel-email-mailbox
2026-10-06T15:52:32.8930144Z  * [new branch]        M10/channel-pipeline                     -> origin/M10/channel-pipeline
2026-10-06T15:52:32.8930451Z  * [new branch]        M10/channel-slack                        -> origin/M10/channel-slack
2026-10-06T15:52:32.8930723Z  * [new branch]        M10/channel-teams                        -> origin/M10/channel-teams
2026-10-06T15:52:32.8931025Z  * [new branch]        M10/channel-telegram                     -> origin/M10/channel-telegram
2026-10-06T15:52:32.8931311Z  * [new branch]        M10/channel-whatsapp                     -> origin/M10/channel-whatsapp
2026-10-06T15:52:32.8931701Z  * [new branch]        M10/channels-screen-binding              -> origin/M10/channels-screen-binding
2026-10-06T15:52:32.8932012Z  * [new branch]        M10/lark-chat-channel                    -> origin/M10/lark-chat-channel
2026-10-06T15:52:32.8932309Z  * [new branch]        M10/w2-approval-cards                    -> origin/M10/w2-approval-cards
2026-10-06T15:52:32.8932600Z  * [new branch]        M10/w2-card-on-raise                     -> origin/M10/w2-card-on-raise
2026-10-06T15:52:32.8932889Z  * [new branch]        M10/w2-channel-checks                    -> origin/M10/w2-channel-checks
2026-10-06T15:52:32.8933302Z  * [new branch]        M10/w2-widget-public                     -> origin/M10/w2-widget-public
2026-10-06T15:52:32.8933586Z  * [new branch]        M10/w2-widget-session                    -> origin/M10/w2-widget-session
2026-10-06T15:52:32.8933887Z  * [new branch]        M10/widget-test-clock                    -> origin/M10/widget-test-clock
2026-10-06T15:52:32.8934183Z  * [new branch]        M11/ceilings-discovery                   -> origin/M11/ceilings-discovery
2026-10-06T15:52:32.8934496Z  * [new branch]        M11/connector-discovery                  -> origin/M11/connector-discovery
2026-10-06T15:52:32.8934849Z  * [new branch]        M11/connector-registries-minimal-index   -> origin/M11/connector-registries-minimal-index
2026-10-06T15:52:32.8935286Z  * [new branch]        M11/freshdesk-connector                  -> origin/M11/freshdesk-connector
2026-10-06T15:52:32.8935806Z  * [new branch]        M11/lark-wiki-base-connectors            -> origin/M11/lark-wiki-base-connectors
2026-10-06T15:52:32.8936327Z  * [new branch]        M11/live-read-speed-budget               -> origin/M11/live-read-speed-budget
2026-10-06T15:52:32.8936654Z  * [new branch]        M11/live-read-speed-budget-r2            -> origin/M11/live-read-speed-budget-r2
2026-10-06T15:52:32.8936977Z  * [new branch]        M11/w2-change-signals                    -> origin/M11/w2-change-signals
2026-10-06T15:52:32.8937263Z  * [new branch]        M11/w2-cloudflare                        -> origin/M11/w2-cloudflare
2026-10-06T15:52:32.8937566Z  * [new branch]        M11/w2-connect-drive-laravel             -> origin/M11/w2-connect-drive-laravel
2026-10-06T15:52:32.8938023Z  * [new branch]        M11/w2-connector-checks                  -> origin/M11/w2-connector-checks
2026-10-06T15:52:32.8938338Z  * [new branch]        M11/w2-connector-lifecycle               -> origin/M11/w2-connector-lifecycle
2026-10-06T15:52:32.8938660Z  * [new branch]        M11/w2-connector-metrics                 -> origin/M11/w2-connector-metrics
2026-10-06T15:52:32.8939093Z  * [new branch]        M11/w2-connectors-tools                  -> origin/M11/w2-connectors-tools
2026-10-06T15:52:32.8939567Z  * [new branch]        M11/w2-connectors-tools-2                -> origin/M11/w2-connectors-tools-2
2026-10-06T15:52:32.8940035Z  * [new branch]        M11/w2-domains                           -> origin/M11/w2-domains
2026-10-06T15:52:32.8940368Z  * [new branch]        M11/w2-drive-depth-first                 -> origin/M11/w2-drive-depth-first
2026-10-06T15:52:32.8940694Z  * [new branch]        M11/w2-drive-read                        -> origin/M11/w2-drive-read
2026-10-06T15:52:32.8940995Z  * [new branch]        M11/w2-framework-checks                  -> origin/M11/w2-framework-checks
2026-10-06T15:52:32.8941439Z  * [new branch]        M11/w2-freshdesk-live                    -> origin/M11/w2-freshdesk-live
2026-10-06T15:52:32.8941754Z  * [new branch]        M11/w2-freshdesk-reply                   -> origin/M11/w2-freshdesk-reply
2026-10-06T15:52:32.8942050Z  * [new branch]        M11/w2-google-analytics                  -> origin/M11/w2-google-analytics
2026-10-06T15:52:32.8942368Z  * [new branch]        M11/w2-google-workspace                  -> origin/M11/w2-google-workspace
2026-10-06T15:52:32.8942668Z  * [new branch]        M11/w2-hubspot-live                      -> origin/M11/w2-hubspot-live
2026-10-06T15:52:32.8942972Z  * [new branch]        M11/w2-laravel-read                      -> origin/M11/w2-laravel-read
2026-10-06T15:52:32.8943256Z  * [new branch]        M11/w2-lark-base                         -> origin/M11/w2-lark-base
2026-10-06T15:52:32.8943518Z  * [new branch]        M11/w2-oauth                             -> origin/M11/w2-oauth
2026-10-06T15:52:32.8943812Z  * [new branch]        M11/w2-requirement-areas                 -> origin/M11/w2-requirement-areas
2026-10-06T15:52:32.8944286Z  * [new branch]        M11/w2-schema-drift                      -> origin/M11/w2-schema-drift
2026-10-06T15:52:32.8944739Z  * [new branch]        M11/w2-search-console                    -> origin/M11/w2-search-console
2026-10-06T15:52:32.8945040Z  * [new branch]        M11/w2-slack-source                      -> origin/M11/w2-slack-source
2026-10-06T15:52:32.8945545Z  * [new branch]        M11/w2-spec-connector                    -> origin/M11/w2-spec-connector
2026-10-06T15:52:32.8946058Z  * [new branch]        M11/w2-staleness                         -> origin/M11/w2-staleness
2026-10-06T15:52:32.8946515Z  * [new branch]        M11/w2-transports                        -> origin/M11/w2-transports
2026-10-06T15:52:32.8946961Z  * [new branch]        M11/w2-write-tools                       -> origin/M11/w2-write-tools
2026-10-06T15:52:32.8947459Z  * [new branch]        M11/w3-connectable-checks                -> origin/M11/w3-connectable-checks
2026-10-06T15:52:32.8948293Z  * [new branch]        M11/w3-live-answers                      -> origin/M11/w3-live-answers
2026-10-06T15:52:32.8948845Z  * [new branch]        M11/w3-ready-from-console                -> origin/M11/w3-ready-from-console
2026-10-06T15:52:32.8949328Z  * [new branch]        M11/w3-write-proved                      -> origin/M11/w3-write-proved
2026-10-06T15:52:32.8949798Z  * [new branch]        M11/wave2-acceptance                     -> origin/M11/wave2-acceptance
2026-10-06T15:52:32.8950126Z  * [new branch]        M12/skill-import-review                  -> origin/M12/skill-import-review
2026-10-06T15:52:32.8950434Z  * [new branch]        M12/tool-catalogue-switch                -> origin/M12/tool-catalogue-switch
2026-10-06T15:52:32.8950863Z  * [new branch]        M12/tool-catalogue-switch-r195618        -> origin/M12/tool-catalogue-switch-r195618
2026-10-06T15:52:32.8951358Z  * [new branch]        M12/w2-chat-attach-control               -> origin/M12/w2-chat-attach-control
2026-10-06T15:52:32.8951673Z  * [new branch]        M12/w2-chat-attachments                  -> origin/M12/w2-chat-attachments
2026-10-06T15:52:32.8951970Z  * [new branch]        M12/w2-default-leash                     -> origin/M12/w2-default-leash
2026-10-06T15:52:32.8952261Z  * [new branch]        M12/w2-skill-packages                    -> origin/M12/w2-skill-packages
2026-10-06T15:52:32.8952570Z  * [new branch]        M12/w2-skill-script-digest               -> origin/M12/w2-skill-script-digest
2026-10-06T15:52:32.8952867Z  * [new branch]        M12/w2-sop-import                        -> origin/M12/w2-sop-import
2026-10-06T15:52:32.8953151Z  * [new branch]        M12/w2-website-check                     -> origin/M12/w2-website-check
2026-10-06T15:52:32.8953471Z  * [new branch]        M12/w3-skill-export-rehearsal            -> origin/M12/w3-skill-export-rehearsal
2026-10-06T15:52:32.8953788Z  * [new branch]        M12/w3-skill-pin-checks                  -> origin/M12/w3-skill-pin-checks
2026-10-06T15:52:32.8954183Z  * [new branch]        M12/w3-skill-pins-wired                  -> origin/M12/w3-skill-pins-wired
2026-10-06T15:52:32.8954485Z  * [new branch]        M12/website-check-tool                   -> origin/M12/website-check-tool
2026-10-06T15:52:32.8954764Z  * [new branch]        M13/halt-agent                           -> origin/M13/halt-agent
2026-10-06T15:52:32.8955053Z  * [new branch]        M13/install-checks-agents                -> origin/M13/install-checks-agents
2026-10-06T15:52:32.8955366Z  * [new branch]        M13/runtime-side-effects                 -> origin/M13/runtime-side-effects
2026-10-06T15:52:32.8955678Z  * [new branch]        M13/template-signing-key                 -> origin/M13/template-signing-key
2026-10-06T15:52:32.8955975Z  * [new branch]        M13/w2-template-key                      -> origin/M13/w2-template-key
2026-10-06T15:52:32.8956259Z  * [new branch]        M13/w3-actions-stack                     -> origin/M13/w3-actions-stack
2026-10-06T15:52:32.8956565Z  * [new branch]        M13/w3-agent-channels-edit               -> origin/M13/w3-agent-channels-edit
2026-10-06T15:52:32.8956861Z  * [new branch]        M13/w3-agent-reach                       -> origin/M13/w3-agent-reach
2026-10-06T15:52:32.8957160Z  * [new branch]        M13/w3-agent-runtime                     -> origin/M13/w3-agent-runtime
2026-10-06T15:52:32.8957496Z  * [new branch]        M13/w3-approved-runs-once                -> origin/M13/w3-approved-runs-once
2026-10-06T15:52:32.8958005Z  * [new branch]        M13/w3-builder-checks                    -> origin/M13/w3-builder-checks
2026-10-06T15:52:32.8958321Z  * [new branch]        M13/w3-connector-binding                 -> origin/M13/w3-connector-binding
2026-10-06T15:52:32.8958645Z  * [new branch]        M13/w3-runtime-side-effects              -> origin/M13/w3-runtime-side-effects
2026-10-06T15:52:32.8958953Z  * [new branch]        M13/w3-template-checks                   -> origin/M13/w3-template-checks
2026-10-06T15:52:32.8959340Z  * [new branch]        M13/w3-wiki-page-read                    -> origin/M13/w3-wiki-page-read
2026-10-06T15:52:32.8959638Z  * [new branch]        M13/wire-agent-upgrade                   -> origin/M13/wire-agent-upgrade
2026-10-06T15:52:32.8959933Z  * [new branch]        M13/wire-answer-key                      -> origin/M13/wire-answer-key
2026-10-06T15:52:32.8960225Z  * [new branch]        M13/wire-publish-gate                    -> origin/M13/wire-publish-gate
2026-10-06T15:52:32.8960510Z  * [new branch]        M14/w3-calibration                       -> origin/M14/w3-calibration
2026-10-06T15:52:32.8960805Z  * [new branch]        M14/w3-entity-resolution                 -> origin/M14/w3-entity-resolution
2026-10-06T15:52:32.8961090Z  * [new branch]        M14/w3-pepper                            -> origin/M14/w3-pepper
2026-10-06T15:52:32.8961376Z  * [new branch]        M14/w3-register-decisions                -> origin/M14/w3-register-decisions
2026-10-06T15:52:32.8961668Z  * [new branch]        M14/w3-unresolved                        -> origin/M14/w3-unresolved
2026-10-06T15:52:32.8961962Z  * [new branch]        M15/retrieval-log-replay                 -> origin/M15/retrieval-log-replay
2026-10-06T15:52:32.8962300Z  * [new branch]        M15/typed-rows-department-scope          -> origin/M15/typed-rows-department-scope
2026-10-06T15:52:32.8962627Z  * [new branch]        M15/w2-narrow-reader-scan                -> origin/M15/w2-narrow-reader-scan
2026-10-06T15:52:32.8962925Z  * [new branch]        M16/needs-memory-items                   -> origin/M16/needs-memory-items
2026-10-06T15:52:32.8963213Z  * [new branch]        M16/w3-channel-marks                     -> origin/M16/w3-channel-marks
2026-10-06T15:52:32.8963491Z  * [new branch]        M16/w3-confirmed                         -> origin/M16/w3-confirmed
2026-10-06T15:52:32.8963756Z  * [new branch]        M16/w3-context                           -> origin/M16/w3-context
2026-10-06T15:52:32.8964053Z  * [new branch]        M16/w3-learning-candidates               -> origin/M16/w3-learning-candidates
2026-10-06T15:52:32.8964439Z  * [new branch]        M16/w3-learning-tables                   -> origin/M16/w3-learning-tables
2026-10-06T15:52:32.8964711Z  * [new branch]        M16/w3-marks                             -> origin/M16/w3-marks
2026-10-06T15:52:32.8964984Z  * [new branch]        M16/w3-memory-learning                   -> origin/M16/w3-memory-learning
2026-10-06T15:52:32.8965266Z  * [new branch]        M16/w3-signal-log                        -> origin/M16/w3-signal-log
2026-10-06T15:52:32.8965530Z  * [new branch]        M16/w3-waiting                           -> origin/M16/w3-waiting
2026-10-06T15:52:32.8965800Z  * [new branch]        M16/w3-weekly-digest                     -> origin/M16/w3-weekly-digest
2026-10-06T15:52:32.8966083Z  * [new branch]        M20/draft-forms-fix                      -> origin/M20/draft-forms-fix
2026-10-06T15:52:32.8966374Z  * [new branch]        M20/w3-publish-record                    -> origin/M20/w3-publish-record
2026-10-06T15:52:32.8966681Z  * [new branch]        M20/wire-builder-sections                -> origin/M20/wire-builder-sections
2026-10-06T15:52:32.8966975Z  * [new branch]        M20/wire-coauthor                        -> origin/M20/wire-coauthor
2026-10-06T15:52:32.8967253Z  * [new branch]        M21/budget-stops                         -> origin/M21/budget-stops
2026-10-06T15:52:32.8967547Z  * [new branch]        M21/record-usage-for-stats               -> origin/M21/record-usage-for-stats
2026-10-06T15:52:32.8967991Z  * [new branch]        M22/w2-admission-classes                 -> origin/M22/w2-admission-classes
2026-10-06T15:52:32.8968324Z  * [new branch]        M22/w2-capacity-trace-pii-checks         -> origin/M22/w2-capacity-trace-pii-checks
2026-10-06T15:52:32.8968645Z  * [new branch]        M22/w2-class-pools                       -> origin/M22/w2-class-pools
2026-10-06T15:52:32.8968920Z  * [new branch]        M22/w2-pool-limits                       -> origin/M22/w2-pool-limits
2026-10-06T15:52:32.8969278Z  * [new branch]        M22/w2-ready-probe                       -> origin/M22/w2-ready-probe
2026-10-06T15:52:32.8969559Z  * [new branch]        M23/rate-limits-live                     -> origin/M23/rate-limits-live
2026-10-06T15:52:32.8969849Z  * [new branch]        M23/w2-proof-recovery                    -> origin/M23/w2-proof-recovery
2026-10-06T15:52:32.8970128Z  * [new branch]        M23/w2-redrive                           -> origin/M23/w2-redrive
2026-10-06T15:52:32.8970435Z  * [new branch]        M24/decisions-compliance-breach          -> origin/M24/decisions-compliance-breach
2026-10-06T15:52:32.8970773Z  * [new branch]        M24/trace-and-session-audit              -> origin/M24/trace-and-session-audit
2026-10-06T15:52:32.8971074Z  * [new branch]        M27/agent-builder                        -> origin/M27/agent-builder
2026-10-06T15:52:32.8971354Z  * [new branch]        M27/connect-wizards                      -> origin/M27/connect-wizards
2026-10-06T15:52:32.8971645Z  * [new branch]        M27/connect-wizards-2                    -> origin/M27/connect-wizards-2
2026-10-06T15:52:32.8971935Z  * [new branch]        M27/connect-wizards-3                    -> origin/M27/connect-wizards-3
2026-10-06T15:52:32.8972224Z  * [new branch]        M27/connect-wizards-4                    -> origin/M27/connect-wizards-4
2026-10-06T15:52:32.8972508Z  * [new branch]        M27/connector-drift                      -> origin/M27/connector-drift
2026-10-06T15:52:32.8972808Z  * [new branch]        M27/connector-test-probe                 -> origin/M27/connector-test-probe
2026-10-06T15:52:32.8973112Z  * [new branch]        M27/console-automations                  -> origin/M27/console-automations
2026-10-06T15:52:32.8973408Z  * [new branch]        M27/console-batch-0928                   -> origin/M27/console-batch-0928
2026-10-06T15:52:32.8973698Z  * [new branch]        M27/console-channels                     -> origin/M27/console-channels
2026-10-06T15:52:32.8974072Z  * [new branch]        M27/console-connectors                   -> origin/M27/console-connectors
2026-10-06T15:52:32.8974368Z  * [new branch]        M27/console-credentials                  -> origin/M27/console-credentials
2026-10-06T15:52:32.8974679Z  * [new branch]        M27/console-credentials-r2               -> origin/M27/console-credentials-r2
2026-10-06T15:52:32.8974985Z  * [new branch]        M27/console-governance                   -> origin/M27/console-governance
2026-10-06T15:52:32.8975277Z  * [new branch]        M27/console-knowledge                    -> origin/M27/console-knowledge
2026-10-06T15:52:32.8975573Z  * [new branch]        M27/console-knowledge-r2                 -> origin/M27/console-knowledge-r2
2026-10-06T15:52:32.8975873Z  * [new branch]        M27/console-knowledge-r3                 -> origin/M27/console-knowledge-r3
2026-10-06T15:52:32.8976171Z  * [new branch]        M27/console-last-pages                   -> origin/M27/console-last-pages
2026-10-06T15:52:32.8976477Z  * [new branch]        M27/console-models-routing               -> origin/M27/console-models-routing
2026-10-06T15:52:32.8976806Z  * [new branch]        M27/console-navigation-groups            -> origin/M27/console-navigation-groups
2026-10-06T15:52:32.8977120Z  * [new branch]        M27/console-operations                   -> origin/M27/console-operations
2026-10-06T15:52:32.8977422Z  * [new branch]        M27/console-overview-home                -> origin/M27/console-overview-home
2026-10-06T15:52:32.8977736Z  * [new branch]        M27/console-page-kit-agents              -> origin/M27/console-page-kit-agents
2026-10-06T15:52:32.8978275Z  * [new branch]        M27/console-people-org                   -> origin/M27/console-people-org
2026-10-06T15:52:32.8978568Z  * [new branch]        M27/console-platform                     -> origin/M27/console-platform
2026-10-06T15:52:32.8978895Z  * [new branch]        M27/console-registries-per-module        -> origin/M27/console-registries-per-module
2026-10-06T15:52:32.8979305Z  * [new branch]        M27/console-reports                      -> origin/M27/console-reports
2026-10-06T15:52:32.8979586Z  * [new branch]        M27/console-skills                       -> origin/M27/console-skills
2026-10-06T15:52:32.8979885Z  * [new branch]        M27/console-stats-overview               -> origin/M27/console-stats-overview
2026-10-06T15:52:32.8980210Z  * [new branch]        M27/console-stats-overview-r2            -> origin/M27/console-stats-overview-r2
2026-10-06T15:52:32.8980537Z  * [new branch]        M27/console-stats-overview-r3            -> origin/M27/console-stats-overview-r3
2026-10-06T15:52:32.8980863Z  * [new branch]        M27/console-stats-overview-r4            -> origin/M27/console-stats-overview-r4
2026-10-06T15:52:32.8981185Z  * [new branch]        M27/console-stats-overview-r5            -> origin/M27/console-stats-overview-r5
2026-10-06T15:52:32.8981506Z  * [new branch]        M27/console-stats-overview-r6            -> origin/M27/console-stats-overview-r6
2026-10-06T15:52:32.8981831Z  * [new branch]        M27/console-teardown-flake               -> origin/M27/console-teardown-flake
2026-10-06T15:52:32.8982145Z  * [new branch]        M27/department-about-flake               -> origin/M27/department-about-flake
2026-10-06T15:52:32.8982464Z  * [new branch]        M27/departments-page-writes              -> origin/M27/departments-page-writes
2026-10-06T15:52:32.8982748Z  * [new branch]        M27/halt                                 -> origin/M27/halt
2026-10-06T15:52:32.8983035Z  * [new branch]        M27/halt-and-agent-lifecycle             -> origin/M27/halt-and-agent-lifecycle
2026-10-06T15:52:32.8983333Z  * [new branch]        M27/halt-screen                          -> origin/M27/halt-screen
2026-10-06T15:52:32.8983599Z  * [new branch]        M27/halt-store                           -> origin/M27/halt-store
2026-10-06T15:52:32.8983892Z  * [new branch]        M27/harness-console-proofs               -> origin/M27/harness-console-proofs
2026-10-06T15:52:32.9002998Z  * [new branch]        M27/incidents-screen                     -> origin/M27/incidents-screen
2026-10-06T15:52:32.9003782Z  * [new branch]        M27/models-matrix                        -> origin/M27/models-matrix
2026-10-06T15:52:32.9004243Z  * [new branch]        M27/models-routing-plain                 -> origin/M27/models-routing-plain
2026-10-06T15:52:32.9004725Z  * [new branch]        M27/models-screen-matrix                 -> origin/M27/models-screen-matrix
2026-10-06T15:52:32.9005247Z  * [new branch]        M27/money-figures-carry-currency         -> origin/M27/money-figures-carry-currency
2026-10-06T15:52:32.9005776Z  * [new branch]        M27/people-grant-controls                -> origin/M27/people-grant-controls
2026-10-06T15:52:32.9006105Z  * [new branch]        M27/service-accounts-page                -> origin/M27/service-accounts-page
2026-10-06T15:52:32.9006471Z  * [new branch]        M27/stats-live-reads-skill-runs          -> origin/M27/stats-live-reads-skill-runs
2026-10-06T15:52:32.9006796Z  * [new branch]        M27/w3-browser-e2e                       -> origin/M27/w3-browser-e2e
2026-10-06T15:52:32.9007093Z  * [new branch]        M27/w3-browser-harness                   -> origin/M27/w3-browser-harness
2026-10-06T15:52:32.9007399Z  * [new branch]        M27/w3-credentials-checks                -> origin/M27/w3-credentials-checks
2026-10-06T15:52:32.9007709Z  * [new branch]        M27/w3-harness-app-memory                -> origin/M27/w3-harness-app-memory
2026-10-06T15:52:32.9008264Z  * [new branch]        M27/w3-harness-console-proofs            -> origin/M27/w3-harness-console-proofs
2026-10-06T15:52:32.9008594Z  * [new branch]        M27/w3-ops-screen-checks-a               -> origin/M27/w3-ops-screen-checks-a
2026-10-06T15:52:32.9008879Z  * [new branch]        M27/w3b-ops-1                            -> origin/M27/w3b-ops-1
2026-10-06T15:52:32.9009136Z  * [new branch]        M27/w3b-ops-2                            -> origin/M27/w3b-ops-2
2026-10-06T15:52:32.9009486Z  * [new branch]        M27/w3b-ops-3                            -> origin/M27/w3b-ops-3
2026-10-06T15:52:32.9009736Z  * [new branch]        M27/w3b-ops-4                            -> origin/M27/w3b-ops-4
2026-10-06T15:52:32.9009997Z  * [new branch]        M27/w3b-people-1                         -> origin/M27/w3b-people-1
2026-10-06T15:52:32.9010266Z  * [new branch]        M27/w3b-people-2                         -> origin/M27/w3b-people-2
2026-10-06T15:52:32.9010530Z  * [new branch]        M27/w3b-people-3                         -> origin/M27/w3b-people-3
2026-10-06T15:52:32.9010796Z  * [new branch]        M27/walk-defects                         -> origin/M27/walk-defects
2026-10-06T15:52:32.9011110Z  * [new branch]        M27/webhook-switch-on-and-replay         -> origin/M27/webhook-switch-on-and-replay
2026-10-06T15:52:32.9011461Z  * [new branch]        M28/golden-corpus-blocks-merge           -> origin/M28/golden-corpus-blocks-merge
2026-10-06T15:52:32.9011792Z  * [new branch]        M3/risk-and-route-on-row                 -> origin/M3/risk-and-route-on-row
2026-10-06T15:52:32.9012122Z  * [new branch]        M30/compat-permissive-policy             -> origin/M30/compat-permissive-policy
2026-10-06T15:52:32.9012433Z  * [new branch]        M31/apps-are-freed                       -> origin/M31/apps-are-freed
2026-10-06T15:52:32.9012707Z  * [new branch]        M31/fork-workers                         -> origin/M31/fork-workers
2026-10-06T15:52:32.9012972Z  * [new branch]        M31/simple-vault                         -> origin/M31/simple-vault
2026-10-06T15:52:32.9013281Z  * [new branch]        M31/worker-loads-saved-settings          -> origin/M31/worker-loads-saved-settings
2026-10-06T15:52:32.9013603Z  * [new branch]        M31/worker-mb-measured                   -> origin/M31/worker-mb-measured
2026-10-06T15:52:32.9013900Z  * [new branch]        M32/proof-sweep-module                   -> origin/M32/proof-sweep-module
2026-10-06T15:52:32.9014191Z  * [new branch]        M32/w2-deploy-proof                      -> origin/M32/w2-deploy-proof
2026-10-06T15:52:32.9014565Z  * [new branch]        M32/w2-deploy-proof-2                    -> origin/M32/w2-deploy-proof-2
2026-10-06T15:52:32.9014855Z  * [new branch]        M32/w2-deploy-proof-3                    -> origin/M32/w2-deploy-proof-3
2026-10-06T15:52:32.9015135Z  * [new branch]        M32/w2-egress-scrub                      -> origin/M32/w2-egress-scrub
2026-10-06T15:52:32.9015423Z  * [new branch]        M32/w2-overlay-langfuse                  -> origin/M32/w2-overlay-langfuse
2026-10-06T15:52:32.9015719Z  * [new branch]        M32/w2-overlay-presidio                  -> origin/M32/w2-overlay-presidio
2026-10-06T15:52:32.9016004Z  * [new branch]        M32/w2-payload-role                      -> origin/M32/w2-payload-role
2026-10-06T15:52:32.9016286Z  * [new branch]        M32/w2-proof-records                     -> origin/M32/w2-proof-records
2026-10-06T15:52:32.9016581Z  * [new branch]        M32/w2-proof-sweep-1005                  -> origin/M32/w2-proof-sweep-1005
2026-10-06T15:52:32.9016876Z  * [new branch]        M32/w2-proof-sweep-1006                  -> origin/M32/w2-proof-sweep-1006
2026-10-06T15:52:32.9017159Z  * [new branch]        M32/w2-sandbox-pr                        -> origin/M32/w2-sandbox-pr
2026-10-06T15:52:32.9017444Z  * [new branch]        M32/w2-scrub-cpu-clock                   -> origin/M32/w2-scrub-cpu-clock
2026-10-06T15:52:32.9017729Z  * [new branch]        M32/w2-trace-export                      -> origin/M32/w2-trace-export
2026-10-06T15:52:32.9018146Z  * [new branch]        M32/w2-trace-graph-page                  -> origin/M32/w2-trace-graph-page
2026-10-06T15:52:32.9018460Z  * [new branch]        M32/w2-trace-retention-proof             -> origin/M32/w2-trace-retention-proof
2026-10-06T15:52:32.9018778Z  * [new branch]        M32/w3-proof-sweep-1006b                 -> origin/M32/w3-proof-sweep-1006b
2026-10-06T15:52:32.9019068Z  * [new branch]        M33/approval-reach                       -> origin/M33/approval-reach
2026-10-06T15:52:32.9019440Z  * [new branch]        M33/audit-statistics                     -> origin/M33/audit-statistics
2026-10-06T15:52:32.9019722Z  * [new branch]        M33/company-views                        -> origin/M33/company-views
2026-10-06T15:52:32.9020030Z  * [new branch]        M33/department-activity-check            -> origin/M33/department-activity-check
2026-10-06T15:52:32.9020340Z  * [new branch]        M33/department-views                     -> origin/M33/department-views
2026-10-06T15:52:32.9020618Z  * [new branch]        M33/elevation-chain                      -> origin/M33/elevation-chain
2026-10-06T15:52:32.9020919Z  * [new branch]        M33/install-checks-console               -> origin/M33/install-checks-console
2026-10-06T15:52:32.9021235Z  * [new branch]        M33/my-conversation-export               -> origin/M33/my-conversation-export
2026-10-06T15:52:32.9021548Z  * [new branch]        M33/people-history-grants                -> origin/M33/people-history-grants
2026-10-06T15:52:32.9021878Z  * [new branch]        M33/permission-sync-decision             -> origin/M33/permission-sync-decision
2026-10-06T15:52:32.9022186Z  * [new branch]        M33/role-nominations                     -> origin/M33/role-nominations
2026-10-06T15:52:32.9022460Z  * [new branch]        M33/train-0200                           -> origin/M33/train-0200
2026-10-06T15:52:32.9022738Z  * [new branch]        M33/w3-global-publish                    -> origin/M33/w3-global-publish
2026-10-06T15:52:32.9023040Z  * [new branch]        M33/w3-governance-checks                 -> origin/M33/w3-governance-checks
2026-10-06T15:52:32.9023351Z  * [new branch]        M33/w3-governance-checks-2               -> origin/M33/w3-governance-checks-2
2026-10-06T15:52:32.9023781Z  * [new branch]        M38/acceptance-chat-and-skills           -> origin/M38/acceptance-chat-and-skills
2026-10-06T15:52:32.9024143Z  * [new branch]        M38/acceptance-chat-and-skills-r2        -> origin/M38/acceptance-chat-and-skills-r2
2026-10-06T15:52:32.9024580Z  * [new branch]        M38/acceptance-counts-derived            -> origin/M38/acceptance-counts-derived
2026-10-06T15:52:32.9024930Z  * [new branch]        M38/acceptance-modules-discovered        -> origin/M38/acceptance-modules-discovered
2026-10-06T15:52:32.9025267Z  * [new branch]        M38/channel-send-every-wire              -> origin/M38/channel-send-every-wire
2026-10-06T15:52:32.9025586Z  * [new branch]        M38/ci-task-list-fast-path               -> origin/M38/ci-task-list-fast-path
2026-10-06T15:52:32.9025909Z  * [new branch]        M38/console-enterprise-tasks             -> origin/M38/console-enterprise-tasks
2026-10-06T15:52:32.9026237Z  * [new branch]        M38/install-acceptance-checks            -> origin/M38/install-acceptance-checks
2026-10-06T15:52:32.9026579Z  * [new branch]        M38/install-acceptance-checks-r2         -> origin/M38/install-acceptance-checks-r2
2026-10-06T15:52:32.9027041Z  * [new branch]        M38/install-acceptance-checks-r3         -> origin/M38/install-acceptance-checks-r3
2026-10-06T15:52:32.9027587Z  * [new branch]        M38/install-acceptance-checks-r4         -> origin/M38/install-acceptance-checks-r4
2026-10-06T15:52:32.9028109Z  * [new branch]        M38/m571-wave5                           -> origin/M38/m571-wave5
2026-10-06T15:52:32.9028397Z  * [new branch]        M38/merge-duplicates-w3-5                -> origin/M38/merge-duplicates-w3-5
2026-10-06T15:52:32.9028729Z  * [new branch]        M38/migration-train-0118-0138-0139       -> origin/M38/migration-train-0118-0138-0139
2026-10-06T15:52:32.9029068Z  * [new branch]        M38/migration-train-0190-0207            -> origin/M38/migration-train-0190-0207
2026-10-06T15:52:32.9029389Z  * [new branch]        M38/migration-train-0204-0211            -> origin/M38/migration-train-0204-0211
2026-10-06T15:52:32.9029696Z  * [new branch]        M38/migration-train-2                    -> origin/M38/migration-train-2
2026-10-06T15:52:32.9029990Z  * [new branch]        M38/migration-train-r2                   -> origin/M38/migration-train-r2
2026-10-06T15:52:32.9030402Z  * [new branch]        M38/needs-115-118                        -> origin/M38/needs-115-118
2026-10-06T15:52:32.9030683Z  * [new branch]        M38/needs-117-decided                    -> origin/M38/needs-117-decided
2026-10-06T15:52:32.9030986Z  * [new branch]        M38/needs-121-conversations              -> origin/M38/needs-121-conversations
2026-10-06T15:52:32.9031276Z  * [new branch]        M38/needs-122-125                        -> origin/M38/needs-122-125
2026-10-06T15:52:32.9031555Z  * [new branch]        M38/needs-125-chat-use                   -> origin/M38/needs-125-chat-use
2026-10-06T15:52:32.9031842Z  * [new branch]        M38/needs-125-decided                    -> origin/M38/needs-125-decided
2026-10-06T15:52:32.9032124Z  * [new branch]        M38/needs-126-decided                    -> origin/M38/needs-126-decided
2026-10-06T15:52:32.9032429Z  * [new branch]        M38/needs-126-services                   -> origin/M38/needs-126-services
2026-10-06T15:52:32.9032775Z  * [new branch]        M38/needs-126-steps                      -> origin/M38/needs-126-steps
2026-10-06T15:52:32.9033108Z  * [new branch]        M38/needs-127-129                        -> origin/M38/needs-127-129
2026-10-06T15:52:32.9033399Z  * [new branch]        M38/needs-131-accounts                   -> origin/M38/needs-131-accounts
2026-10-06T15:52:32.9033693Z  * [new branch]        M38/needs-131-relay-once                 -> origin/M38/needs-131-relay-once
2026-10-06T15:52:32.9033982Z  * [new branch]        M38/needs-132-email                      -> origin/M38/needs-132-email
2026-10-06T15:52:32.9034260Z  * [new branch]        M38/needs-132-mailbox                    -> origin/M38/needs-132-mailbox
2026-10-06T15:52:32.9034552Z  * [new branch]        M38/needs-132-no-address                 -> origin/M38/needs-132-no-address
2026-10-06T15:52:32.9034847Z  * [new branch]        M38/needs-133-indexing                   -> origin/M38/needs-133-indexing
2026-10-06T15:52:32.9035209Z  * [new branch]        M38/needs-134-slack                      -> origin/M38/needs-134-slack
2026-10-06T15:52:32.9035508Z  * [new branch]        M38/needs-135-drive-sharing              -> origin/M38/needs-135-drive-sharing
2026-10-06T15:52:32.9035822Z  * [new branch]        M38/needs-138-laravel-rule               -> origin/M38/needs-138-laravel-rule
2026-10-06T15:52:32.9036118Z  * [new branch]        M38/needs-14-reopened                    -> origin/M38/needs-14-reopened
2026-10-06T15:52:32.9036406Z  * [new branch]        M38/needs-143-sources                    -> origin/M38/needs-143-sources
2026-10-06T15:52:32.9036688Z  * [new branch]        M38/needs-148-laravel                    -> origin/M38/needs-148-laravel
2026-10-06T15:52:32.9036968Z  * [new branch]        M38/needs-150-drive                      -> origin/M38/needs-150-drive
2026-10-06T15:52:32.9037263Z  * [new branch]        M38/needs-151-slack-hubspot              -> origin/M38/needs-151-slack-hubspot
2026-10-06T15:52:32.9037563Z  * [new branch]        M38/needs-153-chinese                    -> origin/M38/needs-153-chinese
2026-10-06T15:52:32.9038032Z  * [new branch]        M38/needs-154-reload                     -> origin/M38/needs-154-reload
2026-10-06T15:52:32.9038315Z  * [new branch]        M38/needs-154-sandbox                    -> origin/M38/needs-154-sandbox
2026-10-06T15:52:32.9038586Z  * [new branch]        M38/needs-157-158                        -> origin/M38/needs-157-158
2026-10-06T15:52:32.9038848Z  * [new branch]        M38/needs-162                            -> origin/M38/needs-162
2026-10-06T15:52:32.9039111Z  * [new branch]        M38/needs-163-164                        -> origin/M38/needs-163-164
2026-10-06T15:52:32.9039367Z  * [new branch]        M38/needs-165                            -> origin/M38/needs-165
2026-10-06T15:52:32.9039624Z  * [new branch]        M38/needs-166-167                        -> origin/M38/needs-166-167
2026-10-06T15:52:32.9039963Z  * [new branch]        M38/needs-168                            -> origin/M38/needs-168
2026-10-06T15:52:32.9040231Z  * [new branch]        M38/needs-168-decided                    -> origin/M38/needs-168-decided
2026-10-06T15:52:32.9040498Z  * [new branch]        M38/needs-169                            -> origin/M38/needs-169
2026-10-06T15:52:32.9040745Z  * [new branch]        M38/needs-170                            -> origin/M38/needs-170
2026-10-06T15:52:32.9040993Z  * [new branch]        M38/needs-171                            -> origin/M38/needs-171
2026-10-06T15:52:32.9041237Z  * [new branch]        M38/needs-172                            -> origin/M38/needs-172
2026-10-06T15:52:32.9041510Z  * [new branch]        M38/needs-decided-0929                   -> origin/M38/needs-decided-0929
2026-10-06T15:52:32.9041825Z  * [new branch]        M38/oauth-seal-test-not-flaky            -> origin/M38/oauth-seal-test-not-flaky
2026-10-06T15:52:32.9042129Z  * [new branch]        M38/owner-answers-83                     -> origin/M38/owner-answers-83
2026-10-06T15:52:32.9042436Z  * [new branch]        M38/owner-answers-83-r224134             -> origin/M38/owner-answers-83-r224134
2026-10-06T15:52:32.9042742Z  * [new branch]        M38/owner-answers-85-97                  -> origin/M38/owner-answers-85-97
2026-10-06T15:52:32.9043043Z  * [new branch]        M38/owner-answers-99-106                 -> origin/M38/owner-answers-99-106
2026-10-06T15:52:32.9043355Z  * [new branch]        M38/owner-architecture-tasks             -> origin/M38/owner-architecture-tasks
2026-10-06T15:52:32.9043669Z  * [new branch]        M38/owner-decisions-tasks                -> origin/M38/owner-decisions-tasks
2026-10-06T15:52:32.9044002Z  * [new branch]        M38/postdeploy-proof-needs-three         -> origin/M38/postdeploy-proof-needs-three
2026-10-06T15:52:32.9044319Z  * [new branch]        M38/proof-required                       -> origin/M38/proof-required
2026-10-06T15:52:32.9044595Z  * [new branch]        M38/proof-to-close                       -> origin/M38/proof-to-close
2026-10-06T15:52:32.9044947Z  * [new branch]        M38/proofs-0929a                         -> origin/M38/proofs-0929a
2026-10-06T15:52:32.9045215Z  * [new branch]        M38/proofs-0929b                         -> origin/M38/proofs-0929b
2026-10-06T15:52:32.9045480Z  * [new branch]        M38/proofs-0929c                         -> origin/M38/proofs-0929c
2026-10-06T15:52:32.9045743Z  * [new branch]        M38/proofs-0929d                         -> origin/M38/proofs-0929d
2026-10-06T15:52:32.9046002Z  * [new branch]        M38/proofs-0929e                         -> origin/M38/proofs-0929e
2026-10-06T15:52:32.9046262Z  * [new branch]        M38/proofs-0929f                         -> origin/M38/proofs-0929f
2026-10-06T15:52:32.9046519Z  * [new branch]        M38/proofs-0929g                         -> origin/M38/proofs-0929g
2026-10-06T15:52:32.9046775Z  * [new branch]        M38/proofs-0929h                         -> origin/M38/proofs-0929h
2026-10-06T15:52:32.9047036Z  * [new branch]        M38/proofs-0929i                         -> origin/M38/proofs-0929i
2026-10-06T15:52:32.9047312Z  * [new branch]        M38/proofs-2026-09-28                    -> origin/M38/proofs-2026-09-28
2026-10-06T15:52:32.9047601Z  * [new branch]        M38/proofs-2026-09-28b                   -> origin/M38/proofs-2026-09-28b
2026-10-06T15:52:32.9047959Z  * [new branch]        M38/proofs-2026-09-28c                   -> origin/M38/proofs-2026-09-28c
2026-10-06T15:52:32.9048241Z  * [new branch]        M38/proofs-2026-09-28d                   -> origin/M38/proofs-2026-09-28d
2026-10-06T15:52:32.9048520Z  * [new branch]        M38/proofs-2026-09-29a                   -> origin/M38/proofs-2026-09-29a
2026-10-06T15:52:32.9048805Z  * [new branch]        M38/proofs-rate-limits                   -> origin/M38/proofs-rate-limits
2026-10-06T15:52:32.9049116Z  * [new branch]        M38/recovery-consolidation               -> origin/M38/recovery-consolidation
2026-10-06T15:52:32.9049429Z  * [new branch]        M38/requirements-register                -> origin/M38/requirements-register
2026-10-06T15:52:32.9049810Z  * [new branch]        M38/reuse-first-rule                     -> origin/M38/reuse-first-rule
2026-10-06T15:52:32.9050106Z  * [new branch]        M38/screens-agent-detail                 -> origin/M38/screens-agent-detail
2026-10-06T15:52:32.9050412Z  * [new branch]        M38/task-notes-prior-work                -> origin/M38/task-notes-prior-work
2026-10-06T15:52:32.9050706Z  * [new branch]        M38/traceability-fix                     -> origin/M38/traceability-fix
2026-10-06T15:52:32.9050991Z  * [new branch]        M38/tracker-2026-09-28                   -> origin/M38/tracker-2026-09-28
2026-10-06T15:52:32.9051291Z  * [new branch]        M38/tracker-batch1-landed                -> origin/M38/tracker-batch1-landed
2026-10-06T15:52:32.9051599Z  * [new branch]        M38/tracker-install-audit                -> origin/M38/tracker-install-audit
2026-10-06T15:52:32.9051905Z  * [new branch]        M38/tracker-wave1-landed                 -> origin/M38/tracker-wave1-landed
2026-10-06T15:52:32.9052199Z  * [new branch]        M38/w2-digest-body                       -> origin/M38/w2-digest-body
2026-10-06T15:52:32.9052491Z  * [new branch]        M38/w2-digest-destination                -> origin/M38/w2-digest-destination
2026-10-06T15:52:32.9052792Z  * [new branch]        M38/w2-digest-send-final                 -> origin/M38/w2-digest-send-final
2026-10-06T15:52:32.9053076Z  * [new branch]        M38/wave0-record                         -> origin/M38/wave0-record
2026-10-06T15:52:32.9053359Z  * [new branch]        M38/wave2-questions                      -> origin/M38/wave2-questions
2026-10-06T15:52:32.9053645Z  * [new branch]        M38/worker-ready-fast                    -> origin/M38/worker-ready-fast
2026-10-06T15:52:32.9053937Z  * [new branch]        M39/agent-deep-links                     -> origin/M39/agent-deep-links
2026-10-06T15:52:32.9054244Z  * [new branch]        M39/automation-paused-told               -> origin/M39/automation-paused-told
2026-10-06T15:52:32.9054639Z  * [new branch]        M39/channel-rows                         -> origin/M39/channel-rows
2026-10-06T15:52:32.9054912Z  * [new branch]        M39/group-install                        -> origin/M39/group-install
2026-10-06T15:52:32.9055217Z  * [new branch]        M39/install-checks-workspace             -> origin/M39/install-checks-workspace
2026-10-06T15:52:32.9055521Z  * [new branch]        M39/train-0191-0195                      -> origin/M39/train-0191-0195
2026-10-06T15:52:32.9055789Z  * [new branch]        M39/train-0196                           -> origin/M39/train-0196
2026-10-06T15:52:32.9056085Z  * [new branch]        M39/w3-agent-artifacts-replay            -> origin/M39/w3-agent-artifacts-replay
2026-10-06T15:52:32.9056424Z  * [new branch]        M39/w3-agent-attachments-replay          -> origin/M39/w3-agent-attachments-replay
2026-10-06T15:52:32.9056753Z  * [new branch]        M39/w3-agent-conversations               -> origin/M39/w3-agent-conversations
2026-10-06T15:52:32.9057093Z  * [new branch]        M39/w3-agent-conversations-replay        -> origin/M39/w3-agent-conversations-replay
2026-10-06T15:52:32.9057425Z  * [new branch]        M39/w3-agent-leash-replay                -> origin/M39/w3-agent-leash-replay
2026-10-06T15:52:32.9057727Z  * [new branch]        M39/w3-agent-workspace                   -> origin/M39/w3-agent-workspace
2026-10-06T15:52:32.9058099Z  * [new branch]        M39/w3-agent-workspace-2                 -> origin/M39/w3-agent-workspace-2
2026-10-06T15:52:32.9058394Z  * [new branch]        M39/w3-agent-workspace-3                 -> origin/M39/w3-agent-workspace-3
2026-10-06T15:52:32.9058687Z  * [new branch]        M39/w3-agent-workspace-4                 -> origin/M39/w3-agent-workspace-4
2026-10-06T15:52:32.9058975Z  * [new branch]        M39/w3-agent-workspace-5                 -> origin/M39/w3-agent-workspace-5
2026-10-06T15:52:32.9059265Z  * [new branch]        M39/w3-agent-workspace-6                 -> origin/M39/w3-agent-workspace-6
2026-10-06T15:52:32.9059638Z  * [new branch]        M39/w3-agent-workspace-7                 -> origin/M39/w3-agent-workspace-7
2026-10-06T15:52:32.9059927Z  * [new branch]        M39/w3-agent-workspace-8                 -> origin/M39/w3-agent-workspace-8
2026-10-06T15:52:32.9060206Z  * [new branch]        M39/w3b-agent-1                          -> origin/M39/w3b-agent-1
2026-10-06T15:52:32.9060466Z  * [new branch]        M39/w3b-agent-2                          -> origin/M39/w3b-agent-2
2026-10-06T15:52:32.9060733Z  * [new branch]        M41/ci-eight-shards                      -> origin/M41/ci-eight-shards
2026-10-06T15:52:32.9061025Z  * [new branch]        M41/ci-main-run-finishes                 -> origin/M41/ci-main-run-finishes
2026-10-06T15:52:32.9061342Z  * [new branch]        M41/ci-main-runs-deploy-gates            -> origin/M41/ci-main-runs-deploy-gates
2026-10-06T15:52:32.9061674Z  * [new branch]        M41/worker-gets-cache-address            -> origin/M41/worker-gets-cache-address
2026-10-06T15:52:32.9061991Z  * [new branch]        M42/realm-volume-owner                   -> origin/M42/realm-volume-owner
2026-10-06T15:52:32.9062282Z  * [new branch]        M5/last-step-budget                      -> origin/M5/last-step-budget
2026-10-06T15:52:32.9062607Z  * [new branch]        M5/model-health-routing-residency        -> origin/M5/model-health-routing-residency
2026-10-06T15:52:32.9062932Z  * [new branch]        M5/moonshot-end-to-end                   -> origin/M5/moonshot-end-to-end
2026-10-06T15:52:32.9063225Z  * [new branch]        M5/provider-acceptance                   -> origin/M5/provider-acceptance
2026-10-06T15:52:32.9063521Z  * [new branch]        M5/routing-proof-rest                    -> origin/M5/routing-proof-rest
2026-10-06T15:52:32.9063803Z  * [new branch]        M6/w3-caches-wired                       -> origin/M6/w3-caches-wired
2026-10-06T15:52:32.9064077Z  * [new branch]        M6/w3-fastlane-role                      -> origin/M6/w3-fastlane-role
2026-10-06T15:52:32.9064453Z  * [new branch]        M6/w3-source-epochs-cache                -> origin/M6/w3-source-epochs-cache
2026-10-06T15:52:32.9064735Z  * [new branch]        M6/w3-speed                              -> origin/M6/w3-speed
2026-10-06T15:52:32.9065026Z  * [new branch]        M7/classification-read-scope             -> origin/M7/classification-read-scope
2026-10-06T15:52:32.9065335Z  * [new branch]        M7/classified-tables                     -> origin/M7/classified-tables
2026-10-06T15:52:32.9065641Z  * [new branch]        M7/classified-tables-r191711             -> origin/M7/classified-tables-r191711
2026-10-06T15:52:32.9065952Z  * [new branch]        M7/knowledge-lifecycle                   -> origin/M7/knowledge-lifecycle
2026-10-06T15:52:32.9066252Z  * [new branch]        M7/knowledge-upload-text                 -> origin/M7/knowledge-upload-text
2026-10-06T15:52:32.9066557Z  * [new branch]        M7/links-scanning-queue                  -> origin/M7/links-scanning-queue
2026-10-06T15:52:32.9066850Z  * [new branch]        M7/price-list-fixes                      -> origin/M7/price-list-fixes
2026-10-06T15:52:32.9067145Z  * [new branch]        M7/text-path-app-budget                  -> origin/M7/text-path-app-budget
2026-10-06T15:52:32.9067429Z  * [new branch]        M7/w2-knowledge                          -> origin/M7/w2-knowledge
2026-10-06T15:52:32.9067696Z  * [new branch]        M7/w2-knowledge-2                        -> origin/M7/w2-knowledge-2
2026-10-06T15:52:32.9068126Z  * [new branch]        M7/w2-knowledge-3                        -> origin/M7/w2-knowledge-3
2026-10-06T15:52:32.9068391Z  * [new branch]        M7/w2-knowledge-4                        -> origin/M7/w2-knowledge-4
2026-10-06T15:52:32.9068654Z  * [new branch]        M7/w2-knowledge-5                        -> origin/M7/w2-knowledge-5
2026-10-06T15:52:32.9068915Z  * [new branch]        M7/w2-knowledge-6                        -> origin/M7/w2-knowledge-6
2026-10-06T15:52:32.9069177Z  * [new branch]        M7/w2-knowledge-7                        -> origin/M7/w2-knowledge-7
2026-10-06T15:52:32.9069528Z  * [new branch]        M7/w2-knowledge-8                        -> origin/M7/w2-knowledge-8
2026-10-06T15:52:32.9069824Z  * [new branch]        M7/w2-knowledge-checks-area              -> origin/M7/w2-knowledge-checks-area
2026-10-06T15:52:32.9070135Z  * [new branch]        M7/w2-knowledge-needs                    -> origin/M7/w2-knowledge-needs
2026-10-06T15:52:32.9070436Z  * [new branch]        M7/w2-knowledge-stewards                 -> origin/M7/w2-knowledge-stewards
2026-10-06T15:52:32.9070721Z  * [new branch]        M7/w2-queue-url                          -> origin/M7/w2-queue-url
2026-10-06T15:52:32.9071032Z  * [new branch]        M8/citations-freshness-abstention        -> origin/M8/citations-freshness-abstention
2026-10-06T15:52:32.9071410Z  * [new branch]        M8/citations-freshness-abstention-r2     -> origin/M8/citations-freshness-abstention-r2
2026-10-06T15:52:32.9071785Z  * [new branch]        M8/citations-freshness-abstention-r3     -> origin/M8/citations-freshness-abstention-r3
2026-10-06T15:52:32.9072159Z  * [new branch]        M8/citations-freshness-abstention-r4     -> origin/M8/citations-freshness-abstention-r4
2026-10-06T15:52:32.9072524Z  * [new branch]        M8/citations-freshness-abstention-r5     -> origin/M8/citations-freshness-abstention-r5
2026-10-06T15:52:32.9072841Z  * [new branch]        M8/w2-escalation                         -> origin/M8/w2-escalation
2026-10-06T15:52:32.9073131Z  * [new branch]        M8/w2-escalation-direct                  -> origin/M8/w2-escalation-direct
2026-10-06T15:52:32.9073409Z  * [new branch]        M8/w2-takeover                           -> origin/M8/w2-takeover
2026-10-06T15:52:32.9073681Z  * [new branch]        M8/w2-tell-the-asker                     -> origin/M8/w2-tell-the-asker
2026-10-06T15:52:32.9073939Z  * [new branch]        main                                     -> origin/main
2026-10-06T15:52:32.9074219Z  * [new branch]        recovery/from-windows-20260928           -> origin/recovery/from-windows-20260928
2026-10-06T15:52:32.9074723Z  * [new branch]        recovery/from-windows-20260928-branch-M38-needs-95-96 -> origin/recovery/from-windows-20260928-branch-M38-needs-95-96
2026-10-06T15:52:32.9075163Z  * [new branch]        recovery/from-windows-20260928-gate_wt   -> origin/recovery/from-windows-20260928-gate_wt
2026-10-06T15:52:32.9075557Z  * [new branch]        recovery/from-windows-20260928-wt-agent-api -> origin/recovery/from-windows-20260928-wt-agent-api
2026-10-06T15:52:32.9075993Z  * [new branch]        recovery/from-windows-20260928-wt-agent-lifecycle -> origin/recovery/from-windows-20260928-wt-agent-lifecycle
2026-10-06T15:52:32.9076409Z  * [new branch]        recovery/from-windows-20260928-wt-amr    -> origin/recovery/from-windows-20260928-wt-amr
2026-10-06T15:52:32.9076777Z  * [new branch]        recovery/from-windows-20260928-wt-ans    -> origin/recovery/from-windows-20260928-wt-ans
2026-10-06T15:52:32.9077198Z  * [new branch]        recovery/from-windows-20260928-wt-automation-memory -> origin/recovery/from-windows-20260928-wt-automation-memory
2026-10-06T15:52:32.9077640Z  * [new branch]        recovery/from-windows-20260928-wt-ci-shards -> origin/recovery/from-windows-20260928-wt-ci-shards
2026-10-06T15:52:32.9078185Z  * [new branch]        recovery/from-windows-20260928-wt-close2 -> origin/recovery/from-windows-20260928-wt-close2
2026-10-06T15:52:32.9078568Z  * [new branch]        recovery/from-windows-20260928-wt-close3 -> origin/recovery/from-windows-20260928-wt-close3
2026-10-06T15:52:32.9078945Z  * [new branch]        recovery/from-windows-20260928-wt-close4 -> origin/recovery/from-windows-20260928-wt-close4
2026-10-06T15:52:32.9079319Z  * [new branch]        recovery/from-windows-20260928-wt-close5 -> origin/recovery/from-windows-20260928-wt-close5
2026-10-06T15:52:32.9079693Z  * [new branch]        recovery/from-windows-20260928-wt-close6 -> origin/recovery/from-windows-20260928-wt-close6
2026-10-06T15:52:32.9080147Z  * [new branch]        recovery/from-windows-20260928-wt-close7 -> origin/recovery/from-windows-20260928-wt-close7
2026-10-06T15:52:32.9080530Z  * [new branch]        recovery/from-windows-20260928-wt-close8 -> origin/recovery/from-windows-20260928-wt-close8
2026-10-06T15:52:32.9080905Z  * [new branch]        recovery/from-windows-20260928-wt-close9 -> origin/recovery/from-windows-20260928-wt-close9
2026-10-06T15:52:32.9081277Z  * [new branch]        recovery/from-windows-20260928-wt-dec    -> origin/recovery/from-windows-20260928-wt-dec
2026-10-06T15:52:32.9081655Z  * [new branch]        recovery/from-windows-20260928-wt-deploy2 -> origin/recovery/from-windows-20260928-wt-deploy2
2026-10-06T15:52:32.9082060Z  * [new branch]        recovery/from-windows-20260928-wt-deployfix -> origin/recovery/from-windows-20260928-wt-deployfix
2026-10-06T15:52:32.9082465Z  * [new branch]        recovery/from-windows-20260928-wt-downgrade -> origin/recovery/from-windows-20260928-wt-downgrade
2026-10-06T15:52:32.9082869Z  * [new branch]        recovery/from-windows-20260928-wt-dsnleak -> origin/recovery/from-windows-20260928-wt-dsnleak
2026-10-06T15:52:32.9083249Z  * [new branch]        recovery/from-windows-20260928-wt-fast   -> origin/recovery/from-windows-20260928-wt-fast
2026-10-06T15:52:32.9083625Z  * [new branch]        recovery/from-windows-20260928-wt-flaky  -> origin/recovery/from-windows-20260928-wt-flaky
2026-10-06T15:52:32.9083995Z  * [new branch]        recovery/from-windows-20260928-wt-g1     -> origin/recovery/from-windows-20260928-wt-g1
2026-10-06T15:52:32.9084352Z  * [new branch]        recovery/from-windows-20260928-wt-g2     -> origin/recovery/from-windows-20260928-wt-g2
2026-10-06T15:52:32.9084706Z  * [new branch]        recovery/from-windows-20260928-wt-g3     -> origin/recovery/from-windows-20260928-wt-g3
2026-10-06T15:52:32.9085059Z  * [new branch]        recovery/from-windows-20260928-wt-g4     -> origin/recovery/from-windows-20260928-wt-g4
2026-10-06T15:52:32.9085425Z  * [new branch]        recovery/from-windows-20260928-wt-gate   -> origin/recovery/from-windows-20260928-wt-gate
2026-10-06T15:52:32.9085877Z  * [new branch]        recovery/from-windows-20260928-wt-halt   -> origin/recovery/from-windows-20260928-wt-halt
2026-10-06T15:52:32.9086271Z  * [new branch]        recovery/from-windows-20260928-wt-integrate2 -> origin/recovery/from-windows-20260928-wt-integrate2
2026-10-06T15:52:32.9086657Z  * [new branch]        recovery/from-windows-20260928-wt-kc     -> origin/recovery/from-windows-20260928-wt-kc
2026-10-06T15:52:32.9087036Z  * [new branch]        recovery/from-windows-20260928-wt-kcaccount -> origin/recovery/from-windows-20260928-wt-kcaccount
2026-10-06T15:52:32.9087435Z  * [new branch]        recovery/from-windows-20260928-wt-kcactions -> origin/recovery/from-windows-20260928-wt-kcactions
2026-10-06T15:52:32.9087915Z  * [new branch]        recovery/from-windows-20260928-wt-keyfield -> origin/recovery/from-windows-20260928-wt-keyfield
2026-10-06T15:52:32.9088332Z  * [new branch]        recovery/from-windows-20260928-wt-larkconnect -> origin/recovery/from-windows-20260928-wt-larkconnect
2026-10-06T15:52:32.9088773Z  * [new branch]        recovery/from-windows-20260928-wt-n81    -> origin/recovery/from-windows-20260928-wt-n81
2026-10-06T15:52:32.9089141Z  * [new branch]        recovery/from-windows-20260928-wt-n91    -> origin/recovery/from-windows-20260928-wt-n91
2026-10-06T15:52:32.9089501Z  * [new branch]        recovery/from-windows-20260928-wt-n96    -> origin/recovery/from-windows-20260928-wt-n96
2026-10-06T15:52:32.9089871Z  * [new branch]        recovery/from-windows-20260928-wt-needs  -> origin/recovery/from-windows-20260928-wt-needs
2026-10-06T15:52:32.9090256Z  * [new branch]        recovery/from-windows-20260928-wt-needs2 -> origin/recovery/from-windows-20260928-wt-needs2
2026-10-06T15:52:32.9090641Z  * [new branch]        recovery/from-windows-20260928-wt-needs3 -> origin/recovery/from-windows-20260928-wt-needs3
2026-10-06T15:52:32.9091011Z  * [new branch]        recovery/from-windows-20260928-wt-org    -> origin/recovery/from-windows-20260928-wt-org
2026-10-06T15:52:32.9091470Z  * [new branch]        recovery/from-windows-20260928-wt-overview -> origin/recovery/from-windows-20260928-wt-overview
2026-10-06T15:52:32.9091848Z  * [new branch]        recovery/from-windows-20260928-wt-own    -> origin/recovery/from-windows-20260928-wt-own
2026-10-06T15:52:32.9092216Z  * [new branch]        recovery/from-windows-20260928-wt-owner1 -> origin/recovery/from-windows-20260928-wt-owner1
2026-10-06T15:52:32.9092610Z  * [new branch]        recovery/from-windows-20260928-wt-profiles -> origin/recovery/from-windows-20260928-wt-profiles
2026-10-06T15:52:32.9092993Z  * [new branch]        recovery/from-windows-20260928-wt-reg    -> origin/recovery/from-windows-20260928-wt-reg
2026-10-06T15:52:32.9093357Z  * [new branch]        recovery/from-windows-20260928-wt-shell  -> origin/recovery/from-windows-20260928-wt-shell
2026-10-06T15:52:32.9093755Z  * [new branch]        recovery/from-windows-20260928-wt-skills-life -> origin/recovery/from-windows-20260928-wt-skills-life
2026-10-06T15:52:32.9094177Z  * [new branch]        recovery/from-windows-20260928-wt-skills-run -> origin/recovery/from-windows-20260928-wt-skills-run
2026-10-06T15:52:32.9094584Z  * [new branch]        recovery/from-windows-20260928-wt-staffsrc -> origin/recovery/from-windows-20260928-wt-staffsrc
2026-10-06T15:52:32.9094977Z  * [new branch]        recovery/from-windows-20260928-wt-steward -> origin/recovery/from-windows-20260928-wt-steward
2026-10-06T15:52:32.9095395Z  * [new branch]        recovery/from-windows-20260928-wt-ui-foundation -> origin/recovery/from-windows-20260928-wt-ui-foundation
2026-10-06T15:52:32.9095812Z  * [new branch]        recovery/from-windows-20260928-wt-vaultfix -> origin/recovery/from-windows-20260928-wt-vaultfix
2026-10-06T15:52:32.9096192Z  * [new branch]        recovery/from-windows-20260928-wt-w03    -> origin/recovery/from-windows-20260928-wt-w03
2026-10-06T15:52:32.9096552Z  * [new branch]        recovery/from-windows-20260928-wt-w04    -> origin/recovery/from-windows-20260928-wt-w04
2026-10-06T15:52:32.9096995Z  * [new branch]        recovery/from-windows-20260928-wt-w04b   -> origin/recovery/from-windows-20260928-wt-w04b
2026-10-06T15:52:32.9097360Z  * [new branch]        recovery/from-windows-20260928-wt-w05c   -> origin/recovery/from-windows-20260928-wt-w05c
2026-10-06T15:52:32.9097726Z  * [new branch]        recovery/from-windows-20260928-wt-w0a    -> origin/recovery/from-windows-20260928-wt-w0a
2026-10-06T15:52:32.9098153Z  * [new branch]        recovery/from-windows-20260928-wt-w0b    -> origin/recovery/from-windows-20260928-wt-w0b
2026-10-06T15:52:32.9098509Z  * [new branch]        recovery/from-windows-20260928-wt-w0c    -> origin/recovery/from-windows-20260928-wt-w0c
2026-10-06T15:52:32.9098865Z  * [new branch]        recovery/from-windows-20260928-wt-w0d    -> origin/recovery/from-windows-20260928-wt-w0d
2026-10-06T15:52:32.9099221Z  * [new branch]        recovery/from-windows-20260928-wt-w0e    -> origin/recovery/from-windows-20260928-wt-w0e
2026-10-06T15:52:32.9099582Z  * [new branch]        recovery/from-windows-20260928-wt-w0f    -> origin/recovery/from-windows-20260928-wt-w0f
2026-10-06T15:52:32.9099939Z  * [new branch]        recovery/from-windows-20260928-wt-w0g    -> origin/recovery/from-windows-20260928-wt-w0g
2026-10-06T15:52:32.9100301Z  * [new branch]        recovery/from-windows-20260928-wt-w0h    -> origin/recovery/from-windows-20260928-wt-w0h
2026-10-06T15:52:32.9100660Z  * [new branch]        recovery/from-windows-20260928-wt-w0i    -> origin/recovery/from-windows-20260928-wt-w0i
2026-10-06T15:52:32.9101023Z  * [new branch]        recovery/from-windows-20260928-wt-w0j    -> origin/recovery/from-windows-20260928-wt-w0j
2026-10-06T15:52:32.9101380Z  * [new branch]        recovery/from-windows-20260928-wt-w0k    -> origin/recovery/from-windows-20260928-wt-w0k
2026-10-06T15:52:32.9101735Z  * [new branch]        recovery/from-windows-20260928-wt-w0l    -> origin/recovery/from-windows-20260928-wt-w0l
2026-10-06T15:52:32.9102171Z  * [new branch]        recovery/from-windows-20260928-wt-w0m    -> origin/recovery/from-windows-20260928-wt-w0m
2026-10-06T15:52:32.9102535Z  * [new branch]        recovery/from-windows-20260928-wt-w0n    -> origin/recovery/from-windows-20260928-wt-w0n
2026-10-06T15:52:32.9102916Z  * [new branch]        recovery/from-windows-20260928-wt-w1-1   -> origin/recovery/from-windows-20260928-wt-w1-1
2026-10-06T15:52:32.9103283Z  * [new branch]        recovery/from-windows-20260928-wt-w1-2   -> origin/recovery/from-windows-20260928-wt-w1-2
2026-10-06T15:52:32.9103658Z  * [new branch]        recovery/from-windows-20260928-wt-w1-2a  -> origin/recovery/from-windows-20260928-wt-w1-2a
2026-10-06T15:52:32.9104045Z  * [new branch]        recovery/from-windows-20260928-wt-w1-2b  -> origin/recovery/from-windows-20260928-wt-w1-2b
2026-10-06T15:52:32.9104415Z  * [new branch]        recovery/from-windows-20260928-wt-w1-3   -> origin/recovery/from-windows-20260928-wt-w1-3
2026-10-06T15:52:32.9104789Z  * [new branch]        recovery/from-windows-20260928-wt-w1-4   -> origin/recovery/from-windows-20260928-wt-w1-4
2026-10-06T15:52:32.9105150Z  * [new branch]        recovery/from-windows-20260928-wt-w1-5   -> origin/recovery/from-windows-20260928-wt-w1-5
2026-10-06T15:52:32.9105516Z  * [new branch]        recovery/from-windows-20260928-wt-w1-5b  -> origin/recovery/from-windows-20260928-wt-w1-5b
2026-10-06T15:52:32.9105885Z  * [new branch]        recovery/from-windows-20260928-wt-w1-5c  -> origin/recovery/from-windows-20260928-wt-w1-5c
2026-10-06T15:52:32.9106252Z  * [new branch]        recovery/from-windows-20260928-wt-w1-6   -> origin/recovery/from-windows-20260928-wt-w1-6
2026-10-06T15:52:32.9106619Z  * [new branch]        recovery/from-windows-20260928-wt-w1-7   -> origin/recovery/from-windows-20260928-wt-w1-7
2026-10-06T15:52:32.9106978Z  * [new branch]        recovery/from-windows-20260928-wt-w1-8   -> origin/recovery/from-windows-20260928-wt-w1-8
2026-10-06T15:52:32.9107336Z  * [new branch]        recovery/from-windows-20260928-wt-w1-9   -> origin/recovery/from-windows-20260928-wt-w1-9
2026-10-06T15:52:32.9107873Z  * [new branch]        recovery/from-windows-20260928-wt-workerfix -> origin/recovery/from-windows-20260928-wt-workerfix
2026-10-06T15:52:32.9108291Z  * [new branch]        status                                   -> origin/status
2026-10-06T15:52:32.9108567Z  * [new branch]        train/migrations-0190-0207               -> origin/train/migrations-0190-0207
2026-10-06T15:52:32.9108872Z  * [new branch]        wip/0928/acceptance                      -> origin/wip/0928/acceptance
2026-10-06T15:52:32.9109189Z  * [new branch]        wip/0928/crud-departments-writes         -> origin/wip/0928/crud-departments-writes
2026-10-06T15:52:32.9109520Z  * [new branch]        wip/0928/crud-people-grants              -> origin/wip/0928/crud-people-grants
2026-10-06T15:52:32.9109844Z  * [new branch]        wip/0928/crud-service-accounts           -> origin/wip/0928/crud-service-accounts
2026-10-06T15:52:32.9110173Z  * [new branch]        wip/0928/land-agent-lifecycle            -> origin/wip/0928/land-agent-lifecycle
2026-10-06T15:52:32.9110476Z  * [new branch]        wip/0928/land-halt                       -> origin/wip/0928/land-halt
2026-10-06T15:52:32.9110759Z  * [new branch]        wip/0928/land-overview                   -> origin/wip/0928/land-overview
2026-10-06T15:52:32.9111044Z  * [new branch]        wip/0928/land-shell                      -> origin/wip/0928/land-shell
2026-10-06T15:52:32.9111315Z  * [new branch]        wip/0928/models                          -> origin/wip/0928/models
2026-10-06T15:52:32.9111592Z  * [new branch]        wip/0928/models-polish                   -> origin/wip/0928/models-polish
2026-10-06T15:52:32.9111866Z  * [new branch]        wip/0928/shell                           -> origin/wip/0928/shell
2026-10-06T15:52:32.9112120Z  * [new branch]        wip/0928/w2-ch2                          -> origin/wip/0928/w2-ch2
2026-10-06T15:52:32.9112372Z  * [new branch]        wip/0928/w2-k2                           -> origin/wip/0928/w2-k2
2026-10-06T15:52:32.9112742Z  * [new branch]        wip/0928/w2-k3                           -> origin/wip/0928/w2-k3
2026-10-06T15:52:32.9112988Z  * [new branch]        wip/0928/w2-k6                           -> origin/wip/0928/w2-k6
2026-10-06T15:52:32.9113233Z  * [new branch]        wip/0928/w2-t1                           -> origin/wip/0928/w2-t1
2026-10-06T15:52:32.9113496Z  * [new branch]        wip/0929/wt-b-answer                     -> origin/wip/0929/wt-b-answer
2026-10-06T15:52:32.9113784Z  * [new branch]        wip/0929/wt-b-knowledge                  -> origin/wip/0929/wt-b-knowledge
2026-10-06T15:52:32.9114071Z  * [new branch]        wip/0929/wt-b-memory                     -> origin/wip/0929/wt-b-memory
2026-10-06T15:52:32.9114350Z  * [new branch]        wip/0929/wt-b-tools                      -> origin/wip/0929/wt-b-tools
2026-10-06T15:52:32.9114634Z  * [new branch]        wip/0929/wt-b-workspace                  -> origin/wip/0929/wt-b-workspace
2026-10-06T15:52:32.9114941Z  * [new branch]        wip/0929/wt-connect-wizards              -> origin/wip/0929/wt-connect-wizards
2026-10-06T15:52:32.9115247Z  * [new branch]        wip/0929/wt-staff-diag                   -> origin/wip/0929/wt-staff-diag
2026-10-06T15:52:32.9115527Z  * [new branch]        wip/0930/wt-a-caches                     -> origin/wip/0930/wt-a-caches
2026-10-06T15:52:32.9115802Z  * [new branch]        wip/0930/wt-b-drive                      -> origin/wip/0930/wt-b-drive
2026-10-06T15:52:32.9116080Z  * [new branch]        wip/0930/wt-b-headers                    -> origin/wip/0930/wt-b-headers
2026-10-06T15:52:32.9116362Z  * [new branch]        wip/0930/wt-b-laravel                    -> origin/wip/0930/wt-b-laravel
2026-10-06T15:52:32.9116639Z  * [new branch]        wip/0930/wt-b-schema                     -> origin/wip/0930/wt-b-schema
2026-10-06T15:52:32.9116942Z  * [new branch]        wip/0930/wt-channel-telegram             -> origin/wip/0930/wt-channel-telegram
2026-10-06T15:52:32.9117267Z  * [new branch]        wip/0930/wt-channel-whatsapp             -> origin/wip/0930/wt-channel-whatsapp
2026-10-06T15:52:32.9117639Z  * [new branch]        wip/0930/wt-chk-b                        -> origin/wip/0930/wt-chk-b
2026-10-06T15:52:32.9118037Z  * [new branch]        wip/0930/wt-chk-c                        -> origin/wip/0930/wt-chk-c
2026-10-06T15:52:32.9118313Z  * [new branch]        wip/0930/wt-cm-models                    -> origin/wip/0930/wt-cm-models
2026-10-06T15:52:32.9118600Z  * [new branch]        wip/0930/wt-cm-overview                  -> origin/wip/0930/wt-cm-overview
2026-10-06T15:52:32.9118889Z  * [new branch]        wip/0930/wt-cm-people                    -> origin/wip/0930/wt-cm-people
2026-10-06T15:52:32.9119164Z  * [new branch]        wip/0930/wt-depts                        -> origin/wip/0930/wt-depts
2026-10-06T15:52:32.9119441Z  * [new branch]        wip/0930/wt-land-halt                    -> origin/wip/0930/wt-land-halt
2026-10-06T15:52:32.9119727Z  * [new branch]        wip/0930/wt-land-shell                   -> origin/wip/0930/wt-land-shell
2026-10-06T15:52:32.9120006Z  * [new branch]        wip/0930/wt-land308                      -> origin/wip/0930/wt-land308
2026-10-06T15:52:32.9120287Z  * [new branch]        wip/0930/wt-relay-realm                  -> origin/wip/0930/wt-relay-realm
2026-10-06T15:52:32.9120568Z  * [new branch]        wip/0930/wt-w2-ch2                       -> origin/wip/0930/wt-w2-ch2
2026-10-06T15:52:32.9120825Z  * [new branch]        wip/0930/wtc                             -> origin/wip/0930/wtc
2026-10-06T15:52:32.9121071Z  * [new branch]        wip/0930/wtt                             -> origin/wip/0930/wtt
2026-10-06T15:52:32.9121324Z  * [new branch]        wip/1006/wrows                           -> origin/wip/1006/wrows
2026-10-06T15:52:32.9121586Z  * [new branch]        wip/1006/wt-b-p4c                        -> origin/wip/1006/wt-b-p4c
2026-10-06T15:52:32.9121827Z  * [new tag]           v0.1.0                                   -> v0.1.0
2026-10-06T15:52:32.9122144Z  * [new ref]           43642683ac7f98c57f33427e1b6df38dde5ba4e9 -> pull/383/merge
2026-10-06T15:52:32.9122883Z ##[endgroup]
2026-10-06T15:52:32.9123089Z ##[group]Determining the checkout info
2026-10-06T15:52:32.9123307Z ##[endgroup]
2026-10-06T15:52:32.9123438Z [command]/usr/bin/git sparse-checkout disable
2026-10-06T15:52:32.9123805Z [command]/usr/bin/git config --local --unset-all extensions.worktreeConfig
2026-10-06T15:52:32.9124235Z ##[group]Checking out the ref
2026-10-06T15:52:32.9124436Z [command]/usr/bin/git checkout --progress --force refs/remotes/pull/383/merge
2026-10-06T15:52:33.1878145Z Note: switching to 'refs/remotes/pull/383/merge'.
2026-10-06T15:52:33.1878337Z 
2026-10-06T15:52:33.1878459Z You are in 'detached HEAD' state. You can look around, make experimental
2026-10-06T15:52:33.1878727Z changes and commit them, and you can discard any commits you make in this
2026-10-06T15:52:33.1878983Z state without impacting any branches by switching back to a branch.
2026-10-06T15:52:33.1879167Z 
2026-10-06T15:52:33.1879279Z If you want to create a new branch to retain commits you create, you may
2026-10-06T15:52:33.1879519Z do so (now or later) by using -c with the switch command. Example:
2026-10-06T15:52:33.1879657Z 
2026-10-06T15:52:33.1879720Z   git switch -c <new-branch-name>
2026-10-06T15:52:33.1879817Z 
2026-10-06T15:52:33.1879874Z Or undo this operation with:
2026-10-06T15:52:33.1879964Z 
2026-10-06T15:52:33.1880013Z   git switch -
2026-10-06T15:52:33.1880078Z 
2026-10-06T15:52:33.1880197Z Turn off this advice by setting config variable advice.detachedHead to false
2026-10-06T15:52:33.1880358Z 
2026-10-06T15:52:33.1880550Z HEAD is now at 43642683 Merge 2c16d020c03b4e26d7aaae576ce54fbe426c6d9f into a0c6866e1942c36764b78d23bb3e9a94e142b655
2026-10-06T15:52:33.1905898Z ##[endgroup]
2026-10-06T15:52:33.1948955Z [command]/usr/bin/git log -1 --format=%H
2026-10-06T15:52:33.1972645Z 43642683ac7f98c57f33427e1b6df38dde5ba4e9
2026-10-06T15:52:33.2162443Z ##[group]Run astral-sh/setup-uv@v5
2026-10-06T15:52:33.2162608Z with:
2026-10-06T15:52:33.2162717Z   version: 0.12.9
2026-10-06T15:52:33.2162831Z   enable-cache: true
2026-10-06T15:52:33.2164180Z   github-token: ***
2026-10-06T15:52:33.2164339Z   cache-dependency-glob: **/uv.lock
**/requirements*.txt

2026-10-06T15:52:33.2164526Z   prune-cache: true
2026-10-06T15:52:33.2164651Z   ignore-nothing-to-cache: false
2026-10-06T15:52:33.2164798Z   ignore-empty-workdir: false
2026-10-06T15:52:33.2164930Z env:
2026-10-06T15:52:33.2165033Z   UV_VERSION: 0.12.9
2026-10-06T15:52:33.2165289Z   DATABASE_URL: ***localhost:5432/brain_test
2026-10-06T15:52:33.2165515Z   COVERAGE_FILE: /home/runner/work/Verz-OS-v2.0/Verz-OS-v2.0/coverage-shard-6
2026-10-06T15:52:33.2165725Z ##[endgroup]
2026-10-06T15:52:33.3332010Z (node:2522) [DEP0040] DeprecationWarning: The `punycode` module is deprecated. Please use a userland alternative instead.
2026-10-06T15:52:33.3332552Z (Use `node --trace-deprecation ...` to show where the warning was created)
2026-10-06T15:52:33.3416810Z Downloading uv from "https://github.com/astral-sh/uv/releases/download/0.12.9/uv-x86_64-unknown-linux-gnu.tar.gz" ...
2026-10-06T15:52:33.6549559Z [command]/usr/bin/tar xz --warning=no-unknown-keyword --overwrite -C /home/runner/work/_temp/ce7f54df-c73f-4f4f-820f-3c67fbb9b466 -f /home/runner/work/_temp/efce98ee-97fa-437a-87eb-a92bedb7c505
2026-10-06T15:52:34.1995338Z Added /home/runner/.local/bin to the path
2026-10-06T15:52:34.1996945Z Added /opt/hostedtoolcache/uv/0.12.9/x86_64 to the path
2026-10-06T15:52:34.2018269Z Set UV_CACHE_DIR to /home/runner/work/_temp/setup-uv-cache
2026-10-06T15:52:34.2018622Z Successfully installed uv version 0.12.9
2026-10-06T15:52:34.2018984Z Searching files using cache dependency glob: **/uv.lock,**/requirements*.txt
2026-10-06T15:52:34.3093638Z /home/runner/work/Verz-OS-v2.0/Verz-OS-v2.0/matcher/uv.lock
2026-10-06T15:52:34.3854748Z /home/runner/work/Verz-OS-v2.0/Verz-OS-v2.0/uv.lock
2026-10-06T15:52:34.3865257Z Found 2 files to hash.
2026-10-06T15:52:34.4605151Z Trying to restore uv cache from GitHub Actions cache with key: setup-uv-1-x86_64-unknown-linux-gnu-unknown-4fa71487548199487345489e1f4ab912cdc9b009220d8b57baa546f1323899d3
2026-10-06T15:52:34.7389292Z Cache hit for: setup-uv-1-x86_64-unknown-linux-gnu-unknown-4fa71487548199487345489e1f4ab912cdc9b009220d8b57baa546f1323899d3
2026-10-06T15:52:34.7458264Z (node:2522) [DEP0169] DeprecationWarning: `url.parse()` behavior is not standardized and prone to errors that have security implications. Use the WHATWG URL API instead. CVEs are not issued for `url.parse()` vulnerabilities.
2026-10-06T15:52:35.1287471Z Received 1118 of 1118 (100.0%), 0.0 MBs/sec
2026-10-06T15:52:35.1288004Z Cache Size: ~0 MB (1118 B)
2026-10-06T15:52:35.1303292Z [command]/usr/bin/tar -xf /home/runner/work/_temp/55773a10-8a46-4bad-aaf6-6976de9dfedf/cache.tzst -P -C /home/runner/work/Verz-OS-v2.0/Verz-OS-v2.0 --use-compress-program unzstd
2026-10-06T15:52:35.1371963Z Cache restored successfully
2026-10-06T15:52:35.1376113Z uv cache restored from GitHub Actions cache with key: setup-uv-1-x86_64-unknown-linux-gnu-unknown-4fa71487548199487345489e1f4ab912cdc9b009220d8b57baa546f1323899d3
2026-10-06T15:52:35.1508926Z ##[group]Run uv sync --locked
2026-10-06T15:52:35.1509133Z uv sync --locked
2026-10-06T15:52:35.1685738Z shell: /usr/bin/bash -e {0}
2026-10-06T15:52:35.1685921Z env:
2026-10-06T15:52:35.1686046Z   UV_VERSION: 0.12.9
2026-10-06T15:52:35.1686510Z   DATABASE_URL: ***localhost:5432/brain_test
2026-10-06T15:52:35.1686746Z   COVERAGE_FILE: /home/runner/work/Verz-OS-v2.0/Verz-OS-v2.0/coverage-shard-6
2026-10-06T15:52:35.1687000Z   UV_CACHE_DIR: /home/runner/work/_temp/setup-uv-cache
2026-10-06T15:52:35.1687170Z ##[endgroup]
2026-10-06T15:52:35.3464500Z Downloading cpython-3.13.15-linux-x86_64-gnu (download) (33.2MiB)
2026-10-06T15:52:36.0693989Z  Downloaded cpython-3.13.15-linux-x86_64-gnu (download)
2026-10-06T15:52:36.1776276Z Using CPython 3.13.15
2026-10-06T15:52:36.1776493Z Creating virtual environment at: .venv
2026-10-06T15:52:36.1800548Z Resolved 124 packages in 0.50ms
2026-10-06T15:52:36.1913417Z    Building verz-brain @ file:///home/runner/work/Verz-OS-v2.0/Verz-OS-v2.0
2026-10-06T15:52:36.2290850Z Downloading pydantic-core (2.0MiB)
2026-10-06T15:52:36.2291261Z Downloading sqlalchemy (3.2MiB)
2026-10-06T15:52:36.2294114Z Downloading hypothesis (1.1MiB)
2026-10-06T15:52:36.2295535Z Downloading ruff (9.8MiB)
2026-10-06T15:52:36.2297082Z Downloading uvloop (4.2MiB)
2026-10-06T15:52:36.2298031Z Downloading pygments (1.2MiB)
2026-10-06T15:52:36.2299275Z Downloading mypy (14.5MiB)
2026-10-06T15:52:36.2302772Z Downloading lxml (5.0MiB)
2026-10-06T15:52:36.2304740Z Downloading cryptography (4.5MiB)
2026-10-06T15:52:36.2307708Z Downloading ast-serialize (1.2MiB)
2026-10-06T15:52:36.2309667Z Downloading zstandard (5.3MiB)
2026-10-06T15:52:36.2313080Z Downloading psycopg-binary (5.0MiB)
2026-10-06T15:52:36.4119808Z  Downloaded hypothesis
2026-10-06T15:52:36.4120990Z  Downloaded pygments
2026-10-06T15:52:36.4204833Z  Downloaded ast-serialize
2026-10-06T15:52:36.4419662Z  Downloaded pydantic-core
2026-10-06T15:52:36.4715116Z  Downloaded sqlalchemy
2026-10-06T15:52:36.4968977Z  Downloaded uvloop
2026-10-06T15:52:36.4992723Z  Downloaded cryptography
2026-10-06T15:52:36.4997316Z  Downloaded lxml
2026-10-06T15:52:36.5018862Z  Downloaded psycopg-binary
2026-10-06T15:52:36.5019745Z  Downloaded zstandard
2026-10-06T15:52:36.5260561Z  Downloaded ruff
2026-10-06T15:52:36.5999349Z  Downloaded mypy
2026-10-06T15:52:36.9037034Z       Built verz-brain @ file:///home/runner/work/Verz-OS-v2.0/Verz-OS-v2.0
2026-10-06T15:52:36.9044331Z Prepared 91 packages in 723ms
2026-10-06T15:52:36.9824357Z Installed 91 packages in 77ms
2026-10-06T15:52:36.9824846Z  + alembic==1.19.1
2026-10-06T15:52:36.9825112Z  + annotated-doc==0.0.5
2026-10-06T15:52:36.9825402Z  + annotated-types==0.8.0
2026-10-06T15:52:36.9825607Z  + anyio==4.15.0
2026-10-06T15:52:36.9825800Z  + asgiref==3.12.1
2026-10-06T15:52:36.9826090Z  + ast-serialize==0.9.0
2026-10-06T15:52:36.9826571Z  + attrs==26.1.0
2026-10-06T15:52:36.9826750Z  + certifi==2026.7.22
2026-10-06T15:52:36.9826934Z  + cffi==2.1.1
2026-10-06T15:52:36.9827139Z  + charset-normalizer==3.5.1
2026-10-06T15:52:36.9827345Z  + click==8.5.0
2026-10-06T15:52:36.9827518Z  + coverage==7.16.0
2026-10-06T15:52:36.9827931Z  + croniter==6.2.4
2026-10-06T15:52:36.9828241Z  + cryptography==50.0.1
2026-10-06T15:52:36.9828518Z  + distro==1.9.0
2026-10-06T15:52:36.9828820Z  + fastapi==0.141.1
2026-10-06T15:52:36.9829150Z  + greenlet==3.5.5
2026-10-06T15:52:36.9829470Z  + h11==0.16.0
2026-10-06T15:52:36.9829797Z  + httpcore==1.0.9
2026-10-06T15:52:36.9830135Z  + httpcore2==2.13.0
2026-10-06T15:52:36.9830446Z  + httptools==0.8.0
2026-10-06T15:52:36.9830719Z  + httpx==0.28.1
2026-10-06T15:52:36.9830983Z  + httpx2==2.13.0
2026-10-06T15:52:36.9831237Z  + hypothesis==6.167.1
2026-10-06T15:52:36.9831437Z  + idna==3.19
2026-10-06T15:52:36.9831712Z  + iniconfig==2.3.0
2026-10-06T15:52:36.9831931Z  + jsonpatch==1.33
2026-10-06T15:52:36.9832169Z  + jsonpointer==3.1.1
2026-10-06T15:52:36.9832434Z  + langchain-core==1.6.3
2026-10-06T15:52:36.9832688Z  + langchain-protocol==0.0.19
2026-10-06T15:52:36.9833106Z  + langgraph==1.2.11
2026-10-06T15:52:36.9833307Z  + langgraph-checkpoint==4.2.0
2026-10-06T15:52:36.9833552Z  + langgraph-checkpoint-postgres==3.1.2
2026-10-06T15:52:36.9833809Z  + langgraph-prebuilt==1.1.0
2026-10-06T15:52:36.9834024Z  + langgraph-sdk==0.4.4
2026-10-06T15:52:36.9834216Z  + langsmith==0.12.4
2026-10-06T15:52:36.9834399Z  + ldap3==2.9.1
2026-10-06T15:52:36.9834635Z  + librt==0.15.0
2026-10-06T15:52:36.9834889Z  + lxml==6.1.3
2026-10-06T15:52:36.9835146Z  + mako==1.4.1
2026-10-06T15:52:36.9835402Z  + markupsafe==3.0.3
2026-10-06T15:52:36.9835660Z  + mypy==2.3.1
2026-10-06T15:52:36.9835968Z  + mypy-extensions==1.1.0
2026-10-06T15:52:36.9836171Z  + orjson==3.12.0
2026-10-06T15:52:36.9836434Z  + ormsgpack==1.12.2
2026-10-06T15:52:36.9836661Z  + packaging==26.3
2026-10-06T15:52:36.9836862Z  + pathspec==1.1.1
2026-10-06T15:52:36.9837140Z  + pluggy==1.6.0
2026-10-06T15:52:36.9837392Z  + procrastinate==3.9.0
2026-10-06T15:52:36.9837634Z  + psycopg==3.3.5
2026-10-06T15:52:36.9838167Z  + psycopg-binary==3.3.5
2026-10-06T15:52:36.9838398Z  + psycopg-pool==3.3.1
2026-10-06T15:52:36.9838637Z  + pyasn1==0.6.4
2026-10-06T15:52:36.9838883Z  + pycparser==3.0
2026-10-06T15:52:36.9839125Z  + pydantic==2.13.5
2026-10-06T15:52:36.9839382Z  + pydantic-core==2.46.5
2026-10-06T15:52:36.9839622Z  + pydantic-settings==2.15.0
2026-10-06T15:52:36.9839850Z  + pygments==2.21.0
2026-10-06T15:52:36.9840115Z  + pymysql==1.2.3
2026-10-06T15:52:36.9840344Z  + pypdf==6.19.0
2026-10-06T15:52:36.9840586Z  + pytest==9.1.1
2026-10-06T15:52:36.9840836Z  + pytest-cov==7.1.0
2026-10-06T15:52:36.9841163Z  + python-dateutil==2.9.0.post0
2026-10-06T15:52:36.9841428Z  + python-docx==1.2.0
2026-10-06T15:52:36.9841661Z  + python-dotenv==1.2.3
2026-10-06T15:52:36.9841912Z  + pyyaml==6.0.3
2026-10-06T15:52:36.9842173Z  + redis==8.1.0
2026-10-06T15:52:36.9842435Z  + requests==2.34.2
2026-10-06T15:52:36.9842698Z  + requests-toolbelt==1.0.0
2026-10-06T15:52:36.9842940Z  + ruff==0.16.6
2026-10-06T15:52:36.9843199Z  + six==1.17.0
2026-10-06T15:52:36.9843460Z  + sniffio==1.3.1
2026-10-06T15:52:36.9843721Z  + sortedcontainers==2.4.0
2026-10-06T15:52:36.9843976Z  + sqlalchemy==2.0.52
2026-10-06T15:52:36.9844224Z  + starlette==1.6.0
2026-10-06T15:52:36.9844486Z  + structlog==26.1.0
2026-10-06T15:52:36.9844738Z  + tenacity==9.1.4
2026-10-06T15:52:36.9844999Z  + truststore==0.10.4
2026-10-06T15:52:36.9845301Z  + types-pymysql==1.2.0.20260923
2026-10-06T15:52:36.9845554Z  + types-pyyaml==6.0.12.20260815
2026-10-06T15:52:36.9845844Z  + typing-extensions==4.16.0
2026-10-06T15:52:36.9846088Z  + typing-inspection==0.4.4
2026-10-06T15:52:36.9846334Z  + urllib3==2.7.0
2026-10-06T15:52:36.9846586Z  + uuid-utils==0.17.1
2026-10-06T15:52:36.9846841Z  + uvicorn==0.52.4
2026-10-06T15:52:36.9847105Z  + uvloop==0.22.1
2026-10-06T15:52:36.9847577Z  + verz-brain==0.1.0 (from file:///home/runner/work/Verz-OS-v2.0/Verz-OS-v2.0)
2026-10-06T15:52:36.9848267Z  + watchfiles==1.2.0
2026-10-06T15:52:36.9848452Z  + websockets==16.1.1
2026-10-06T15:52:36.9848635Z  + xxhash==4.0.1
2026-10-06T15:52:36.9848810Z  + zstandard==0.25.0
2026-10-06T15:52:37.0027017Z ##[group]Run actions/setup-node@v4
2026-10-06T15:52:37.0027185Z with:
2026-10-06T15:52:37.0027301Z   node-version: 22
2026-10-06T15:52:37.0027417Z   cache: npm
2026-10-06T15:52:37.0027604Z   cache-dependency-path: ops/automation/piece/package-lock.json
2026-10-06T15:52:37.0028004Z   always-auth: false
2026-10-06T15:52:37.0028152Z   check-latest: false
2026-10-06T15:52:37.0029551Z   token: ***
2026-10-06T15:52:37.0029661Z env:
2026-10-06T15:52:37.0029766Z   UV_VERSION: 0.12.9
2026-10-06T15:52:37.0029994Z   DATABASE_URL: ***localhost:5432/brain_test
2026-10-06T15:52:37.0030223Z   COVERAGE_FILE: /home/runner/work/Verz-OS-v2.0/Verz-OS-v2.0/coverage-shard-6
2026-10-06T15:52:37.0030475Z   UV_CACHE_DIR: /home/runner/work/_temp/setup-uv-cache
2026-10-06T15:52:37.0030646Z ##[endgroup]
2026-10-06T15:52:37.0955290Z Found in cache @ /opt/hostedtoolcache/node/22.23.3/x64
2026-10-06T15:52:37.0958662Z (node:2646) [DEP0040] DeprecationWarning: The `punycode` module is deprecated. Please use a userland alternative instead.
2026-10-06T15:52:37.0959158Z (Use `node --trace-deprecation ...` to show where the warning was created)
2026-10-06T15:52:37.0960970Z ##[group]Environment details
2026-10-06T15:52:37.3985690Z node: v22.23.3
2026-10-06T15:52:37.3985959Z npm: 10.9.9
2026-10-06T15:52:37.3986117Z yarn: 1.22.22
2026-10-06T15:52:37.3986480Z ##[endgroup]
2026-10-06T15:52:37.3998155Z [command]/opt/hostedtoolcache/node/22.23.3/x64/bin/npm config get cache
2026-10-06T15:52:37.4784974Z /home/runner/.npm
2026-10-06T15:52:37.7321924Z Cache hit for: node-cache-Linux-x64-npm-00f69f0a9962b4706237ac11ce343b8faf403ef0be0e9808fc4256ca2e86efc1
2026-10-06T15:52:37.7385564Z (node:2646) [DEP0169] DeprecationWarning: `url.parse()` behavior is not standardized and prone to errors that have security implications. Use the WHATWG URL API instead. CVEs are not issued for `url.parse()` vulnerabilities.
2026-10-06T15:52:39.0390404Z Received 4197240 of 8391544 (50.0%), 4.0 MBs/sec
2026-10-06T15:52:39.1888569Z Received 8391544 of 8391544 (100.0%), 7.0 MBs/sec
2026-10-06T15:52:39.1888838Z Cache Size: ~8 MB (8391544 B)
2026-10-06T15:52:39.1904802Z [command]/usr/bin/tar -xf /home/runner/work/_temp/d404ad07-f2a9-432f-a829-44633b244840/cache.tzst -P -C /home/runner/work/Verz-OS-v2.0/Verz-OS-v2.0 --use-compress-program unzstd
2026-10-06T15:52:39.2167666Z Cache restored successfully
2026-10-06T15:52:39.2174871Z Cache restored from key: node-cache-Linux-x64-npm-00f69f0a9962b4706237ac11ce343b8faf403ef0be0e9808fc4256ca2e86efc1
2026-10-06T15:52:39.2293918Z ##[group]Run npm ci --ignore-scripts
2026-10-06T15:52:39.2294115Z npm ci --ignore-scripts
2026-10-06T15:52:39.2351740Z shell: /usr/bin/bash -e {0}
2026-10-06T15:52:39.2351893Z env:
2026-10-06T15:52:39.2352011Z   UV_VERSION: 0.12.9
2026-10-06T15:52:39.2352467Z   DATABASE_URL: ***localhost:5432/brain_test
2026-10-06T15:52:39.2352713Z   COVERAGE_FILE: /home/runner/work/Verz-OS-v2.0/Verz-OS-v2.0/coverage-shard-6
2026-10-06T15:52:39.2352963Z   UV_CACHE_DIR: /home/runner/work/_temp/setup-uv-cache
2026-10-06T15:52:39.2353135Z ##[endgroup]
2026-10-06T15:52:40.4204890Z 
2026-10-06T15:52:40.4212643Z added 12 packages, and audited 13 packages in 1s
2026-10-06T15:52:40.4212952Z 
2026-10-06T15:52:40.4213146Z 1 package is looking for funding
2026-10-06T15:52:40.4213421Z   run `npm fund` for details
2026-10-06T15:52:40.4246866Z 
2026-10-06T15:52:40.4247407Z 3 vulnerabilities (2 moderate, 1 high)
2026-10-06T15:52:40.4247648Z 
2026-10-06T15:52:40.4248121Z To address issues that do not require attention, run:
2026-10-06T15:52:40.4248431Z   npm audit fix
2026-10-06T15:52:40.4248558Z 
2026-10-06T15:52:40.4248673Z To address all issues, run:
2026-10-06T15:52:40.4248918Z   npm audit fix --force
2026-10-06T15:52:40.4249055Z 
2026-10-06T15:52:40.4249165Z Run `npm audit` for details.
2026-10-06T15:52:40.4637291Z ##[group]Run files=$(uv run python -m brain.ops.test_shards --shard 6 --of 8)
2026-10-06T15:52:40.4637622Z files=$(uv run python -m brain.ops.test_shards --shard 6 --of 8)
2026-10-06T15:52:40.4638121Z [ -n "$files" ] || { echo "::error::shard 6 has no test files"; exit 1; }
2026-10-06T15:52:40.4638373Z echo "shard 6 of 8: $(echo "$files" | wc -l) file(s)"
2026-10-06T15:52:40.4638709Z uv run pytest --cov --cov-report= --cov-fail-under=0 --junitxml="$GITHUB_WORKSPACE/junit/shard-6.xml" $files
2026-10-06T15:52:40.4692887Z shell: /usr/bin/bash -e {0}
2026-10-06T15:52:40.4693040Z env:
2026-10-06T15:52:40.4693153Z   UV_VERSION: 0.12.9
2026-10-06T15:52:40.4693503Z   DATABASE_URL: ***localhost:5432/brain_test
2026-10-06T15:52:40.4693743Z   COVERAGE_FILE: /home/runner/work/Verz-OS-v2.0/Verz-OS-v2.0/coverage-shard-6
2026-10-06T15:52:40.4693997Z   UV_CACHE_DIR: /home/runner/work/_temp/setup-uv-cache
2026-10-06T15:52:40.4694176Z ##[endgroup]
2026-10-06T15:52:40.6029894Z shard 6 of 8: 121 file(s)
2026-10-06T15:54:29.0233805Z ........................................................................ [  2%]
2026-10-06T15:55:23.7265828Z ........................................................................ [  4%]
2026-10-06T15:56:31.6320045Z ........................................................................ [  7%]
2026-10-06T15:56:48.8208135Z ........................................................................ [  9%]
2026-10-06T15:57:01.1382394Z ........................................................................ [ 11%]
2026-10-06T15:57:15.6434147Z ........................................................................ [ 14%]
2026-10-06T15:57:16.0523774Z ........................................................................ [ 16%]
2026-10-06T15:57:28.1440655Z ........................................................................ [ 18%]
2026-10-06T15:57:28.2028661Z ........................................................................ [ 21%]
2026-10-06T15:57:43.0081307Z ........................................................................ [ 23%]
2026-10-06T15:57:43.2033053Z ss....s................................................................. [ 25%]
2026-10-06T15:57:54.5882202Z ........................................................................ [ 28%]
2026-10-06T15:58:10.8173552Z ........................................................................ [ 30%]
2026-10-06T15:58:12.2292032Z ........................................................................ [ 32%]
2026-10-06T15:58:17.2249939Z ........................................................................ [ 35%]
2026-10-06T15:58:27.7812586Z ........................................................................ [ 37%]
2026-10-06T15:58:45.3082384Z ........................................................................ [ 40%]
2026-10-06T15:58:45.3668647Z ........................................................................ [ 42%]
2026-10-06T15:58:45.8738500Z ........................................................................ [ 44%]
2026-10-06T15:59:20.0043232Z ........................................................................ [ 47%]
2026-10-06T16:00:10.7621669Z ........................................................................ [ 49%]
2026-10-06T16:00:28.8018727Z ........................................................................ [ 51%]
2026-10-06T16:00:30.6604102Z ........................................................................ [ 54%]
2026-10-06T16:00:30.7271867Z ........................................................................ [ 56%]
2026-10-06T16:00:48.3176135Z ........................................................................ [ 58%]
2026-10-06T16:01:33.3001729Z .....................................F.................................. [ 61%]
2026-10-06T16:01:41.5904245Z ........................................................................ [ 63%]
2026-10-06T16:01:41.6639606Z ........................................................................ [ 65%]
2026-10-06T16:01:41.7172852Z ........................................................................ [ 68%]
2026-10-06T16:01:41.8476921Z ....................................................................ssss [ 70%]
2026-10-06T16:02:06.5086783Z ........................................................................ [ 72%]
2026-10-06T16:02:09.3252008Z ........................................................................ [ 75%]
2026-10-06T16:02:11.1893305Z ........................................................................ [ 77%]
2026-10-06T16:02:29.0179394Z ........................................................................ [ 80%]
2026-10-06T16:02:29.1293288Z ........................................................................ [ 82%]
2026-10-06T16:04:38.1106215Z ........................................................................ [ 84%]
2026-10-06T16:04:58.2939100Z ........................................................................ [ 87%]
2026-10-06T16:05:30.0555820Z ........................................................................ [ 89%]
2026-10-06T16:05:31.5337721Z ........................................................................ [ 91%]
2026-10-06T16:05:32.7284622Z ........................................................................ [ 94%]
2026-10-06T16:05:36.9631276Z ........................................................................ [ 96%]
2026-10-06T16:05:54.5337290Z ........................................................................ [ 98%]
2026-10-06T16:06:04.4200840Z ...................................                                      [100%]
2026-10-06T16:06:04.4201176Z =================================== FAILURES ===================================
2026-10-06T16:06:04.4201675Z ______ test_a_kept_verifier_opens_only_with_the_state_it_was_sealed_under ______
2026-10-06T16:06:04.4201956Z 
2026-10-06T16:06:04.4203726Z     def test_a_kept_verifier_opens_only_with_the_state_it_was_sealed_under() -> None:
2026-10-06T16:06:04.4204344Z         """`A_KEPT_VERIFIER_IS_SEALED_UNDER_THE_STATE_THE_TABLE_NEVER_HOLDS`: a sealed verifier holds
2026-10-06T16:06:04.4204915Z         neither the verifier nor the state, opens with its own state to the very consent that was
2026-10-06T16:06:04.4205471Z         started, and is refused under any other state or with one character changed. Delete this and
2026-10-06T16:06:04.4205970Z         the table could keep the verifier as it is, or a seal anybody can open."""
2026-10-06T16:06:04.4206349Z         start, other = new_consent(), new_consent()
2026-10-06T16:06:04.4206630Z         sealed = sealed_verifier(start)
2026-10-06T16:06:04.4206977Z         assert start.verifier not in sealed and start.state not in sealed
2026-10-06T16:06:04.4207362Z         assert opened_verifier(start.state, sealed) == start
2026-10-06T16:06:04.4207681Z         assert sealed_verifier(start) != sealed
2026-10-06T16:06:04.4208125Z         with pytest.raises(ConnectorContractError):
2026-10-06T16:06:04.4208324Z             opened_verifier(other.state, sealed)
2026-10-06T16:06:04.4208556Z         flipped = sealed[:-2] + ("A" if sealed[-2] != "A" else "B") + sealed[-1]
2026-10-06T16:06:04.4208815Z >       with pytest.raises(ConnectorContractError):
2026-10-06T16:06:04.4209168Z              ^^^^^^^^^^^^^^^^^^^^^^^^^^^^^^^^^^^^^
2026-10-06T16:06:04.4209471Z E       Failed: DID NOT RAISE ConnectorContractError
2026-10-06T16:06:04.4209651Z 
2026-10-06T16:06:04.4209778Z tests/unit/test_oauth.py:247: Failed
2026-10-06T16:06:04.4210107Z =============================== warnings summary ===============================
2026-10-06T16:06:04.4210528Z .venv/lib/python3.13/site-packages/starlette/testclient.py:53
2026-10-06T16:06:04.4211433Z   /home/runner/work/Verz-OS-v2.0/Verz-OS-v2.0/.venv/lib/python3.13/site-packages/starlette/testclient.py:53: DeprecationWarning: The anyio.abc.BlockingPortal alias is deprecated, use anyio.from_thread.BlockingPortal instead.
2026-10-06T16:06:04.4212814Z     _PortalFactoryType = Callable[[], AbstractContextManager[anyio.abc.BlockingPortal]]
2026-10-06T16:06:04.4213301Z 
2026-10-06T16:06:04.4213496Z tests/unit/test_acceptance_agent_reach.py: 8 warnings
2026-10-06T16:06:04.4213850Z tests/unit/test_acceptance_builder.py: 46 warnings
2026-10-06T16:06:04.4214190Z tests/unit/test_acceptance_capacity.py: 18 warnings
2026-10-06T16:06:04.4214549Z tests/unit/test_acceptance_channel_framework.py: 4 warnings
2026-10-06T16:06:04.4214920Z tests/unit/test_acceptance_channels.py: 48 warnings
2026-10-06T16:06:04.4215255Z tests/unit/test_acceptance_review.py: 20 warnings
2026-10-06T16:06:04.4215591Z tests/unit/test_acceptance_signals.py: 2 warnings
2026-10-06T16:06:04.4215926Z tests/unit/test_acceptance_slack.py: 10 warnings
2026-10-06T16:06:04.4216253Z tests/unit/test_acceptance_unresolved.py: 10 warnings
2026-10-06T16:06:04.4216598Z tests/unit/test_acceptance_widget.py: 8 warnings
2026-10-06T16:06:04.4216967Z tests/unit/test_agent_capability_routes.py: 6 warnings
2026-10-06T16:06:04.4217325Z tests/unit/test_approval_routes.py: 9 warnings
2026-10-06T16:06:04.4217660Z tests/unit/test_automations_routes.py: 8 warnings
2026-10-06T16:06:04.4218150Z tests/unit/test_calibration_store.py: 8 warnings
2026-10-06T16:06:04.4218505Z tests/unit/test_connector_consent_routes.py: 14 warnings
2026-10-06T16:06:04.4218850Z tests/unit/test_connector_store.py: 8 warnings
2026-10-06T16:06:04.4219192Z tests/unit/test_console_stats_routes.py: 24 warnings
2026-10-06T16:06:04.4219526Z tests/unit/test_data_export_store.py: 10 warnings
2026-10-06T16:06:04.4219881Z tests/unit/test_data_transfer_routes.py: 12 warnings
2026-10-06T16:06:04.4220221Z tests/unit/test_deployment_history.py: 2 warnings
2026-10-06T16:06:04.4220534Z tests/unit/test_email_channel.py: 7 warnings
2026-10-06T16:06:04.4220842Z tests/unit/test_email_mailbox.py: 7 warnings
2026-10-06T16:06:04.4221165Z tests/unit/test_erasure_routes.py: 11 warnings
2026-10-06T16:06:04.4221461Z tests/unit/test_error_routes.py: 8 warnings
2026-10-06T16:06:04.4221788Z tests/unit/test_escalation_routes_db.py: 4 warnings
2026-10-06T16:06:04.4222104Z tests/unit/test_fast_lane_role.py: 2 warnings
2026-10-06T16:06:04.4222404Z tests/unit/test_front_half_row.py: 6 warnings
2026-10-06T16:06:04.4222707Z tests/unit/test_govern_routes.py: 77 warnings
2026-10-06T16:06:04.4222998Z tests/unit/test_item_store.py: 122 warnings
2026-10-06T16:06:04.4223340Z tests/unit/test_knowledge_intake_routes.py: 15 warnings
2026-10-06T16:06:04.4223693Z tests/unit/test_learning_signal.py: 2 warnings
2026-10-06T16:06:04.4224041Z tests/unit/test_ledger_partitions.py: 8 warnings
2026-10-06T16:06:04.4224335Z tests/unit/test_merge_store.py: 2 warnings
2026-10-06T16:06:04.4224536Z tests/unit/test_models_routing_module.py: 9 warnings
2026-10-06T16:06:04.4224736Z tests/unit/test_operate_routes.py: 17 warnings
2026-10-06T16:06:04.4224921Z tests/unit/test_own_consent.py: 2 warnings
2026-10-06T16:06:04.4225108Z tests/unit/test_person_grant_ids.py: 2 warnings
2026-10-06T16:06:04.4225303Z tests/unit/test_publication_store.py: 4 warnings
2026-10-06T16:06:04.4225494Z tests/unit/test_resolver.py: 1 warning
2026-10-06T16:06:04.4225680Z tests/unit/test_retention_routes.py: 25 warnings
2026-10-06T16:06:04.4225871Z tests/unit/test_retirable_rows.py: 2 warnings
2026-10-06T16:06:04.4226066Z tests/unit/test_runtime_side_effects.py: 8 warnings
2026-10-06T16:06:04.4226269Z tests/unit/test_service_accounts.py: 7 warnings
2026-10-06T16:06:04.4226458Z tests/unit/test_sign_in_links.py: 8 warnings
2026-10-06T16:06:04.4226645Z tests/unit/test_sign_in_routes.py: 27 warnings
2026-10-06T16:06:04.4226835Z tests/unit/test_skill_lifecycle.py: 11 warnings
2026-10-06T16:06:04.4227024Z tests/unit/test_starter_store.py: 20 warnings
2026-10-06T16:06:04.4227222Z tests/unit/test_stewardship_routes_db.py: 4 warnings
2026-10-06T16:06:04.4227434Z tests/unit/test_stewardship_store.py: 2 warnings
2026-10-06T16:06:04.4227620Z tests/unit/test_trace_store.py: 2 warnings
2026-10-06T16:06:04.4227992Z tests/unit/test_whatsapp_channel.py: 5 warnings
2026-10-06T16:06:04.4228319Z tests/unit/test_work_email.py: 22 warnings
2026-10-06T16:06:04.4229064Z   /home/runner/work/Verz-OS-v2.0/Verz-OS-v2.0/.venv/lib/python3.13/site-packages/alembic/config.py:604: DeprecationWarning: No path_separator found in configuration; falling back to legacy splitting on spaces, commas, and colons for prepend_sys_path.  Consider adding path_separator=os to Alembic config.
2026-10-06T16:06:04.4229700Z     util.warn_deprecated(
2026-10-06T16:06:04.4229788Z 
2026-10-06T16:06:04.4229947Z -- Docs: https://docs.pytest.org/en/stable/how-to/capture-warnings.html
2026-10-06T16:06:04.4230228Z =========================== short test summary info ============================
2026-10-06T16:06:04.4230699Z FAILED tests/unit/test_oauth.py::test_a_kept_verifier_opens_only_with_the_state_it_was_sealed_under - Failed: DID NOT RAISE ConnectorContractError
2026-10-06T16:06:04.4231110Z 1 failed, 3051 passed, 7 skipped, 725 warnings in 793.18s (0:13:13)
2026-10-06T16:06:17.2862755Z ##[error]Process completed with exit code 1.
2026-10-06T16:06:17.2912296Z ##[group]Run actions/upload-artifact@v4
2026-10-06T16:06:17.2912465Z with:
2026-10-06T16:06:17.2912575Z   name: junit-shard-6
2026-10-06T16:06:17.2912728Z   path: /home/runner/work/Verz-OS-v2.0/Verz-OS-v2.0/junit
2026-10-06T16:06:17.2912904Z   if-no-files-found: ignore
2026-10-06T16:06:17.2913032Z   overwrite: true
2026-10-06T16:06:17.2913142Z   retention-days: 7
2026-10-06T16:06:17.2913257Z   compression-level: 6
2026-10-06T16:06:17.2913382Z   include-hidden-files: false
2026-10-06T16:06:17.2913512Z env:
2026-10-06T16:06:17.2913615Z   UV_VERSION: 0.12.9
2026-10-06T16:06:17.2913974Z   DATABASE_URL: ***localhost:5432/brain_test
2026-10-06T16:06:17.2914188Z   COVERAGE_FILE: /home/runner/work/Verz-OS-v2.0/Verz-OS-v2.0/coverage-shard-6
2026-10-06T16:06:17.2914417Z   UV_CACHE_DIR: /home/runner/work/_temp/setup-uv-cache
2026-10-06T16:06:17.2914579Z ##[endgroup]
2026-10-06T16:06:17.3905487Z (node:24092) [DEP0040] DeprecationWarning: The `punycode` module is deprecated. Please use a userland alternative instead.
2026-10-06T16:06:17.3905941Z (Use `node --trace-deprecation ...` to show where the warning was created)
2026-10-06T16:06:17.3937841Z With the provided path, there will be 1 file uploaded
2026-10-06T16:06:17.6898951Z Artifact name is valid!
2026-10-06T16:06:17.6899783Z Root directory input is valid!
2026-10-06T16:06:17.9215426Z Beginning upload of artifact content to blob storage
2026-10-06T16:06:17.9428433Z (node:24092) [DEP0169] DeprecationWarning: `url.parse()` behavior is not standardized and prone to errors that have security implications. Use the WHATWG URL API instead. CVEs are not issued for `url.parse()` vulnerabilities.
2026-10-06T16:06:18.3692077Z Uploaded bytes 71389
2026-10-06T16:06:18.4472117Z Finished uploading artifact content to blob storage!
2026-10-06T16:06:18.4473027Z SHA256 digest of uploaded artifact zip is 7750586f4815f6d412a56c7919c7748d2a95e61120b3c535c7f429cd94e76259
2026-10-06T16:06:18.4473861Z Finalizing artifact upload
2026-10-06T16:06:18.7399792Z Artifact junit-shard-6.zip successfully finalized. Artifact ID 11425714580
2026-10-06T16:06:18.7400494Z Artifact junit-shard-6 has been successfully uploaded! Final size is 71389 bytes. Artifact ID is 11425714580
2026-10-06T16:06:18.7404432Z Artifact download URL: https://github.com/rpsj2230/Verz-OS-v2.0/actions/runs/37481509956/artifacts/11425714580
2026-10-06T16:06:18.7548341Z Post job cleanup.
2026-10-06T16:06:18.8050629Z [command]/usr/bin/git version
2026-10-06T16:06:18.8080822Z git version 2.55.0
2026-10-06T16:06:18.8104487Z Temporarily overriding HOME='/home/runner/work/_temp/74329dcd-c45f-4ef5-b087-21e880ed4ffa' before making global git config changes
2026-10-06T16:06:18.8105028Z Adding repository directory to the temporary git global config as a safe directory
2026-10-06T16:06:18.8107522Z [command]/usr/bin/git config --global --add safe.directory /home/runner/work/Verz-OS-v2.0/Verz-OS-v2.0
2026-10-06T16:06:18.8137132Z [command]/usr/bin/git config --local --name-only --get-regexp core\.sshCommand
2026-10-06T16:06:18.8162296Z [command]/usr/bin/git submodule foreach --recursive sh -c "git config --local --name-only --get-regexp 'core\.sshCommand' && git config --local --unset-all 'core.sshCommand' || :"
2026-10-06T16:06:18.8365916Z [command]/usr/bin/git config --local --name-only --get-regexp http\.https\:\/\/github\.com\/\.extraheader
2026-10-06T16:06:18.8398586Z http.https://github.com/.extraheader
2026-10-06T16:06:18.8399203Z [command]/usr/bin/git config --local --unset-all http.https://github.com/.extraheader
2026-10-06T16:06:18.8423464Z [command]/usr/bin/git submodule foreach --recursive sh -c "git config --local --name-only --get-regexp 'http\.https\:\/\/github\.com\/\.extraheader' && git config --local --unset-all 'http.https://github.com/.extraheader' || :"
2026-10-06T16:06:18.8613007Z [command]/usr/bin/git config --local --name-only --get-regexp ^includeIf\.gitdir:
2026-10-06T16:06:18.8642079Z [command]/usr/bin/git submodule foreach --recursive git config --local --show-origin --name-only --get-regexp remote.origin.url
2026-10-06T16:06:18.8905428Z Print service container logs: 96332a5fa0d14a3d87a1f13bce9b54f5_pgvectorpgvectorpg18_1bab37
2026-10-06T16:06:18.8908468Z ##[command]/usr/bin/docker logs --details db6338e06e913813260e689da2e8b304b3cd1d94cbbfd658eef2b61cd844687a
2026-10-06T16:06:18.8996543Z  The files belonging to this database system will be owned by user "postgres".
2026-10-06T16:06:18.8997633Z  initdb: warning: enabling "trust" authentication for local connections
2026-10-06T16:06:18.8998321Z  This user must also own the server process.
2026-10-06T16:06:18.8998812Z  
2026-10-06T16:06:18.8999332Z  The database cluster will be initialized with locale "en_US.utf8".
2026-10-06T16:06:18.8999929Z  The default database encoding has accordingly been set to "UTF8".
2026-10-06T16:06:18.9000478Z  The default text search configuration will be set to "english".
2026-10-06T16:06:18.9000920Z  
2026-10-06T16:06:18.9001242Z  Data page checksums are enabled.
2026-10-06T16:06:18.9001605Z  
2026-10-06T16:06:18.9002103Z  fixing permissions on existing directory /var/lib/postgresql/18/docker ... ok
2026-10-06T16:06:18.9002714Z  creating subdirectories ... ok
2026-10-06T16:06:18.9003273Z  selecting dynamic shared memory implementation ... posix
2026-10-06T16:06:18.9004027Z  selecting default "max_connections" ... 100
2026-10-06T16:06:18.9004596Z  initdb: hint: You can change this by editing pg_hba.conf or using the option -A, or --auth-local and --auth-host, the next time you run initdb.
2026-10-06T16:06:18.9005682Z  2026-10-06 15:52:24.810 UTC [1] LOG:  starting PostgreSQL 18.6 (Debian 18.6-1.pgdg12+2) on x86_64-pc-linux-gnu, compiled by gcc (Debian 12.2.0-14+deb12u1) 12.2.0, 64-bit
2026-10-06T16:06:18.9006568Z  2026-10-06 15:52:24.810 UTC [1] LOG:  listening on IPv4 address "0.0.0.0", port 5432
2026-10-06T16:06:18.9007212Z  2026-10-06 15:52:24.810 UTC [1] LOG:  listening on IPv6 address "::", port 5432
2026-10-06T16:06:18.9010521Z  2026-10-06 15:52:24.823 UTC [1] LOG:  listening on Unix socket "/var/run/postgresql/.s.PGSQL.5432"
2026-10-06T16:06:18.9011087Z  selecting default "shared_buffers" ... 128MB
2026-10-06T16:06:18.9011866Z  2026-10-06 15:52:24.825 UTC [76] LOG:  database system was shut down at 2026-10-06 15:52:24 UTC
2026-10-06T16:06:18.9012800Z  2026-10-06 15:52:24.828 UTC [1] LOG:  database system is ready to accept connections
2026-10-06T16:06:18.9015009Z  2026-10-06 15:52:28.795 UTC [87] FATAL:  role "root" does not exist
2026-10-06T16:06:18.9015230Z  2026-10-06 15:52:33.872 UTC [95] FATAL:  role "root" does not exist
2026-10-06T16:06:18.9015620Z  2026-10-06 15:52:38.914 UTC [103] FATAL:  role "root" does not exist
2026-10-06T16:06:18.9015971Z  2026-10-06 15:52:43.960 UTC [111] FATAL:  role "root" does not exist
2026-10-06T16:06:18.9016186Z  2026-10-06 15:52:49.011 UTC [119] FATAL:  role "root" does not exist
2026-10-06T16:06:18.9016492Z  2026-10-06 15:52:54.059 UTC [127] FATAL:  role "root" does not exist
2026-10-06T16:06:18.9016801Z  2026-10-06 15:52:59.103 UTC [136] FATAL:  role "root" does not exist
2026-10-06T16:06:18.9017022Z  2026-10-06 15:53:04.147 UTC [144] FATAL:  role "root" does not exist
2026-10-06T16:06:18.9017442Z  2026-10-06 15:53:09.195 UTC [152] FATAL:  role "root" does not exist
2026-10-06T16:06:18.9018596Z  2026-10-06 15:53:14.237 UTC [160] FATAL:  role "root" does not exist
2026-10-06T16:06:18.9018949Z  2026-10-06 15:53:19.282 UTC [168] FATAL:  role "root" does not exist
2026-10-06T16:06:18.9019211Z  2026-10-06 15:53:24.327 UTC [176] FATAL:  role "root" does not exist
2026-10-06T16:06:18.9019450Z  2026-10-06 15:53:29.378 UTC [185] FATAL:  role "root" does not exist
2026-10-06T16:06:18.9019777Z  2026-10-06 15:53:34.419 UTC [193] FATAL:  role "root" does not exist
2026-10-06T16:06:18.9019989Z  2026-10-06 15:53:39.460 UTC [201] FATAL:  role "root" does not exist
2026-10-06T16:06:18.9020196Z  2026-10-06 15:53:44.507 UTC [209] FATAL:  role "root" does not exist
2026-10-06T16:06:18.9020510Z  2026-10-06 15:53:49.549 UTC [217] FATAL:  role "root" does not exist
2026-10-06T16:06:18.9020938Z  2026-10-06 15:53:54.595 UTC [225] FATAL:  role "root" does not exist
2026-10-06T16:06:18.9021286Z  2026-10-06 15:53:59.641 UTC [234] FATAL:  role "root" does not exist
2026-10-06T16:06:18.9021502Z  2026-10-06 15:54:04.683 UTC [242] FATAL:  role "root" does not exist
2026-10-06T16:06:18.9021710Z  2026-10-06 15:54:09.724 UTC [250] FATAL:  role "root" does not exist
2026-10-06T16:06:18.9021922Z  2026-10-06 15:54:14.770 UTC [258] FATAL:  role "root" does not exist
2026-10-06T16:06:18.9022132Z  2026-10-06 15:54:19.814 UTC [266] FATAL:  role "root" does not exist
2026-10-06T16:06:18.9022340Z  2026-10-06 15:54:24.857 UTC [274] FATAL:  role "root" does not exist
2026-10-06T16:06:18.9022549Z  2026-10-06 15:54:29.908 UTC [293] FATAL:  role "root" does not exist
2026-10-06T16:06:18.9022778Z  2026-10-06 15:54:31.789 UTC [74] LOG:  checkpoint starting: immediate force wait
2026-10-06T16:06:18.9023393Z  2026-10-06 15:54:31.793 UTC [74] LOG:  checkpoint complete: wrote 66 buffers (0.4%), wrote 3 SLRU buffers; 0 WAL file(s) added, 0 removed, 1 recycled; write=0.002 s, sync=0.001 s, total=0.004 s; sync files=28, longest=0.001 s, average=0.001 s; distance=13384 kB, estimate=13384 kB; lsn=0/28A7220, redo lsn=0/28A71C8
2026-10-06T16:06:18.9024006Z  2026-10-06 15:54:33.447 UTC [74] LOG:  checkpoint starting: immediate force wait
2026-10-06T16:06:18.9024597Z  2026-10-06 15:54:33.450 UTC [74] LOG:  checkpoint complete: wrote 18 buffers (0.1%), wrote 2 SLRU buffers; 0 WAL file(s) added, 0 removed, 1 recycled; write=0.001 s, sync=0.001 s, total=0.003 s; sync files=8, longest=0.001 s, average=0.001 s; distance=13069 kB, estimate=13353 kB; lsn=0/356A978, redo lsn=0/356A920
2026-10-06T16:06:18.9025175Z  2026-10-06 15:54:34.813 UTC [74] LOG:  checkpoint starting: immediate force wait
2026-10-06T16:06:18.9025757Z  2026-10-06 15:54:34.816 UTC [74] LOG:  checkpoint complete: wrote 20 buffers (0.1%), wrote 2 SLRU buffers; 0 WAL file(s) added, 0 removed, 1 recycled; write=0.001 s, sync=0.001 s, total=0.003 s; sync files=7, longest=0.001 s, average=0.001 s; distance=13044 kB, estimate=13322 kB; lsn=0/4227AF8, redo lsn=0/4227AA0
2026-10-06T16:06:18.9026328Z  2026-10-06 15:54:34.958 UTC [540] FATAL:  role "root" does not exist
2026-10-06T16:06:18.9026560Z  2026-10-06 15:54:36.242 UTC [74] LOG:  checkpoint starting: immediate force wait
2026-10-06T16:06:18.9027136Z  2026-10-06 15:54:36.245 UTC [74] LOG:  checkpoint complete: wrote 16 buffers (0.1%), wrote 2 SLRU buffers; 0 WAL file(s) added, 0 removed, 0 recycled; write=0.001 s, sync=0.001 s, total=0.003 s; sync files=7, longest=0.001 s, average=0.001 s; distance=13039 kB, estimate=13293 kB; lsn=0/4EE37C8, redo lsn=0/4EE3770
2026-10-06T16:06:18.9027712Z  2026-10-06 15:54:39.157 UTC [74] LOG:  checkpoint starting: immediate force wait
2026-10-06T16:06:18.9028771Z  2026-10-06 15:54:39.160 UTC [74] LOG:  checkpoint complete: wrote 20 buffers (0.1%), wrote 2 SLRU buffers; 0 WAL file(s) added, 0 removed, 1 recycled; write=0.001 s, sync=0.001 s, total=0.003 s; sync files=7, longest=0.001 s, average=0.001 s; distance=13169 kB, estimate=13281 kB; lsn=0/5BBFC38, redo lsn=0/5BBFBE0
2026-10-06T16:06:18.9029884Z  2026-10-06 15:54:40.005 UTC [779] FATAL:  role "root" does not exist
2026-10-06T16:06:18.9030248Z  2026-10-06 15:54:40.462 UTC [74] LOG:  checkpoint starting: immediate force wait
2026-10-06T16:06:18.9031158Z  2026-10-06 15:54:40.465 UTC [74] LOG:  checkpoint complete: wrote 14 buffers (0.1%), wrote 2 SLRU buffers; 0 WAL file(s) added, 0 removed, 1 recycled; write=0.001 s, sync=0.001 s, total=0.003 s; sync files=7, longest=0.001 s, average=0.001 s; distance=13008 kB, estimate=13254 kB; lsn=0/6873E00, redo lsn=0/6873DA8
2026-10-06T16:06:18.9032072Z  2026-10-06 15:54:41.768 UTC [74] LOG:  checkpoint starting: immediate force wait
2026-10-06T16:06:18.9032897Z  2026-10-06 15:54:41.771 UTC [74] LOG:  checkpoint complete: wrote 20 buffers (0.1%), wrote 2 SLRU buffers; 0 WAL file(s) added, 0 removed, 1 recycled; write=0.001 s, sync=0.001 s, total=0.003 s; sync files=7, longest=0.001 s, average=0.001 s; distance=13022 kB, estimate=13231 kB; lsn=0/752B960, redo lsn=0/752B908
2026-10-06T16:06:18.9033475Z  2026-10-06 15:54:43.071 UTC [74] LOG:  checkpoint starting: immediate force wait
2026-10-06T16:06:18.9034051Z  2026-10-06 15:54:43.076 UTC [74] LOG:  checkpoint complete: wrote 17 buffers (0.1%), wrote 2 SLRU buffers; 0 WAL file(s) added, 0 removed, 1 recycled; write=0.001 s, sync=0.001 s, total=0.006 s; sync files=7, longest=0.001 s, average=0.001 s; distance=13021 kB, estimate=13210 kB; lsn=0/81E2DC8, redo lsn=0/81E2D70
2026-10-06T16:06:18.9034624Z  2026-10-06 15:54:44.424 UTC [74] LOG:  checkpoint starting: immediate force wait
2026-10-06T16:06:18.9035195Z  2026-10-06 15:54:44.427 UTC [74] LOG:  checkpoint complete: wrote 18 buffers (0.1%), wrote 2 SLRU buffers; 0 WAL file(s) added, 0 removed, 0 recycled; write=0.001 s, sync=0.001 s, total=0.003 s; sync files=7, longest=0.001 s, average=0.001 s; distance=13018 kB, estimate=13190 kB; lsn=0/8E99868, redo lsn=0/8E99810
2026-10-06T16:06:18.9035762Z  2026-10-06 15:54:45.051 UTC [843] FATAL:  role "root" does not exist
2026-10-06T16:06:18.9035993Z  2026-10-06 15:54:45.682 UTC [74] LOG:  checkpoint starting: immediate force wait
2026-10-06T16:06:18.9036573Z  2026-10-06 15:54:45.685 UTC [74] LOG:  checkpoint complete: wrote 18 buffers (0.1%), wrote 2 SLRU buffers; 0 WAL file(s) added, 0 removed, 1 recycled; write=0.001 s, sync=0.001 s, total=0.003 s; sync files=7, longest=0.001 s, average=0.001 s; distance=13005 kB, estimate=13172 kB; lsn=0/9B4CFB8, redo lsn=0/9B4CF60
2026-10-06T16:06:18.9037146Z  2026-10-06 15:54:46.856 UTC [74] LOG:  checkpoint starting: immediate force wait
2026-10-06T16:06:18.9037721Z  2026-10-06 15:54:46.858 UTC [74] LOG:  checkpoint complete: wrote 17 buffers (0.1%), wrote 2 SLRU buffers; 0 WAL file(s) added, 0 removed, 1 recycled; write=0.001 s, sync=0.001 s, total=0.003 s; sync files=7, longest=0.001 s, average=0.001 s; distance=12992 kB, estimate=13154 kB; lsn=0/A7FD2E8, redo lsn=0/A7FD290
2026-10-06T16:06:18.9047066Z  2026-10-06 15:54:48.428 UTC [74] LOG:  checkpoint starting: immediate force wait
2026-10-06T16:06:18.9048023Z  2026-10-06 15:54:48.430 UTC [74] LOG:  checkpoint complete: wrote 17 buffers (0.1%), wrote 2 SLRU buffers; 0 WAL file(s) added, 0 removed, 1 recycled; write=0.001 s, sync=0.001 s, total=0.003 s; sync files=7, longest=0.001 s, average=0.001 s; distance=13029 kB, estimate=13141 kB; lsn=0/B4B67F8, redo lsn=0/B4B67A0
2026-10-06T16:06:18.9048605Z  2026-10-06 15:54:49.659 UTC [74] LOG:  checkpoint starting: immediate force wait
2026-10-06T16:06:18.9049178Z  2026-10-06 15:54:49.662 UTC [74] LOG:  checkpoint complete: wrote 18 buffers (0.1%), wrote 2 SLRU buffers; 0 WAL file(s) added, 0 removed, 1 recycled; write=0.001 s, sync=0.001 s, total=0.003 s; sync files=7, longest=0.001 s, average=0.001 s; distance=13017 kB, estimate=13129 kB; lsn=0/C16CC90, redo lsn=0/C16CC38
2026-10-06T16:06:18.9049743Z  2026-10-06 15:54:50.098 UTC [907] FATAL:  role "root" does not exist
2026-10-06T16:06:18.9049977Z  2026-10-06 15:54:50.949 UTC [74] LOG:  checkpoint starting: immediate force wait
2026-10-06T16:06:18.9050551Z  2026-10-06 15:54:50.952 UTC [74] LOG:  checkpoint complete: wrote 18 buffers (0.1%), wrote 2 SLRU buffers; 0 WAL file(s) added, 0 removed, 0 recycled; write=0.001 s, sync=0.001 s, total=0.003 s; sync files=7, longest=0.001 s, average=0.001 s; distance=13026 kB, estimate=13119 kB; lsn=0/CE255F0, redo lsn=0/CE25598
2026-10-06T16:06:18.9051227Z  2026-10-06 15:54:52.300 UTC [74] LOG:  checkpoint starting: immediate force wait
2026-10-06T16:06:18.9051800Z  2026-10-06 15:54:52.303 UTC [74] LOG:  checkpoint complete: wrote 17 buffers (0.1%), wrote 2 SLRU buffers; 0 WAL file(s) added, 0 removed, 1 recycled; write=0.001 s, sync=0.001 s, total=0.003 s; sync files=7, longest=0.001 s, average=0.001 s; distance=13022 kB, estimate=13109 kB; lsn=0/DADD028, redo lsn=0/DADCFD0
2026-10-06T16:06:18.9052375Z  2026-10-06 15:54:53.518 UTC [74] LOG:  checkpoint starting: immediate force wait
2026-10-06T16:06:18.9053035Z  2026-10-06 15:54:53.521 UTC [74] LOG:  checkpoint complete: wrote 18 buffers (0.1%), wrote 2 SLRU buffers; 0 WAL file(s) added, 0 removed, 1 recycled; write=0.001 s, sync=0.001 s, total=0.004 s; sync files=7, longest=0.001 s, average=0.001 s; distance=13023 kB, estimate=13100 kB; lsn=0/E794D60, redo lsn=0/E794D08
2026-10-06T16:06:18.9053610Z  2026-10-06 15:54:54.831 UTC [74] LOG:  checkpoint starting: immediate force wait
2026-10-06T16:06:18.9054186Z  2026-10-06 15:54:54.834 UTC [74] LOG:  checkpoint complete: wrote 17 buffers (0.1%), wrote 2 SLRU buffers; 0 WAL file(s) added, 0 removed, 1 recycled; write=0.001 s, sync=0.001 s, total=0.003 s; sync files=7, longest=0.001 s, average=0.001 s; distance=13008 kB, estimate=13091 kB; lsn=0/F448FA8, redo lsn=0/F448F50
2026-10-06T16:06:18.9054752Z  2026-10-06 15:54:55.143 UTC [972] FATAL:  role "root" does not exist
2026-10-06T16:06:18.9054979Z  2026-10-06 15:54:56.166 UTC [74] LOG:  checkpoint starting: immediate force wait
2026-10-06T16:06:18.9055565Z  2026-10-06 15:54:56.169 UTC [74] LOG:  checkpoint complete: wrote 169 buffers (1.0%), wrote 2 SLRU buffers; 0 WAL file(s) added, 0 removed, 1 recycled; write=0.002 s, sync=0.001 s, total=0.004 s; sync files=14, longest=0.001 s, average=0.001 s; distance=14020 kB, estimate=14020 kB; lsn=0/101FA1C0, redo lsn=0/101FA168
2026-10-06T16:06:18.9056153Z  2026-10-06 15:54:57.431 UTC [74] LOG:  checkpoint starting: immediate force wait
2026-10-06T16:06:18.9056730Z  2026-10-06 15:54:57.433 UTC [74] LOG:  checkpoint complete: wrote 20 buffers (0.1%), wrote 2 SLRU buffers; 0 WAL file(s) added, 0 removed, 0 recycled; write=0.001 s, sync=0.001 s, total=0.003 s; sync files=9, longest=0.001 s, average=0.001 s; distance=13026 kB, estimate=13921 kB; lsn=0/10EB2CF0, redo lsn=0/10EB2C98
2026-10-06T16:06:18.9057310Z  2026-10-06 15:54:58.754 UTC [74] LOG:  checkpoint starting: immediate force wait
2026-10-06T16:06:18.9058018Z  2026-10-06 15:54:58.757 UTC [74] LOG:  checkpoint complete: wrote 20 buffers (0.1%), wrote 2 SLRU buffers; 0 WAL file(s) added, 0 removed, 1 recycled; write=0.001 s, sync=0.001 s, total=0.003 s; sync files=9, longest=0.001 s, average=0.001 s; distance=13021 kB, estimate=13831 kB; lsn=0/11B6A1B0, redo lsn=0/11B6A158
2026-10-06T16:06:18.9058603Z  2026-10-06 15:54:59.971 UTC [74] LOG:  checkpoint starting: immediate force wait
2026-10-06T16:06:18.9059180Z  2026-10-06 15:54:59.974 UTC [74] LOG:  checkpoint complete: wrote 20 buffers (0.1%), wrote 3 SLRU buffers; 0 WAL file(s) added, 0 removed, 1 recycled; write=0.001 s, sync=0.001 s, total=0.003 s; sync files=9, longest=0.001 s, average=0.001 s; distance=13032 kB, estimate=13751 kB; lsn=0/128244A8, redo lsn=0/12824450
2026-10-06T16:06:18.9059755Z  2026-10-06 15:55:00.186 UTC [1036] FATAL:  role "root" does not exist
2026-10-06T16:06:18.9059993Z  2026-10-06 15:55:01.236 UTC [74] LOG:  checkpoint starting: immediate force wait
2026-10-06T16:06:18.9060578Z  2026-10-06 15:55:01.239 UTC [74] LOG:  checkpoint complete: wrote 20 buffers (0.1%), wrote 2 SLRU buffers; 0 WAL file(s) added, 0 removed, 1 recycled; write=0.001 s, sync=0.001 s, total=0.003 s; sync files=9, longest=0.001 s, average=0.001 s; distance=13035 kB, estimate=13679 kB; lsn=0/134DF2C8, redo lsn=0/134DF270
2026-10-06T16:06:18.9061237Z  2026-10-06 15:55:02.550 UTC [74] LOG:  checkpoint starting: immediate force wait
2026-10-06T16:06:18.9061816Z  2026-10-06 15:55:02.554 UTC [74] LOG:  checkpoint complete: wrote 20 buffers (0.1%), wrote 2 SLRU buffers; 0 WAL file(s) added, 0 removed, 1 recycled; write=0.001 s, sync=0.001 s, total=0.004 s; sync files=9, longest=0.001 s, average=0.001 s; distance=13050 kB, estimate=13616 kB; lsn=0/1419DB08, redo lsn=0/1419DAB0
2026-10-06T16:06:18.9062385Z  2026-10-06 15:55:05.229 UTC [1072] FATAL:  role "root" does not exist
2026-10-06T16:06:18.9062621Z  2026-10-06 15:55:07.287 UTC [74] LOG:  checkpoint starting: immediate force wait
2026-10-06T16:06:18.9063278Z  2026-10-06 15:55:07.290 UTC [74] LOG:  checkpoint complete: wrote 20 buffers (0.1%), wrote 2 SLRU buffers; 0 WAL file(s) added, 0 removed, 0 recycled; write=0.001 s, sync=0.001 s, total=0.003 s; sync files=9, longest=0.001 s, average=0.001 s; distance=13024 kB, estimate=13557 kB; lsn=0/14E55B48, redo lsn=0/14E55AF0
2026-10-06T16:06:18.9063856Z  2026-10-06 15:55:08.611 UTC [74] LOG:  checkpoint starting: immediate force wait
2026-10-06T16:06:18.9064434Z  2026-10-06 15:55:08.614 UTC [74] LOG:  checkpoint complete: wrote 20 buffers (0.1%), wrote 2 SLRU buffers; 0 WAL file(s) added, 0 removed, 1 recycled; write=0.001 s, sync=0.001 s, total=0.003 s; sync files=9, longest=0.001 s, average=0.001 s; distance=13049 kB, estimate=13506 kB; lsn=0/15B142D0, redo lsn=0/15B14278
2026-10-06T16:06:18.9065010Z  2026-10-06 15:55:09.787 UTC [74] LOG:  checkpoint starting: immediate force wait
2026-10-06T16:06:18.9065587Z  2026-10-06 15:55:09.790 UTC [74] LOG:  checkpoint complete: wrote 20 buffers (0.1%), wrote 2 SLRU buffers; 0 WAL file(s) added, 0 removed, 1 recycled; write=0.001 s, sync=0.001 s, total=0.003 s; sync files=9, longest=0.001 s, average=0.001 s; distance=13009 kB, estimate=13456 kB; lsn=0/167C87F8, redo lsn=0/167C87A0
2026-10-06T16:06:18.9066156Z  2026-10-06 15:55:10.276 UTC [1123] FATAL:  role "root" does not exist
2026-10-06T16:06:18.9066390Z  2026-10-06 15:55:11.179 UTC [74] LOG:  checkpoint starting: immediate force wait
2026-10-06T16:06:18.9066976Z  2026-10-06 15:55:11.182 UTC [74] LOG:  checkpoint complete: wrote 108 buffers (0.7%), wrote 2 SLRU buffers; 0 WAL file(s) added, 0 removed, 1 recycled; write=0.002 s, sync=0.001 s, total=0.004 s; sync files=11, longest=0.001 s, average=0.001 s; distance=13631 kB, estimate=13631 kB; lsn=0/175184A0, redo lsn=0/17518448
2026-10-06T16:06:18.9067559Z  2026-10-06 15:55:13.429 UTC [74] LOG:  checkpoint starting: immediate force wait
2026-10-06T16:06:18.9068276Z  2026-10-06 15:55:13.432 UTC [74] LOG:  checkpoint complete: wrote 21 buffers (0.1%), wrote 2 SLRU buffers; 0 WAL file(s) added, 0 removed, 1 recycled; write=0.001 s, sync=0.001 s, total=0.003 s; sync files=10, longest=0.001 s, average=0.001 s; distance=13043 kB, estimate=13572 kB; lsn=0/181D5480, redo lsn=0/181D5428
2026-10-06T16:06:18.9068859Z  2026-10-06 15:55:14.697 UTC [74] LOG:  checkpoint starting: immediate force wait
2026-10-06T16:06:18.9069436Z  2026-10-06 15:55:14.699 UTC [74] LOG:  checkpoint complete: wrote 22 buffers (0.1%), wrote 2 SLRU buffers; 0 WAL file(s) added, 0 removed, 0 recycled; write=0.001 s, sync=0.001 s, total=0.003 s; sync files=11, longest=0.001 s, average=0.001 s; distance=13037 kB, estimate=13518 kB; lsn=0/18E90BC8, redo lsn=0/18E90B70
2026-10-06T16:06:18.9070004Z  2026-10-06 15:55:15.321 UTC [1376] FATAL:  role "root" does not exist
2026-10-06T16:06:18.9070236Z  2026-10-06 15:55:15.962 UTC [74] LOG:  checkpoint starting: immediate force wait
2026-10-06T16:06:18.9070812Z  2026-10-06 15:55:15.965 UTC [74] LOG:  checkpoint complete: wrote 21 buffers (0.1%), wrote 2 SLRU buffers; 0 WAL file(s) added, 0 removed, 1 recycled; write=0.001 s, sync=0.001 s, total=0.003 s; sync files=10, longest=0.001 s, average=0.001 s; distance=13040 kB, estimate=13471 kB; lsn=0/19B4CBC8, redo lsn=0/19B4CB70
2026-10-06T16:06:18.9071395Z  2026-10-06 15:55:17.277 UTC [74] LOG:  checkpoint starting: immediate force wait
2026-10-06T16:06:18.9072061Z  2026-10-06 15:55:17.280 UTC [74] LOG:  checkpoint complete: wrote 22 buffers (0.1%), wrote 2 SLRU buffers; 0 WAL file(s) added, 0 removed, 1 recycled; write=0.001 s, sync=0.001 s, total=0.003 s; sync files=11, longest=0.001 s, average=0.001 s; distance=13034 kB, estimate=13427 kB; lsn=0/1A807768, redo lsn=0/1A807710
2026-10-06T16:06:18.9072637Z  2026-10-06 15:55:18.526 UTC [74] LOG:  checkpoint starting: immediate force wait
2026-10-06T16:06:18.9073219Z  2026-10-06 15:55:18.529 UTC [74] LOG:  checkpoint complete: wrote 21 buffers (0.1%), wrote 2 SLRU buffers; 0 WAL file(s) added, 0 removed, 1 recycled; write=0.001 s, sync=0.001 s, total=0.003 s; sync files=10, longest=0.001 s, average=0.001 s; distance=13041 kB, estimate=13388 kB; lsn=0/1B4C3D30, redo lsn=0/1B4C3CD8
2026-10-06T16:06:18.9073803Z  2026-10-06 15:55:19.829 UTC [74] LOG:  checkpoint starting: immediate force wait
2026-10-06T16:06:18.9074460Z  2026-10-06 15:55:19.832 UTC [74] LOG:  checkpoint complete: wrote 22 buffers (0.1%), wrote 2 SLRU buffers; 0 WAL file(s) added, 0 removed, 1 recycled; write=0.001 s, sync=0.001 s, total=0.003 s; sync files=11, longest=0.001 s, average=0.001 s; distance=13036 kB, estimate=13353 kB; lsn=0/1C17EE60, redo lsn=0/1C17EE08
2026-10-06T16:06:18.9075031Z  2026-10-06 15:55:20.371 UTC [1440] FATAL:  role "root" does not exist
2026-10-06T16:06:18.9075260Z  2026-10-06 15:55:21.107 UTC [74] LOG:  checkpoint starting: immediate force wait
2026-10-06T16:06:18.9075841Z  2026-10-06 15:55:21.110 UTC [74] LOG:  checkpoint complete: wrote 21 buffers (0.1%), wrote 2 SLRU buffers; 0 WAL file(s) added, 0 removed, 0 recycled; write=0.001 s, sync=0.001 s, total=0.003 s; sync files=10, longest=0.001 s, average=0.001 s; distance=13039 kB, estimate=13322 kB; lsn=0/1CE3AB88, redo lsn=0/1CE3AB30
2026-10-06T16:06:18.9076420Z  2026-10-06 15:55:22.422 UTC [74] LOG:  checkpoint starting: immediate force wait
2026-10-06T16:06:18.9077007Z  2026-10-06 15:55:22.424 UTC [74] LOG:  checkpoint complete: wrote 22 buffers (0.1%), wrote 2 SLRU buffers; 0 WAL file(s) added, 0 removed, 1 recycled; write=0.001 s, sync=0.001 s, total=0.003 s; sync files=11, longest=0.001 s, average=0.001 s; distance=13034 kB, estimate=13293 kB; lsn=0/1DAF5418, redo lsn=0/1DAF53C0
2026-10-06T16:06:18.9077591Z  2026-10-06 15:55:23.693 UTC [74] LOG:  checkpoint starting: immediate force wait
2026-10-06T16:06:18.9078285Z  2026-10-06 15:55:23.696 UTC [74] LOG:  checkpoint complete: wrote 33 buffers (0.2%), wrote 2 SLRU buffers; 0 WAL file(s) added, 0 removed, 1 recycled; write=0.001 s, sync=0.001 s, total=0.003 s; sync files=10, longest=0.001 s, average=0.001 s; distance=13122 kB, estimate=13276 kB; lsn=0/1E7C5DC0, redo lsn=0/1E7C5D68
2026-10-06T16:06:18.9078857Z  2026-10-06 15:55:25.455 UTC [1513] FATAL:  role "root" does not exist
2026-10-06T16:06:18.9079090Z  2026-10-06 15:55:26.367 UTC [74] LOG:  checkpoint starting: immediate force wait
2026-10-06T16:06:18.9079670Z  2026-10-06 15:55:26.370 UTC [74] LOG:  checkpoint complete: wrote 112 buffers (0.7%), wrote 2 SLRU buffers; 0 WAL file(s) added, 0 removed, 1 recycled; write=0.002 s, sync=0.001 s, total=0.004 s; sync files=11, longest=0.001 s, average=0.001 s; distance=13738 kB, estimate=13738 kB; lsn=0/1F530750, redo lsn=0/1F5306F8
2026-10-06T16:06:18.9080256Z  2026-10-06 15:55:28.682 UTC [74] LOG:  checkpoint starting: immediate force wait
2026-10-06T16:06:18.9080837Z  2026-10-06 15:55:28.687 UTC [74] LOG:  checkpoint complete: wrote 21 buffers (0.1%), wrote 2 SLRU buffers; 0 WAL file(s) added, 0 removed, 1 recycled; write=0.001 s, sync=0.001 s, total=0.005 s; sync files=10, longest=0.001 s, average=0.001 s; distance=13133 kB, estimate=13677 kB; lsn=0/20203EF8, redo lsn=0/20203EA0
2026-10-06T16:06:18.9081405Z  2026-10-06 15:55:30.505 UTC [1726] FATAL:  role "root" does not exist
2026-10-06T16:06:18.9081639Z  2026-10-06 15:55:30.980 UTC [74] LOG:  checkpoint starting: immediate force wait
2026-10-06T16:06:18.9082225Z  2026-10-06 15:55:30.982 UTC [74] LOG:  checkpoint complete: wrote 24 buffers (0.1%), wrote 2 SLRU buffers; 0 WAL file(s) added, 0 removed, 0 recycled; write=0.001 s, sync=0.001 s, total=0.003 s; sync files=11, longest=0.001 s, average=0.001 s; distance=13041 kB, estimate=13614 kB; lsn=0/20EC0458, redo lsn=0/20EC0400
2026-10-06T16:06:18.9082881Z  2026-10-06 15:55:33.374 UTC [74] LOG:  checkpoint starting: immediate force wait
2026-10-06T16:06:18.9083463Z  2026-10-06 15:55:33.377 UTC [74] LOG:  checkpoint complete: wrote 19 buffers (0.1%), wrote 2 SLRU buffers; 0 WAL file(s) added, 0 removed, 1 recycled; write=0.001 s, sync=0.001 s, total=0.003 s; sync files=10, longest=0.001 s, average=0.001 s; distance=13023 kB, estimate=13555 kB; lsn=0/21B78348, redo lsn=0/21B782F0
2026-10-06T16:06:18.9084045Z  2026-10-06 15:55:34.705 UTC [74] LOG:  checkpoint starting: immediate force wait
2026-10-06T16:06:18.9084755Z  2026-10-06 15:55:34.707 UTC [74] LOG:  checkpoint complete: wrote 25 buffers (0.2%), wrote 2 SLRU buffers; 0 WAL file(s) added, 0 removed, 1 recycled; write=0.001 s, sync=0.001 s, total=0.003 s; sync files=11, longest=0.001 s, average=0.001 s; distance=13048 kB, estimate=13504 kB; lsn=0/228365A0, redo lsn=0/22836548
2026-10-06T16:06:18.9085326Z  2026-10-06 15:55:35.553 UTC [2073] FATAL:  role "root" does not exist
2026-10-06T16:06:18.9085559Z  2026-10-06 15:55:36.093 UTC [74] LOG:  checkpoint starting: immediate force wait
2026-10-06T16:06:18.9086146Z  2026-10-06 15:55:36.096 UTC [74] LOG:  checkpoint complete: wrote 23 buffers (0.1%), wrote 2 SLRU buffers; 0 WAL file(s) added, 0 removed, 1 recycled; write=0.001 s, sync=0.001 s, total=0.003 s; sync files=11, longest=0.001 s, average=0.001 s; distance=13031 kB, estimate=13457 kB; lsn=0/234F0520, redo lsn=0/234F04C8
2026-10-06T16:06:18.9086725Z  2026-10-06 15:55:37.457 UTC [74] LOG:  checkpoint starting: immediate force wait
2026-10-06T16:06:18.9087309Z  2026-10-06 15:55:37.460 UTC [74] LOG:  checkpoint complete: wrote 24 buffers (0.1%), wrote 2 SLRU buffers; 0 WAL file(s) added, 0 removed, 1 recycled; write=0.001 s, sync=0.001 s, total=0.003 s; sync files=10, longest=0.001 s, average=0.001 s; distance=13043 kB, estimate=13415 kB; lsn=0/241AD318, redo lsn=0/241AD2C0
2026-10-06T16:06:18.9088112Z  2026-10-06 15:55:38.768 UTC [74] LOG:  checkpoint starting: immediate force wait
2026-10-06T16:06:18.9088696Z  2026-10-06 15:55:38.771 UTC [74] LOG:  checkpoint complete: wrote 21 buffers (0.1%), wrote 2 SLRU buffers; 0 WAL file(s) added, 0 removed, 0 recycled; write=0.001 s, sync=0.001 s, total=0.003 s; sync files=10, longest=0.001 s, average=0.001 s; distance=13024 kB, estimate=13376 kB; lsn=0/24E65578, redo lsn=0/24E65520
2026-10-06T16:06:18.9089267Z  2026-10-06 15:55:40.601 UTC [2249] FATAL:  role "root" does not exist
2026-10-06T16:06:18.9089501Z  2026-10-06 15:55:41.051 UTC [74] LOG:  checkpoint starting: immediate force wait
2026-10-06T16:06:18.9090088Z  2026-10-06 15:55:41.054 UTC [74] LOG:  checkpoint complete: wrote 104 buffers (0.6%), wrote 2 SLRU buffers; 0 WAL file(s) added, 0 removed, 1 recycled; write=0.002 s, sync=0.001 s, total=0.004 s; sync files=11, longest=0.001 s, average=0.001 s; distance=13707 kB, estimate=13707 kB; lsn=0/25BC8240, redo lsn=0/25BC81E8
2026-10-06T16:06:18.9090676Z  2026-10-06 15:55:42.289 UTC [74] LOG:  checkpoint starting: immediate force wait
2026-10-06T16:06:18.9091259Z  2026-10-06 15:55:42.292 UTC [74] LOG:  checkpoint complete: wrote 19 buffers (0.1%), wrote 2 SLRU buffers; 0 WAL file(s) added, 0 removed, 1 recycled; write=0.001 s, sync=0.001 s, total=0.003 s; sync files=10, longest=0.001 s, average=0.001 s; distance=13000 kB, estimate=13636 kB; lsn=0/2687A5F0, redo lsn=0/2687A598
2026-10-06T16:06:18.9091842Z  2026-10-06 15:55:43.521 UTC [74] LOG:  checkpoint starting: immediate force wait
2026-10-06T16:06:18.9092425Z  2026-10-06 15:55:43.524 UTC [74] LOG:  checkpoint complete: wrote 25 buffers (0.2%), wrote 2 SLRU buffers; 0 WAL file(s) added, 0 removed, 1 recycled; write=0.001 s, sync=0.001 s, total=0.003 s; sync files=11, longest=0.001 s, average=0.001 s; distance=13037 kB, estimate=13576 kB; lsn=0/27535B40, redo lsn=0/27535AE8
2026-10-06T16:06:18.9093091Z  2026-10-06 15:55:44.755 UTC [74] LOG:  checkpoint starting: immediate force wait
2026-10-06T16:06:18.9093677Z  2026-10-06 15:55:44.760 UTC [74] LOG:  checkpoint complete: wrote 23 buffers (0.1%), wrote 2 SLRU buffers; 0 WAL file(s) added, 0 removed, 1 recycled; write=0.001 s, sync=0.001 s, total=0.006 s; sync files=11, longest=0.001 s, average=0.001 s; distance=13031 kB, estimate=13522 kB; lsn=0/281EF770, redo lsn=0/281EF718
2026-10-06T16:06:18.9094247Z  2026-10-06 15:55:45.650 UTC [2401] FATAL:  role "root" does not exist
2026-10-06T16:06:18.9094479Z  2026-10-06 15:55:47.651 UTC [74] LOG:  checkpoint starting: immediate force wait
2026-10-06T16:06:18.9095182Z  2026-10-06 15:55:47.653 UTC [74] LOG:  checkpoint complete: wrote 25 buffers (0.2%), wrote 2 SLRU buffers; 0 WAL file(s) added, 0 removed, 0 recycled; write=0.001 s, sync=0.001 s, total=0.003 s; sync files=11, longest=0.001 s, average=0.001 s; distance=13057 kB, estimate=13475 kB; lsn=0/28EAFD08, redo lsn=0/28EAFCB0
2026-10-06T16:06:18.9095770Z  2026-10-06 15:55:48.883 UTC [74] LOG:  checkpoint starting: immediate force wait
2026-10-06T16:06:18.9096352Z  2026-10-06 15:55:48.886 UTC [74] LOG:  checkpoint complete: wrote 23 buffers (0.1%), wrote 2 SLRU buffers; 0 WAL file(s) added, 0 removed, 1 recycled; write=0.001 s, sync=0.001 s, total=0.003 s; sync files=11, longest=0.001 s, average=0.001 s; distance=13033 kB, estimate=13431 kB; lsn=0/29B6A1F8, redo lsn=0/29B6A1A0
2026-10-06T16:06:18.9096936Z  2026-10-06 15:55:50.134 UTC [74] LOG:  checkpoint starting: immediate force wait
2026-10-06T16:06:18.9097517Z  2026-10-06 15:55:50.136 UTC [74] LOG:  checkpoint complete: wrote 25 buffers (0.2%), wrote 2 SLRU buffers; 0 WAL file(s) added, 0 removed, 1 recycled; write=0.001 s, sync=0.001 s, total=0.003 s; sync files=11, longest=0.001 s, average=0.001 s; distance=13046 kB, estimate=13392 kB; lsn=0/2A827D80, redo lsn=0/2A827D28
2026-10-06T16:06:18.9098241Z  2026-10-06 15:55:50.699 UTC [2765] FATAL:  role "root" does not exist
2026-10-06T16:06:18.9098482Z  2026-10-06 15:55:52.312 UTC [74] LOG:  checkpoint starting: immediate force wait
2026-10-06T16:06:18.9099064Z  2026-10-06 15:55:52.314 UTC [74] LOG:  checkpoint complete: wrote 24 buffers (0.1%), wrote 2 SLRU buffers; 0 WAL file(s) added, 0 removed, 1 recycled; write=0.001 s, sync=0.001 s, total=0.003 s; sync files=11, longest=0.001 s, average=0.001 s; distance=13040 kB, estimate=13357 kB; lsn=0/2B4E4168, redo lsn=0/2B4E4110
2026-10-06T16:06:18.9099646Z  2026-10-06 15:55:53.584 UTC [74] LOG:  checkpoint starting: immediate force wait
2026-10-06T16:06:18.9100229Z  2026-10-06 15:55:53.589 UTC [74] LOG:  checkpoint complete: wrote 27 buffers (0.2%), wrote 2 SLRU buffers; 0 WAL file(s) added, 0 removed, 1 recycled; write=0.001 s, sync=0.001 s, total=0.006 s; sync files=10, longest=0.001 s, average=0.001 s; distance=13063 kB, estimate=13328 kB; lsn=0/2C1A6158, redo lsn=0/2C1A6100
2026-10-06T16:06:18.9100821Z  2026-10-06 15:55:54.879 UTC [74] LOG:  checkpoint starting: immediate force wait
2026-10-06T16:06:18.9101404Z  2026-10-06 15:55:54.882 UTC [74] LOG:  checkpoint complete: wrote 26 buffers (0.2%), wrote 2 SLRU buffers; 0 WAL file(s) added, 0 removed, 0 recycled; write=0.001 s, sync=0.001 s, total=0.003 s; sync files=9, longest=0.001 s, average=0.001 s; distance=13054 kB, estimate=13300 kB; lsn=0/2CE65A68, redo lsn=0/2CE65A10
2026-10-06T16:06:18.9101976Z  2026-10-06 15:55:55.747 UTC [3014] FATAL:  role "root" does not exist
2026-10-06T16:06:18.9102209Z  2026-10-06 15:55:56.244 UTC [74] LOG:  checkpoint starting: immediate force wait
2026-10-06T16:06:18.9102794Z  2026-10-06 15:55:56.247 UTC [74] LOG:  checkpoint complete: wrote 106 buffers (0.6%), wrote 2 SLRU buffers; 0 WAL file(s) added, 0 removed, 1 recycled; write=0.002 s, sync=0.001 s, total=0.004 s; sync files=13, longest=0.001 s, average=0.001 s; distance=13625 kB, estimate=13625 kB; lsn=0/2DBB41E0, redo lsn=0/2DBB4188
2026-10-06T16:06:18.9103384Z  2026-10-06 15:55:58.413 UTC [74] LOG:  checkpoint starting: immediate force wait
2026-10-06T16:06:18.9104053Z  2026-10-06 15:55:58.415 UTC [74] LOG:  checkpoint complete: wrote 21 buffers (0.1%), wrote 2 SLRU buffers; 0 WAL file(s) added, 0 removed, 1 recycled; write=0.001 s, sync=0.001 s, total=0.003 s; sync files=10, longest=0.001 s, average=0.001 s; distance=13023 kB, estimate=13565 kB; lsn=0/2E86BE88, redo lsn=0/2E86BE30
2026-10-06T16:06:18.9104624Z  2026-10-06 15:56:00.791 UTC [3247] FATAL:  role "root" does not exist
2026-10-06T16:06:18.9104857Z  2026-10-06 15:56:03.469 UTC [74] LOG:  checkpoint starting: immediate force wait
2026-10-06T16:06:18.9105441Z  2026-10-06 15:56:03.472 UTC [74] LOG:  checkpoint complete: wrote 22 buffers (0.1%), wrote 2 SLRU buffers; 0 WAL file(s) added, 0 removed, 1 recycled; write=0.001 s, sync=0.001 s, total=0.003 s; sync files=11, longest=0.001 s, average=0.001 s; distance=13017 kB, estimate=13510 kB; lsn=0/2F522320, redo lsn=0/2F5222C8
2026-10-06T16:06:18.9106096Z  2026-10-06 15:56:04.621 UTC [74] LOG:  checkpoint starting: immediate force wait
2026-10-06T16:06:18.9106685Z  2026-10-06 15:56:04.623 UTC [74] LOG:  checkpoint complete: wrote 24 buffers (0.1%), wrote 2 SLRU buffers; 0 WAL file(s) added, 0 removed, 1 recycled; write=0.001 s, sync=0.001 s, total=0.003 s; sync files=11, longest=0.001 s, average=0.001 s; distance=13030 kB, estimate=13462 kB; lsn=0/301DBDA0, redo lsn=0/301DBD48
2026-10-06T16:06:18.9107260Z  2026-10-06 15:56:05.840 UTC [3308] FATAL:  role "root" does not exist
2026-10-06T16:06:18.9107490Z  2026-10-06 15:56:06.764 UTC [74] LOG:  checkpoint starting: immediate force wait
2026-10-06T16:06:18.9108219Z  2026-10-06 15:56:06.767 UTC [74] LOG:  checkpoint complete: wrote 22 buffers (0.1%), wrote 2 SLRU buffers; 0 WAL file(s) added, 0 removed, 0 recycled; write=0.001 s, sync=0.001 s, total=0.003 s; sync files=11, longest=0.001 s, average=0.001 s; distance=13027 kB, estimate=13419 kB; lsn=0/30E949D8, redo lsn=0/30E94980
2026-10-06T16:06:18.9108807Z  2026-10-06 15:56:07.957 UTC [74] LOG:  checkpoint starting: immediate force wait
2026-10-06T16:06:18.9109388Z  2026-10-06 15:56:07.960 UTC [74] LOG:  checkpoint complete: wrote 24 buffers (0.1%), wrote 2 SLRU buffers; 0 WAL file(s) added, 0 removed, 1 recycled; write=0.001 s, sync=0.001 s, total=0.003 s; sync files=11, longest=0.001 s, average=0.001 s; distance=13034 kB, estimate=13380 kB; lsn=0/31B4F518, redo lsn=0/31B4F4C0
2026-10-06T16:06:18.9109975Z  2026-10-06 15:56:09.125 UTC [74] LOG:  checkpoint starting: immediate force wait
2026-10-06T16:06:18.9110561Z  2026-10-06 15:56:09.128 UTC [74] LOG:  checkpoint complete: wrote 22 buffers (0.1%), wrote 2 SLRU buffers; 0 WAL file(s) added, 0 removed, 1 recycled; write=0.001 s, sync=0.001 s, total=0.003 s; sync files=11, longest=0.001 s, average=0.001 s; distance=13020 kB, estimate=13344 kB; lsn=0/328065C8, redo lsn=0/32806570
2026-10-06T16:06:18.9111144Z  2026-10-06 15:56:10.231 UTC [74] LOG:  checkpoint starting: immediate force wait
2026-10-06T16:06:18.9111727Z  2026-10-06 15:56:10.234 UTC [74] LOG:  checkpoint complete: wrote 89 buffers (0.5%), wrote 2 SLRU buffers; 0 WAL file(s) added, 0 removed, 1 recycled; write=0.001 s, sync=0.001 s, total=0.003 s; sync files=11, longest=0.001 s, average=0.001 s; distance=13433 kB, estimate=13433 kB; lsn=0/33524CD8, redo lsn=0/33524C80
2026-10-06T16:06:18.9112306Z  2026-10-06 15:56:10.884 UTC [3547] FATAL:  role "root" does not exist
2026-10-06T16:06:18.9112540Z  2026-10-06 15:56:12.524 UTC [74] LOG:  checkpoint starting: immediate force wait
2026-10-06T16:06:18.9113126Z  2026-10-06 15:56:12.527 UTC [74] LOG:  checkpoint complete: wrote 21 buffers (0.1%), wrote 4 SLRU buffers; 0 WAL file(s) added, 0 removed, 1 recycled; write=0.001 s, sync=0.001 s, total=0.003 s; sync files=12, longest=0.001 s, average=0.001 s; distance=13116 kB, estimate=13402 kB; lsn=0/341F40A8, redo lsn=0/341F4050
2026-10-06T16:06:18.9113710Z  2026-10-06 15:56:13.883 UTC [74] LOG:  checkpoint starting: immediate force wait
2026-10-06T16:06:18.9114299Z  2026-10-06 15:56:13.885 UTC [74] LOG:  checkpoint complete: wrote 23 buffers (0.1%), wrote 2 SLRU buffers; 0 WAL file(s) added, 0 removed, 0 recycled; write=0.001 s, sync=0.001 s, total=0.003 s; sync files=10, longest=0.001 s, average=0.001 s; distance=13126 kB, estimate=13374 kB; lsn=0/34EC5AD8, redo lsn=0/34EC5A80
2026-10-06T16:06:18.9114975Z  2026-10-06 15:56:15.311 UTC [74] LOG:  checkpoint starting: immediate force wait
2026-10-06T16:06:18.9115561Z  2026-10-06 15:56:15.313 UTC [74] LOG:  checkpoint complete: wrote 21 buffers (0.1%), wrote 4 SLRU buffers; 0 WAL file(s) added, 0 removed, 1 recycled; write=0.001 s, sync=0.001 s, total=0.003 s; sync files=12, longest=0.001 s, average=0.001 s; distance=13120 kB, estimate=13349 kB; lsn=0/35B95D90, redo lsn=0/35B95D38
2026-10-06T16:06:18.9116138Z  2026-10-06 15:56:15.932 UTC [3795] FATAL:  role "root" does not exist
2026-10-06T16:06:18.9116369Z  2026-10-06 15:56:16.710 UTC [74] LOG:  checkpoint starting: immediate force wait
2026-10-06T16:06:18.9117030Z  2026-10-06 15:56:16.713 UTC [74] LOG:  checkpoint complete: wrote 22 buffers (0.1%), wrote 4 SLRU buffers; 0 WAL file(s) added, 0 removed, 1 recycled; write=0.001 s, sync=0.001 s, total=0.004 s; sync files=12, longest=0.001 s, average=0.001 s; distance=13128 kB, estimate=13327 kB; lsn=0/36867DF0, redo lsn=0/36867D98
2026-10-06T16:06:18.9117621Z  2026-10-06 15:56:18.121 UTC [74] LOG:  checkpoint starting: immediate force wait
2026-10-06T16:06:18.9118361Z  2026-10-06 15:56:18.123 UTC [74] LOG:  checkpoint complete: wrote 20 buffers (0.1%), wrote 2 SLRU buffers; 0 WAL file(s) added, 0 removed, 1 recycled; write=0.001 s, sync=0.001 s, total=0.003 s; sync files=10, longest=0.001 s, average=0.001 s; distance=13114 kB, estimate=13305 kB; lsn=0/37536980, redo lsn=0/37536928
2026-10-06T16:06:18.9118947Z  2026-10-06 15:56:19.483 UTC [74] LOG:  checkpoint starting: immediate force wait
2026-10-06T16:06:18.9119533Z  2026-10-06 15:56:19.486 UTC [74] LOG:  checkpoint complete: wrote 22 buffers (0.1%), wrote 2 SLRU buffers; 0 WAL file(s) added, 0 removed, 1 recycled; write=0.001 s, sync=0.001 s, total=0.003 s; sync files=11, longest=0.001 s, average=0.001 s; distance=13120 kB, estimate=13287 kB; lsn=0/382069D0, redo lsn=0/38206978
2026-10-06T16:06:18.9120119Z  2026-10-06 15:56:20.783 UTC [74] LOG:  checkpoint starting: immediate force wait
2026-10-06T16:06:18.9120705Z  2026-10-06 15:56:20.786 UTC [74] LOG:  checkpoint complete: wrote 26 buffers (0.2%), wrote 2 SLRU buffers; 0 WAL file(s) added, 0 removed, 0 recycled; write=0.001 s, sync=0.001 s, total=0.003 s; sync files=10, longest=0.001 s, average=0.001 s; distance=13164 kB, estimate=13274 kB; lsn=0/38EE1AA0, redo lsn=0/38EE1A48
2026-10-06T16:06:18.9121278Z  2026-10-06 15:56:20.979 UTC [3859] FATAL:  role "root" does not exist
2026-10-06T16:06:18.9121510Z  2026-10-06 15:56:22.177 UTC [74] LOG:  checkpoint starting: immediate force wait
2026-10-06T16:06:18.9122097Z  2026-10-06 15:56:22.179 UTC [74] LOG:  checkpoint complete: wrote 30 buffers (0.2%), wrote 2 SLRU buffers; 0 WAL file(s) added, 0 removed, 1 recycled; write=0.001 s, sync=0.001 s, total=0.003 s; sync files=10, longest=0.001 s, average=0.001 s; distance=13184 kB, estimate=13265 kB; lsn=0/39BC1D88, redo lsn=0/39BC1D30
2026-10-06T16:06:18.9122684Z  2026-10-06 15:56:23.547 UTC [74] LOG:  checkpoint starting: immediate force wait
2026-10-06T16:06:18.9123276Z  2026-10-06 15:56:23.550 UTC [74] LOG:  checkpoint complete: wrote 22 buffers (0.1%), wrote 4 SLRU buffers; 0 WAL file(s) added, 0 removed, 1 recycled; write=0.001 s, sync=0.001 s, total=0.003 s; sync files=11, longest=0.001 s, average=0.001 s; distance=13127 kB, estimate=13252 kB; lsn=0/3A893C60, redo lsn=0/3A893C08
2026-10-06T16:06:18.9123857Z  2026-10-06 15:56:24.845 UTC [74] LOG:  checkpoint starting: immediate force wait
2026-10-06T16:06:18.9124444Z  2026-10-06 15:56:24.848 UTC [74] LOG:  checkpoint complete: wrote 16 buffers (0.1%), wrote 2 SLRU buffers; 0 WAL file(s) added, 0 removed, 1 recycled; write=0.001 s, sync=0.001 s, total=0.003 s; sync files=8, longest=0.001 s, average=0.001 s; distance=13090 kB, estimate=13235 kB; lsn=0/3B55C4B8, redo lsn=0/3B55C460
2026-10-06T16:06:18.9125099Z  2026-10-06 15:56:26.031 UTC [3910] FATAL:  role "root" does not exist
2026-10-06T16:06:18.9125329Z  2026-10-06 15:56:28.942 UTC [74] LOG:  checkpoint starting: immediate force wait
2026-10-06T16:06:18.9125921Z  2026-10-06 15:56:28.947 UTC [74] LOG:  checkpoint complete: wrote 117 buffers (0.7%), wrote 4 SLRU buffers; 0 WAL file(s) added, 0 removed, 1 recycled; write=0.002 s, sync=0.001 s, total=0.005 s; sync files=13, longest=0.001 s, average=0.001 s; distance=14136 kB, estimate=14136 kB; lsn=0/3C32A700, redo lsn=0/3C32A6A8
2026-10-06T16:06:18.9126498Z  2026-10-06 15:56:31.081 UTC [4093] FATAL:  role "root" does not exist
2026-10-06T16:06:18.9126728Z  2026-10-06 15:56:31.609 UTC [74] LOG:  checkpoint starting: immediate force wait
2026-10-06T16:06:18.9127391Z  2026-10-06 15:56:31.612 UTC [74] LOG:  checkpoint complete: wrote 19 buffers (0.1%), wrote 2 SLRU buffers; 0 WAL file(s) added, 0 removed, 0 recycled; write=0.001 s, sync=0.001 s, total=0.003 s; sync files=10, longest=0.001 s, average=0.001 s; distance=13053 kB, estimate=14028 kB; lsn=0/3CFE9EB0, redo lsn=0/3CFE9E58
2026-10-06T16:06:18.9128200Z  2026-10-06 15:56:32.977 UTC [74] LOG:  checkpoint starting: immediate force wait
2026-10-06T16:06:18.9128892Z  2026-10-06 15:56:32.980 UTC [74] LOG:  checkpoint complete: wrote 24 buffers (0.1%), wrote 2 SLRU buffers; 0 WAL file(s) added, 0 removed, 1 recycled; write=0.001 s, sync=0.001 s, total=0.003 s; sync files=11, longest=0.001 s, average=0.001 s; distance=13073 kB, estimate=13932 kB; lsn=0/3DCAE4A0, redo lsn=0/3DCAE448
2026-10-06T16:06:18.9129500Z  2026-10-06 15:56:34.392 UTC [74] LOG:  checkpoint starting: immediate force wait
2026-10-06T16:06:18.9130092Z  2026-10-06 15:56:34.395 UTC [74] LOG:  checkpoint complete: wrote 25 buffers (0.2%), wrote 2 SLRU buffers; 0 WAL file(s) added, 0 removed, 1 recycled; write=0.001 s, sync=0.001 s, total=0.003 s; sync files=11, longest=0.001 s, average=0.001 s; distance=13080 kB, estimate=13847 kB; lsn=0/3E974588, redo lsn=0/3E974530
2026-10-06T16:06:18.9130680Z  2026-10-06 15:56:35.661 UTC [74] LOG:  checkpoint starting: immediate force wait
2026-10-06T16:06:18.9131265Z  2026-10-06 15:56:35.664 UTC [74] LOG:  checkpoint complete: wrote 23 buffers (0.1%), wrote 2 SLRU buffers; 0 WAL file(s) added, 0 removed, 1 recycled; write=0.001 s, sync=0.001 s, total=0.003 s; sync files=11, longest=0.001 s, average=0.001 s; distance=13040 kB, estimate=13766 kB; lsn=0/3F6306A0, redo lsn=0/3F630648
2026-10-06T16:06:18.9131843Z  2026-10-06 15:56:36.130 UTC [4280] FATAL:  role "root" does not exist
2026-10-06T16:06:18.9132076Z  2026-10-06 15:56:36.792 UTC [74] LOG:  checkpoint starting: immediate force wait
2026-10-06T16:06:18.9132664Z  2026-10-06 15:56:36.794 UTC [74] LOG:  checkpoint complete: wrote 25 buffers (0.2%), wrote 1 SLRU buffers; 0 WAL file(s) added, 0 removed, 1 recycled; write=0.001 s, sync=0.001 s, total=0.003 s; sync files=11, longest=0.001 s, average=0.001 s; distance=13036 kB, estimate=13693 kB; lsn=0/402EB6C8, redo lsn=0/402EB670
2026-10-06T16:06:18.9133251Z  2026-10-06 15:56:39.092 UTC [74] LOG:  checkpoint starting: immediate force wait
2026-10-06T16:06:18.9133836Z  2026-10-06 15:56:39.095 UTC [74] LOG:  checkpoint complete: wrote 24 buffers (0.1%), wrote 4 SLRU buffers; 0 WAL file(s) added, 0 removed, 0 recycled; write=0.001 s, sync=0.001 s, total=0.003 s; sync files=13, longest=0.001 s, average=0.001 s; distance=13080 kB, estimate=13632 kB; lsn=0/40FB1748, redo lsn=0/40FB16F0
2026-10-06T16:06:18.9134419Z  2026-10-06 15:56:40.393 UTC [74] LOG:  checkpoint starting: immediate force wait
2026-10-06T16:06:18.9135004Z  2026-10-06 15:56:40.396 UTC [74] LOG:  checkpoint complete: wrote 96 buffers (0.6%), wrote 4 SLRU buffers; 0 WAL file(s) added, 0 removed, 1 recycled; write=0.002 s, sync=0.001 s, total=0.004 s; sync files=13, longest=0.001 s, average=0.001 s; distance=13728 kB, estimate=13728 kB; lsn=0/41D197C0, redo lsn=0/41D19768
2026-10-06T16:06:18.9135586Z  2026-10-06 15:56:41.179 UTC [4530] FATAL:  role "root" does not exist
2026-10-06T16:06:18.9135907Z  2026-10-06 15:56:41.670 UTC [74] LOG:  checkpoint starting: immediate force wait
2026-10-06T16:06:18.9136498Z  2026-10-06 15:56:41.673 UTC [74] LOG:  checkpoint complete: wrote 19 buffers (0.1%), wrote 4 SLRU buffers; 0 WAL file(s) added, 0 removed, 1 recycled; write=0.001 s, sync=0.001 s, total=0.003 s; sync files=12, longest=0.001 s, average=0.001 s; distance=13048 kB, estimate=13660 kB; lsn=0/429D78B8, redo lsn=0/429D7860
2026-10-06T16:06:18.9137090Z  2026-10-06 15:56:42.877 UTC [74] LOG:  checkpoint starting: immediate force wait
2026-10-06T16:06:18.9137676Z  2026-10-06 15:56:42.880 UTC [74] LOG:  checkpoint complete: wrote 24 buffers (0.1%), wrote 4 SLRU buffers; 0 WAL file(s) added, 0 removed, 1 recycled; write=0.001 s, sync=0.001 s, total=0.003 s; sync files=13, longest=0.001 s, average=0.001 s; distance=13081 kB, estimate=13602 kB; lsn=0/4369DDC0, redo lsn=0/4369DD68
2026-10-06T16:06:18.9138426Z  2026-10-06 15:56:44.145 UTC [74] LOG:  checkpoint starting: immediate force wait
2026-10-06T16:06:18.9139017Z  2026-10-06 15:56:44.148 UTC [74] LOG:  checkpoint complete: wrote 22 buffers (0.1%), wrote 4 SLRU buffers; 0 WAL file(s) added, 0 removed, 1 recycled; write=0.001 s, sync=0.001 s, total=0.003 s; sync files=13, longest=0.001 s, average=0.001 s; distance=13067 kB, estimate=13548 kB; lsn=0/44360C88, redo lsn=0/44360C30
2026-10-06T16:06:18.9139601Z  2026-10-06 15:56:45.303 UTC [74] LOG:  checkpoint starting: immediate force wait
2026-10-06T16:06:18.9140186Z  2026-10-06 15:56:45.308 UTC [74] LOG:  checkpoint complete: wrote 24 buffers (0.1%), wrote 1 SLRU buffers; 0 WAL file(s) added, 0 removed, 1 recycled; write=0.001 s, sync=0.001 s, total=0.005 s; sync files=11, longest=0.001 s, average=0.001 s; distance=13032 kB, estimate=13497 kB; lsn=0/4501AF58, redo lsn=0/4501AF00
2026-10-06T16:06:18.9140763Z  2026-10-06 15:56:46.224 UTC [4595] FATAL:  role "root" does not exist
2026-10-06T16:06:18.9140996Z  2026-10-06 15:56:46.424 UTC [74] LOG:  checkpoint starting: immediate force wait
2026-10-06T16:06:18.9141583Z  2026-10-06 15:56:46.426 UTC [74] LOG:  checkpoint complete: wrote 22 buffers (0.1%), wrote 1 SLRU buffers; 0 WAL file(s) added, 0 removed, 0 recycled; write=0.001 s, sync=0.001 s, total=0.003 s; sync files=11, longest=0.001 s, average=0.001 s; distance=13018 kB, estimate=13449 kB; lsn=0/45CD19B8, redo lsn=0/45CD1960
2026-10-06T16:06:18.9142170Z  2026-10-06 15:56:47.585 UTC [74] LOG:  checkpoint starting: immediate force wait
2026-10-06T16:06:18.9142760Z  2026-10-06 15:56:47.588 UTC [74] LOG:  checkpoint complete: wrote 24 buffers (0.1%), wrote 1 SLRU buffers; 0 WAL file(s) added, 0 removed, 1 recycled; write=0.001 s, sync=0.001 s, total=0.003 s; sync files=11, longest=0.001 s, average=0.001 s; distance=13034 kB, estimate=13407 kB; lsn=0/4698C1E8, redo lsn=0/4698C190
2026-10-06T16:06:18.9143342Z  2026-10-06 15:56:48.751 UTC [74] LOG:  checkpoint starting: immediate force wait
2026-10-06T16:06:18.9143931Z  2026-10-06 15:56:48.754 UTC [74] LOG:  checkpoint complete: wrote 25 buffers (0.2%), wrote 1 SLRU buffers; 0 WAL file(s) added, 0 removed, 1 recycled; write=0.001 s, sync=0.001 s, total=0.003 s; sync files=11, longest=0.001 s, average=0.001 s; distance=13039 kB, estimate=13370 kB; lsn=0/47647E20, redo lsn=0/47647DC8
2026-10-06T16:06:18.9144510Z  2026-10-06 15:56:51.269 UTC [4635] FATAL:  role "root" does not exist
2026-10-06T16:06:18.9144729Z  2026-10-06 15:56:56.320 UTC [4644] FATAL:  role "root" does not exist
2026-10-06T16:06:18.9144949Z  2026-10-06 15:57:01.369 UTC [4718] FATAL:  role "root" does not exist
2026-10-06T16:06:18.9145165Z  2026-10-06 15:57:06.414 UTC [4726] FATAL:  role "root" does not exist
2026-10-06T16:06:18.9145381Z  2026-10-06 15:57:11.461 UTC [4869] FATAL:  role "root" does not exist
2026-10-06T16:06:18.9145597Z  2026-10-06 15:57:16.504 UTC [5028] FATAL:  role "root" does not exist
2026-10-06T16:06:18.9145811Z  2026-10-06 15:57:21.547 UTC [5036] FATAL:  role "root" does not exist
2026-10-06T16:06:18.9146043Z  2026-10-06 15:57:24.297 UTC [74] LOG:  checkpoint starting: immediate force wait
2026-10-06T16:06:18.9146719Z  2026-10-06 15:57:24.472 UTC [74] LOG:  checkpoint complete: wrote 1087 buffers (6.6%), wrote 1 SLRU buffers; 0 WAL file(s) added, 0 removed, 1 recycled; write=0.036 s, sync=0.137 s, total=0.175 s; sync files=910, longest=0.020 s, average=0.001 s; distance=23729 kB, estimate=23729 kB; lsn=0/48D74450, redo lsn=0/48D743F8
2026-10-06T16:06:18.9147314Z  2026-10-06 15:57:25.603 UTC [74] LOG:  checkpoint starting: immediate force wait
2026-10-06T16:06:18.9147975Z  2026-10-06 15:57:25.606 UTC [74] LOG:  checkpoint complete: wrote 39 buffers (0.2%), wrote 1 SLRU buffers; 0 WAL file(s) added, 0 removed, 1 recycled; write=0.001 s, sync=0.001 s, total=0.003 s; sync files=11, longest=0.001 s, average=0.001 s; distance=13150 kB, estimate=22671 kB; lsn=0/49A4BCF0, redo lsn=0/49A4BC98
2026-10-06T16:06:18.9148548Z  2026-10-06 15:57:26.603 UTC [5103] FATAL:  role "root" does not exist
2026-10-06T16:06:18.9148855Z  2026-10-06 15:57:26.786 UTC [74] LOG:  checkpoint starting: immediate force wait
2026-10-06T16:06:18.9149452Z  2026-10-06 15:57:26.788 UTC [74] LOG:  checkpoint complete: wrote 24 buffers (0.1%), wrote 1 SLRU buffers; 0 WAL file(s) added, 0 removed, 1 recycled; write=0.001 s, sync=0.001 s, total=0.003 s; sync files=10, longest=0.001 s, average=0.001 s; distance=13054 kB, estimate=21709 kB; lsn=0/4A70B5E0, redo lsn=0/4A70B588
2026-10-06T16:06:18.9150040Z  2026-10-06 15:57:28.076 UTC [74] LOG:  checkpoint starting: immediate force wait
2026-10-06T16:06:18.9150626Z  2026-10-06 15:57:28.079 UTC [74] LOG:  checkpoint complete: wrote 19 buffers (0.1%), wrote 1 SLRU buffers; 0 WAL file(s) added, 0 removed, 1 recycled; write=0.001 s, sync=0.001 s, total=0.003 s; sync files=8, longest=0.001 s, average=0.001 s; distance=13014 kB, estimate=20840 kB; lsn=0/4B3C0E78, redo lsn=0/4B3C0E20
2026-10-06T16:06:18.9151202Z  2026-10-06 15:57:31.646 UTC [5145] FATAL:  role "root" does not exist
2026-10-06T16:06:18.9151426Z  2026-10-06 15:57:36.693 UTC [5328] FATAL:  role "root" does not exist
2026-10-06T16:06:18.9151658Z  2026-10-06 15:57:39.407 UTC [74] LOG:  checkpoint starting: immediate force wait
2026-10-06T16:06:18.9152242Z  2026-10-06 15:57:39.410 UTC [74] LOG:  checkpoint complete: wrote 28 buffers (0.2%), wrote 1 SLRU buffers; 0 WAL file(s) added, 0 removed, 1 recycled; write=0.001 s, sync=0.001 s, total=0.003 s; sync files=14, longest=0.001 s, average=0.001 s; distance=13090 kB, estimate=20065 kB; lsn=0/4C089690, redo lsn=0/4C089638
2026-10-06T16:06:18.9152922Z  2026-10-06 15:57:40.543 UTC [5412] ERROR:  duplicate key value violates unique constraint "uq_connector_connection_connector_live"
2026-10-06T16:06:18.9153266Z  2026-10-06 15:57:40.543 UTC [5412] DETAIL:  Key (connector)=(xero) already exists.
2026-10-06T16:06:18.9153677Z  2026-10-06 15:57:40.543 UTC [5412] STATEMENT:  INSERT INTO ops.connector_connection (connector, settings, digest, connected_by) VALUES ('xero', '{}'::jsonb, $1, 'u_admin')
2026-10-06T16:06:18.9154089Z  2026-10-06 15:57:40.580 UTC [74] LOG:  checkpoint starting: immediate force wait
2026-10-06T16:06:18.9154684Z  2026-10-06 15:57:40.582 UTC [74] LOG:  checkpoint complete: wrote 60 buffers (0.4%), wrote 1 SLRU buffers; 0 WAL file(s) added, 0 removed, 0 recycled; write=0.001 s, sync=0.001 s, total=0.003 s; sync files=10, longest=0.001 s, average=0.001 s; distance=13274 kB, estimate=19386 kB; lsn=0/4CD80078, redo lsn=0/4CD80020
2026-10-06T16:06:18.9155263Z  2026-10-06 15:57:41.742 UTC [5441] FATAL:  role "root" does not exist
2026-10-06T16:06:18.9155497Z  2026-10-06 15:57:41.769 UTC [74] LOG:  checkpoint starting: immediate force wait
2026-10-06T16:06:18.9156084Z  2026-10-06 15:57:41.772 UTC [74] LOG:  checkpoint complete: wrote 22 buffers (0.1%), wrote 1 SLRU buffers; 0 WAL file(s) added, 0 removed, 1 recycled; write=0.001 s, sync=0.001 s, total=0.003 s; sync files=10, longest=0.001 s, average=0.001 s; distance=13031 kB, estimate=18750 kB; lsn=0/4DA3A060, redo lsn=0/4DA39FF0
2026-10-06T16:06:18.9156678Z  2026-10-06 15:57:42.986 UTC [74] LOG:  checkpoint starting: immediate force wait
2026-10-06T16:06:18.9157341Z  2026-10-06 15:57:42.988 UTC [74] LOG:  checkpoint complete: wrote 23 buffers (0.1%), wrote 1 SLRU buffers; 0 WAL file(s) added, 0 removed, 1 recycled; write=0.001 s, sync=0.001 s, total=0.003 s; sync files=11, longest=0.001 s, average=0.001 s; distance=13024 kB, estimate=18178 kB; lsn=0/4E6F2250, redo lsn=0/4E6F21F8
2026-10-06T16:06:18.9158014Z  2026-10-06 15:57:46.786 UTC [5598] FATAL:  role "root" does not exist
2026-10-06T16:06:18.9158233Z  2026-10-06 15:57:51.833 UTC [5791] FATAL:  role "root" does not exist
2026-10-06T16:06:18.9158466Z  2026-10-06 15:57:54.319 UTC [74] LOG:  checkpoint starting: immediate force wait
2026-10-06T16:06:18.9159128Z  2026-10-06 15:57:54.321 UTC [74] LOG:  checkpoint complete: wrote 17 buffers (0.1%), wrote 1 SLRU buffers; 0 WAL file(s) added, 0 removed, 0 recycled; write=0.001 s, sync=0.001 s, total=0.003 s; sync files=14, longest=0.001 s, average=0.001 s; distance=4954 kB, estimate=16855 kB; lsn=0/4EBC8B60, redo lsn=0/4EBC8B08
2026-10-06T16:06:18.9159705Z  2026-10-06 15:57:56.879 UTC [5930] FATAL:  role "root" does not exist
2026-10-06T16:06:18.9159939Z  2026-10-06 15:58:00.707 UTC [74] LOG:  checkpoint starting: immediate force wait
2026-10-06T16:06:18.9160529Z  2026-10-06 15:58:00.710 UTC [74] LOG:  checkpoint complete: wrote 51 buffers (0.3%), wrote 2 SLRU buffers; 0 WAL file(s) added, 0 removed, 1 recycled; write=0.001 s, sync=0.001 s, total=0.003 s; sync files=11, longest=0.001 s, average=0.001 s; distance=13240 kB, estimate=16494 kB; lsn=0/4F8B6F10, redo lsn=0/4F8B6EB8
2026-10-06T16:06:18.9161118Z  2026-10-06 15:58:01.817 UTC [74] LOG:  checkpoint starting: immediate force wait
2026-10-06T16:06:18.9161708Z  2026-10-06 15:58:01.819 UTC [74] LOG:  checkpoint complete: wrote 22 buffers (0.1%), wrote 1 SLRU buffers; 0 WAL file(s) added, 0 removed, 1 recycled; write=0.001 s, sync=0.001 s, total=0.003 s; sync files=10, longest=0.001 s, average=0.001 s; distance=13028 kB, estimate=16147 kB; lsn=0/50570300, redo lsn=0/505702A8
2026-10-06T16:06:18.9162286Z  2026-10-06 15:58:01.923 UTC [5971] FATAL:  role "root" does not exist
2026-10-06T16:06:18.9162629Z  2026-10-06 15:58:02.945 UTC [5981] ERROR:  new row for relation "data_export" violates check constraint "ck_data_export_the_window_is_contiguous"
2026-10-06T16:06:18.9163342Z  2026-10-06 15:58:02.945 UTC [5981] DETAIL:  Failing row contains (059e284d-1029-437e-ad3a-80fff1d5d353, audit_trail, u_exporter, regulatory_request, MATTER-1, 2026-10-06 15:58:02.944893+00, 10, 15, 3, t, dddddddddddddddddddddddddddddddddddddddddddddddddddddddddddddddd, chain).
2026-10-06T16:06:18.9164260Z  2026-10-06 15:58:02.945 UTC [5981] STATEMENT:  INSERT INTO ops.data_export (data_set, requested_by, reason, reason_reference, form, first_seq, last_seq, entries, verified, document_digest) VALUES ('audit_trail', 'u_exporter', 'regulatory_request', 'MATTER-1', $1, $2, $3, $4, $5, $6)
2026-10-06T16:06:18.9164959Z  2026-10-06 15:58:02.950 UTC [5982] ERROR:  new row for relation "data_export" violates check constraint "ck_data_export_a_window_names_both_ends_or_neither"
2026-10-06T16:06:18.9165691Z  2026-10-06 15:58:02.950 UTC [5982] DETAIL:  Failing row contains (72bb2f93-4d9d-4c04-a859-2e072359f2ee, audit_trail, u_exporter, regulatory_request, MATTER-1, 2026-10-06 15:58:02.950123+00, null, null, 3, t, dddddddddddddddddddddddddddddddddddddddddddddddddddddddddddddddd, chain).
2026-10-06T16:06:18.9166599Z  2026-10-06 15:58:02.950 UTC [5982] STATEMENT:  INSERT INTO ops.data_export (data_set, requested_by, reason, reason_reference, form, first_seq, last_seq, entries, verified, document_digest) VALUES ('audit_trail', 'u_exporter', 'regulatory_request', 'MATTER-1', $1, $2, $3, $4, $5, $6)
2026-10-06T16:06:18.9167293Z  2026-10-06 15:58:02.955 UTC [5983] ERROR:  new row for relation "data_export" violates check constraint "ck_data_export_a_readable_export_names_no_window"
2026-10-06T16:06:18.9168103Z  2026-10-06 15:58:02.955 UTC [5983] DETAIL:  Failing row contains (9b76d8d6-bd0e-4dc3-a666-055e3704612f, audit_trail, u_exporter, regulatory_request, MATTER-1, 2026-10-06 15:58:02.955202+00, 10, 15, 3, null, dddddddddddddddddddddddddddddddddddddddddddddddddddddddddddddddd, readable).
2026-10-06T16:06:18.9169094Z  2026-10-06 15:58:02.955 UTC [5983] STATEMENT:  INSERT INTO ops.data_export (data_set, requested_by, reason, reason_reference, form, first_seq, last_seq, entries, verified, document_digest) VALUES ('audit_trail', 'u_exporter', 'regulatory_request', 'MATTER-1', $1, $2, $3, $4, $5, $6)
2026-10-06T16:06:18.9169793Z  2026-10-06 15:58:02.960 UTC [5984] ERROR:  new row for relation "data_export" violates check constraint "ck_data_export_only_a_chain_says_whether_it_verified"
2026-10-06T16:06:18.9170594Z  2026-10-06 15:58:02.960 UTC [5984] DETAIL:  Failing row contains (c227b757-cda2-499b-8ed3-44090ba59337, audit_trail, u_exporter, regulatory_request, MATTER-1, 2026-10-06 15:58:02.9601+00, null, null, 3, f, dddddddddddddddddddddddddddddddddddddddddddddddddddddddddddddddd, readable).
2026-10-06T16:06:18.9171513Z  2026-10-06 15:58:02.960 UTC [5984] STATEMENT:  INSERT INTO ops.data_export (data_set, requested_by, reason, reason_reference, form, first_seq, last_seq, entries, verified, document_digest) VALUES ('audit_trail', 'u_exporter', 'regulatory_request', 'MATTER-1', $1, $2, $3, $4, $5, $6)
2026-10-06T16:06:18.9172212Z  2026-10-06 15:58:02.965 UTC [5985] ERROR:  new row for relation "data_export" violates check constraint "ck_data_export_only_a_chain_says_whether_it_verified"
2026-10-06T16:06:18.9172935Z  2026-10-06 15:58:02.965 UTC [5985] DETAIL:  Failing row contains (8468dae1-afaf-44c6-864c-4d897bee5913, audit_trail, u_exporter, regulatory_request, MATTER-1, 2026-10-06 15:58:02.965046+00, 10, 12, 3, null, dddddddddddddddddddddddddddddddddddddddddddddddddddddddddddddddd, chain).
2026-10-06T16:06:18.9173844Z  2026-10-06 15:58:02.965 UTC [5985] STATEMENT:  INSERT INTO ops.data_export (data_set, requested_by, reason, reason_reference, form, first_seq, last_seq, entries, verified, document_digest) VALUES ('audit_trail', 'u_exporter', 'regulatory_request', 'MATTER-1', $1, $2, $3, $4, $5, $6)
2026-10-06T16:06:18.9174490Z  2026-10-06 15:58:02.970 UTC [5986] ERROR:  new row for relation "data_export" violates check constraint "ck_data_export_form"
2026-10-06T16:06:18.9175171Z  2026-10-06 15:58:02.970 UTC [5986] DETAIL:  Failing row contains (0d2c51be-b056-462e-867b-cbbe633d0936, audit_trail, u_exporter, regulatory_request, MATTER-1, 2026-10-06 15:58:02.969902+00, null, null, 3, null, dddddddddddddddddddddddddddddddddddddddddddddddddddddddddddddddd, sample).
2026-10-06T16:06:18.9176096Z  2026-10-06 15:58:02.970 UTC [5986] STATEMENT:  INSERT INTO ops.data_export (data_set, requested_by, reason, reason_reference, form, first_seq, last_seq, entries, verified, document_digest) VALUES ('audit_trail', 'u_exporter', 'regulatory_request', 'MATTER-1', $1, $2, $3, $4, $5, $6)
2026-10-06T16:06:18.9176668Z  2026-10-06 15:58:02.975 UTC [74] LOG:  checkpoint starting: immediate force wait
2026-10-06T16:06:18.9177276Z  2026-10-06 15:58:02.978 UTC [74] LOG:  checkpoint complete: wrote 22 buffers (0.1%), wrote 1 SLRU buffers; 0 WAL file(s) added, 0 removed, 1 recycled; write=0.001 s, sync=0.001 s, total=0.003 s; sync files=11, longest=0.001 s, average=0.001 s; distance=13022 kB, estimate=15835 kB; lsn=0/51227C30, redo lsn=0/51227BD8
2026-10-06T16:06:18.9177938Z  2026-10-06 15:58:04.144 UTC [74] LOG:  checkpoint starting: immediate force wait
2026-10-06T16:06:18.9178526Z  2026-10-06 15:58:04.146 UTC [74] LOG:  checkpoint complete: wrote 26 buffers (0.2%), wrote 1 SLRU buffers; 0 WAL file(s) added, 0 removed, 0 recycled; write=0.001 s, sync=0.001 s, total=0.003 s; sync files=9, longest=0.001 s, average=0.001 s; distance=13070 kB, estimate=15558 kB; lsn=0/51EEB5B0, redo lsn=0/51EEB558
2026-10-06T16:06:18.9179116Z  2026-10-06 15:58:05.330 UTC [74] LOG:  checkpoint starting: immediate force wait
2026-10-06T16:06:18.9179705Z  2026-10-06 15:58:05.333 UTC [74] LOG:  checkpoint complete: wrote 19 buffers (0.1%), wrote 1 SLRU buffers; 0 WAL file(s) added, 0 removed, 1 recycled; write=0.001 s, sync=0.001 s, total=0.003 s; sync files=9, longest=0.001 s, average=0.001 s; distance=13012 kB, estimate=15304 kB; lsn=0/52BA0808, redo lsn=0/52BA07B0
2026-10-06T16:06:18.9180388Z  2026-10-06 15:58:06.968 UTC [6102] FATAL:  role "root" does not exist
2026-10-06T16:06:18.9180649Z  2026-10-06 15:58:11.081 UTC [6240] ERROR:  permission denied for table deployment_record
2026-10-06T16:06:18.9181198Z  2026-10-06 15:58:11.081 UTC [6240] STATEMENT:  INSERT INTO ops.deployment_record (seq, at, outcome, commit, image, previous, prev_hash, entry_hash, fingerprint) VALUES (9, now(), 'deployed', 'x', 'x', 'x', repeat('0', 64), repeat('0', 64), repeat('1', 64))
2026-10-06T16:06:18.9181712Z  2026-10-06 15:58:11.104 UTC [74] LOG:  checkpoint starting: immediate force wait
2026-10-06T16:06:18.9182383Z  2026-10-06 15:58:11.118 UTC [74] LOG:  checkpoint complete: wrote 653 buffers (4.0%), wrote 1 SLRU buffers; 0 WAL file(s) added, 0 removed, 1 recycled; write=0.012 s, sync=0.001 s, total=0.014 s; sync files=59, longest=0.001 s, average=0.001 s; distance=9282 kB, estimate=14701 kB; lsn=0/534B1280, redo lsn=0/534B1228
2026-10-06T16:06:18.9182964Z  2026-10-06 15:58:12.015 UTC [6251] FATAL:  role "root" does not exist
2026-10-06T16:06:18.9183186Z  2026-10-06 15:58:17.057 UTC [6374] FATAL:  role "root" does not exist
2026-10-06T16:06:18.9183408Z  2026-10-06 15:58:22.099 UTC [6433] FATAL:  role "root" does not exist
2026-10-06T16:06:18.9183628Z  2026-10-06 15:58:27.140 UTC [6537] FATAL:  role "root" does not exist
2026-10-06T16:06:18.9183844Z  2026-10-06 15:58:32.182 UTC [6710] FATAL:  role "root" does not exist
2026-10-06T16:06:18.9184078Z  2026-10-06 15:58:37.153 UTC [74] LOG:  checkpoint starting: immediate force wait
2026-10-06T16:06:18.9184668Z  2026-10-06 15:58:37.156 UTC [74] LOG:  checkpoint complete: wrote 36 buffers (0.2%), wrote 1 SLRU buffers; 0 WAL file(s) added, 0 removed, 1 recycled; write=0.001 s, sync=0.001 s, total=0.003 s; sync files=16, longest=0.001 s, average=0.001 s; distance=13236 kB, estimate=14555 kB; lsn=0/5419E2F8, redo lsn=0/5419E2A0
2026-10-06T16:06:18.9185246Z  2026-10-06 15:58:37.227 UTC [6858] FATAL:  role "root" does not exist
2026-10-06T16:06:18.9185467Z  2026-10-06 15:58:42.269 UTC [6882] FATAL:  role "root" does not exist
2026-10-06T16:06:18.9185697Z  2026-10-06 15:58:43.929 UTC [74] LOG:  checkpoint starting: immediate force wait
2026-10-06T16:06:18.9186316Z  2026-10-06 15:58:43.932 UTC [74] LOG:  checkpoint complete: wrote 34 buffers (0.2%), wrote 1 SLRU buffers; 0 WAL file(s) added, 0 removed, 0 recycled; write=0.001 s, sync=0.001 s, total=0.003 s; sync files=11, longest=0.001 s, average=0.001 s; distance=13337 kB, estimate=14433 kB; lsn=0/54EA49F8, redo lsn=0/54EA49A0
2026-10-06T16:06:18.9186998Z  2026-10-06 15:58:45.184 UTC [6903] ERROR:  permission denied for table item
2026-10-06T16:06:18.9187402Z  2026-10-06 15:58:45.184 UTC [6903] STATEMENT:  SELECT 1 FROM know.item LIMIT 1
2026-10-06T16:06:18.9187748Z  2026-10-06 15:58:45.192 UTC [6904] ERROR:  permission denied for table chunk
2026-10-06T16:06:18.9200418Z  2026-10-06 15:58:45.192 UTC [6904] STATEMENT:  SELECT 1 FROM know.chunk LIMIT 1
2026-10-06T16:06:18.9200716Z  2026-10-06 15:58:45.199 UTC [6905] ERROR:  permission denied for table classified_table
2026-10-06T16:06:18.9201003Z  2026-10-06 15:58:45.199 UTC [6905] STATEMENT:  SELECT 1 FROM know.classified_table LIMIT 1
2026-10-06T16:06:18.9201300Z  2026-10-06 15:58:45.204 UTC [6906] ERROR:  permission denied for schema gate at character 15
2026-10-06T16:06:18.9201587Z  2026-10-06 15:58:45.204 UTC [6906] STATEMENT:  SELECT 1 FROM gate.capability_grant LIMIT 1
2026-10-06T16:06:18.9201874Z  2026-10-06 15:58:45.210 UTC [6907] ERROR:  permission denied for schema mem at character 15
2026-10-06T16:06:18.9202152Z  2026-10-06 15:58:45.210 UTC [6907] STATEMENT:  SELECT 1 FROM mem.persistent LIMIT 1
2026-10-06T16:06:18.9202428Z  2026-10-06 15:58:45.215 UTC [6908] ERROR:  permission denied for schema ops at character 15
2026-10-06T16:06:18.9202705Z  2026-10-06 15:58:45.215 UTC [6908] STATEMENT:  SELECT 1 FROM ops.setting LIMIT 1
2026-10-06T16:06:18.9203088Z  2026-10-06 15:58:45.222 UTC [6909] ERROR:  permission denied for table classified_row
2026-10-06T16:06:18.9203485Z  2026-10-06 15:58:45.222 UTC [6909] STATEMENT:  INSERT INTO know.classified_row (entity, version, position, fields) VALUES ('fastlane_test', 1, 0, '{}'::jsonb)
2026-10-06T16:06:18.9203882Z  2026-10-06 15:58:45.228 UTC [6910] ERROR:  permission denied for table classified_row
2026-10-06T16:06:18.9204192Z  2026-10-06 15:58:45.228 UTC [6910] STATEMENT:  UPDATE know.classified_row SET position = position WHERE false
2026-10-06T16:06:18.9204500Z  2026-10-06 15:58:45.234 UTC [6911] ERROR:  permission denied for table classified_row
2026-10-06T16:06:18.9204777Z  2026-10-06 15:58:45.234 UTC [6911] STATEMENT:  DELETE FROM know.classified_row WHERE false
2026-10-06T16:06:18.9205048Z  2026-10-06 15:58:45.240 UTC [6912] ERROR:  permission denied for table record
2026-10-06T16:06:18.9205494Z  2026-10-06 15:58:45.240 UTC [6912] STATEMENT:  INSERT INTO proj.record (source, entity, source_id, fields) VALUES ('fastlane_test', 'x', '1', '{}'::jsonb)
2026-10-06T16:06:18.9205873Z  2026-10-06 15:58:45.246 UTC [6913] ERROR:  permission denied for table record
2026-10-06T16:06:18.9206151Z  2026-10-06 15:58:45.246 UTC [6913] STATEMENT:  UPDATE proj.record SET entity = entity WHERE false
2026-10-06T16:06:18.9206431Z  2026-10-06 15:58:45.251 UTC [6914] ERROR:  permission denied for table record
2026-10-06T16:06:18.9206687Z  2026-10-06 15:58:45.251 UTC [6914] STATEMENT:  DELETE FROM proj.record WHERE false
2026-10-06T16:06:18.9206946Z  2026-10-06 15:58:45.257 UTC [74] LOG:  checkpoint starting: immediate force wait
2026-10-06T16:06:18.9207560Z  2026-10-06 15:58:45.260 UTC [74] LOG:  checkpoint complete: wrote 20 buffers (0.1%), wrote 1 SLRU buffers; 0 WAL file(s) added, 0 removed, 1 recycled; write=0.001 s, sync=0.001 s, total=0.003 s; sync files=10, longest=0.001 s, average=0.001 s; distance=13023 kB, estimate=14292 kB; lsn=0/55B5C998, redo lsn=0/55B5C940
2026-10-06T16:06:18.9208407Z  2026-10-06 15:58:45.788 UTC [6934] ERROR:  new row for relation "request_telemetry_default" violates check constraint "ck_request_telemetry_lane_basis"
2026-10-06T16:06:18.9209192Z  2026-10-06 15:58:45.788 UTC [6934] DETAIL:  Failing row contains (81f96d63-5690-4b7d-ad15-12d7f6725e75, 2999-03-01 09:00:00+00, t-code, human_interactive, u_one, null, null, 2a9100fb371d69f4c12d20ccf224974c, fast, null, null, null, null, null, null, null, null, f, null, null, null, answered, 1, null, null, null, null, guessed, main, default).
2026-10-06T16:06:18.9210232Z  2026-10-06 15:58:45.788 UTC [6934] STATEMENT:  INSERT INTO obs.request_telemetry (received_at, trace_id, traffic_class, principal, entitlement_hash, lane, cache_hit, status, duration_ms, lane_basis, routed_tier, tier_basis) VALUES ($1, 't-code', 'human_interactive', 'u_one', $2, 'fast', false, 'answered', 1, $3, $4, $5)
2026-10-06T16:06:18.9210992Z  2026-10-06 15:58:45.800 UTC [6936] ERROR:  new row for relation "request_telemetry_default" violates check constraint "ck_request_telemetry_routed_tier"
2026-10-06T16:06:18.9211771Z  2026-10-06 15:58:45.800 UTC [6936] DETAIL:  Failing row contains (0fac4749-22b7-419e-b937-3fac29511793, 2999-03-01 09:00:00+00, t-code, human_interactive, u_one, null, null, 2a9100fb371d69f4c12d20ccf224974c, fast, null, null, null, null, null, null, null, null, f, null, null, null, answered, 1, null, null, null, null, default, biggest, default).
2026-10-06T16:06:18.9212803Z  2026-10-06 15:58:45.800 UTC [6936] STATEMENT:  INSERT INTO obs.request_telemetry (received_at, trace_id, traffic_class, principal, entitlement_hash, lane, cache_hit, status, duration_ms, lane_basis, routed_tier, tier_basis) VALUES ($1, 't-code', 'human_interactive', 'u_one', $2, 'fast', false, 'answered', 1, $3, $4, $5)
2026-10-06T16:06:18.9213563Z  2026-10-06 15:58:45.812 UTC [6938] ERROR:  new row for relation "request_telemetry_default" violates check constraint "ck_request_telemetry_tier_basis"
2026-10-06T16:06:18.9214333Z  2026-10-06 15:58:45.812 UTC [6938] DETAIL:  Failing row contains (dbfe5e46-c26f-4d4d-9298-c6f4c8efeba9, 2999-03-01 09:00:00+00, t-code, human_interactive, u_one, null, null, 2a9100fb371d69f4c12d20ccf224974c, fast, null, null, null, null, null, null, null, null, f, null, null, null, answered, 1, null, null, null, null, default, main, hunch).
2026-10-06T16:06:18.9215443Z  2026-10-06 15:58:45.812 UTC [6938] STATEMENT:  INSERT INTO obs.request_telemetry (received_at, trace_id, traffic_class, principal, entitlement_hash, lane, cache_hit, status, duration_ms, lane_basis, routed_tier, tier_basis) VALUES ($1, 't-code', 'human_interactive', 'u_one', $2, 'fast', false, 'answered', 1, $3, $4, $5)
2026-10-06T16:06:18.9216080Z  2026-10-06 15:58:45.817 UTC [74] LOG:  checkpoint starting: immediate force wait
2026-10-06T16:06:18.9216760Z  2026-10-06 15:58:45.819 UTC [74] LOG:  checkpoint complete: wrote 12 buffers (0.1%), wrote 1 SLRU buffers; 0 WAL file(s) added, 0 removed, 0 recycled; write=0.001 s, sync=0.001 s, total=0.003 s; sync files=8, longest=0.001 s, average=0.001 s; distance=4625 kB, estimate=13325 kB; lsn=0/55FE0DE8, redo lsn=0/55FE0D90
2026-10-06T16:06:18.9217348Z  2026-10-06 15:58:47.313 UTC [6994] FATAL:  role "root" does not exist
2026-10-06T16:06:18.9217575Z  2026-10-06 15:58:52.357 UTC [7146] FATAL:  role "root" does not exist
2026-10-06T16:06:18.9217863Z  2026-10-06 15:58:57.406 UTC [7299] FATAL:  role "root" does not exist
2026-10-06T16:06:18.9218082Z  2026-10-06 15:59:02.450 UTC [7452] FATAL:  role "root" does not exist
2026-10-06T16:06:18.9218298Z  2026-10-06 15:59:07.497 UTC [7600] FATAL:  role "root" does not exist
2026-10-06T16:06:18.9218516Z  2026-10-06 15:59:12.540 UTC [7614] FATAL:  role "root" does not exist
2026-10-06T16:06:18.9218732Z  2026-10-06 15:59:17.591 UTC [7781] FATAL:  role "root" does not exist
2026-10-06T16:06:18.9218949Z  2026-10-06 15:59:22.641 UTC [7931] FATAL:  role "root" does not exist
2026-10-06T16:06:18.9219169Z  2026-10-06 15:59:27.691 UTC [8053] FATAL:  role "root" does not exist
2026-10-06T16:06:18.9219388Z  2026-10-06 15:59:32.736 UTC [8204] FATAL:  role "root" does not exist
2026-10-06T16:06:18.9219605Z  2026-10-06 15:59:37.780 UTC [8260] FATAL:  role "root" does not exist
2026-10-06T16:06:18.9219822Z  2026-10-06 15:59:42.825 UTC [8268] FATAL:  role "root" does not exist
2026-10-06T16:06:18.9220038Z  2026-10-06 15:59:47.870 UTC [8276] FATAL:  role "root" does not exist
2026-10-06T16:06:18.9220257Z  2026-10-06 15:59:52.918 UTC [8284] FATAL:  role "root" does not exist
2026-10-06T16:06:18.9220470Z  2026-10-06 15:59:57.963 UTC [8292] FATAL:  role "root" does not exist
2026-10-06T16:06:18.9220686Z  2026-10-06 16:00:03.006 UTC [8301] FATAL:  role "root" does not exist
2026-10-06T16:06:18.9220901Z  2026-10-06 16:00:08.048 UTC [8309] FATAL:  role "root" does not exist
2026-10-06T16:06:18.9221137Z  2026-10-06 16:00:12.260 UTC [74] LOG:  checkpoint starting: immediate force wait
2026-10-06T16:06:18.9221735Z  2026-10-06 16:00:12.263 UTC [74] LOG:  checkpoint complete: wrote 86 buffers (0.5%), wrote 1 SLRU buffers; 0 WAL file(s) added, 0 removed, 1 recycled; write=0.002 s, sync=0.001 s, total=0.003 s; sync files=26, longest=0.001 s, average=0.001 s; distance=6214 kB, estimate=12614 kB; lsn=0/565F2870, redo lsn=0/565F2818
2026-10-06T16:06:18.9222330Z  2026-10-06 16:00:12.907 UTC [74] LOG:  checkpoint starting: immediate force wait
2026-10-06T16:06:18.9222922Z  2026-10-06 16:00:12.909 UTC [74] LOG:  checkpoint complete: wrote 7 buffers (0.0%), wrote 1 SLRU buffers; 0 WAL file(s) added, 0 removed, 0 recycled; write=0.001 s, sync=0.001 s, total=0.003 s; sync files=7, longest=0.001 s, average=0.001 s; distance=5345 kB, estimate=11887 kB; lsn=0/56B2AF50, redo lsn=0/56B2AEF8
2026-10-06T16:06:18.9223501Z  2026-10-06 16:00:13.092 UTC [8371] FATAL:  role "root" does not exist
2026-10-06T16:06:18.9223735Z  2026-10-06 16:00:13.586 UTC [74] LOG:  checkpoint starting: immediate force wait
2026-10-06T16:06:18.9224329Z  2026-10-06 16:00:13.588 UTC [74] LOG:  checkpoint complete: wrote 8 buffers (0.0%), wrote 1 SLRU buffers; 0 WAL file(s) added, 0 removed, 1 recycled; write=0.001 s, sync=0.001 s, total=0.003 s; sync files=7, longest=0.001 s, average=0.001 s; distance=5361 kB, estimate=11235 kB; lsn=0/570676B8, redo lsn=0/57067660
2026-10-06T16:06:18.9225000Z  2026-10-06 16:00:14.286 UTC [74] LOG:  checkpoint starting: immediate force wait
2026-10-06T16:06:18.9225590Z  2026-10-06 16:00:14.288 UTC [74] LOG:  checkpoint complete: wrote 7 buffers (0.0%), wrote 1 SLRU buffers; 0 WAL file(s) added, 0 removed, 0 recycled; write=0.001 s, sync=0.001 s, total=0.003 s; sync files=7, longest=0.001 s, average=0.001 s; distance=5357 kB, estimate=10647 kB; lsn=0/575A2BB0, redo lsn=0/575A2B58
2026-10-06T16:06:18.9226182Z  2026-10-06 16:00:14.959 UTC [74] LOG:  checkpoint starting: immediate force wait
2026-10-06T16:06:18.9226848Z  2026-10-06 16:00:14.961 UTC [74] LOG:  checkpoint complete: wrote 10 buffers (0.1%), wrote 1 SLRU buffers; 0 WAL file(s) added, 0 removed, 0 recycled; write=0.001 s, sync=0.001 s, total=0.003 s; sync files=8, longest=0.001 s, average=0.001 s; distance=5369 kB, estimate=10119 kB; lsn=0/57AE11D8, redo lsn=0/57AE1180
2026-10-06T16:06:18.9227442Z  2026-10-06 16:00:15.671 UTC [74] LOG:  checkpoint starting: immediate force wait
2026-10-06T16:06:18.9228096Z  2026-10-06 16:00:15.673 UTC [74] LOG:  checkpoint complete: wrote 7 buffers (0.0%), wrote 1 SLRU buffers; 0 WAL file(s) added, 0 removed, 1 recycled; write=0.001 s, sync=0.001 s, total=0.003 s; sync files=7, longest=0.001 s, average=0.001 s; distance=5359 kB, estimate=9643 kB; lsn=0/5801D0F0, redo lsn=0/5801D098
2026-10-06T16:06:18.9228686Z  2026-10-06 16:00:16.337 UTC [74] LOG:  checkpoint starting: immediate force wait
2026-10-06T16:06:18.9229308Z  2026-10-06 16:00:16.339 UTC [74] LOG:  checkpoint complete: wrote 7 buffers (0.0%), wrote 1 SLRU buffers; 0 WAL file(s) added, 0 removed, 0 recycled; write=0.001 s, sync=0.001 s, total=0.003 s; sync files=7, longest=0.001 s, average=0.001 s; distance=5359 kB, estimate=9215 kB; lsn=0/58558FD8, redo lsn=0/58558F80
2026-10-06T16:06:18.9229902Z  2026-10-06 16:00:16.954 UTC [74] LOG:  checkpoint starting: immediate force wait
2026-10-06T16:06:18.9230494Z  2026-10-06 16:00:16.956 UTC [74] LOG:  checkpoint complete: wrote 8 buffers (0.0%), wrote 1 SLRU buffers; 0 WAL file(s) added, 0 removed, 0 recycled; write=0.001 s, sync=0.001 s, total=0.003 s; sync files=7, longest=0.001 s, average=0.001 s; distance=5360 kB, estimate=8829 kB; lsn=0/58A95228, redo lsn=0/58A951D0
2026-10-06T16:06:18.9231083Z  2026-10-06 16:00:17.618 UTC [74] LOG:  checkpoint starting: immediate force wait
2026-10-06T16:06:18.9231669Z  2026-10-06 16:00:17.620 UTC [74] LOG:  checkpoint complete: wrote 7 buffers (0.0%), wrote 1 SLRU buffers; 0 WAL file(s) added, 0 removed, 0 recycled; write=0.001 s, sync=0.001 s, total=0.003 s; sync files=7, longest=0.001 s, average=0.001 s; distance=5359 kB, estimate=8482 kB; lsn=0/58FD1100, redo lsn=0/58FD10A8
2026-10-06T16:06:18.9232252Z  2026-10-06 16:00:18.141 UTC [8588] FATAL:  role "root" does not exist
2026-10-06T16:06:18.9232570Z  2026-10-06 16:00:18.218 UTC [8597] ERROR:  new row for relation "item" violates check constraint "ck_item_department_is_a_slug"
2026-10-06T16:06:18.9233115Z  2026-10-06 16:00:18.218 UTC [8597] DETAIL:  Failing row contains (kb.comma, , u_owner, department, web,ops, published, null, null, null, null, 2026-10-06 16:00:18.217808+00, 2026-10-06 16:00:18.217808+00, null, null, null).
2026-10-06T16:06:18.9233758Z  2026-10-06 16:00:18.218 UTC [8597] STATEMENT:  INSERT INTO know.item (item_id, owner_id, visibility, department, state, verified_by) VALUES ($1, 'u_owner', 'department', $2, 'published', $3)
2026-10-06T16:06:18.9234297Z  2026-10-06 16:00:18.223 UTC [8598] ERROR:  new row for relation "item" violates check constraint "ck_item_a_department_item_names_its_department"
2026-10-06T16:06:18.9234869Z  2026-10-06 16:00:18.223 UTC [8598] DETAIL:  Failing row contains (kb.nowhere, , u_owner, department, null, published, null, null, null, null, 2026-10-06 16:00:18.222691+00, 2026-10-06 16:00:18.222691+00, null, null, null).
2026-10-06T16:06:18.9235589Z  2026-10-06 16:00:18.223 UTC [8598] STATEMENT:  INSERT INTO know.item (item_id, owner_id, visibility, department, state, verified_by) VALUES ($1, 'u_owner', 'department', $2, 'published', $3)
2026-10-06T16:06:18.9236127Z  2026-10-06 16:00:18.228 UTC [8599] ERROR:  new row for relation "item" violates check constraint "ck_item_a_verification_is_a_person_and_a_date"
2026-10-06T16:06:18.9236698Z  2026-10-06 16:00:18.228 UTC [8599] DETAIL:  Failing row contains (kb.half, , u_owner, department, web, published, u_verifier, null, null, null, 2026-10-06 16:00:18.227543+00, 2026-10-06 16:00:18.227543+00, null, null, null).
2026-10-06T16:06:18.9237336Z  2026-10-06 16:00:18.228 UTC [8599] STATEMENT:  INSERT INTO know.item (item_id, owner_id, visibility, department, state, verified_by) VALUES ($1, 'u_owner', 'department', $2, 'published', $3)
2026-10-06T16:06:18.9237900Z  2026-10-06 16:00:18.242 UTC [74] LOG:  checkpoint starting: immediate force wait
2026-10-06T16:06:18.9238504Z  2026-10-06 16:00:18.245 UTC [74] LOG:  checkpoint complete: wrote 11 buffers (0.1%), wrote 1 SLRU buffers; 0 WAL file(s) added, 0 removed, 1 recycled; write=0.001 s, sync=0.001 s, total=0.003 s; sync files=8, longest=0.001 s, average=0.001 s; distance=5369 kB, estimate=8171 kB; lsn=0/5950F7B8, redo lsn=0/5950F760
2026-10-06T16:06:18.9239096Z  2026-10-06 16:00:18.957 UTC [74] LOG:  checkpoint starting: immediate force wait
2026-10-06T16:06:18.9239695Z  2026-10-06 16:00:19.064 UTC [74] LOG:  checkpoint complete: wrote 1042 buffers (6.4%), wrote 1 SLRU buffers; 0 WAL file(s) added, 0 removed, 0 recycled; write=0.056 s, sync=0.050 s, total=0.107 s; sync files=432, longest=0.019 s, average=0.001 s; distance=9749 kB, estimate=9749 kB; lsn=0/59E94ED0, redo lsn=0/59E94E78
2026-10-06T16:06:18.9240292Z  2026-10-06 16:00:19.075 UTC [74] LOG:  checkpoint starting: immediate force wait
2026-10-06T16:06:18.9240879Z  2026-10-06 16:00:19.077 UTC [74] LOG:  checkpoint complete: wrote 2 buffers (0.0%), wrote 1 SLRU buffers; 0 WAL file(s) added, 0 removed, 0 recycled; write=0.001 s, sync=0.001 s, total=0.003 s; sync files=3, longest=0.001 s, average=0.001 s; distance=11 kB, estimate=8775 kB; lsn=0/59E97B58, redo lsn=0/59E97B00
2026-10-06T16:06:18.9241467Z  2026-10-06 16:00:19.832 UTC [74] LOG:  checkpoint starting: immediate force wait
2026-10-06T16:06:18.9242057Z  2026-10-06 16:00:19.835 UTC [74] LOG:  checkpoint complete: wrote 11 buffers (0.1%), wrote 1 SLRU buffers; 0 WAL file(s) added, 0 removed, 1 recycled; write=0.001 s, sync=0.001 s, total=0.003 s; sync files=8, longest=0.001 s, average=0.001 s; distance=5429 kB, estimate=8441 kB; lsn=0/5A3E50A0, redo lsn=0/5A3E5048
2026-10-06T16:06:18.9242641Z  2026-10-06 16:00:23.187 UTC [8768] FATAL:  role "root" does not exist
2026-10-06T16:06:18.9242865Z  2026-10-06 16:00:28.234 UTC [8920] FATAL:  role "root" does not exist
2026-10-06T16:06:18.9243139Z  2026-10-06 16:00:30.382 UTC [8947] ERROR:  new row violates row-level security policy for table "mark"
2026-10-06T16:06:18.9243512Z  2026-10-06 16:00:30.382 UTC [8947] STATEMENT:  INSERT INTO mem.mark (trace_id, principal_id, helpful) VALUES ('t', 'u_other', true)
2026-10-06T16:06:18.9243903Z  2026-10-06 16:00:30.388 UTC [8948] ERROR:  new row violates row-level security policy for table "learning_pause"
2026-10-06T16:06:18.9244331Z  2026-10-06 16:00:30.388 UTC [8948] STATEMENT:  INSERT INTO agent.learning_pause (agent_id, paused, reason, set_by) VALUES ('desk', true, 'r', 'u_other')
2026-10-06T16:06:18.9244747Z  2026-10-06 16:00:30.610 UTC [8965] ERROR:  new row violates row-level security policy for table "adaptive"
2026-10-06T16:06:18.9245157Z  2026-10-06 16:00:30.610 UTC [8965] STATEMENT:  UPDATE mem.adaptive SET last_confirmed_at = statement_timestamp() - interval '30 days' WHERE id = $1
2026-10-06T16:06:18.9245521Z  2026-10-06 16:00:30.632 UTC [74] LOG:  checkpoint starting: immediate force wait
2026-10-06T16:06:18.9246126Z  2026-10-06 16:00:30.635 UTC [74] LOG:  checkpoint complete: wrote 54 buffers (0.3%), wrote 1 SLRU buffers; 0 WAL file(s) added, 0 removed, 1 recycled; write=0.001 s, sync=0.001 s, total=0.004 s; sync files=23, longest=0.001 s, average=0.001 s; distance=13296 kB, estimate=13296 kB; lsn=0/5B0E12D8, redo lsn=0/5B0E1280
2026-10-06T16:06:18.9246790Z  2026-10-06 16:00:33.277 UTC [8976] FATAL:  role "root" does not exist
2026-10-06T16:06:18.9247016Z  2026-10-06 16:00:38.326 UTC [8984] FATAL:  role "root" does not exist
2026-10-06T16:06:18.9247236Z  2026-10-06 16:00:43.369 UTC [8993] FATAL:  role "root" does not exist
2026-10-06T16:06:18.9247472Z  2026-10-06 16:00:44.804 UTC [74] LOG:  checkpoint starting: immediate force wait
2026-10-06T16:06:18.9248161Z  2026-10-06 16:00:44.806 UTC [74] LOG:  checkpoint complete: wrote 26 buffers (0.2%), wrote 1 SLRU buffers; 0 WAL file(s) added, 0 removed, 0 recycled; write=0.001 s, sync=0.001 s, total=0.003 s; sync files=15, longest=0.001 s, average=0.001 s; distance=5197 kB, estimate=12486 kB; lsn=0/5B5F4A80, redo lsn=0/5B5F4A28
2026-10-06T16:06:18.9248831Z  2026-10-06 16:00:44.997 UTC [74] LOG:  checkpoint starting: immediate force wait
2026-10-06T16:06:18.9249429Z  2026-10-06 16:00:44.999 UTC [74] LOG:  checkpoint complete: wrote 9 buffers (0.1%), wrote 1 SLRU buffers; 0 WAL file(s) added, 0 removed, 0 recycled; write=0.001 s, sync=0.001 s, total=0.003 s; sync files=8, longest=0.001 s, average=0.001 s; distance=4891 kB, estimate=11727 kB; lsn=0/5BABB780, redo lsn=0/5BABB728
2026-10-06T16:06:18.9250023Z  2026-10-06 16:00:45.233 UTC [74] LOG:  checkpoint starting: immediate force wait
2026-10-06T16:06:18.9250620Z  2026-10-06 16:00:45.235 UTC [74] LOG:  checkpoint complete: wrote 7 buffers (0.0%), wrote 1 SLRU buffers; 0 WAL file(s) added, 0 removed, 0 recycled; write=0.001 s, sync=0.001 s, total=0.002 s; sync files=7, longest=0.001 s, average=0.001 s; distance=5054 kB, estimate=11059 kB; lsn=0/5BFAB198, redo lsn=0/5BFAB140
2026-10-06T16:06:18.9251218Z  2026-10-06 16:00:45.394 UTC [74] LOG:  checkpoint starting: immediate force wait
2026-10-06T16:06:18.9251817Z  2026-10-06 16:00:45.396 UTC [74] LOG:  checkpoint complete: wrote 11 buffers (0.1%), wrote 1 SLRU buffers; 0 WAL file(s) added, 0 removed, 1 recycled; write=0.001 s, sync=0.001 s, total=0.003 s; sync files=8, longest=0.001 s, average=0.001 s; distance=4564 kB, estimate=10410 kB; lsn=0/5C4203A0, redo lsn=0/5C420348
2026-10-06T16:06:18.9252455Z  2026-10-06 16:00:47.727 UTC [9182] ERROR:  new row violates row-level security policy for table "merge"
2026-10-06T16:06:18.9253097Z  2026-10-06 16:00:47.727 UTC [9182] STATEMENT:  INSERT INTO er.merge (merge_id, survivor_id, merged_id, decided_at, decided_by, automatic, review_ref, evidence, money_left, money_right, reason, pre_image) VALUES ($1, 'm7_kept', 'm7_gone', $2, $3, false, 'rev', '[]', 'not checked', 'not checked', '', '{}')
2026-10-06T16:06:18.9253697Z  2026-10-06 16:00:47.729 UTC [9182] ERROR:  permission denied for table merge
2026-10-06T16:06:18.9253964Z  2026-10-06 16:00:47.729 UTC [9182] STATEMENT:  UPDATE er.merge SET reason = 'rewritten'
2026-10-06T16:06:18.9254322Z  2026-10-06 16:00:47.785 UTC [9192] ERROR:  new row for relation "merge" violates check constraint "ck_merge_pre_image_keys_are_digests"
2026-10-06T16:06:18.9255020Z  2026-10-06 16:00:47.785 UTC [9192] STATEMENT:  INSERT INTO er.merge (merge_id, survivor_id, merged_id, decided_at, decided_by, automatic, review_ref, evidence, money_left, money_right, reason, pre_image) VALUES ($1, 'm8_kept', 'm8_gone', $2, 'u_actor', false, 'rev', $3, 'not checked', 'not checked', '', $4)
2026-10-06T16:06:18.9255719Z  2026-10-06 16:00:47.785 UTC [9192] ERROR:  new row for relation "merge" violates check constraint "ck_merge_evidence_is_names_and_weights"
2026-10-06T16:06:18.9256421Z  2026-10-06 16:00:47.785 UTC [9192] STATEMENT:  INSERT INTO er.merge (merge_id, survivor_id, merged_id, decided_at, decided_by, automatic, review_ref, evidence, money_left, money_right, reason, pre_image) VALUES ($1, 'm8_kept', 'm8_gone', $2, 'u_actor', false, 'rev', $3, 'not checked', 'not checked', '', $4)
2026-10-06T16:06:18.9257024Z  2026-10-06 16:00:48.292 UTC [74] LOG:  checkpoint starting: immediate force wait
2026-10-06T16:06:18.9257708Z  2026-10-06 16:00:48.294 UTC [74] LOG:  checkpoint complete: wrote 15 buffers (0.1%), wrote 1 SLRU buffers; 0 WAL file(s) added, 0 removed, 1 recycled; write=0.001 s, sync=0.001 s, total=0.003 s; sync files=8, longest=0.001 s, average=0.001 s; distance=13118 kB, estimate=13118 kB; lsn=0/5D0EFCB8, redo lsn=0/5D0EFC60
2026-10-06T16:06:18.9258374Z  2026-10-06 16:00:48.414 UTC [9267] FATAL:  role "root" does not exist
2026-10-06T16:06:18.9258600Z  2026-10-06 16:00:53.462 UTC [9348] FATAL:  role "root" does not exist
2026-10-06T16:06:18.9258833Z  2026-10-06 16:00:54.677 UTC [74] LOG:  checkpoint starting: immediate force wait
2026-10-06T16:06:18.9259544Z  2026-10-06 16:00:54.679 UTC [74] LOG:  checkpoint complete: wrote 27 buffers (0.2%), wrote 1 SLRU buffers; 0 WAL file(s) added, 0 removed, 0 recycled; write=0.001 s, sync=0.001 s, total=0.003 s; sync files=14, longest=0.001 s, average=0.001 s; distance=13071 kB, estimate=13113 kB; lsn=0/5DDB39A8, redo lsn=0/5DDB3950
2026-10-06T16:06:18.9260143Z  2026-10-06 16:00:56.407 UTC [74] LOG:  checkpoint starting: immediate force wait
2026-10-06T16:06:18.9260742Z  2026-10-06 16:00:56.409 UTC [74] LOG:  checkpoint complete: wrote 21 buffers (0.1%), wrote 1 SLRU buffers; 0 WAL file(s) added, 0 removed, 1 recycled; write=0.001 s, sync=0.001 s, total=0.003 s; sync files=9, longest=0.001 s, average=0.001 s; distance=13030 kB, estimate=13105 kB; lsn=0/5EA6D330, redo lsn=0/5EA6D2D8
2026-10-06T16:06:18.9261325Z  2026-10-06 16:00:58.506 UTC [9452] FATAL:  role "root" does not exist
2026-10-06T16:06:18.9261549Z  2026-10-06 16:01:03.552 UTC [9587] FATAL:  role "root" does not exist
2026-10-06T16:06:18.9261766Z  2026-10-06 16:01:08.594 UTC [9675] FATAL:  role "root" does not exist
2026-10-06T16:06:18.9261985Z  2026-10-06 16:01:13.638 UTC [9684] FATAL:  role "root" does not exist
2026-10-06T16:06:18.9262205Z  2026-10-06 16:01:18.679 UTC [9692] FATAL:  role "root" does not exist
2026-10-06T16:06:18.9262423Z  2026-10-06 16:01:23.720 UTC [9701] FATAL:  role "root" does not exist
2026-10-06T16:06:18.9262639Z  2026-10-06 16:01:28.762 UTC [9709] FATAL:  role "root" does not exist
2026-10-06T16:06:18.9262869Z  2026-10-06 16:01:33.660 UTC [74] LOG:  checkpoint starting: immediate force wait
2026-10-06T16:06:18.9263990Z  2026-10-06 16:01:33.663 UTC [74] LOG:  checkpoint complete: wrote 57 buffers (0.3%), wrote 2 SLRU buffers; 0 WAL file(s) added, 0 removed, 0 recycled; write=0.001 s, sync=0.001 s, total=0.003 s; sync files=26, longest=0.001 s, average=0.001 s; distance=5281 kB, estimate=12322 kB; lsn=0/5EF95AC0, redo lsn=0/5EF95A68
2026-10-06T16:06:18.9264574Z  2026-10-06 16:01:33.803 UTC [9781] FATAL:  role "root" does not exist
2026-10-06T16:06:18.9264815Z  2026-10-06 16:01:34.781 UTC [9788] ERROR:  permission denied for table oauth_consent
2026-10-06T16:06:18.9265163Z  2026-10-06 16:01:34.781 UTC [9788] STATEMENT:  DELETE FROM ops.oauth_consent WHERE ops.oauth_consent.principal_id = $1::VARCHAR
2026-10-06T16:06:18.9265500Z  2026-10-06 16:01:34.873 UTC [74] LOG:  checkpoint starting: immediate force wait
2026-10-06T16:06:18.9266096Z  2026-10-06 16:01:34.875 UTC [74] LOG:  checkpoint complete: wrote 20 buffers (0.1%), wrote 2 SLRU buffers; 0 WAL file(s) added, 0 removed, 1 recycled; write=0.001 s, sync=0.001 s, total=0.003 s; sync files=9, longest=0.001 s, average=0.001 s; distance=13031 kB, estimate=13031 kB; lsn=0/5FC4F6E0, redo lsn=0/5FC4F688
2026-10-06T16:06:18.9266692Z  2026-10-06 16:01:36.064 UTC [74] LOG:  checkpoint starting: immediate force wait
2026-10-06T16:06:18.9267286Z  2026-10-06 16:01:36.066 UTC [74] LOG:  checkpoint complete: wrote 18 buffers (0.1%), wrote 1 SLRU buffers; 0 WAL file(s) added, 0 removed, 1 recycled; write=0.001 s, sync=0.001 s, total=0.003 s; sync files=8, longest=0.001 s, average=0.001 s; distance=13023 kB, estimate=13030 kB; lsn=0/60907360, redo lsn=0/60907308
2026-10-06T16:06:18.9267953Z  2026-10-06 16:01:37.284 UTC [74] LOG:  checkpoint starting: immediate force wait
2026-10-06T16:06:18.9268631Z  2026-10-06 16:01:37.287 UTC [74] LOG:  checkpoint complete: wrote 20 buffers (0.1%), wrote 1 SLRU buffers; 0 WAL file(s) added, 0 removed, 1 recycled; write=0.001 s, sync=0.001 s, total=0.003 s; sync files=9, longest=0.001 s, average=0.001 s; distance=13018 kB, estimate=13029 kB; lsn=0/615BDED8, redo lsn=0/615BDE80
2026-10-06T16:06:18.9269225Z  2026-10-06 16:01:38.443 UTC [74] LOG:  checkpoint starting: immediate force wait
2026-10-06T16:06:18.9269819Z  2026-10-06 16:01:38.445 UTC [74] LOG:  checkpoint complete: wrote 19 buffers (0.1%), wrote 1 SLRU buffers; 0 WAL file(s) added, 0 removed, 1 recycled; write=0.001 s, sync=0.001 s, total=0.003 s; sync files=8, longest=0.001 s, average=0.001 s; distance=13008 kB, estimate=13026 kB; lsn=0/62271F18, redo lsn=0/62271EC0
2026-10-06T16:06:18.9270401Z  2026-10-06 16:01:38.846 UTC [9872] FATAL:  role "root" does not exist
2026-10-06T16:06:18.9270703Z  2026-10-06 16:01:43.889 UTC [9947] FATAL:  role "root" does not exist
2026-10-06T16:06:18.9270934Z  2026-10-06 16:01:48.937 UTC [10067] FATAL:  role "root" does not exist
2026-10-06T16:06:18.9271158Z  2026-10-06 16:01:53.979 UTC [10093] FATAL:  role "root" does not exist
2026-10-06T16:06:18.9271379Z  2026-10-06 16:01:59.028 UTC [10200] FATAL:  role "root" does not exist
2026-10-06T16:06:18.9271598Z  2026-10-06 16:02:04.073 UTC [10327] FATAL:  role "root" does not exist
2026-10-06T16:06:18.9271818Z  2026-10-06 16:02:09.119 UTC [10927] FATAL:  role "root" does not exist
2026-10-06T16:06:18.9272102Z  2026-10-06 16:02:09.864 UTC [11041] ERROR:  new row violates row-level security policy for table "tool_switch"
2026-10-06T16:06:18.9272549Z  2026-10-06 16:02:09.864 UTC [11041] STATEMENT:  UPDATE agent.tool_switch SET deleted_at = statement_timestamp() - interval '1 day' WHERE tool_name = 'rr.read_tool_131'
2026-10-06T16:06:18.9272995Z  2026-10-06 16:02:09.869 UTC [11042] ERROR:  new row violates row-level security policy for table "tool_switch"
2026-10-06T16:06:18.9273387Z  2026-10-06 16:02:09.869 UTC [11042] STATEMENT:  UPDATE agent.tool_switch SET deleted_at = statement_timestamp() - interval '1 day'
2026-10-06T16:06:18.9273771Z  2026-10-06 16:02:09.922 UTC [11050] ERROR:  new row violates row-level security policy for table "api_key"
2026-10-06T16:06:18.9274182Z  2026-10-06 16:02:09.922 UTC [11050] STATEMENT:  UPDATE auth.api_key SET deleted_at = statement_timestamp() - interval '1 day' WHERE handle = 'rrkey_132'
2026-10-06T16:06:18.9274593Z  2026-10-06 16:02:09.927 UTC [11051] ERROR:  new row violates row-level security policy for table "api_key"
2026-10-06T16:06:18.9274959Z  2026-10-06 16:02:09.927 UTC [11051] STATEMENT:  UPDATE auth.api_key SET deleted_at = statement_timestamp() - interval '1 day'
2026-10-06T16:06:18.9275341Z  2026-10-06 16:02:09.966 UTC [11057] ERROR:  new row violates row-level security policy for table "group_role_rule"
2026-10-06T16:06:18.9275795Z  2026-10-06 16:02:09.966 UTC [11057] STATEMENT:  UPDATE auth.group_role_rule SET deleted_at = statement_timestamp() - interval '1 day' WHERE idp_group = 'rr_group_133'
2026-10-06T16:06:18.9276246Z  2026-10-06 16:02:09.971 UTC [11058] ERROR:  new row violates row-level security policy for table "group_role_rule"
2026-10-06T16:06:18.9276656Z  2026-10-06 16:02:09.971 UTC [11058] STATEMENT:  UPDATE auth.group_role_rule SET deleted_at = statement_timestamp() - interval '1 day'
2026-10-06T16:06:18.9277044Z  2026-10-06 16:02:10.011 UTC [11064] ERROR:  new row violates row-level security policy for table "principal"
2026-10-06T16:06:18.9277459Z  2026-10-06 16:02:10.011 UTC [11064] STATEMENT:  UPDATE auth.principal SET deleted_at = statement_timestamp() - interval '1 day' WHERE id = 'u_rr_134'
2026-10-06T16:06:18.9277937Z  2026-10-06 16:02:10.016 UTC [11065] ERROR:  new row violates row-level security policy for table "principal"
2026-10-06T16:06:18.9278314Z  2026-10-06 16:02:10.016 UTC [11065] STATEMENT:  UPDATE auth.principal SET deleted_at = statement_timestamp() - interval '1 day'
2026-10-06T16:06:18.9278710Z  2026-10-06 16:02:10.062 UTC [11072] ERROR:  new row violates row-level security policy for table "principal_identity"
2026-10-06T16:06:18.9279262Z  2026-10-06 16:02:10.062 UTC [11072] STATEMENT:  UPDATE auth.principal_identity SET deleted_at = statement_timestamp() - interval '1 day' WHERE principal_id = 'u_rr_135'
2026-10-06T16:06:18.9279724Z  2026-10-06 16:02:10.066 UTC [11073] ERROR:  new row violates row-level security policy for table "principal_identity"
2026-10-06T16:06:18.9280132Z  2026-10-06 16:02:10.066 UTC [11073] STATEMENT:  UPDATE auth.principal_identity SET deleted_at = statement_timestamp() - interval '1 day'
2026-10-06T16:06:18.9280531Z  2026-10-06 16:02:10.112 UTC [11080] ERROR:  new row violates row-level security policy for table "service_account"
2026-10-06T16:06:18.9280977Z  2026-10-06 16:02:10.112 UTC [11080] STATEMENT:  UPDATE auth.service_account SET deleted_at = statement_timestamp() - interval '1 day' WHERE client_id = 'svc_rr_136'
2026-10-06T16:06:18.9281497Z  2026-10-06 16:02:10.117 UTC [11081] ERROR:  new row violates row-level security policy for table "service_account"
2026-10-06T16:06:18.9281897Z  2026-10-06 16:02:10.117 UTC [11081] STATEMENT:  UPDATE auth.service_account SET deleted_at = statement_timestamp() - interval '1 day'
2026-10-06T16:06:18.9282290Z  2026-10-06 16:02:10.155 UTC [11087] ERROR:  new row violates row-level security policy for table "conversation"
2026-10-06T16:06:18.9282733Z  2026-10-06 16:02:10.155 UTC [11087] STATEMENT:  UPDATE chat.conversation SET deleted_at = statement_timestamp() - interval '1 day' WHERE principal_id = 'u_rr_137'
2026-10-06T16:06:18.9283172Z  2026-10-06 16:02:10.160 UTC [11088] ERROR:  new row violates row-level security policy for table "conversation"
2026-10-06T16:06:18.9283564Z  2026-10-06 16:02:10.160 UTC [11088] STATEMENT:  UPDATE chat.conversation SET deleted_at = statement_timestamp() - interval '1 day'
2026-10-06T16:06:18.9283963Z  2026-10-06 16:02:10.209 UTC [11095] ERROR:  new row violates row-level security policy for table "capability_grant"
2026-10-06T16:06:18.9284420Z  2026-10-06 16:02:10.209 UTC [11095] STATEMENT:  UPDATE gate.capability_grant SET deleted_at = statement_timestamp() - interval '1 day' WHERE principal_id = 'u_rr_138'
2026-10-06T16:06:18.9284876Z  2026-10-06 16:02:10.214 UTC [11096] ERROR:  new row violates row-level security policy for table "capability_grant"
2026-10-06T16:06:18.9285277Z  2026-10-06 16:02:10.214 UTC [11096] STATEMENT:  UPDATE gate.capability_grant SET deleted_at = statement_timestamp() - interval '1 day'
2026-10-06T16:06:18.9285670Z  2026-10-06 16:02:10.258 UTC [11102] ERROR:  new row violates row-level security policy for table "capability_pack"
2026-10-06T16:06:18.9286111Z  2026-10-06 16:02:10.258 UTC [11102] STATEMENT:  UPDATE gate.capability_pack SET deleted_at = statement_timestamp() - interval '1 day' WHERE name = 'rr_pack_139'
2026-10-06T16:06:18.9286551Z  2026-10-06 16:02:10.262 UTC [11103] ERROR:  new row violates row-level security policy for table "capability_pack"
2026-10-06T16:06:18.9286950Z  2026-10-06 16:02:10.262 UTC [11103] STATEMENT:  UPDATE gate.capability_pack SET deleted_at = statement_timestamp() - interval '1 day'
2026-10-06T16:06:18.9287372Z  2026-10-06 16:02:10.321 UTC [11111] ERROR:  new row violates row-level security policy for table "capability_pack_assignment"
2026-10-06T16:06:18.9287961Z  2026-10-06 16:02:10.321 UTC [11111] STATEMENT:  UPDATE gate.capability_pack_assignment SET deleted_at = statement_timestamp() - interval '1 day' WHERE principal_id = 'u_rr_140'
2026-10-06T16:06:18.9288451Z  2026-10-06 16:02:10.326 UTC [11112] ERROR:  new row violates row-level security policy for table "capability_pack_assignment"
2026-10-06T16:06:18.9288889Z  2026-10-06 16:02:10.326 UTC [11112] STATEMENT:  UPDATE gate.capability_pack_assignment SET deleted_at = statement_timestamp() - interval '1 day'
2026-10-06T16:06:18.9289315Z  2026-10-06 16:02:10.366 UTC [11118] ERROR:  new row violates row-level security policy for table "capability_registry"
2026-10-06T16:06:18.9289785Z  2026-10-06 16:02:10.366 UTC [11118] STATEMENT:  UPDATE gate.capability_registry SET deleted_at = statement_timestamp() - interval '1 day' WHERE capability = 'read:rr_141'
2026-10-06T16:06:18.9290339Z  2026-10-06 16:02:10.371 UTC [11119] ERROR:  new row violates row-level security policy for table "capability_registry"
2026-10-06T16:06:18.9290753Z  2026-10-06 16:02:10.371 UTC [11119] STATEMENT:  UPDATE gate.capability_registry SET deleted_at = statement_timestamp() - interval '1 day'
2026-10-06T16:06:18.9291151Z  2026-10-06 16:02:10.408 UTC [11125] ERROR:  new row violates row-level security policy for table "department"
2026-10-06T16:06:18.9291576Z  2026-10-06 16:02:10.408 UTC [11125] STATEMENT:  UPDATE gate.department SET deleted_at = statement_timestamp() - interval '1 day' WHERE slug = 'rrdept142'
2026-10-06T16:06:18.9291999Z  2026-10-06 16:02:10.413 UTC [11126] ERROR:  new row violates row-level security policy for table "department"
2026-10-06T16:06:18.9292461Z  2026-10-06 16:02:10.413 UTC [11126] STATEMENT:  UPDATE gate.department SET deleted_at = statement_timestamp() - interval '1 day'
2026-10-06T16:06:18.9292849Z  2026-10-06 16:02:10.455 UTC [11132] ERROR:  new row violates row-level security policy for table "fast_path_rule"
2026-10-06T16:06:18.9293277Z  2026-10-06 16:02:10.455 UTC [11132] STATEMENT:  UPDATE gate.fast_path_rule SET deleted_at = statement_timestamp() - interval '1 day' WHERE rule_id = 'rule_143'
2026-10-06T16:06:18.9293708Z  2026-10-06 16:02:10.461 UTC [11133] ERROR:  new row violates row-level security policy for table "fast_path_rule"
2026-10-06T16:06:18.9294097Z  2026-10-06 16:02:10.461 UTC [11133] STATEMENT:  UPDATE gate.fast_path_rule SET deleted_at = statement_timestamp() - interval '1 day'
2026-10-06T16:06:18.9294479Z  2026-10-06 16:02:10.498 UTC [11139] ERROR:  new row violates row-level security policy for table "field_policy"
2026-10-06T16:06:18.9294909Z  2026-10-06 16:02:10.498 UTC [11139] STATEMENT:  UPDATE gate.field_policy SET deleted_at = statement_timestamp() - interval '1 day' WHERE field = 'field_144'
2026-10-06T16:06:18.9295338Z  2026-10-06 16:02:10.503 UTC [11140] ERROR:  new row violates row-level security policy for table "field_policy"
2026-10-06T16:06:18.9295722Z  2026-10-06 16:02:10.503 UTC [11140] STATEMENT:  UPDATE gate.field_policy SET deleted_at = statement_timestamp() - interval '1 day'
2026-10-06T16:06:18.9296102Z  2026-10-06 16:02:10.548 UTC [11147] ERROR:  new row violates row-level security policy for table "role_grant"
2026-10-06T16:06:18.9296528Z  2026-10-06 16:02:10.548 UTC [11147] STATEMENT:  UPDATE gate.role_grant SET deleted_at = statement_timestamp() - interval '1 day' WHERE principal_id = 'u_rr_145'
2026-10-06T16:06:18.9296952Z  2026-10-06 16:02:10.554 UTC [11148] ERROR:  new row violates row-level security policy for table "role_grant"
2026-10-06T16:06:18.9297330Z  2026-10-06 16:02:10.554 UTC [11148] STATEMENT:  UPDATE gate.role_grant SET deleted_at = statement_timestamp() - interval '1 day'
2026-10-06T16:06:18.9297700Z  2026-10-06 16:02:10.594 UTC [11154] ERROR:  new row violates row-level security policy for table "scope"
2026-10-06T16:06:18.9298170Z  2026-10-06 16:02:10.594 UTC [11154] STATEMENT:  UPDATE gate.scope SET deleted_at = statement_timestamp() - interval '1 day' WHERE slug = 'rrscope146'
2026-10-06T16:06:18.9298572Z  2026-10-06 16:02:10.599 UTC [11155] ERROR:  new row violates row-level security policy for table "scope"
2026-10-06T16:06:18.9298930Z  2026-10-06 16:02:10.599 UTC [11155] STATEMENT:  UPDATE gate.scope SET deleted_at = statement_timestamp() - interval '1 day'
2026-10-06T16:06:18.9299289Z  2026-10-06 16:02:10.647 UTC [11162] ERROR:  new row violates row-level security policy for table "team"
2026-10-06T16:06:18.9299681Z  2026-10-06 16:02:10.647 UTC [11162] STATEMENT:  UPDATE gate.team SET deleted_at = statement_timestamp() - interval '1 day' WHERE slug = 'rrteam147'
2026-10-06T16:06:18.9300074Z  2026-10-06 16:02:10.652 UTC [11163] ERROR:  new row violates row-level security policy for table "team"
2026-10-06T16:06:18.9300435Z  2026-10-06 16:02:10.652 UTC [11163] STATEMENT:  UPDATE gate.team SET deleted_at = statement_timestamp() - interval '1 day'
2026-10-06T16:06:18.9300876Z  2026-10-06 16:02:10.692 UTC [11169] ERROR:  new row violates row-level security policy for table "chunk"
2026-10-06T16:06:18.9301278Z  2026-10-06 16:02:10.692 UTC [11169] STATEMENT:  UPDATE know.chunk SET deleted_at = statement_timestamp() - interval '1 day' WHERE chunk_id = 'chunk_148'
2026-10-06T16:06:18.9301684Z  2026-10-06 16:02:10.698 UTC [11170] ERROR:  new row violates row-level security policy for table "chunk"
2026-10-06T16:06:18.9302042Z  2026-10-06 16:02:10.698 UTC [11170] STATEMENT:  UPDATE know.chunk SET deleted_at = statement_timestamp() - interval '1 day'
2026-10-06T16:06:18.9302417Z  2026-10-06 16:02:10.737 UTC [11176] ERROR:  new row violates row-level security policy for table "classified_table"
2026-10-06T16:06:18.9302946Z  2026-10-06 16:02:10.737 UTC [11176] STATEMENT:  UPDATE know.classified_table SET deleted_at = statement_timestamp() - interval '1 day' WHERE entity = 'rr_table_149'
2026-10-06T16:06:18.9303397Z  2026-10-06 16:02:10.742 UTC [11177] ERROR:  new row violates row-level security policy for table "classified_table"
2026-10-06T16:06:18.9303793Z  2026-10-06 16:02:10.742 UTC [11177] STATEMENT:  UPDATE know.classified_table SET deleted_at = statement_timestamp() - interval '1 day'
2026-10-06T16:06:18.9304189Z  2026-10-06 16:02:10.780 UTC [11183] ERROR:  new row violates row-level security policy for table "golden_question"
2026-10-06T16:06:18.9304630Z  2026-10-06 16:02:10.780 UTC [11183] STATEMENT:  UPDATE ops.golden_question SET deleted_at = statement_timestamp() - interval '1 day' WHERE question = 'question 150'
2026-10-06T16:06:18.9305070Z  2026-10-06 16:02:10.785 UTC [11184] ERROR:  new row violates row-level security policy for table "golden_question"
2026-10-06T16:06:18.9305463Z  2026-10-06 16:02:10.785 UTC [11184] STATEMENT:  UPDATE ops.golden_question SET deleted_at = statement_timestamp() - interval '1 day'
2026-10-06T16:06:18.9305849Z  2026-10-06 16:02:10.822 UTC [11190] ERROR:  new row violates row-level security policy for table "model_provider"
2026-10-06T16:06:18.9306292Z  2026-10-06 16:02:10.822 UTC [11190] STATEMENT:  UPDATE ops.model_provider SET deleted_at = statement_timestamp() - interval '1 day' WHERE slug = 'rr_provider_151'
2026-10-06T16:06:18.9306732Z  2026-10-06 16:02:10.827 UTC [11191] ERROR:  new row violates row-level security policy for table "model_provider"
2026-10-06T16:06:18.9307117Z  2026-10-06 16:02:10.827 UTC [11191] STATEMENT:  UPDATE ops.model_provider SET deleted_at = statement_timestamp() - interval '1 day'
2026-10-06T16:06:18.9307517Z  2026-10-06 16:02:10.864 UTC [11197] ERROR:  new row violates row-level security policy for table "residency_constraint"
2026-10-06T16:06:18.9308051Z  2026-10-06 16:02:10.864 UTC [11197] STATEMENT:  UPDATE ops.residency_constraint SET deleted_at = statement_timestamp() - interval '1 day' WHERE note = 'rr_residency_152'
2026-10-06T16:06:18.9308517Z  2026-10-06 16:02:10.869 UTC [11198] ERROR:  new row violates row-level security policy for table "residency_constraint"
2026-10-06T16:06:18.9308931Z  2026-10-06 16:02:10.869 UTC [11198] STATEMENT:  UPDATE ops.residency_constraint SET deleted_at = statement_timestamp() - interval '1 day'
2026-10-06T16:06:18.9309329Z  2026-10-06 16:02:10.908 UTC [11204] ERROR:  new row violates row-level security policy for table "routing_rung"
2026-10-06T16:06:18.9309744Z  2026-10-06 16:02:10.908 UTC [11204] STATEMENT:  UPDATE ops.routing_rung SET deleted_at = statement_timestamp() - interval '1 day' WHERE position = 153
2026-10-06T16:06:18.9310162Z  2026-10-06 16:02:10.913 UTC [11205] ERROR:  new row violates row-level security policy for table "routing_rung"
2026-10-06T16:06:18.9310544Z  2026-10-06 16:02:10.913 UTC [11205] STATEMENT:  UPDATE ops.routing_rung SET deleted_at = statement_timestamp() - interval '1 day'
2026-10-06T16:06:18.9310925Z  2026-10-06 16:02:10.951 UTC [11211] ERROR:  new row violates row-level security policy for table "routing_tier"
2026-10-06T16:06:18.9311352Z  2026-10-06 16:02:10.951 UTC [11211] STATEMENT:  UPDATE ops.routing_tier SET deleted_at = statement_timestamp() - interval '1 day' WHERE context_window = 154
2026-10-06T16:06:18.9311858Z  2026-10-06 16:02:10.956 UTC [11212] ERROR:  new row violates row-level security policy for table "routing_tier"
2026-10-06T16:06:18.9312241Z  2026-10-06 16:02:10.956 UTC [11212] STATEMENT:  UPDATE ops.routing_tier SET deleted_at = statement_timestamp() - interval '1 day'
2026-10-06T16:06:18.9312615Z  2026-10-06 16:02:10.993 UTC [11218] ERROR:  new row violates row-level security policy for table "setting"
2026-10-06T16:06:18.9313018Z  2026-10-06 16:02:10.993 UTC [11218] STATEMENT:  UPDATE ops.setting SET deleted_at = statement_timestamp() - interval '1 day' WHERE key = 'ui.rr_155'
2026-10-06T16:06:18.9313422Z  2026-10-06 16:02:10.998 UTC [11219] ERROR:  new row violates row-level security policy for table "setting"
2026-10-06T16:06:18.9313867Z  2026-10-06 16:02:10.998 UTC [11219] STATEMENT:  UPDATE ops.setting SET deleted_at = statement_timestamp() - interval '1 day'
2026-10-06T16:06:18.9314233Z  2026-10-06 16:02:11.036 UTC [11225] ERROR:  new row violates row-level security policy for table "record"
2026-10-06T16:06:18.9314641Z  2026-10-06 16:02:11.036 UTC [11225] STATEMENT:  UPDATE proj.record SET deleted_at = statement_timestamp() - interval '1 day' WHERE source_id = 'rr_156'
2026-10-06T16:06:18.9315050Z  2026-10-06 16:02:11.041 UTC [11226] ERROR:  new row violates row-level security policy for table "record"
2026-10-06T16:06:18.9315414Z  2026-10-06 16:02:11.041 UTC [11226] STATEMENT:  UPDATE proj.record SET deleted_at = statement_timestamp() - interval '1 day'
2026-10-06T16:06:18.9315790Z  2026-10-06 16:02:11.087 UTC [11235] ERROR:  new row violates row-level security policy for table "conversation"
2026-10-06T16:06:18.9316241Z  2026-10-06 16:02:11.087 UTC [11235] STATEMENT:  UPDATE chat.conversation SET deleted_at = statement_timestamp(), principal_id = 'u_rr_x' WHERE principal_id = 'u_rr_158'
2026-10-06T16:06:18.9316686Z  2026-10-06 16:02:11.092 UTC [11236] ERROR:  new row violates row-level security policy for table "conversation"
2026-10-06T16:06:18.9317086Z  2026-10-06 16:02:11.092 UTC [11236] STATEMENT:  UPDATE chat.conversation SET deleted_at = statement_timestamp(), principal_id = 'u_rr_x'
2026-10-06T16:06:18.9317436Z  2026-10-06 16:02:11.134 UTC [74] LOG:  checkpoint starting: immediate force wait
2026-10-06T16:06:18.9318116Z  2026-10-06 16:02:11.137 UTC [74] LOG:  checkpoint complete: wrote 58 buffers (0.4%), wrote 2 SLRU buffers; 0 WAL file(s) added, 0 removed, 1 recycled; write=0.001 s, sync=0.001 s, total=0.003 s; sync files=19, longest=0.001 s, average=0.001 s; distance=13912 kB, estimate=13912 kB; lsn=0/630080A8, redo lsn=0/63008050
2026-10-06T16:06:18.9318715Z  2026-10-06 16:02:14.164 UTC [11251] FATAL:  role "root" does not exist
2026-10-06T16:06:18.9318945Z  2026-10-06 16:02:19.209 UTC [11259] FATAL:  role "root" does not exist
2026-10-06T16:06:18.9319172Z  2026-10-06 16:02:24.252 UTC [11268] FATAL:  role "root" does not exist
2026-10-06T16:06:18.9319459Z  2026-10-06 16:02:28.897 UTC [11280] ERROR:  new row violates row-level security policy for table "suspension"
2026-10-06T16:06:18.9320267Z  2026-10-06 16:02:28.897 UTC [11280] STATEMENT:  INSERT INTO gate.suspension (id, trace_id, principal_id, agent_id, required_capability, action, ent_hash, artefact, action_digest, raised_at, expires_at, state) VALUES ($1::VARCHAR, $2::VARCHAR, $3::VARCHAR, $4::VARCHAR, $5::VARCHAR, $6::JSONB, $7::VARCHAR, $8::VARCHAR, $9::VARCHAR, $10::TIMESTAMP WITH TIME ZONE, $11::TIMESTAMP WITH TIME ZONE, $12::VARCHAR)
2026-10-06T16:06:18.9321024Z  2026-10-06 16:02:28.944 UTC [74] LOG:  checkpoint starting: immediate force wait
2026-10-06T16:06:18.9321634Z  2026-10-06 16:02:28.947 UTC [74] LOG:  checkpoint complete: wrote 29 buffers (0.2%), wrote 1 SLRU buffers; 0 WAL file(s) added, 0 removed, 0 recycled; write=0.001 s, sync=0.001 s, total=0.003 s; sync files=14, longest=0.001 s, average=0.001 s; distance=5343 kB, estimate=13055 kB; lsn=0/635400A0, redo lsn=0/63540048
2026-10-06T16:06:18.9322300Z  2026-10-06 16:02:29.294 UTC [11294] FATAL:  role "root" does not exist
2026-10-06T16:06:18.9322523Z  2026-10-06 16:02:34.337 UTC [11302] FATAL:  role "root" does not exist
2026-10-06T16:06:18.9322744Z  2026-10-06 16:02:39.384 UTC [11310] FATAL:  role "root" does not exist
2026-10-06T16:06:18.9322963Z  2026-10-06 16:02:44.427 UTC [11319] FATAL:  role "root" does not exist
2026-10-06T16:06:18.9323183Z  2026-10-06 16:02:49.473 UTC [11327] FATAL:  role "root" does not exist
2026-10-06T16:06:18.9323405Z  2026-10-06 16:02:54.515 UTC [11335] FATAL:  role "root" does not exist
2026-10-06T16:06:18.9323623Z  2026-10-06 16:02:59.557 UTC [11343] FATAL:  role "root" does not exist
2026-10-06T16:06:18.9323843Z  2026-10-06 16:03:04.597 UTC [11352] FATAL:  role "root" does not exist
2026-10-06T16:06:18.9324063Z  2026-10-06 16:03:09.644 UTC [11360] FATAL:  role "root" does not exist
2026-10-06T16:06:18.9324365Z  2026-10-06 16:03:14.689 UTC [11368] FATAL:  role "root" does not exist
2026-10-06T16:06:18.9324587Z  2026-10-06 16:03:19.730 UTC [11376] FATAL:  role "root" does not exist
2026-10-06T16:06:18.9324806Z  2026-10-06 16:03:24.771 UTC [11385] FATAL:  role "root" does not exist
2026-10-06T16:06:18.9325026Z  2026-10-06 16:03:29.817 UTC [11393] FATAL:  role "root" does not exist
2026-10-06T16:06:18.9325246Z  2026-10-06 16:03:34.858 UTC [11401] FATAL:  role "root" does not exist
2026-10-06T16:06:18.9325467Z  2026-10-06 16:03:39.902 UTC [11409] FATAL:  role "root" does not exist
2026-10-06T16:06:18.9325687Z  2026-10-06 16:03:44.943 UTC [11418] FATAL:  role "root" does not exist
2026-10-06T16:06:18.9325904Z  2026-10-06 16:03:49.988 UTC [11426] FATAL:  role "root" does not exist
2026-10-06T16:06:18.9326124Z  2026-10-06 16:03:55.029 UTC [11434] FATAL:  role "root" does not exist
2026-10-06T16:06:18.9326346Z  2026-10-06 16:04:00.071 UTC [11442] FATAL:  role "root" does not exist
2026-10-06T16:06:18.9326566Z  2026-10-06 16:04:05.115 UTC [11451] FATAL:  role "root" does not exist
2026-10-06T16:06:18.9326791Z  2026-10-06 16:04:10.157 UTC [11460] FATAL:  role "root" does not exist
2026-10-06T16:06:18.9327009Z  2026-10-06 16:04:15.204 UTC [11468] FATAL:  role "root" does not exist
2026-10-06T16:06:18.9327245Z  2026-10-06 16:04:17.880 UTC [74] LOG:  checkpoint starting: immediate force wait
2026-10-06T16:06:18.9327941Z  2026-10-06 16:04:17.883 UTC [74] LOG:  checkpoint complete: wrote 14 buffers (0.1%), wrote 1 SLRU buffers; 0 WAL file(s) added, 0 removed, 1 recycled; write=0.001 s, sync=0.001 s, total=0.003 s; sync files=8, longest=0.001 s, average=0.001 s; distance=12998 kB, estimate=13049 kB; lsn=0/641F1960, redo lsn=0/641F1908
2026-10-06T16:06:18.9328541Z  2026-10-06 16:04:19.329 UTC [74] LOG:  checkpoint starting: immediate force wait
2026-10-06T16:06:18.9329146Z  2026-10-06 16:04:19.331 UTC [74] LOG:  checkpoint complete: wrote 22 buffers (0.1%), wrote 1 SLRU buffers; 0 WAL file(s) added, 0 removed, 0 recycled; write=0.001 s, sync=0.001 s, total=0.003 s; sync files=10, longest=0.001 s, average=0.001 s; distance=13927 kB, estimate=13927 kB; lsn=0/64F8B810, redo lsn=0/64F8B7B8
2026-10-06T16:06:18.9329752Z  2026-10-06 16:04:20.249 UTC [11534] FATAL:  role "root" does not exist
2026-10-06T16:06:18.9329988Z  2026-10-06 16:04:20.546 UTC [74] LOG:  checkpoint starting: immediate force wait
2026-10-06T16:06:18.9330592Z  2026-10-06 16:04:20.549 UTC [74] LOG:  checkpoint complete: wrote 24 buffers (0.1%), wrote 1 SLRU buffers; 0 WAL file(s) added, 0 removed, 1 recycled; write=0.001 s, sync=0.001 s, total=0.003 s; sync files=14, longest=0.001 s, average=0.001 s; distance=13017 kB, estimate=13836 kB; lsn=0/65C41F58, redo lsn=0/65C41F00
2026-10-06T16:06:18.9331190Z  2026-10-06 16:04:21.711 UTC [74] LOG:  checkpoint starting: immediate force wait
2026-10-06T16:06:18.9331788Z  2026-10-06 16:04:21.714 UTC [74] LOG:  checkpoint complete: wrote 51 buffers (0.3%), wrote 1 SLRU buffers; 0 WAL file(s) added, 0 removed, 1 recycled; write=0.001 s, sync=0.001 s, total=0.003 s; sync files=14, longest=0.001 s, average=0.001 s; distance=13227 kB, estimate=13775 kB; lsn=0/6692CCF8, redo lsn=0/6692CCA0
2026-10-06T16:06:18.9332473Z  2026-10-06 16:04:22.915 UTC [74] LOG:  checkpoint starting: immediate force wait
2026-10-06T16:06:18.9333071Z  2026-10-06 16:04:22.917 UTC [74] LOG:  checkpoint complete: wrote 28 buffers (0.2%), wrote 1 SLRU buffers; 0 WAL file(s) added, 0 removed, 1 recycled; write=0.001 s, sync=0.001 s, total=0.003 s; sync files=11, longest=0.001 s, average=0.001 s; distance=13082 kB, estimate=13706 kB; lsn=0/675F36D0, redo lsn=0/675F3678
2026-10-06T16:06:18.9333668Z  2026-10-06 16:04:24.083 UTC [74] LOG:  checkpoint starting: immediate force wait
2026-10-06T16:06:18.9334335Z  2026-10-06 16:04:24.086 UTC [74] LOG:  checkpoint complete: wrote 21 buffers (0.1%), wrote 1 SLRU buffers; 0 WAL file(s) added, 0 removed, 1 recycled; write=0.001 s, sync=0.001 s, total=0.003 s; sync files=9, longest=0.001 s, average=0.001 s; distance=13038 kB, estimate=13639 kB; lsn=0/682AEF30, redo lsn=0/682AEED8
2026-10-06T16:06:18.9334935Z  2026-10-06 16:04:25.265 UTC [74] LOG:  checkpoint starting: immediate force wait
2026-10-06T16:06:18.9335534Z  2026-10-06 16:04:25.268 UTC [74] LOG:  checkpoint complete: wrote 22 buffers (0.1%), wrote 1 SLRU buffers; 0 WAL file(s) added, 0 removed, 0 recycled; write=0.001 s, sync=0.001 s, total=0.003 s; sync files=9, longest=0.001 s, average=0.001 s; distance=13030 kB, estimate=13578 kB; lsn=0/68F68808, redo lsn=0/68F687B0
2026-10-06T16:06:18.9336123Z  2026-10-06 16:04:25.295 UTC [11636] FATAL:  role "root" does not exist
2026-10-06T16:06:18.9336348Z  2026-10-06 16:04:30.337 UTC [11758] FATAL:  role "root" does not exist
2026-10-06T16:06:18.9336572Z  2026-10-06 16:04:35.379 UTC [11780] FATAL:  role "root" does not exist
2026-10-06T16:06:18.9336790Z  2026-10-06 16:04:40.424 UTC [11865] FATAL:  role "root" does not exist
2026-10-06T16:06:18.9337012Z  2026-10-06 16:04:45.466 UTC [11984] FATAL:  role "root" does not exist
2026-10-06T16:06:18.9337247Z  2026-10-06 16:04:46.275 UTC [74] LOG:  checkpoint starting: immediate force wait
2026-10-06T16:06:18.9337923Z  2026-10-06 16:04:46.278 UTC [74] LOG:  checkpoint complete: wrote 57 buffers (0.3%), wrote 1 SLRU buffers; 0 WAL file(s) added, 0 removed, 1 recycled; write=0.001 s, sync=0.001 s, total=0.003 s; sync files=18, longest=0.001 s, average=0.001 s; distance=13442 kB, estimate=13565 kB; lsn=0/69C891F0, redo lsn=0/69C89198
2026-10-06T16:06:18.9338563Z  2026-10-06 16:04:47.359 UTC [12002] ERROR:  a sign-in binding names who made it, and this one names nobody
2026-10-06T16:06:18.9338891Z  2026-10-06 16:04:47.359 UTC [12002] HINT:  set brain.actor_id in the same transaction before binding
2026-10-06T16:06:18.9339230Z  2026-10-06 16:04:47.359 UTC [12002] CONTEXT:  PL/pgSQL function auth.record_sign_in_change() line 33 at RAISE
2026-10-06T16:06:18.9339689Z  2026-10-06 16:04:47.359 UTC [12002] STATEMENT:  INSERT INTO auth.principal_identity (channel, identity_hash, principal_id, bound_at) VALUES ($1, $2, 'u_joiner', now())
2026-10-06T16:06:18.9340086Z  2026-10-06 16:04:47.389 UTC [74] LOG:  checkpoint starting: immediate force wait
2026-10-06T16:06:18.9340692Z  2026-10-06 16:04:47.391 UTC [74] LOG:  checkpoint complete: wrote 18 buffers (0.1%), wrote 1 SLRU buffers; 0 WAL file(s) added, 0 removed, 1 recycled; write=0.001 s, sync=0.001 s, total=0.003 s; sync files=8, longest=0.001 s, average=0.001 s; distance=13019 kB, estimate=13510 kB; lsn=0/6A93FEA0, redo lsn=0/6A93FE48
2026-10-06T16:06:18.9341293Z  2026-10-06 16:04:48.521 UTC [74] LOG:  checkpoint starting: immediate force wait
2026-10-06T16:06:18.9341890Z  2026-10-06 16:04:48.523 UTC [74] LOG:  checkpoint complete: wrote 19 buffers (0.1%), wrote 1 SLRU buffers; 0 WAL file(s) added, 0 removed, 1 recycled; write=0.001 s, sync=0.001 s, total=0.003 s; sync files=9, longest=0.001 s, average=0.001 s; distance=13022 kB, estimate=13461 kB; lsn=0/6B5F78F0, redo lsn=0/6B5F7898
2026-10-06T16:06:18.9342492Z  2026-10-06 16:04:49.790 UTC [74] LOG:  checkpoint starting: immediate force wait
2026-10-06T16:06:18.9343084Z  2026-10-06 16:04:49.793 UTC [74] LOG:  checkpoint complete: wrote 19 buffers (0.1%), wrote 1 SLRU buffers; 0 WAL file(s) added, 0 removed, 1 recycled; write=0.001 s, sync=0.001 s, total=0.003 s; sync files=8, longest=0.001 s, average=0.001 s; distance=13030 kB, estimate=13418 kB; lsn=0/6C2B12A0, redo lsn=0/6C2B1248
2026-10-06T16:06:18.9343785Z  2026-10-06 16:04:50.507 UTC [12079] FATAL:  role "root" does not exist
2026-10-06T16:06:18.9344008Z  2026-10-06 16:04:55.553 UTC [12194] FATAL:  role "root" does not exist
2026-10-06T16:06:18.9344245Z  2026-10-06 16:04:56.366 UTC [74] LOG:  checkpoint starting: immediate force wait
2026-10-06T16:06:18.9344843Z  2026-10-06 16:04:56.369 UTC [74] LOG:  checkpoint complete: wrote 27 buffers (0.2%), wrote 1 SLRU buffers; 0 WAL file(s) added, 0 removed, 0 recycled; write=0.001 s, sync=0.001 s, total=0.003 s; sync files=15, longest=0.001 s, average=0.001 s; distance=13096 kB, estimate=13386 kB; lsn=0/6CF7B2E8, redo lsn=0/6CF7B290
2026-10-06T16:06:18.9345602Z  2026-10-06 16:04:57.471 UTC [12227] ERROR:  duplicate key value violates unique constraint "uq_skill_detachment_assignment_id"
2026-10-06T16:06:18.9346084Z  2026-10-06 16:04:57.471 UTC [12227] STATEMENT:  INSERT INTO agent.skill_detachment (assignment_id, agent_id, skill_name, digest, detached_by) VALUES ($1, $2, $3, $4, $5)
2026-10-06T16:06:18.9346542Z  2026-10-06 16:04:57.476 UTC [12228] ERROR:  new row violates row-level security policy for table "skill_detachment"
2026-10-06T16:06:18.9347000Z  2026-10-06 16:04:57.476 UTC [12228] STATEMENT:  INSERT INTO agent.skill_detachment (assignment_id, agent_id, skill_name, digest, detached_by) VALUES ($1, $2, $3, $4, $5)
2026-10-06T16:06:18.9347454Z  2026-10-06 16:04:57.481 UTC [12229] ERROR:  new row violates row-level security policy for table "skill_retirement"
2026-10-06T16:06:18.9347939Z  2026-10-06 16:04:57.481 UTC [12229] STATEMENT:  INSERT INTO agent.skill_retirement (digest, retired, set_by) VALUES ($1, true, 'u_somebody_else')
2026-10-06T16:06:18.9348430Z  2026-10-06 16:04:57.486 UTC [12230] ERROR:  insert or update on table "skill_retirement" violates foreign key constraint "fk_skill_retirement_digest_skill"
2026-10-06T16:06:18.9348816Z  2026-10-06 16:04:57.486 UTC [12230] DETAIL:  Key is not present in table "skill".
2026-10-06T16:06:18.9349155Z  2026-10-06 16:04:57.486 UTC [12230] STATEMENT:  INSERT INTO agent.skill_retirement (digest, retired, set_by) VALUES ($1, true, $2)
2026-10-06T16:06:18.9349512Z  2026-10-06 16:04:57.499 UTC [12232] ERROR:  permission denied for table skill_retirement
2026-10-06T16:06:18.9349814Z  2026-10-06 16:04:57.499 UTC [12232] STATEMENT:  UPDATE agent.skill_retirement SET retired = false
2026-10-06T16:06:18.9350095Z  2026-10-06 16:04:57.510 UTC [74] LOG:  checkpoint starting: immediate force wait
2026-10-06T16:06:18.9350698Z  2026-10-06 16:04:57.513 UTC [74] LOG:  checkpoint complete: wrote 19 buffers (0.1%), wrote 1 SLRU buffers; 0 WAL file(s) added, 0 removed, 1 recycled; write=0.001 s, sync=0.001 s, total=0.003 s; sync files=8, longest=0.001 s, average=0.001 s; distance=13030 kB, estimate=13350 kB; lsn=0/6DC34C38, redo lsn=0/6DC34BE0
2026-10-06T16:06:18.9351287Z  2026-10-06 16:05:00.604 UTC [12484] FATAL:  role "root" does not exist
2026-10-06T16:06:18.9351524Z  2026-10-06 16:05:01.025 UTC [74] LOG:  checkpoint starting: immediate force wait
2026-10-06T16:06:18.9352124Z  2026-10-06 16:05:01.028 UTC [74] LOG:  checkpoint complete: wrote 78 buffers (0.5%), wrote 1 SLRU buffers; 0 WAL file(s) added, 0 removed, 1 recycled; write=0.001 s, sync=0.001 s, total=0.003 s; sync files=11, longest=0.001 s, average=0.001 s; distance=13687 kB, estimate=13687 kB; lsn=0/6E9929E0, redo lsn=0/6E992988
2026-10-06T16:06:18.9352717Z  2026-10-06 16:05:03.609 UTC [74] LOG:  checkpoint starting: immediate force wait
2026-10-06T16:06:18.9353317Z  2026-10-06 16:05:03.611 UTC [74] LOG:  checkpoint complete: wrote 21 buffers (0.1%), wrote 1 SLRU buffers; 0 WAL file(s) added, 0 removed, 1 recycled; write=0.001 s, sync=0.001 s, total=0.003 s; sync files=10, longest=0.001 s, average=0.001 s; distance=13105 kB, estimate=13629 kB; lsn=0/6F65EED8, redo lsn=0/6F65EE80
2026-10-06T16:06:18.9353995Z  2026-10-06 16:05:04.717 UTC [74] LOG:  checkpoint starting: immediate force wait
2026-10-06T16:06:18.9354592Z  2026-10-06 16:05:04.720 UTC [74] LOG:  checkpoint complete: wrote 21 buffers (0.1%), wrote 1 SLRU buffers; 0 WAL file(s) added, 0 removed, 1 recycled; write=0.001 s, sync=0.001 s, total=0.003 s; sync files=10, longest=0.001 s, average=0.001 s; distance=13098 kB, estimate=13576 kB; lsn=0/70329830, redo lsn=0/703297D8
2026-10-06T16:06:18.9355176Z  2026-10-06 16:05:05.648 UTC [12939] FATAL:  role "root" does not exist
2026-10-06T16:06:18.9355415Z  2026-10-06 16:05:05.883 UTC [74] LOG:  checkpoint starting: immediate force wait
2026-10-06T16:06:18.9356090Z  2026-10-06 16:05:05.886 UTC [74] LOG:  checkpoint complete: wrote 23 buffers (0.1%), wrote 1 SLRU buffers; 0 WAL file(s) added, 0 removed, 0 recycled; write=0.001 s, sync=0.001 s, total=0.003 s; sync files=11, longest=0.001 s, average=0.001 s; distance=13102 kB, estimate=13528 kB; lsn=0/70FF5150, redo lsn=0/70FF50F8
2026-10-06T16:06:18.9356686Z  2026-10-06 16:05:06.979 UTC [74] LOG:  checkpoint starting: immediate force wait
2026-10-06T16:06:18.9357285Z  2026-10-06 16:05:06.982 UTC [74] LOG:  checkpoint complete: wrote 25 buffers (0.2%), wrote 1 SLRU buffers; 0 WAL file(s) added, 0 removed, 1 recycled; write=0.001 s, sync=0.001 s, total=0.003 s; sync files=11, longest=0.001 s, average=0.001 s; distance=13117 kB, estimate=13487 kB; lsn=0/71CC47A8, redo lsn=0/71CC4750
2026-10-06T16:06:18.9357943Z  2026-10-06 16:05:08.369 UTC [74] LOG:  checkpoint starting: immediate force wait
2026-10-06T16:06:18.9358542Z  2026-10-06 16:05:08.372 UTC [74] LOG:  checkpoint complete: wrote 23 buffers (0.1%), wrote 1 SLRU buffers; 0 WAL file(s) added, 0 removed, 1 recycled; write=0.001 s, sync=0.001 s, total=0.003 s; sync files=11, longest=0.001 s, average=0.001 s; distance=13037 kB, estimate=13442 kB; lsn=0/7297FE88, redo lsn=0/7297FE30
2026-10-06T16:06:18.9359134Z  2026-10-06 16:05:10.155 UTC [74] LOG:  checkpoint starting: immediate force wait
2026-10-06T16:06:18.9359734Z  2026-10-06 16:05:10.158 UTC [74] LOG:  checkpoint complete: wrote 33 buffers (0.2%), wrote 1 SLRU buffers; 0 WAL file(s) added, 0 removed, 1 recycled; write=0.001 s, sync=0.001 s, total=0.003 s; sync files=10, longest=0.001 s, average=0.001 s; distance=13187 kB, estimate=13417 kB; lsn=0/73660C28, redo lsn=0/73660BD0
2026-10-06T16:06:18.9360322Z  2026-10-06 16:05:10.695 UTC [13017] FATAL:  role "root" does not exist
2026-10-06T16:06:18.9360558Z  2026-10-06 16:05:12.003 UTC [74] LOG:  checkpoint starting: immediate force wait
2026-10-06T16:06:18.9361154Z  2026-10-06 16:05:12.005 UTC [74] LOG:  checkpoint complete: wrote 22 buffers (0.1%), wrote 1 SLRU buffers; 0 WAL file(s) added, 0 removed, 1 recycled; write=0.001 s, sync=0.001 s, total=0.003 s; sync files=9, longest=0.001 s, average=0.001 s; distance=13127 kB, estimate=13388 kB; lsn=0/74332938, redo lsn=0/743328E0
2026-10-06T16:06:18.9361751Z  2026-10-06 16:05:14.626 UTC [74] LOG:  checkpoint starting: immediate force wait
2026-10-06T16:06:18.9362345Z  2026-10-06 16:05:14.629 UTC [74] LOG:  checkpoint complete: wrote 22 buffers (0.1%), wrote 1 SLRU buffers; 0 WAL file(s) added, 0 removed, 1 recycled; write=0.001 s, sync=0.001 s, total=0.003 s; sync files=9, longest=0.001 s, average=0.001 s; distance=13130 kB, estimate=13362 kB; lsn=0/75005230, redo lsn=0/750051D8
2026-10-06T16:06:18.9362931Z  2026-10-06 16:05:15.739 UTC [13122] FATAL:  role "root" does not exist
2026-10-06T16:06:18.9363156Z  2026-10-06 16:05:20.784 UTC [13159] FATAL:  role "root" does not exist
2026-10-06T16:06:18.9363391Z  2026-10-06 16:05:23.675 UTC [74] LOG:  checkpoint starting: immediate force wait
2026-10-06T16:06:18.9363994Z  2026-10-06 16:05:23.678 UTC [74] LOG:  checkpoint complete: wrote 107 buffers (0.7%), wrote 1 SLRU buffers; 0 WAL file(s) added, 0 removed, 0 recycled; write=0.002 s, sync=0.001 s, total=0.003 s; sync files=11, longest=0.001 s, average=0.001 s; distance=13637 kB, estimate=13637 kB; lsn=0/75D568F0, redo lsn=0/75D56898
2026-10-06T16:06:18.9364659Z  2026-10-06 16:05:25.832 UTC [13207] FATAL:  role "root" does not exist
2026-10-06T16:06:18.9364894Z  2026-10-06 16:05:26.051 UTC [74] LOG:  checkpoint starting: immediate force wait
2026-10-06T16:06:18.9365493Z  2026-10-06 16:05:26.053 UTC [74] LOG:  checkpoint complete: wrote 19 buffers (0.1%), wrote 1 SLRU buffers; 0 WAL file(s) added, 0 removed, 1 recycled; write=0.001 s, sync=0.001 s, total=0.003 s; sync files=10, longest=0.001 s, average=0.001 s; distance=13052 kB, estimate=13579 kB; lsn=0/76A15B38, redo lsn=0/76A15AE0
2026-10-06T16:06:18.9366090Z  2026-10-06 16:05:28.678 UTC [74] LOG:  checkpoint starting: immediate force wait
2026-10-06T16:06:18.9366754Z  2026-10-06 16:05:28.681 UTC [74] LOG:  checkpoint complete: wrote 25 buffers (0.2%), wrote 1 SLRU buffers; 0 WAL file(s) added, 0 removed, 1 recycled; write=0.001 s, sync=0.001 s, total=0.003 s; sync files=11, longest=0.001 s, average=0.001 s; distance=13095 kB, estimate=13530 kB; lsn=0/776DFA18, redo lsn=0/776DF9C0
2026-10-06T16:06:18.9367413Z  2026-10-06 16:05:29.980 UTC [13329] ERROR:  new row violates row-level security policy for table "connector_steward"
2026-10-06T16:06:18.9367954Z  2026-10-06 16:05:29.980 UTC [13329] STATEMENT:  INSERT INTO ops.connector_steward (connector, steward_id, named_by) VALUES ('hubspot', 'u_steward', 'u_other')
2026-10-06T16:06:18.9368335Z  2026-10-06 16:05:29.985 UTC [74] LOG:  checkpoint starting: immediate force wait
2026-10-06T16:06:18.9368934Z  2026-10-06 16:05:29.988 UTC [74] LOG:  checkpoint complete: wrote 23 buffers (0.1%), wrote 1 SLRU buffers; 0 WAL file(s) added, 0 removed, 1 recycled; write=0.001 s, sync=0.001 s, total=0.003 s; sync files=11, longest=0.001 s, average=0.001 s; distance=13057 kB, estimate=13483 kB; lsn=0/7839FF18, redo lsn=0/7839FEC0
2026-10-06T16:06:18.9369524Z  2026-10-06 16:05:30.878 UTC [13349] FATAL:  role "root" does not exist
2026-10-06T16:06:18.9369771Z  2026-10-06 16:05:31.316 UTC [13352] ERROR:  permission denied for table trace_step
2026-10-06T16:06:18.9370031Z  2026-10-06 16:05:31.316 UTC [13352] STATEMENT:  SELECT * FROM obs.trace_step
2026-10-06T16:06:18.9370377Z  2026-10-06 16:05:31.352 UTC [13357] ERROR:  new row for relation "trace_step" violates check constraint "ck_trace_step_payload_out_masked"
2026-10-06T16:06:18.9370934Z  2026-10-06 16:05:31.352 UTC [13357] STATEMENT:  INSERT INTO obs.trace_step (trace_id, step, kind, name, attributes, payload_in, payload_out) VALUES ('t_raw', 0, 'request', 'task', '{}', '[masked:str/empty]', $1)
2026-10-06T16:06:18.9371440Z  2026-10-06 16:05:31.372 UTC [13359] ERROR:  duplicate key value violates unique constraint "pk_trace_step"
2026-10-06T16:06:18.9371981Z  2026-10-06 16:05:31.372 UTC [13359] STATEMENT:  INSERT INTO obs.trace_step (trace_id, step, kind, name, attributes, payload_in, payload_out) VALUES ($1::VARCHAR, $2::SMALLINT, $3::VARCHAR, $4::VARCHAR, $5::JSONB, $6::VARCHAR, $7::VARCHAR)
2026-10-06T16:06:18.9372524Z  2026-10-06 16:05:31.395 UTC [13361] ERROR:  duplicate key value violates unique constraint "pk_trace_step"
2026-10-06T16:06:18.9373061Z  2026-10-06 16:05:31.395 UTC [13361] STATEMENT:  INSERT INTO obs.trace_step (trace_id, step, kind, name, attributes, payload_in, payload_out) VALUES ($1::VARCHAR, $2::SMALLINT, $3::VARCHAR, $4::VARCHAR, $5::JSONB, $6::VARCHAR, $7::VARCHAR)
2026-10-06T16:06:18.9373558Z  2026-10-06 16:05:31.407 UTC [74] LOG:  checkpoint starting: immediate force wait
2026-10-06T16:06:18.9374160Z  2026-10-06 16:05:31.410 UTC [74] LOG:  checkpoint complete: wrote 63 buffers (0.4%), wrote 1 SLRU buffers; 0 WAL file(s) added, 0 removed, 1 recycled; write=0.001 s, sync=0.001 s, total=0.003 s; sync files=13, longest=0.001 s, average=0.001 s; distance=13331 kB, estimate=13468 kB; lsn=0/790A4B40, redo lsn=0/790A4AE8
2026-10-06T16:06:18.9374754Z  2026-10-06 16:05:35.925 UTC [13370] FATAL:  role "root" does not exist
2026-10-06T16:06:18.9374994Z  2026-10-06 16:05:40.298 UTC [74] LOG:  checkpoint starting: immediate force wait
2026-10-06T16:06:18.9375673Z  2026-10-06 16:05:40.300 UTC [74] LOG:  checkpoint complete: wrote 27 buffers (0.2%), wrote 1 SLRU buffers; 0 WAL file(s) added, 0 removed, 0 recycled; write=0.001 s, sync=0.001 s, total=0.003 s; sync files=15, longest=0.001 s, average=0.001 s; distance=13066 kB, estimate=13428 kB; lsn=0/79D674D8, redo lsn=0/79D67480
2026-10-06T16:06:18.9376264Z  2026-10-06 16:05:40.975 UTC [13487] FATAL:  role "root" does not exist
2026-10-06T16:06:18.9376501Z  2026-10-06 16:05:41.749 UTC [74] LOG:  checkpoint starting: immediate force wait
2026-10-06T16:06:18.9377099Z  2026-10-06 16:05:41.752 UTC [74] LOG:  checkpoint complete: wrote 22 buffers (0.1%), wrote 1 SLRU buffers; 0 WAL file(s) added, 0 removed, 1 recycled; write=0.001 s, sync=0.001 s, total=0.003 s; sync files=11, longest=0.001 s, average=0.001 s; distance=13034 kB, estimate=13388 kB; lsn=0/7AA21F28, redo lsn=0/7AA21ED0
2026-10-06T16:06:18.9377838Z  2026-10-06 16:05:43.182 UTC [74] LOG:  checkpoint starting: immediate force wait
2026-10-06T16:06:18.9378440Z  2026-10-06 16:05:43.185 UTC [74] LOG:  checkpoint complete: wrote 29 buffers (0.2%), wrote 1 SLRU buffers; 0 WAL file(s) added, 0 removed, 1 recycled; write=0.001 s, sync=0.001 s, total=0.004 s; sync files=11, longest=0.001 s, average=0.001 s; distance=13083 kB, estimate=13358 kB; lsn=0/7B6E8ED8, redo lsn=0/7B6E8E80
2026-10-06T16:06:18.9379039Z  2026-10-06 16:05:44.811 UTC [74] LOG:  checkpoint starting: immediate force wait
2026-10-06T16:06:18.9379635Z  2026-10-06 16:05:44.813 UTC [74] LOG:  checkpoint complete: wrote 26 buffers (0.2%), wrote 1 SLRU buffers; 0 WAL file(s) added, 0 removed, 1 recycled; write=0.001 s, sync=0.001 s, total=0.003 s; sync files=10, longest=0.001 s, average=0.001 s; distance=13074 kB, estimate=13329 kB; lsn=0/7C3ADA18, redo lsn=0/7C3AD9C0
2026-10-06T16:06:18.9380222Z  2026-10-06 16:05:46.020 UTC [13562] FATAL:  role "root" does not exist
2026-10-06T16:06:18.9380463Z  2026-10-06 16:05:46.255 UTC [74] LOG:  checkpoint starting: immediate force wait
2026-10-06T16:06:18.9381068Z  2026-10-06 16:05:46.258 UTC [74] LOG:  checkpoint complete: wrote 70 buffers (0.4%), wrote 1 SLRU buffers; 0 WAL file(s) added, 0 removed, 1 recycled; write=0.001 s, sync=0.001 s, total=0.003 s; sync files=11, longest=0.001 s, average=0.001 s; distance=13350 kB, estimate=13350 kB; lsn=0/7D0B74B8, redo lsn=0/7D0B7460
2026-10-06T16:06:18.9381670Z  2026-10-06 16:05:47.638 UTC [74] LOG:  checkpoint starting: immediate force wait
2026-10-06T16:06:18.9382270Z  2026-10-06 16:05:47.640 UTC [74] LOG:  checkpoint complete: wrote 18 buffers (0.1%), wrote 1 SLRU buffers; 0 WAL file(s) added, 0 removed, 0 recycled; write=0.001 s, sync=0.001 s, total=0.003 s; sync files=10, longest=0.001 s, average=0.001 s; distance=13007 kB, estimate=13316 kB; lsn=0/7DD6B388, redo lsn=0/7DD6B330
2026-10-06T16:06:18.9382869Z  2026-10-06 16:05:49.040 UTC [74] LOG:  checkpoint starting: immediate force wait
2026-10-06T16:06:18.9383471Z  2026-10-06 16:05:49.042 UTC [74] LOG:  checkpoint complete: wrote 24 buffers (0.1%), wrote 1 SLRU buffers; 0 WAL file(s) added, 0 removed, 1 recycled; write=0.001 s, sync=0.001 s, total=0.003 s; sync files=11, longest=0.001 s, average=0.001 s; distance=13042 kB, estimate=13288 kB; lsn=0/7EA27CB0, redo lsn=0/7EA27C58
2026-10-06T16:06:18.9384070Z  2026-10-06 16:05:50.423 UTC [74] LOG:  checkpoint starting: immediate force wait
2026-10-06T16:06:18.9384669Z  2026-10-06 16:05:50.426 UTC [74] LOG:  checkpoint complete: wrote 22 buffers (0.1%), wrote 1 SLRU buffers; 0 WAL file(s) added, 0 removed, 1 recycled; write=0.001 s, sync=0.001 s, total=0.003 s; sync files=11, longest=0.001 s, average=0.001 s; distance=13029 kB, estimate=13263 kB; lsn=0/7F6E13E0, redo lsn=0/7F6E1388
2026-10-06T16:06:18.9385259Z  2026-10-06 16:05:51.072 UTC [13634] FATAL:  role "root" does not exist
2026-10-06T16:06:18.9385496Z  2026-10-06 16:05:51.788 UTC [74] LOG:  checkpoint starting: immediate force wait
2026-10-06T16:06:18.9386098Z  2026-10-06 16:05:51.793 UTC [74] LOG:  checkpoint complete: wrote 28 buffers (0.2%), wrote 1 SLRU buffers; 0 WAL file(s) added, 0 removed, 1 recycled; write=0.001 s, sync=0.001 s, total=0.006 s; sync files=11, longest=0.001 s, average=0.001 s; distance=13065 kB, estimate=13243 kB; lsn=0/803A3920, redo lsn=0/803A38C8
2026-10-06T16:06:18.9386773Z  2026-10-06 16:05:53.097 UTC [74] LOG:  checkpoint starting: immediate force wait
2026-10-06T16:06:18.9387371Z  2026-10-06 16:05:53.100 UTC [74] LOG:  checkpoint complete: wrote 26 buffers (0.2%), wrote 1 SLRU buffers; 0 WAL file(s) added, 0 removed, 1 recycled; write=0.001 s, sync=0.001 s, total=0.003 s; sync files=10, longest=0.001 s, average=0.001 s; distance=13058 kB, estimate=13224 kB; lsn=0/81064260, redo lsn=0/81064208
2026-10-06T16:06:18.9388024Z  2026-10-06 16:05:54.484 UTC [74] LOG:  checkpoint starting: immediate force wait
2026-10-06T16:06:18.9388689Z  2026-10-06 16:05:54.486 UTC [74] LOG:  checkpoint complete: wrote 19 buffers (0.1%), wrote 1 SLRU buffers; 0 WAL file(s) added, 0 removed, 0 recycled; write=0.001 s, sync=0.001 s, total=0.003 s; sync files=8, longest=0.001 s, average=0.001 s; distance=13030 kB, estimate=13205 kB; lsn=0/81D1DA88, redo lsn=0/81D1DA30
2026-10-06T16:06:18.9389277Z  2026-10-06 16:05:56.115 UTC [13681] FATAL:  role "root" does not exist
2026-10-06T16:06:18.9389504Z  2026-10-06 16:06:01.157 UTC [13690] FATAL:  role "root" does not exist
2026-10-06T16:06:18.9389725Z  2026-10-06 16:06:06.199 UTC [13698] FATAL:  role "root" does not exist
2026-10-06T16:06:18.9389947Z  2026-10-06 16:06:11.243 UTC [13706] FATAL:  role "root" does not exist
2026-10-06T16:06:18.9390167Z  2026-10-06 16:06:16.287 UTC [13715] FATAL:  role "root" does not exist
2026-10-06T16:06:18.9390364Z  selecting default time zone ... Etc/UTC
2026-10-06T16:06:18.9390531Z  creating configuration files ... ok
2026-10-06T16:06:18.9390692Z  running bootstrap script ... ok
2026-10-06T16:06:18.9390866Z  performing post-bootstrap initialization ... ok
2026-10-06T16:06:18.9391041Z  syncing data to disk ... ok
2026-10-06T16:06:18.9391181Z  
2026-10-06T16:06:18.9391281Z  
2026-10-06T16:06:18.9391422Z  Success. You can now start the database server using:
2026-10-06T16:06:18.9391592Z  
2026-10-06T16:06:18.9391735Z      pg_ctl -D /var/lib/postgresql/18/docker -l logfile start
2026-10-06T16:06:18.9391912Z  
2026-10-06T16:06:18.9392266Z  waiting for server to start....2026-10-06 15:52:24.520 UTC [54] LOG:  starting PostgreSQL 18.6 (Debian 18.6-1.pgdg12+2) on x86_64-pc-linux-gnu, compiled by gcc (Debian 12.2.0-14+deb12u1) 12.2.0, 64-bit
2026-10-06T16:06:18.9392747Z  2026-10-06 15:52:24.520 UTC [54] LOG:  listening on Unix socket "/var/run/postgresql/.s.PGSQL.5432"
2026-10-06T16:06:18.9393054Z  2026-10-06 15:52:24.523 UTC [60] LOG:  database system was shut down at 2026-10-06 15:52:24 UTC
2026-10-06T16:06:18.9393334Z  2026-10-06 15:52:24.525 UTC [54] LOG:  database system is ready to accept connections
2026-10-06T16:06:18.9393540Z   done
2026-10-06T16:06:18.9393646Z  server started
2026-10-06T16:06:18.9393764Z  CREATE DATABASE
2026-10-06T16:06:18.9393878Z  
2026-10-06T16:06:18.9393977Z  
2026-10-06T16:06:18.9394158Z  /usr/local/bin/docker-entrypoint.sh: ignoring /docker-entrypoint-initdb.d/*
2026-10-06T16:06:18.9394371Z  
2026-10-06T16:06:18.9394569Z  waiting for server to shut down....2026-10-06 15:52:24.692 UTC [54] LOG:  received fast shutdown request
2026-10-06T16:06:18.9394853Z  2026-10-06 15:52:24.693 UTC [54] LOG:  aborting any active transactions
2026-10-06T16:06:18.9395168Z  2026-10-06 15:52:24.694 UTC [54] LOG:  background worker "logical replication launcher" (PID 63) exited with exit code 1
2026-10-06T16:06:18.9395458Z  2026-10-06 15:52:24.695 UTC [58] LOG:  shutting down
2026-10-06T16:06:18.9395675Z  2026-10-06 15:52:24.695 UTC [58] LOG:  checkpoint starting: shutdown immediate
2026-10-06T16:06:18.9396278Z  2026-10-06 15:52:24.781 UTC [58] LOG:  checkpoint complete: wrote 941 buffers (5.7%), wrote 3 SLRU buffers; 0 WAL file(s) added, 0 removed, 0 recycled; write=0.076 s, sync=0.009 s, total=0.087 s; sync files=303, longest=0.008 s, average=0.001 s; distance=4334 kB, estimate=4334 kB; lsn=0/1B94F70, redo lsn=0/1B94F70
2026-10-06T16:06:18.9396947Z  2026-10-06 15:52:24.791 UTC [54] LOG:  database system is shut down
2026-10-06T16:06:18.9397125Z   done
2026-10-06T16:06:18.9397232Z  server stopped
2026-10-06T16:06:18.9397343Z  
2026-10-06T16:06:18.9397481Z  PostgreSQL init process complete; ready for start up.
2026-10-06T16:06:18.9397648Z  
2026-10-06T16:06:18.9401728Z Stop and remove container: 96332a5fa0d14a3d87a1f13bce9b54f5_pgvectorpgvectorpg18_1bab37
2026-10-06T16:06:18.9405327Z ##[command]/usr/bin/docker rm --force db6338e06e913813260e689da2e8b304b3cd1d94cbbfd658eef2b61cd844687a
2026-10-06T16:06:19.1385392Z db6338e06e913813260e689da2e8b304b3cd1d94cbbfd658eef2b61cd844687a
2026-10-06T16:06:19.1407021Z Remove container network: github_network_c2dcdbae674c406786032999891b37c3
2026-10-06T16:06:19.1409767Z ##[command]/usr/bin/docker network rm github_network_c2dcdbae674c406786032999891b37c3
2026-10-06T16:06:19.2275465Z github_network_c2dcdbae674c406786032999891b37c3
2026-10-06T16:06:19.2331327Z Cleaning up orphan processes
2026-10-06T16:06:19.2568924Z ##[warning]Node.js 20 is deprecated. The following actions target Node.js 20 but are being forced to run on Node.js 24: actions/checkout@v4, actions/setup-node@v4, actions/upload-artifact@v4, astral-sh/setup-uv@v5. For more information see: https://github.blog/changelog/2025-09-19-deprecation-of-node-20-on-github-actions-runners/
