2026-10-06T15:32:06.1230835Z Current runner version: '2.337.0'
2026-10-06T15:32:06.1257776Z ##[group]Runner Image Provisioner
2026-10-06T15:32:06.1258695Z Hosted Compute Agent
2026-10-06T15:32:06.1259396Z Version: 20260901.588
2026-10-06T15:32:06.1260031Z Commit: f88ec8081b781fac6c440065ac7ff9e710ce3d0b
2026-10-06T15:32:06.1260805Z Build Date: 2026-09-01T19:56:44Z
2026-10-06T15:32:06.1261602Z Worker ID: {1d0d7c93-3f6e-4138-805a-5c60417135c7}
2026-10-06T15:32:06.1262369Z Azure Region: westus
2026-10-06T15:32:06.1262982Z ##[endgroup]
2026-10-06T15:32:06.1264555Z ##[group]Operating System
2026-10-06T15:32:06.1265194Z Ubuntu
2026-10-06T15:32:06.1266050Z 24.04.5
2026-10-06T15:32:06.1266620Z LTS
2026-10-06T15:32:06.1267169Z ##[endgroup]
2026-10-06T15:32:06.1267748Z ##[group]Runner Image
2026-10-06T15:32:06.1268353Z Image: ubuntu-24.04
2026-10-06T15:32:06.1268969Z Version: 20260927.320.1
2026-10-06T15:32:06.1270262Z Included Software: https://github.com/actions/runner-images/blob/ubuntu24/20260927.320/images/ubuntu/Ubuntu2404-Readme.md
2026-10-06T15:32:06.1271892Z Image Release: https://github.com/actions/runner-images/releases/tag/ubuntu24%2F20260927.320
2026-10-06T15:32:06.1272893Z ##[endgroup]
2026-10-06T15:32:06.1274182Z ##[group]GITHUB_TOKEN Permissions
2026-10-06T15:32:06.1276378Z Contents: read
2026-10-06T15:32:06.1277103Z Metadata: read
2026-10-06T15:32:06.1277710Z Packages: read
2026-10-06T15:32:06.1278335Z ##[endgroup]
2026-10-06T15:32:06.1280472Z Secret source: Actions
2026-10-06T15:32:06.1281383Z Cache mode: write
2026-10-06T15:32:06.1282176Z Prepare workflow directory
2026-10-06T15:32:06.1902670Z Prepare all required actions
2026-10-06T15:32:06.1952789Z Getting action download info
2026-10-06T15:32:06.5772466Z Download action repository 'actions/checkout@v4' (SHA:11d5960a326750d5838078e36cf38b85af677262)
2026-10-06T15:32:06.6872081Z Download action repository 'astral-sh/setup-uv@v5' (SHA:d4b2f3b6ecc6e67c4457f6d3e41ec42d3d0fcb86)
2026-10-06T15:32:07.1787761Z Download action repository 'actions/setup-node@v4' (SHA:49933ea5288caeca8642d1e84afbd3f7d6820020)
2026-10-06T15:32:07.2663615Z Download action repository 'actions/upload-artifact@v4' (SHA:ea165f8d65b6e75b540449e92b4886f43607fa02)
2026-10-06T15:32:07.4954493Z Complete job name: Unit tests, shard 2
2026-10-06T15:32:07.5479659Z ##[group]Checking docker version
2026-10-06T15:32:07.5492910Z ##[command]/usr/bin/docker version --format '{{.Server.APIVersion}}'
2026-10-06T15:32:07.6335210Z '1.48'
2026-10-06T15:32:07.6352585Z Docker daemon API version: '1.48'
2026-10-06T15:32:07.6353493Z ##[command]/usr/bin/docker version --format '{{.Client.APIVersion}}'
2026-10-06T15:32:07.6520560Z '1.48'
2026-10-06T15:32:07.6535299Z Docker client API version: '1.48'
2026-10-06T15:32:07.6541789Z ##[endgroup]
2026-10-06T15:32:07.6546100Z ##[group]Clean up resources from previous jobs
2026-10-06T15:32:07.6551652Z ##[command]/usr/bin/docker ps --all --quiet --no-trunc --filter "label=449831"
2026-10-06T15:32:07.6700081Z ##[command]/usr/bin/docker network prune --force --filter "label=449831"
2026-10-06T15:32:07.6836334Z ##[endgroup]
2026-10-06T15:32:07.6836919Z ##[group]Create local container network
2026-10-06T15:32:07.6847853Z ##[command]/usr/bin/docker network create --label 449831 github_network_86b7dcd7d06342aa9ba2bbad91f68b38
2026-10-06T15:32:07.7369355Z f6bf6257a5910bcd4beee0d8420356602d8fcca12aa45aba1a5c40ce16dbc12b
2026-10-06T15:32:07.7387121Z ##[endgroup]
2026-10-06T15:32:07.7412740Z ##[group]Starting postgres service container
2026-10-06T15:32:07.7434340Z ##[command]/usr/bin/docker pull pgvector/pgvector:pg18
2026-10-06T15:32:08.7597262Z pg18: Pulling from pgvector/pgvector
2026-10-06T15:32:09.0396455Z 774043ccc8cc: Pulling fs layer
2026-10-06T15:32:09.0402746Z 211cec8da20e: Pulling fs layer
2026-10-06T15:32:09.0404286Z c56d732b49fe: Pulling fs layer
2026-10-06T15:32:09.0405699Z a9bacfc8d232: Pulling fs layer
2026-10-06T15:32:09.0406700Z c043c1caa591: Pulling fs layer
2026-10-06T15:32:09.0407656Z 6bd876b3b38f: Pulling fs layer
2026-10-06T15:32:09.0408590Z bdbb8057313b: Pulling fs layer
2026-10-06T15:32:09.0410051Z d1c18bcbca3a: Pulling fs layer
2026-10-06T15:32:09.0411119Z 0e6c3beb32b1: Pulling fs layer
2026-10-06T15:32:09.0412161Z 980abddbe295: Pulling fs layer
2026-10-06T15:32:09.0413307Z 5178c10d12ba: Pulling fs layer
2026-10-06T15:32:09.0414367Z 9dd6e8795674: Pulling fs layer
2026-10-06T15:32:09.0415701Z ddda533f81f8: Pulling fs layer
2026-10-06T15:32:09.0416857Z aac640d5ec42: Pulling fs layer
2026-10-06T15:32:09.0418014Z de9ba41de9ee: Pulling fs layer
2026-10-06T15:32:09.0419179Z 0e6c3beb32b1: Waiting
2026-10-06T15:32:09.0420179Z 980abddbe295: Waiting
2026-10-06T15:32:09.0483652Z 5178c10d12ba: Waiting
2026-10-06T15:32:09.0484689Z a9bacfc8d232: Waiting
2026-10-06T15:32:09.0486112Z c043c1caa591: Waiting
2026-10-06T15:32:09.0487325Z 6bd876b3b38f: Waiting
2026-10-06T15:32:09.0488514Z bdbb8057313b: Waiting
2026-10-06T15:32:09.0489714Z d1c18bcbca3a: Waiting
2026-10-06T15:32:09.0490896Z aac640d5ec42: Waiting
2026-10-06T15:32:09.0492093Z 9dd6e8795674: Waiting
2026-10-06T15:32:09.0493396Z ddda533f81f8: Waiting
2026-10-06T15:32:09.0494655Z de9ba41de9ee: Waiting
2026-10-06T15:32:09.2675701Z 211cec8da20e: Download complete
2026-10-06T15:32:09.2974119Z c56d732b49fe: Verifying Checksum
2026-10-06T15:32:09.2977689Z c56d732b49fe: Download complete
2026-10-06T15:32:09.3632135Z 774043ccc8cc: Verifying Checksum
2026-10-06T15:32:09.3634132Z 774043ccc8cc: Download complete
2026-10-06T15:32:09.4848838Z a9bacfc8d232: Verifying Checksum
2026-10-06T15:32:09.4859658Z a9bacfc8d232: Download complete
2026-10-06T15:32:09.5577329Z c043c1caa591: Verifying Checksum
2026-10-06T15:32:09.5580786Z c043c1caa591: Download complete
2026-10-06T15:32:09.5971402Z 6bd876b3b38f: Download complete
2026-10-06T15:32:09.6963069Z bdbb8057313b: Verifying Checksum
2026-10-06T15:32:09.6967346Z bdbb8057313b: Download complete
2026-10-06T15:32:09.7770108Z d1c18bcbca3a: Verifying Checksum
2026-10-06T15:32:09.7773196Z d1c18bcbca3a: Download complete
2026-10-06T15:32:09.9089429Z 980abddbe295: Verifying Checksum
2026-10-06T15:32:09.9090299Z 980abddbe295: Download complete
2026-10-06T15:32:10.0037519Z 5178c10d12ba: Download complete
2026-10-06T15:32:10.1288333Z 9dd6e8795674: Verifying Checksum
2026-10-06T15:32:10.2347742Z 9dd6e8795674: Download complete
2026-10-06T15:32:10.2348778Z ddda533f81f8: Verifying Checksum
2026-10-06T15:32:10.2349497Z ddda533f81f8: Download complete
2026-10-06T15:32:10.3438181Z aac640d5ec42: Verifying Checksum
2026-10-06T15:32:10.3439316Z aac640d5ec42: Download complete
2026-10-06T15:32:10.3529061Z 0e6c3beb32b1: Verifying Checksum
2026-10-06T15:32:10.3529866Z 0e6c3beb32b1: Download complete
2026-10-06T15:32:10.4574375Z de9ba41de9ee: Verifying Checksum
2026-10-06T15:32:10.4579792Z de9ba41de9ee: Download complete
2026-10-06T15:32:10.6935687Z 774043ccc8cc: Pull complete
2026-10-06T15:32:12.8334759Z 211cec8da20e: Pull complete
2026-10-06T15:32:12.9683372Z c56d732b49fe: Pull complete
2026-10-06T15:32:13.0065695Z a9bacfc8d232: Pull complete
2026-10-06T15:32:13.3071251Z c043c1caa591: Pull complete
2026-10-06T15:32:13.3862716Z 6bd876b3b38f: Pull complete
2026-10-06T15:32:13.3938447Z bdbb8057313b: Pull complete
2026-10-06T15:32:13.4031624Z d1c18bcbca3a: Pull complete
2026-10-06T15:32:16.3796919Z 0e6c3beb32b1: Pull complete
2026-10-06T15:32:16.3943208Z 980abddbe295: Pull complete
2026-10-06T15:32:16.4026061Z 5178c10d12ba: Pull complete
2026-10-06T15:32:16.4116145Z 9dd6e8795674: Pull complete
2026-10-06T15:32:16.4208054Z ddda533f81f8: Pull complete
2026-10-06T15:32:16.4705745Z aac640d5ec42: Pull complete
2026-10-06T15:32:16.5918648Z de9ba41de9ee: Pull complete
2026-10-06T15:32:16.5965362Z Digest: sha256:2358fcba361ed2233a5ed81b5fe4ca779ccb304120ce531a3bf51c0ed7e2bc11
2026-10-06T15:32:16.5972270Z Status: Downloaded newer image for pgvector/pgvector:pg18
2026-10-06T15:32:16.5998910Z docker.io/pgvector/pgvector:pg18
2026-10-06T15:32:16.6063221Z ##[command]/usr/bin/docker create --name 535b3015f99748d791f354959eb62281_pgvectorpgvectorpg18_6cc920 --label 449831 --network github_network_86b7dcd7d06342aa9ba2bbad91f68b38 --network-alias postgres -p 5432:5432 --health-cmd pg_isready --health-interval 5s --health-timeout 5s --health-retries 10 -e "POSTGRES_PASSWORD=postgres" -e "POSTGRES_DB=brain_test" -e GITHUB_ACTIONS=true -e CI=true pgvector/pgvector:pg18
2026-10-06T15:32:16.6319519Z b10658b40e1339b65a656e8d98acd28b72656fb2eb1a4e4d651d35bff52d9327
2026-10-06T15:32:16.6342050Z ##[command]/usr/bin/docker start b10658b40e1339b65a656e8d98acd28b72656fb2eb1a4e4d651d35bff52d9327
2026-10-06T15:32:16.8495574Z b10658b40e1339b65a656e8d98acd28b72656fb2eb1a4e4d651d35bff52d9327
2026-10-06T15:32:16.8522790Z ##[command]/usr/bin/docker ps --all --filter id=b10658b40e1339b65a656e8d98acd28b72656fb2eb1a4e4d651d35bff52d9327 --filter status=running --no-trunc --format "{{.ID}} {{.Status}}"
2026-10-06T15:32:16.8690395Z b10658b40e1339b65a656e8d98acd28b72656fb2eb1a4e4d651d35bff52d9327 Up Less than a second (health: starting)
2026-10-06T15:32:16.8730835Z ##[command]/usr/bin/docker port b10658b40e1339b65a656e8d98acd28b72656fb2eb1a4e4d651d35bff52d9327
2026-10-06T15:32:16.8880098Z 5432/tcp -> 0.0.0.0:5432
2026-10-06T15:32:16.8880535Z 5432/tcp -> [::]:5432
2026-10-06T15:32:16.8930691Z ##[endgroup]
2026-10-06T15:32:16.8939555Z ##[group]Waiting for all services to be ready
2026-10-06T15:32:16.8953426Z ##[command]/usr/bin/docker inspect --format="{{if .Config.Healthcheck}}{{print .State.Health.Status}}{{end}}" b10658b40e1339b65a656e8d98acd28b72656fb2eb1a4e4d651d35bff52d9327
2026-10-06T15:32:16.9125937Z starting
2026-10-06T15:32:16.9163990Z postgres service is starting, waiting 2 seconds before checking again.
2026-10-06T15:32:18.9163157Z ##[command]/usr/bin/docker inspect --format="{{if .Config.Healthcheck}}{{print .State.Health.Status}}{{end}}" b10658b40e1339b65a656e8d98acd28b72656fb2eb1a4e4d651d35bff52d9327
2026-10-06T15:32:18.9285008Z starting
2026-10-06T15:32:18.9298378Z postgres service is starting, waiting 3 seconds before checking again.
2026-10-06T15:32:22.7614792Z ##[command]/usr/bin/docker inspect --format="{{if .Config.Healthcheck}}{{print .State.Health.Status}}{{end}}" b10658b40e1339b65a656e8d98acd28b72656fb2eb1a4e4d651d35bff52d9327
2026-10-06T15:32:22.7748309Z healthy
2026-10-06T15:32:22.7766074Z postgres service is healthy.
2026-10-06T15:32:22.7766775Z ##[endgroup]
2026-10-06T15:32:22.8047877Z ##[group]Run actions/checkout@v4
2026-10-06T15:32:22.8048447Z with:
2026-10-06T15:32:22.8048647Z   fetch-depth: 0
2026-10-06T15:32:22.8048880Z   repository: rpsj2230/Verz-OS-v2.0
2026-10-06T15:32:22.8051478Z   token: ***
2026-10-06T15:32:22.8051677Z   ssh-strict: true
2026-10-06T15:32:22.8051877Z   ssh-user: git
2026-10-06T15:32:22.8052082Z   persist-credentials: true
2026-10-06T15:32:22.8052308Z   clean: true
2026-10-06T15:32:22.8052515Z   sparse-checkout-cone-mode: true
2026-10-06T15:32:22.8052760Z   fetch-tags: false
2026-10-06T15:32:22.8052959Z   show-progress: true
2026-10-06T15:32:22.8053167Z   lfs: false
2026-10-06T15:32:22.8053350Z   submodules: false
2026-10-06T15:32:22.8053553Z   set-safe-directory: true
2026-10-06T15:32:22.8053788Z   allow-unsafe-pr-checkout: false
2026-10-06T15:32:22.8054228Z env:
2026-10-06T15:32:22.8054424Z   UV_VERSION: 0.12.9
2026-10-06T15:32:22.8054874Z   DATABASE_URL: ***localhost:5432/brain_test
2026-10-06T15:32:22.8055319Z   COVERAGE_FILE: /home/runner/work/Verz-OS-v2.0/Verz-OS-v2.0/coverage-shard-2
2026-10-06T15:32:22.8056052Z ##[endgroup]
2026-10-06T15:32:22.9113832Z Syncing repository: rpsj2230/Verz-OS-v2.0
2026-10-06T15:32:22.9115829Z ##[group]Getting Git version info
2026-10-06T15:32:22.9116454Z Working directory is '/home/runner/work/Verz-OS-v2.0/Verz-OS-v2.0'
2026-10-06T15:32:22.9117079Z [command]/usr/bin/git version
2026-10-06T15:32:22.9154351Z git version 2.55.0
2026-10-06T15:32:22.9177660Z ##[endgroup]
2026-10-06T15:32:22.9193180Z Temporarily overriding HOME='/home/runner/work/_temp/b1f2bb1f-ac0d-44a9-b712-ed7d9468e396' before making global git config changes
2026-10-06T15:32:22.9194456Z Adding repository directory to the temporary git global config as a safe directory
2026-10-06T15:32:22.9202194Z [command]/usr/bin/git config --global --add safe.directory /home/runner/work/Verz-OS-v2.0/Verz-OS-v2.0
2026-10-06T15:32:22.9260015Z Deleting the contents of '/home/runner/work/Verz-OS-v2.0/Verz-OS-v2.0'
2026-10-06T15:32:22.9264324Z ##[group]Initializing the repository
2026-10-06T15:32:22.9269451Z [command]/usr/bin/git init /home/runner/work/Verz-OS-v2.0/Verz-OS-v2.0
2026-10-06T15:32:22.9406139Z hint: Using 'master' as the name for the initial branch. This default branch name
2026-10-06T15:32:22.9412150Z hint: will change to "main" in Git 3.0. To configure the initial branch name
2026-10-06T15:32:22.9413159Z hint: to use in all of your new repositories, which will suppress this warning,
2026-10-06T15:32:22.9413943Z hint: call:
2026-10-06T15:32:22.9414263Z hint:
2026-10-06T15:32:22.9414789Z hint: 	git config --global init.defaultBranch <name>
2026-10-06T15:32:22.9415566Z hint:
2026-10-06T15:32:22.9418254Z hint: Names commonly chosen instead of 'master' are 'main', 'trunk' and
2026-10-06T15:32:22.9419202Z hint: 'development'. The just-created branch can be renamed via this command:
2026-10-06T15:32:22.9419967Z hint:
2026-10-06T15:32:22.9420322Z hint: 	git branch -m <name>
2026-10-06T15:32:22.9420759Z hint:
2026-10-06T15:32:22.9421310Z hint: Disable this message with "git config set advice.defaultBranchName false"
2026-10-06T15:32:22.9422296Z Initialized empty Git repository in /home/runner/work/Verz-OS-v2.0/Verz-OS-v2.0/.git/
2026-10-06T15:32:22.9424205Z [command]/usr/bin/git remote add origin https://github.com/rpsj2230/Verz-OS-v2.0
2026-10-06T15:32:22.9477745Z ##[endgroup]
2026-10-06T15:32:22.9478432Z ##[group]Disabling automatic garbage collection
2026-10-06T15:32:22.9481714Z [command]/usr/bin/git config --local gc.auto 0
2026-10-06T15:32:22.9513536Z ##[endgroup]
2026-10-06T15:32:22.9514165Z ##[group]Setting up auth
2026-10-06T15:32:22.9522281Z [command]/usr/bin/git config --local --name-only --get-regexp core\.sshCommand
2026-10-06T15:32:22.9563254Z [command]/usr/bin/git submodule foreach --recursive sh -c "git config --local --name-only --get-regexp 'core\.sshCommand' && git config --local --unset-all 'core.sshCommand' || :"
2026-10-06T15:32:22.9951923Z [command]/usr/bin/git config --local --name-only --get-regexp http\.https\:\/\/github\.com\/\.extraheader
2026-10-06T15:32:22.9992254Z [command]/usr/bin/git submodule foreach --recursive sh -c "git config --local --name-only --get-regexp 'http\.https\:\/\/github\.com\/\.extraheader' && git config --local --unset-all 'http.https://github.com/.extraheader' || :"
2026-10-06T15:32:23.0226855Z [command]/usr/bin/git config --local --name-only --get-regexp ^includeIf\.gitdir:
2026-10-06T15:32:23.0265186Z [command]/usr/bin/git submodule foreach --recursive git config --local --show-origin --name-only --get-regexp remote.origin.url
2026-10-06T15:32:23.0495987Z [command]/usr/bin/git config --local http.https://github.com/.extraheader AUTHORIZATION: basic ***
2026-10-06T15:32:23.0538350Z ##[endgroup]
2026-10-06T15:32:23.0538980Z ##[group]Fetching the repository
2026-10-06T15:32:23.0557322Z [command]/usr/bin/git -c protocol.version=2 fetch --prune --no-recurse-submodules origin +refs/heads/*:refs/remotes/origin/* +refs/tags/*:refs/tags/* +fa0f2d36c56b184d7883aff7afe7a29044e0c611:refs/remotes/pull/427/merge
2026-10-06T15:32:26.9973624Z From https://github.com/rpsj2230/Verz-OS-v2.0
2026-10-06T15:32:26.9974777Z  * [new branch]        M0/keycloak-first-start-memory           -> origin/M0/keycloak-first-start-memory
2026-10-06T15:32:26.9976226Z  * [new branch]        M0/keycloak-fixed-heap                   -> origin/M0/keycloak-fixed-heap
2026-10-06T15:32:26.9977191Z  * [new branch]        M0/w2-ci-path-filters                    -> origin/M0/w2-ci-path-filters
2026-10-06T15:32:26.9978234Z  * [new branch]        M0/w2-test-selection-shadow              -> origin/M0/w2-test-selection-shadow
2026-10-06T15:32:26.9979174Z  * [new branch]        M1/add-work-email                        -> origin/M1/add-work-email
2026-10-06T15:32:26.9980063Z  * [new branch]        M1/console-token-scope                   -> origin/M1/console-token-scope
2026-10-06T15:32:26.9981403Z  * [new branch]        M1/departments-from                      -> origin/M1/departments-from
2026-10-06T15:32:26.9982387Z  * [new branch]        M1/departments-from-relanded             -> origin/M1/departments-from-relanded
2026-10-06T15:32:26.9983566Z  * [new branch]        M1/group-sync-break-glass-notice         -> origin/M1/group-sync-break-glass-notice
2026-10-06T15:32:26.9984604Z  * [new branch]        M1/head-audit-reads                      -> origin/M1/head-audit-reads
2026-10-06T15:32:26.9985803Z  * [new branch]        M1/ldap-staff-source                     -> origin/M1/ldap-staff-source
2026-10-06T15:32:26.9986716Z  * [new branch]        M1/people-status                         -> origin/M1/people-status
2026-10-06T15:32:26.9987650Z  * [new branch]        M1/relay-to-sign-in                      -> origin/M1/relay-to-sign-in
2026-10-06T15:32:26.9988597Z  * [new branch]        M1/role-grants-deputies-floor            -> origin/M1/role-grants-deputies-floor
2026-10-06T15:32:26.9989747Z  * [new branch]        M1/role-grants-deputies-floor-r225625    -> origin/M1/role-grants-deputies-floor-r225625
2026-10-06T15:32:26.9990792Z  * [new branch]        M1/staff-accounts                        -> origin/M1/staff-accounts
2026-10-06T15:32:26.9991776Z  * [new branch]        M1/staff-adapters-gws-entra-lark         -> origin/M1/staff-adapters-gws-entra-lark
2026-10-06T15:32:26.9992739Z  * [new branch]        M1/staff-are-people                      -> origin/M1/staff-are-people
2026-10-06T15:32:26.9993714Z  * [new branch]        M1/staff-source-connect-leaver-stop      -> origin/M1/staff-source-connect-leaver-stop
2026-10-06T15:32:26.9994776Z  * [new branch]        M1/staff-sync-diagnostics                -> origin/M1/staff-sync-diagnostics
2026-10-06T15:32:26.9996052Z  * [new branch]        M1/starter-pack-per-department           -> origin/M1/starter-pack-per-department
2026-10-06T15:32:26.9997050Z  * [new branch]        M10/channel-email                        -> origin/M10/channel-email
2026-10-06T15:32:26.9997953Z  * [new branch]        M10/channel-email-mailbox                -> origin/M10/channel-email-mailbox
2026-10-06T15:32:26.9999125Z  * [new branch]        M10/channel-pipeline                     -> origin/M10/channel-pipeline
2026-10-06T15:32:27.0000021Z  * [new branch]        M10/channel-slack                        -> origin/M10/channel-slack
2026-10-06T15:32:27.0000830Z  * [new branch]        M10/channel-teams                        -> origin/M10/channel-teams
2026-10-06T15:32:27.0001683Z  * [new branch]        M10/channel-telegram                     -> origin/M10/channel-telegram
2026-10-06T15:32:27.0002574Z  * [new branch]        M10/channel-whatsapp                     -> origin/M10/channel-whatsapp
2026-10-06T15:32:27.0003548Z  * [new branch]        M10/channels-screen-binding              -> origin/M10/channels-screen-binding
2026-10-06T15:32:27.0004527Z  * [new branch]        M10/lark-chat-channel                    -> origin/M10/lark-chat-channel
2026-10-06T15:32:27.0005800Z  * [new branch]        M10/w2-approval-cards                    -> origin/M10/w2-approval-cards
2026-10-06T15:32:27.0006805Z  * [new branch]        M10/w2-card-on-raise                     -> origin/M10/w2-card-on-raise
2026-10-06T15:32:27.0007775Z  * [new branch]        M10/w2-channel-checks                    -> origin/M10/w2-channel-checks
2026-10-06T15:32:27.0008737Z  * [new branch]        M10/w2-widget-public                     -> origin/M10/w2-widget-public
2026-10-06T15:32:27.0009688Z  * [new branch]        M10/w2-widget-session                    -> origin/M10/w2-widget-session
2026-10-06T15:32:27.0010657Z  * [new branch]        M10/widget-test-clock                    -> origin/M10/widget-test-clock
2026-10-06T15:32:27.0011629Z  * [new branch]        M11/ceilings-discovery                   -> origin/M11/ceilings-discovery
2026-10-06T15:32:27.0012673Z  * [new branch]        M11/connector-discovery                  -> origin/M11/connector-discovery
2026-10-06T15:32:27.0013850Z  * [new branch]        M11/connector-registries-minimal-index   -> origin/M11/connector-registries-minimal-index
2026-10-06T15:32:27.0015608Z  * [new branch]        M11/freshdesk-connector                  -> origin/M11/freshdesk-connector
2026-10-06T15:32:27.0016719Z  * [new branch]        M11/lark-wiki-base-connectors            -> origin/M11/lark-wiki-base-connectors
2026-10-06T15:32:27.0017845Z  * [new branch]        M11/live-read-speed-budget               -> origin/M11/live-read-speed-budget
2026-10-06T15:32:27.0018947Z  * [new branch]        M11/live-read-speed-budget-r2            -> origin/M11/live-read-speed-budget-r2
2026-10-06T15:32:27.0019985Z  * [new branch]        M11/w2-change-signals                    -> origin/M11/w2-change-signals
2026-10-06T15:32:27.0021069Z  * [new branch]        M11/w2-cloudflare                        -> origin/M11/w2-cloudflare
2026-10-06T15:32:27.0022216Z  * [new branch]        M11/w2-connect-drive-laravel             -> origin/M11/w2-connect-drive-laravel
2026-10-06T15:32:27.0023256Z  * [new branch]        M11/w2-connector-checks                  -> origin/M11/w2-connector-checks
2026-10-06T15:32:27.0024326Z  * [new branch]        M11/w2-connector-lifecycle               -> origin/M11/w2-connector-lifecycle
2026-10-06T15:32:27.0025672Z  * [new branch]        M11/w2-connector-metrics                 -> origin/M11/w2-connector-metrics
2026-10-06T15:32:27.0026734Z  * [new branch]        M11/w2-connectors-tools                  -> origin/M11/w2-connectors-tools
2026-10-06T15:32:27.0027780Z  * [new branch]        M11/w2-connectors-tools-2                -> origin/M11/w2-connectors-tools-2
2026-10-06T15:32:27.0028737Z  * [new branch]        M11/w2-domains                           -> origin/M11/w2-domains
2026-10-06T15:32:27.0029660Z  * [new branch]        M11/w2-drive-depth-first                 -> origin/M11/w2-drive-depth-first
2026-10-06T15:32:27.0030599Z  * [new branch]        M11/w2-drive-read                        -> origin/M11/w2-drive-read
2026-10-06T15:32:27.0031530Z  * [new branch]        M11/w2-framework-checks                  -> origin/M11/w2-framework-checks
2026-10-06T15:32:27.0032824Z  * [new branch]        M11/w2-freshdesk-live                    -> origin/M11/w2-freshdesk-live
2026-10-06T15:32:27.0033867Z  * [new branch]        M11/w2-freshdesk-reply                   -> origin/M11/w2-freshdesk-reply
2026-10-06T15:32:27.0034875Z  * [new branch]        M11/w2-google-analytics                  -> origin/M11/w2-google-analytics
2026-10-06T15:32:27.0036185Z  * [new branch]        M11/w2-google-workspace                  -> origin/M11/w2-google-workspace
2026-10-06T15:32:27.0037147Z  * [new branch]        M11/w2-hubspot-live                      -> origin/M11/w2-hubspot-live
2026-10-06T15:32:27.0038092Z  * [new branch]        M11/w2-laravel-read                      -> origin/M11/w2-laravel-read
2026-10-06T15:32:27.0038981Z  * [new branch]        M11/w2-lark-base                         -> origin/M11/w2-lark-base
2026-10-06T15:32:27.0039835Z  * [new branch]        M11/w2-oauth                             -> origin/M11/w2-oauth
2026-10-06T15:32:27.0040752Z  * [new branch]        M11/w2-requirement-areas                 -> origin/M11/w2-requirement-areas
2026-10-06T15:32:27.0041765Z  * [new branch]        M11/w2-schema-drift                      -> origin/M11/w2-schema-drift
2026-10-06T15:32:27.0042697Z  * [new branch]        M11/w2-search-console                    -> origin/M11/w2-search-console
2026-10-06T15:32:27.0043636Z  * [new branch]        M11/w2-slack-source                      -> origin/M11/w2-slack-source
2026-10-06T15:32:27.0044585Z  * [new branch]        M11/w2-spec-connector                    -> origin/M11/w2-spec-connector
2026-10-06T15:32:27.0045790Z  * [new branch]        M11/w2-staleness                         -> origin/M11/w2-staleness
2026-10-06T15:32:27.0046813Z  * [new branch]        M11/w2-transports                        -> origin/M11/w2-transports
2026-10-06T15:32:27.0047659Z  * [new branch]        M11/w2-write-tools                       -> origin/M11/w2-write-tools
2026-10-06T15:32:27.0048979Z  * [new branch]        M11/w3-connectable-checks                -> origin/M11/w3-connectable-checks
2026-10-06T15:32:27.0049973Z  * [new branch]        M11/w3-live-answers                      -> origin/M11/w3-live-answers
2026-10-06T15:32:27.0050969Z  * [new branch]        M11/w3-ready-from-console                -> origin/M11/w3-ready-from-console
2026-10-06T15:32:27.0051967Z  * [new branch]        M11/w3-write-proved                      -> origin/M11/w3-write-proved
2026-10-06T15:32:27.0052923Z  * [new branch]        M11/wave2-acceptance                     -> origin/M11/wave2-acceptance
2026-10-06T15:32:27.0053896Z  * [new branch]        M12/skill-import-review                  -> origin/M12/skill-import-review
2026-10-06T15:32:27.0054941Z  * [new branch]        M12/tool-catalogue-switch                -> origin/M12/tool-catalogue-switch
2026-10-06T15:32:27.0056341Z  * [new branch]        M12/tool-catalogue-switch-r195618        -> origin/M12/tool-catalogue-switch-r195618
2026-10-06T15:32:27.0057483Z  * [new branch]        M12/w2-chat-attach-control               -> origin/M12/w2-chat-attach-control
2026-10-06T15:32:27.0058571Z  * [new branch]        M12/w2-chat-attachments                  -> origin/M12/w2-chat-attachments
2026-10-06T15:32:27.0059613Z  * [new branch]        M12/w2-default-leash                     -> origin/M12/w2-default-leash
2026-10-06T15:32:27.0060598Z  * [new branch]        M12/w2-skill-packages                    -> origin/M12/w2-skill-packages
2026-10-06T15:32:27.0061648Z  * [new branch]        M12/w2-skill-script-digest               -> origin/M12/w2-skill-script-digest
2026-10-06T15:32:27.0062641Z  * [new branch]        M12/w2-sop-import                        -> origin/M12/w2-sop-import
2026-10-06T15:32:27.0063588Z  * [new branch]        M12/w2-website-check                     -> origin/M12/w2-website-check
2026-10-06T15:32:27.0064401Z  * [new branch]        M12/w3-skill-export-rehearsal            -> origin/M12/w3-skill-export-rehearsal
2026-10-06T15:32:27.0065014Z  * [new branch]        M12/w3-skill-pin-checks                  -> origin/M12/w3-skill-pin-checks
2026-10-06T15:32:27.0066086Z  * [new branch]        M12/w3-skill-pins-wired                  -> origin/M12/w3-skill-pins-wired
2026-10-06T15:32:27.0066678Z  * [new branch]        M12/website-check-tool                   -> origin/M12/website-check-tool
2026-10-06T15:32:27.0067202Z  * [new branch]        M13/halt-agent                           -> origin/M13/halt-agent
2026-10-06T15:32:27.0067733Z  * [new branch]        M13/install-checks-agents                -> origin/M13/install-checks-agents
2026-10-06T15:32:27.0068301Z  * [new branch]        M13/runtime-side-effects                 -> origin/M13/runtime-side-effects
2026-10-06T15:32:27.0069101Z  * [new branch]        M13/template-signing-key                 -> origin/M13/template-signing-key
2026-10-06T15:32:27.0069964Z  * [new branch]        M13/w2-template-key                      -> origin/M13/w2-template-key
2026-10-06T15:32:27.0070500Z  * [new branch]        M13/w3-actions-stack                     -> origin/M13/w3-actions-stack
2026-10-06T15:32:27.0071064Z  * [new branch]        M13/w3-agent-channels-edit               -> origin/M13/w3-agent-channels-edit
2026-10-06T15:32:27.0071614Z  * [new branch]        M13/w3-agent-reach                       -> origin/M13/w3-agent-reach
2026-10-06T15:32:27.0072140Z  * [new branch]        M13/w3-agent-runtime                     -> origin/M13/w3-agent-runtime
2026-10-06T15:32:27.0072694Z  * [new branch]        M13/w3-approved-runs-once                -> origin/M13/w3-approved-runs-once
2026-10-06T15:32:27.0073249Z  * [new branch]        M13/w3-builder-checks                    -> origin/M13/w3-builder-checks
2026-10-06T15:32:27.0073791Z  * [new branch]        M13/w3-connector-binding                 -> origin/M13/w3-connector-binding
2026-10-06T15:32:27.0074370Z  * [new branch]        M13/w3-runtime-side-effects              -> origin/M13/w3-runtime-side-effects
2026-10-06T15:32:27.0074940Z  * [new branch]        M13/w3-template-checks                   -> origin/M13/w3-template-checks
2026-10-06T15:32:27.0075988Z  * [new branch]        M13/w3-wiki-page-read                    -> origin/M13/w3-wiki-page-read
2026-10-06T15:32:27.0076528Z  * [new branch]        M13/wire-agent-upgrade                   -> origin/M13/wire-agent-upgrade
2026-10-06T15:32:27.0077579Z  * [new branch]        M13/wire-answer-key                      -> origin/M13/wire-answer-key
2026-10-06T15:32:27.0078528Z  * [new branch]        M13/wire-publish-gate                    -> origin/M13/wire-publish-gate
2026-10-06T15:32:27.0079414Z  * [new branch]        M14/w3-calibration                       -> origin/M14/w3-calibration
2026-10-06T15:32:27.0080395Z  * [new branch]        M14/w3-entity-resolution                 -> origin/M14/w3-entity-resolution
2026-10-06T15:32:27.0081343Z  * [new branch]        M14/w3-pepper                            -> origin/M14/w3-pepper
2026-10-06T15:32:27.0082387Z  * [new branch]        M14/w3-register-decisions                -> origin/M14/w3-register-decisions
2026-10-06T15:32:27.0083392Z  * [new branch]        M14/w3-unresolved                        -> origin/M14/w3-unresolved
2026-10-06T15:32:27.0084414Z  * [new branch]        M15/retrieval-log-replay                 -> origin/M15/retrieval-log-replay
2026-10-06T15:32:27.0085828Z  * [new branch]        M15/typed-rows-department-scope          -> origin/M15/typed-rows-department-scope
2026-10-06T15:32:27.0086989Z  * [new branch]        M15/w2-narrow-reader-scan                -> origin/M15/w2-narrow-reader-scan
2026-10-06T15:32:27.0088052Z  * [new branch]        M16/needs-memory-items                   -> origin/M16/needs-memory-items
2026-10-06T15:32:27.0089020Z  * [new branch]        M16/w3-channel-marks                     -> origin/M16/w3-channel-marks
2026-10-06T15:32:27.0089939Z  * [new branch]        M16/w3-confirmed                         -> origin/M16/w3-confirmed
2026-10-06T15:32:27.0090816Z  * [new branch]        M16/w3-context                           -> origin/M16/w3-context
2026-10-06T15:32:27.0091783Z  * [new branch]        M16/w3-learning-candidates               -> origin/M16/w3-learning-candidates
2026-10-06T15:32:27.0093037Z  * [new branch]        M16/w3-learning-tables                   -> origin/M16/w3-learning-tables
2026-10-06T15:32:27.0093981Z  * [new branch]        M16/w3-marks                             -> origin/M16/w3-marks
2026-10-06T15:32:27.0094879Z  * [new branch]        M16/w3-memory-learning                   -> origin/M16/w3-memory-learning
2026-10-06T15:32:27.0096059Z  * [new branch]        M16/w3-signal-log                        -> origin/M16/w3-signal-log
2026-10-06T15:32:27.0096917Z  * [new branch]        M16/w3-waiting                           -> origin/M16/w3-waiting
2026-10-06T15:32:27.0097812Z  * [new branch]        M16/w3-weekly-digest                     -> origin/M16/w3-weekly-digest
2026-10-06T15:32:27.0098748Z  * [new branch]        M20/draft-forms-fix                      -> origin/M20/draft-forms-fix
2026-10-06T15:32:27.0099692Z  * [new branch]        M20/w3-publish-record                    -> origin/M20/w3-publish-record
2026-10-06T15:32:27.0100687Z  * [new branch]        M20/wire-builder-sections                -> origin/M20/wire-builder-sections
2026-10-06T15:32:27.0101652Z  * [new branch]        M20/wire-coauthor                        -> origin/M20/wire-coauthor
2026-10-06T15:32:27.0102557Z  * [new branch]        M21/budget-stops                         -> origin/M21/budget-stops
2026-10-06T15:32:27.0103527Z  * [new branch]        M21/record-usage-for-stats               -> origin/M21/record-usage-for-stats
2026-10-06T15:32:27.0104544Z  * [new branch]        M22/w2-admission-classes                 -> origin/M22/w2-admission-classes
2026-10-06T15:32:27.0105897Z  * [new branch]        M22/w2-capacity-trace-pii-checks         -> origin/M22/w2-capacity-trace-pii-checks
2026-10-06T15:32:27.0106995Z  * [new branch]        M22/w2-class-pools                       -> origin/M22/w2-class-pools
2026-10-06T15:32:27.0108153Z  * [new branch]        M22/w2-pool-limits                       -> origin/M22/w2-pool-limits
2026-10-06T15:32:27.0109078Z  * [new branch]        M22/w2-ready-probe                       -> origin/M22/w2-ready-probe
2026-10-06T15:32:27.0110017Z  * [new branch]        M23/rate-limits-live                     -> origin/M23/rate-limits-live
2026-10-06T15:32:27.0110948Z  * [new branch]        M23/w2-proof-recovery                    -> origin/M23/w2-proof-recovery
2026-10-06T15:32:27.0111914Z  * [new branch]        M23/w2-redrive                           -> origin/M23/w2-redrive
2026-10-06T15:32:27.0112936Z  * [new branch]        M24/decisions-compliance-breach          -> origin/M24/decisions-compliance-breach
2026-10-06T15:32:27.0114356Z  * [new branch]        M24/trace-and-session-audit              -> origin/M24/trace-and-session-audit
2026-10-06T15:32:27.0115592Z  * [new branch]        M27/agent-builder                        -> origin/M27/agent-builder
2026-10-06T15:32:27.0116532Z  * [new branch]        M27/connect-wizards                      -> origin/M27/connect-wizards
2026-10-06T15:32:27.0117513Z  * [new branch]        M27/connect-wizards-2                    -> origin/M27/connect-wizards-2
2026-10-06T15:32:27.0118499Z  * [new branch]        M27/connect-wizards-3                    -> origin/M27/connect-wizards-3
2026-10-06T15:32:27.0119464Z  * [new branch]        M27/connect-wizards-4                    -> origin/M27/connect-wizards-4
2026-10-06T15:32:27.0120429Z  * [new branch]        M27/connector-drift                      -> origin/M27/connector-drift
2026-10-06T15:32:27.0121424Z  * [new branch]        M27/connector-test-probe                 -> origin/M27/connector-test-probe
2026-10-06T15:32:27.0122489Z  * [new branch]        M27/console-automations                  -> origin/M27/console-automations
2026-10-06T15:32:27.0123146Z  * [new branch]        M27/console-batch-0928                   -> origin/M27/console-batch-0928
2026-10-06T15:32:27.0123704Z  * [new branch]        M27/console-channels                     -> origin/M27/console-channels
2026-10-06T15:32:27.0124462Z  * [new branch]        M27/console-connectors                   -> origin/M27/console-connectors
2026-10-06T15:32:27.0125025Z  * [new branch]        M27/console-credentials                  -> origin/M27/console-credentials
2026-10-06T15:32:27.0125953Z  * [new branch]        M27/console-credentials-r2               -> origin/M27/console-credentials-r2
2026-10-06T15:32:27.0126547Z  * [new branch]        M27/console-governance                   -> origin/M27/console-governance
2026-10-06T15:32:27.0127092Z  * [new branch]        M27/console-knowledge                    -> origin/M27/console-knowledge
2026-10-06T15:32:27.0127641Z  * [new branch]        M27/console-knowledge-r2                 -> origin/M27/console-knowledge-r2
2026-10-06T15:32:27.0128216Z  * [new branch]        M27/console-knowledge-r3                 -> origin/M27/console-knowledge-r3
2026-10-06T15:32:27.0128772Z  * [new branch]        M27/console-last-pages                   -> origin/M27/console-last-pages
2026-10-06T15:32:27.0129368Z  * [new branch]        M27/console-models-routing               -> origin/M27/console-models-routing
2026-10-06T15:32:27.0129996Z  * [new branch]        M27/console-navigation-groups            -> origin/M27/console-navigation-groups
2026-10-06T15:32:27.0130578Z  * [new branch]        M27/console-operations                   -> origin/M27/console-operations
2026-10-06T15:32:27.0131138Z  * [new branch]        M27/console-overview-home                -> origin/M27/console-overview-home
2026-10-06T15:32:27.0131763Z  * [new branch]        M27/console-page-kit-agents              -> origin/M27/console-page-kit-agents
2026-10-06T15:32:27.0132342Z  * [new branch]        M27/console-people-org                   -> origin/M27/console-people-org
2026-10-06T15:32:27.0132878Z  * [new branch]        M27/console-platform                     -> origin/M27/console-platform
2026-10-06T15:32:27.0133485Z  * [new branch]        M27/console-registries-per-module        -> origin/M27/console-registries-per-module
2026-10-06T15:32:27.0134251Z  * [new branch]        M27/console-reports                      -> origin/M27/console-reports
2026-10-06T15:32:27.0134763Z  * [new branch]        M27/console-skills                       -> origin/M27/console-skills
2026-10-06T15:32:27.0135628Z  * [new branch]        M27/console-stats-overview               -> origin/M27/console-stats-overview
2026-10-06T15:32:27.0136278Z  * [new branch]        M27/console-stats-overview-r2            -> origin/M27/console-stats-overview-r2
2026-10-06T15:32:27.0136900Z  * [new branch]        M27/console-stats-overview-r3            -> origin/M27/console-stats-overview-r3
2026-10-06T15:32:27.0137501Z  * [new branch]        M27/console-stats-overview-r4            -> origin/M27/console-stats-overview-r4
2026-10-06T15:32:27.0138097Z  * [new branch]        M27/console-stats-overview-r5            -> origin/M27/console-stats-overview-r5
2026-10-06T15:32:27.0138685Z  * [new branch]        M27/console-stats-overview-r6            -> origin/M27/console-stats-overview-r6
2026-10-06T15:32:27.0139279Z  * [new branch]        M27/console-teardown-flake               -> origin/M27/console-teardown-flake
2026-10-06T15:32:27.0139868Z  * [new branch]        M27/department-about-flake               -> origin/M27/department-about-flake
2026-10-06T15:32:27.0140469Z  * [new branch]        M27/departments-page-writes              -> origin/M27/departments-page-writes
2026-10-06T15:32:27.0140983Z  * [new branch]        M27/halt                                 -> origin/M27/halt
2026-10-06T15:32:27.0141509Z  * [new branch]        M27/halt-and-agent-lifecycle             -> origin/M27/halt-and-agent-lifecycle
2026-10-06T15:32:27.0142069Z  * [new branch]        M27/halt-screen                          -> origin/M27/halt-screen
2026-10-06T15:32:27.0142543Z  * [new branch]        M27/halt-store                           -> origin/M27/halt-store
2026-10-06T15:32:27.0143068Z  * [new branch]        M27/harness-console-proofs               -> origin/M27/harness-console-proofs
2026-10-06T15:32:27.0143641Z  * [new branch]        M27/incidents-screen                     -> origin/M27/incidents-screen
2026-10-06T15:32:27.0169647Z  * [new branch]        M27/models-matrix                        -> origin/M27/models-matrix
2026-10-06T15:32:27.0170687Z  * [new branch]        M27/models-routing-plain                 -> origin/M27/models-routing-plain
2026-10-06T15:32:27.0171729Z  * [new branch]        M27/models-screen-matrix                 -> origin/M27/models-screen-matrix
2026-10-06T15:32:27.0172897Z  * [new branch]        M27/money-figures-carry-currency         -> origin/M27/money-figures-carry-currency
2026-10-06T15:32:27.0173966Z  * [new branch]        M27/people-grant-controls                -> origin/M27/people-grant-controls
2026-10-06T15:32:27.0174986Z  * [new branch]        M27/service-accounts-page                -> origin/M27/service-accounts-page
2026-10-06T15:32:27.0176413Z  * [new branch]        M27/stats-live-reads-skill-runs          -> origin/M27/stats-live-reads-skill-runs
2026-10-06T15:32:27.0177460Z  * [new branch]        M27/w3-browser-e2e                       -> origin/M27/w3-browser-e2e
2026-10-06T15:32:27.0178393Z  * [new branch]        M27/w3-browser-harness                   -> origin/M27/w3-browser-harness
2026-10-06T15:32:27.0179390Z  * [new branch]        M27/w3-credentials-checks                -> origin/M27/w3-credentials-checks
2026-10-06T15:32:27.0180402Z  * [new branch]        M27/w3-harness-app-memory                -> origin/M27/w3-harness-app-memory
2026-10-06T15:32:27.0181462Z  * [new branch]        M27/w3-harness-console-proofs            -> origin/M27/w3-harness-console-proofs
2026-10-06T15:32:27.0182533Z  * [new branch]        M27/w3-ops-screen-checks-a               -> origin/M27/w3-ops-screen-checks-a
2026-10-06T15:32:27.0183447Z  * [new branch]        M27/w3b-ops-1                            -> origin/M27/w3b-ops-1
2026-10-06T15:32:27.0184262Z  * [new branch]        M27/w3b-ops-2                            -> origin/M27/w3b-ops-2
2026-10-06T15:32:27.0185610Z  * [new branch]        M27/w3b-ops-3                            -> origin/M27/w3b-ops-3
2026-10-06T15:32:27.0186473Z  * [new branch]        M27/w3b-ops-4                            -> origin/M27/w3b-ops-4
2026-10-06T15:32:27.0187318Z  * [new branch]        M27/w3b-people-1                         -> origin/M27/w3b-people-1
2026-10-06T15:32:27.0188217Z  * [new branch]        M27/w3b-people-2                         -> origin/M27/w3b-people-2
2026-10-06T15:32:27.0189080Z  * [new branch]        M27/w3b-people-3                         -> origin/M27/w3b-people-3
2026-10-06T15:32:27.0189901Z  * [new branch]        M27/walk-defects                         -> origin/M27/walk-defects
2026-10-06T15:32:27.0190910Z  * [new branch]        M27/webhook-switch-on-and-replay         -> origin/M27/webhook-switch-on-and-replay
2026-10-06T15:32:27.0192015Z  * [new branch]        M28/golden-corpus-blocks-merge           -> origin/M28/golden-corpus-blocks-merge
2026-10-06T15:32:27.0193112Z  * [new branch]        M3/risk-and-route-on-row                 -> origin/M3/risk-and-route-on-row
2026-10-06T15:32:27.0194196Z  * [new branch]        M30/compat-permissive-policy             -> origin/M30/compat-permissive-policy
2026-10-06T15:32:27.0195221Z  * [new branch]        M31/apps-are-freed                       -> origin/M31/apps-are-freed
2026-10-06T15:32:27.0196426Z  * [new branch]        M31/fork-workers                         -> origin/M31/fork-workers
2026-10-06T15:32:27.0197305Z  * [new branch]        M31/simple-vault                         -> origin/M31/simple-vault
2026-10-06T15:32:27.0198334Z  * [new branch]        M31/worker-loads-saved-settings          -> origin/M31/worker-loads-saved-settings
2026-10-06T15:32:27.0199398Z  * [new branch]        M31/worker-mb-measured                   -> origin/M31/worker-mb-measured
2026-10-06T15:32:27.0200432Z  * [new branch]        M32/proof-sweep-module                   -> origin/M32/proof-sweep-module
2026-10-06T15:32:27.0201434Z  * [new branch]        M32/w2-deploy-proof                      -> origin/M32/w2-deploy-proof
2026-10-06T15:32:27.0202624Z  * [new branch]        M32/w2-deploy-proof-2                    -> origin/M32/w2-deploy-proof-2
2026-10-06T15:32:27.0203635Z  * [new branch]        M32/w2-deploy-proof-3                    -> origin/M32/w2-deploy-proof-3
2026-10-06T15:32:27.0204590Z  * [new branch]        M32/w2-egress-scrub                      -> origin/M32/w2-egress-scrub
2026-10-06T15:32:27.0205904Z  * [new branch]        M32/w2-overlay-langfuse                  -> origin/M32/w2-overlay-langfuse
2026-10-06T15:32:27.0206949Z  * [new branch]        M32/w2-overlay-presidio                  -> origin/M32/w2-overlay-presidio
2026-10-06T15:32:27.0207970Z  * [new branch]        M32/w2-payload-role                      -> origin/M32/w2-payload-role
2026-10-06T15:32:27.0208962Z  * [new branch]        M32/w2-proof-records                     -> origin/M32/w2-proof-records
2026-10-06T15:32:27.0209943Z  * [new branch]        M32/w2-proof-sweep-1005                  -> origin/M32/w2-proof-sweep-1005
2026-10-06T15:32:27.0210969Z  * [new branch]        M32/w2-proof-sweep-1006                  -> origin/M32/w2-proof-sweep-1006
2026-10-06T15:32:27.0211791Z  * [new branch]        M32/w2-sandbox-pr                        -> origin/M32/w2-sandbox-pr
2026-10-06T15:32:27.0212328Z  * [new branch]        M32/w2-scrub-cpu-clock                   -> origin/M32/w2-scrub-cpu-clock
2026-10-06T15:32:27.0212862Z  * [new branch]        M32/w2-trace-export                      -> origin/M32/w2-trace-export
2026-10-06T15:32:27.0213406Z  * [new branch]        M32/w2-trace-graph-page                  -> origin/M32/w2-trace-graph-page
2026-10-06T15:32:27.0214009Z  * [new branch]        M32/w2-trace-retention-proof             -> origin/M32/w2-trace-retention-proof
2026-10-06T15:32:27.0214604Z  * [new branch]        M32/w3-proof-sweep-1006b                 -> origin/M32/w3-proof-sweep-1006b
2026-10-06T15:32:27.0215158Z  * [new branch]        M33/approval-reach                       -> origin/M33/approval-reach
2026-10-06T15:32:27.0216279Z  * [new branch]        M33/audit-statistics                     -> origin/M33/audit-statistics
2026-10-06T15:32:27.0216820Z  * [new branch]        M33/company-views                        -> origin/M33/company-views
2026-10-06T15:32:27.0217400Z  * [new branch]        M33/department-activity-check            -> origin/M33/department-activity-check
2026-10-06T15:32:27.0217998Z  * [new branch]        M33/department-views                     -> origin/M33/department-views
2026-10-06T15:32:27.0218528Z  * [new branch]        M33/elevation-chain                      -> origin/M33/elevation-chain
2026-10-06T15:32:27.0219088Z  * [new branch]        M33/install-checks-console               -> origin/M33/install-checks-console
2026-10-06T15:32:27.0219669Z  * [new branch]        M33/my-conversation-export               -> origin/M33/my-conversation-export
2026-10-06T15:32:27.0220250Z  * [new branch]        M33/people-history-grants                -> origin/M33/people-history-grants
2026-10-06T15:32:27.0220857Z  * [new branch]        M33/permission-sync-decision             -> origin/M33/permission-sync-decision
2026-10-06T15:32:27.0221429Z  * [new branch]        M33/role-nominations                     -> origin/M33/role-nominations
2026-10-06T15:32:27.0221935Z  * [new branch]        M33/train-0200                           -> origin/M33/train-0200
2026-10-06T15:32:27.0222454Z  * [new branch]        M33/w3-global-publish                    -> origin/M33/w3-global-publish
2026-10-06T15:32:27.0223029Z  * [new branch]        M33/w3-governance-checks                 -> origin/M33/w3-governance-checks
2026-10-06T15:32:27.0223632Z  * [new branch]        M33/w3-governance-checks-2               -> origin/M33/w3-governance-checks-2
2026-10-06T15:32:27.0224248Z  * [new branch]        M38/acceptance-chat-and-skills           -> origin/M38/acceptance-chat-and-skills
2026-10-06T15:32:27.0224907Z  * [new branch]        M38/acceptance-chat-and-skills-r2        -> origin/M38/acceptance-chat-and-skills-r2
2026-10-06T15:32:27.0225969Z  * [new branch]        M38/acceptance-counts-derived            -> origin/M38/acceptance-counts-derived
2026-10-06T15:32:27.0226646Z  * [new branch]        M38/acceptance-modules-discovered        -> origin/M38/acceptance-modules-discovered
2026-10-06T15:32:27.0227292Z  * [new branch]        M38/channel-send-every-wire              -> origin/M38/channel-send-every-wire
2026-10-06T15:32:27.0227874Z  * [new branch]        M38/ci-task-list-fast-path               -> origin/M38/ci-task-list-fast-path
2026-10-06T15:32:27.0228461Z  * [new branch]        M38/console-enterprise-tasks             -> origin/M38/console-enterprise-tasks
2026-10-06T15:32:27.0229069Z  * [new branch]        M38/install-acceptance-checks            -> origin/M38/install-acceptance-checks
2026-10-06T15:32:27.0229703Z  * [new branch]        M38/install-acceptance-checks-r2         -> origin/M38/install-acceptance-checks-r2
2026-10-06T15:32:27.0230343Z  * [new branch]        M38/install-acceptance-checks-r3         -> origin/M38/install-acceptance-checks-r3
2026-10-06T15:32:27.0230992Z  * [new branch]        M38/install-acceptance-checks-r4         -> origin/M38/install-acceptance-checks-r4
2026-10-06T15:32:27.0231543Z  * [new branch]        M38/m571-wave5                           -> origin/M38/m571-wave5
2026-10-06T15:32:27.0232070Z  * [new branch]        M38/merge-duplicates-w3-5                -> origin/M38/merge-duplicates-w3-5
2026-10-06T15:32:27.0232686Z  * [new branch]        M38/migration-train-0118-0138-0139       -> origin/M38/migration-train-0118-0138-0139
2026-10-06T15:32:27.0233309Z  * [new branch]        M38/migration-train-0190-0207            -> origin/M38/migration-train-0190-0207
2026-10-06T15:32:27.0233900Z  * [new branch]        M38/migration-train-0204-0211            -> origin/M38/migration-train-0204-0211
2026-10-06T15:32:27.0234461Z  * [new branch]        M38/migration-train-2                    -> origin/M38/migration-train-2
2026-10-06T15:32:27.0235134Z  * [new branch]        M38/migration-train-r2                   -> origin/M38/migration-train-r2
2026-10-06T15:32:27.0235883Z  * [new branch]        M38/needs-115-118                        -> origin/M38/needs-115-118
2026-10-06T15:32:27.0236392Z  * [new branch]        M38/needs-117-decided                    -> origin/M38/needs-117-decided
2026-10-06T15:32:27.0236943Z  * [new branch]        M38/needs-121-conversations              -> origin/M38/needs-121-conversations
2026-10-06T15:32:27.0237475Z  * [new branch]        M38/needs-122-125                        -> origin/M38/needs-122-125
2026-10-06T15:32:27.0237981Z  * [new branch]        M38/needs-125-chat-use                   -> origin/M38/needs-125-chat-use
2026-10-06T15:32:27.0238500Z  * [new branch]        M38/needs-125-decided                    -> origin/M38/needs-125-decided
2026-10-06T15:32:27.0239015Z  * [new branch]        M38/needs-126-decided                    -> origin/M38/needs-126-decided
2026-10-06T15:32:27.0239532Z  * [new branch]        M38/needs-126-services                   -> origin/M38/needs-126-services
2026-10-06T15:32:27.0240065Z  * [new branch]        M38/needs-126-steps                      -> origin/M38/needs-126-steps
2026-10-06T15:32:27.0240555Z  * [new branch]        M38/needs-127-129                        -> origin/M38/needs-127-129
2026-10-06T15:32:27.0241056Z  * [new branch]        M38/needs-131-accounts                   -> origin/M38/needs-131-accounts
2026-10-06T15:32:27.0241589Z  * [new branch]        M38/needs-131-relay-once                 -> origin/M38/needs-131-relay-once
2026-10-06T15:32:27.0242113Z  * [new branch]        M38/needs-132-email                      -> origin/M38/needs-132-email
2026-10-06T15:32:27.0242620Z  * [new branch]        M38/needs-132-mailbox                    -> origin/M38/needs-132-mailbox
2026-10-06T15:32:27.0243148Z  * [new branch]        M38/needs-132-no-address                 -> origin/M38/needs-132-no-address
2026-10-06T15:32:27.0243676Z  * [new branch]        M38/needs-133-indexing                   -> origin/M38/needs-133-indexing
2026-10-06T15:32:27.0244315Z  * [new branch]        M38/needs-134-slack                      -> origin/M38/needs-134-slack
2026-10-06T15:32:27.0244866Z  * [new branch]        M38/needs-135-drive-sharing              -> origin/M38/needs-135-drive-sharing
2026-10-06T15:32:27.0245645Z  * [new branch]        M38/needs-138-laravel-rule               -> origin/M38/needs-138-laravel-rule
2026-10-06T15:32:27.0246195Z  * [new branch]        M38/needs-14-reopened                    -> origin/M38/needs-14-reopened
2026-10-06T15:32:27.0246719Z  * [new branch]        M38/needs-143-sources                    -> origin/M38/needs-143-sources
2026-10-06T15:32:27.0247235Z  * [new branch]        M38/needs-148-laravel                    -> origin/M38/needs-148-laravel
2026-10-06T15:32:27.0247779Z  * [new branch]        M38/needs-150-drive                      -> origin/M38/needs-150-drive
2026-10-06T15:32:27.0248319Z  * [new branch]        M38/needs-151-slack-hubspot              -> origin/M38/needs-151-slack-hubspot
2026-10-06T15:32:27.0248874Z  * [new branch]        M38/needs-153-chinese                    -> origin/M38/needs-153-chinese
2026-10-06T15:32:27.0249384Z  * [new branch]        M38/needs-154-reload                     -> origin/M38/needs-154-reload
2026-10-06T15:32:27.0249910Z  * [new branch]        M38/needs-154-sandbox                    -> origin/M38/needs-154-sandbox
2026-10-06T15:32:27.0250410Z  * [new branch]        M38/needs-157-158                        -> origin/M38/needs-157-158
2026-10-06T15:32:27.0250882Z  * [new branch]        M38/needs-162                            -> origin/M38/needs-162
2026-10-06T15:32:27.0251352Z  * [new branch]        M38/needs-163-164                        -> origin/M38/needs-163-164
2026-10-06T15:32:27.0251824Z  * [new branch]        M38/needs-165                            -> origin/M38/needs-165
2026-10-06T15:32:27.0252298Z  * [new branch]        M38/needs-166-167                        -> origin/M38/needs-166-167
2026-10-06T15:32:27.0252901Z  * [new branch]        M38/needs-168                            -> origin/M38/needs-168
2026-10-06T15:32:27.0253420Z  * [new branch]        M38/needs-168-decided                    -> origin/M38/needs-168-decided
2026-10-06T15:32:27.0253909Z  * [new branch]        M38/needs-169                            -> origin/M38/needs-169
2026-10-06T15:32:27.0254346Z  * [new branch]        M38/needs-170                            -> origin/M38/needs-170
2026-10-06T15:32:27.0254782Z  * [new branch]        M38/needs-171                            -> origin/M38/needs-171
2026-10-06T15:32:27.0255217Z  * [new branch]        M38/needs-172                            -> origin/M38/needs-172
2026-10-06T15:32:27.0255941Z  * [new branch]        M38/needs-decided-0929                   -> origin/M38/needs-decided-0929
2026-10-06T15:32:27.0256523Z  * [new branch]        M38/oauth-seal-test-not-flaky            -> origin/M38/oauth-seal-test-not-flaky
2026-10-06T15:32:27.0257095Z  * [new branch]        M38/owner-answers-83                     -> origin/M38/owner-answers-83
2026-10-06T15:32:27.0257663Z  * [new branch]        M38/owner-answers-83-r224134             -> origin/M38/owner-answers-83-r224134
2026-10-06T15:32:27.0258232Z  * [new branch]        M38/owner-answers-85-97                  -> origin/M38/owner-answers-85-97
2026-10-06T15:32:27.0258783Z  * [new branch]        M38/owner-answers-99-106                 -> origin/M38/owner-answers-99-106
2026-10-06T15:32:27.0259354Z  * [new branch]        M38/owner-architecture-tasks             -> origin/M38/owner-architecture-tasks
2026-10-06T15:32:27.0259941Z  * [new branch]        M38/owner-decisions-tasks                -> origin/M38/owner-decisions-tasks
2026-10-06T15:32:27.0260558Z  * [new branch]        M38/postdeploy-proof-needs-three         -> origin/M38/postdeploy-proof-needs-three
2026-10-06T15:32:27.0261165Z  * [new branch]        M38/proof-required                       -> origin/M38/proof-required
2026-10-06T15:32:27.0261702Z  * [new branch]        M38/proof-to-close                       -> origin/M38/proof-to-close
2026-10-06T15:32:27.0262352Z  * [new branch]        M38/proofs-0929a                         -> origin/M38/proofs-0929a
2026-10-06T15:32:27.0262849Z  * [new branch]        M38/proofs-0929b                         -> origin/M38/proofs-0929b
2026-10-06T15:32:27.0263327Z  * [new branch]        M38/proofs-0929c                         -> origin/M38/proofs-0929c
2026-10-06T15:32:27.0263798Z  * [new branch]        M38/proofs-0929d                         -> origin/M38/proofs-0929d
2026-10-06T15:32:27.0264270Z  * [new branch]        M38/proofs-0929e                         -> origin/M38/proofs-0929e
2026-10-06T15:32:27.0264741Z  * [new branch]        M38/proofs-0929f                         -> origin/M38/proofs-0929f
2026-10-06T15:32:27.0265206Z  * [new branch]        M38/proofs-0929g                         -> origin/M38/proofs-0929g
2026-10-06T15:32:27.0265929Z  * [new branch]        M38/proofs-0929h                         -> origin/M38/proofs-0929h
2026-10-06T15:32:27.0266407Z  * [new branch]        M38/proofs-0929i                         -> origin/M38/proofs-0929i
2026-10-06T15:32:27.0266909Z  * [new branch]        M38/proofs-2026-09-28                    -> origin/M38/proofs-2026-09-28
2026-10-06T15:32:27.0267433Z  * [new branch]        M38/proofs-2026-09-28b                   -> origin/M38/proofs-2026-09-28b
2026-10-06T15:32:27.0267955Z  * [new branch]        M38/proofs-2026-09-28c                   -> origin/M38/proofs-2026-09-28c
2026-10-06T15:32:27.0268478Z  * [new branch]        M38/proofs-2026-09-28d                   -> origin/M38/proofs-2026-09-28d
2026-10-06T15:32:27.0268995Z  * [new branch]        M38/proofs-2026-09-29a                   -> origin/M38/proofs-2026-09-29a
2026-10-06T15:32:27.0269547Z  * [new branch]        M38/proofs-rate-limits                   -> origin/M38/proofs-rate-limits
2026-10-06T15:32:27.0270135Z  * [new branch]        M38/recovery-consolidation               -> origin/M38/recovery-consolidation
2026-10-06T15:32:27.0270867Z  * [new branch]        M38/requirements-register                -> origin/M38/requirements-register
2026-10-06T15:32:27.0271447Z  * [new branch]        M38/reuse-first-rule                     -> origin/M38/reuse-first-rule
2026-10-06T15:32:27.0272006Z  * [new branch]        M38/screens-agent-detail                 -> origin/M38/screens-agent-detail
2026-10-06T15:32:27.0272578Z  * [new branch]        M38/task-notes-prior-work                -> origin/M38/task-notes-prior-work
2026-10-06T15:32:27.0273128Z  * [new branch]        M38/traceability-fix                     -> origin/M38/traceability-fix
2026-10-06T15:32:27.0273659Z  * [new branch]        M38/tracker-2026-09-28                   -> origin/M38/tracker-2026-09-28
2026-10-06T15:32:27.0274206Z  * [new branch]        M38/tracker-batch1-landed                -> origin/M38/tracker-batch1-landed
2026-10-06T15:32:27.0274768Z  * [new branch]        M38/tracker-install-audit                -> origin/M38/tracker-install-audit
2026-10-06T15:32:27.0275546Z  * [new branch]        M38/tracker-wave1-landed                 -> origin/M38/tracker-wave1-landed
2026-10-06T15:32:27.0276101Z  * [new branch]        M38/w2-digest-body                       -> origin/M38/w2-digest-body
2026-10-06T15:32:27.0276637Z  * [new branch]        M38/w2-digest-destination                -> origin/M38/w2-digest-destination
2026-10-06T15:32:27.0277196Z  * [new branch]        M38/w2-digest-send-final                 -> origin/M38/w2-digest-send-final
2026-10-06T15:32:27.0277727Z  * [new branch]        M38/wave0-record                         -> origin/M38/wave0-record
2026-10-06T15:32:27.0278236Z  * [new branch]        M38/wave2-questions                      -> origin/M38/wave2-questions
2026-10-06T15:32:27.0278765Z  * [new branch]        M38/worker-ready-fast                    -> origin/M38/worker-ready-fast
2026-10-06T15:32:27.0279291Z  * [new branch]        M39/agent-deep-links                     -> origin/M39/agent-deep-links
2026-10-06T15:32:27.0279857Z  * [new branch]        M39/automation-paused-told               -> origin/M39/automation-paused-told
2026-10-06T15:32:27.0280553Z  * [new branch]        M39/channel-rows                         -> origin/M39/channel-rows
2026-10-06T15:32:27.0281059Z  * [new branch]        M39/group-install                        -> origin/M39/group-install
2026-10-06T15:32:27.0281633Z  * [new branch]        M39/install-checks-workspace             -> origin/M39/install-checks-workspace
2026-10-06T15:32:27.0282196Z  * [new branch]        M39/train-0191-0195                      -> origin/M39/train-0191-0195
2026-10-06T15:32:27.0282684Z  * [new branch]        M39/train-0196                           -> origin/M39/train-0196
2026-10-06T15:32:27.0283240Z  * [new branch]        M39/w3-agent-artifacts-replay            -> origin/M39/w3-agent-artifacts-replay
2026-10-06T15:32:27.0283877Z  * [new branch]        M39/w3-agent-attachments-replay          -> origin/M39/w3-agent-attachments-replay
2026-10-06T15:32:27.0284488Z  * [new branch]        M39/w3-agent-conversations               -> origin/M39/w3-agent-conversations
2026-10-06T15:32:27.0285125Z  * [new branch]        M39/w3-agent-conversations-replay        -> origin/M39/w3-agent-conversations-replay
2026-10-06T15:32:27.0286027Z  * [new branch]        M39/w3-agent-leash-replay                -> origin/M39/w3-agent-leash-replay
2026-10-06T15:32:27.0286585Z  * [new branch]        M39/w3-agent-workspace                   -> origin/M39/w3-agent-workspace
2026-10-06T15:32:27.0287140Z  * [new branch]        M39/w3-agent-workspace-2                 -> origin/M39/w3-agent-workspace-2
2026-10-06T15:32:27.0287689Z  * [new branch]        M39/w3-agent-workspace-3                 -> origin/M39/w3-agent-workspace-3
2026-10-06T15:32:27.0288228Z  * [new branch]        M39/w3-agent-workspace-4                 -> origin/M39/w3-agent-workspace-4
2026-10-06T15:32:27.0288769Z  * [new branch]        M39/w3-agent-workspace-5                 -> origin/M39/w3-agent-workspace-5
2026-10-06T15:32:27.0289309Z  * [new branch]        M39/w3-agent-workspace-6                 -> origin/M39/w3-agent-workspace-6
2026-10-06T15:32:27.0289994Z  * [new branch]        M39/w3-agent-workspace-7                 -> origin/M39/w3-agent-workspace-7
2026-10-06T15:32:27.0290532Z  * [new branch]        M39/w3-agent-workspace-8                 -> origin/M39/w3-agent-workspace-8
2026-10-06T15:32:27.0291044Z  * [new branch]        M39/w3b-agent-1                          -> origin/M39/w3b-agent-1
2026-10-06T15:32:27.0291526Z  * [new branch]        M39/w3b-agent-2                          -> origin/M39/w3b-agent-2
2026-10-06T15:32:27.0292022Z  * [new branch]        M41/ci-eight-shards                      -> origin/M41/ci-eight-shards
2026-10-06T15:32:27.0292572Z  * [new branch]        M41/ci-main-run-finishes                 -> origin/M41/ci-main-run-finishes
2026-10-06T15:32:27.0293168Z  * [new branch]        M41/ci-main-runs-deploy-gates            -> origin/M41/ci-main-runs-deploy-gates
2026-10-06T15:32:27.0293790Z  * [new branch]        M41/worker-gets-cache-address            -> origin/M41/worker-gets-cache-address
2026-10-06T15:32:27.0294379Z  * [new branch]        M42/realm-volume-owner                   -> origin/M42/realm-volume-owner
2026-10-06T15:32:27.0294919Z  * [new branch]        M5/last-step-budget                      -> origin/M5/last-step-budget
2026-10-06T15:32:27.0295792Z  * [new branch]        M5/model-health-routing-residency        -> origin/M5/model-health-routing-residency
2026-10-06T15:32:27.0296408Z  * [new branch]        M5/moonshot-end-to-end                   -> origin/M5/moonshot-end-to-end
2026-10-06T15:32:27.0296951Z  * [new branch]        M5/provider-acceptance                   -> origin/M5/provider-acceptance
2026-10-06T15:32:27.0297494Z  * [new branch]        M5/routing-proof-rest                    -> origin/M5/routing-proof-rest
2026-10-06T15:32:27.0298027Z  * [new branch]        M6/w3-caches-wired                       -> origin/M6/w3-caches-wired
2026-10-06T15:32:27.0298537Z  * [new branch]        M6/w3-fastlane-role                      -> origin/M6/w3-fastlane-role
2026-10-06T15:32:27.0299211Z  * [new branch]        M6/w3-source-epochs-cache                -> origin/M6/w3-source-epochs-cache
2026-10-06T15:32:27.0299732Z  * [new branch]        M6/w3-speed                              -> origin/M6/w3-speed
2026-10-06T15:32:27.0300270Z  * [new branch]        M7/classification-read-scope             -> origin/M7/classification-read-scope
2026-10-06T15:32:27.0300851Z  * [new branch]        M7/classified-tables                     -> origin/M7/classified-tables
2026-10-06T15:32:27.0301430Z  * [new branch]        M7/classified-tables-r191711             -> origin/M7/classified-tables-r191711
2026-10-06T15:32:27.0302025Z  * [new branch]        M7/knowledge-lifecycle                   -> origin/M7/knowledge-lifecycle
2026-10-06T15:32:27.0302586Z  * [new branch]        M7/knowledge-upload-text                 -> origin/M7/knowledge-upload-text
2026-10-06T15:32:27.0303156Z  * [new branch]        M7/links-scanning-queue                  -> origin/M7/links-scanning-queue
2026-10-06T15:32:27.0303722Z  * [new branch]        M7/price-list-fixes                      -> origin/M7/price-list-fixes
2026-10-06T15:32:27.0304272Z  * [new branch]        M7/text-path-app-budget                  -> origin/M7/text-path-app-budget
2026-10-06T15:32:27.0304795Z  * [new branch]        M7/w2-knowledge                          -> origin/M7/w2-knowledge
2026-10-06T15:32:27.0305289Z  * [new branch]        M7/w2-knowledge-2                        -> origin/M7/w2-knowledge-2
2026-10-06T15:32:27.0306047Z  * [new branch]        M7/w2-knowledge-3                        -> origin/M7/w2-knowledge-3
2026-10-06T15:32:27.0306533Z  * [new branch]        M7/w2-knowledge-4                        -> origin/M7/w2-knowledge-4
2026-10-06T15:32:27.0307005Z  * [new branch]        M7/w2-knowledge-5                        -> origin/M7/w2-knowledge-5
2026-10-06T15:32:27.0307479Z  * [new branch]        M7/w2-knowledge-6                        -> origin/M7/w2-knowledge-6
2026-10-06T15:32:27.0308115Z  * [new branch]        M7/w2-knowledge-7                        -> origin/M7/w2-knowledge-7
2026-10-06T15:32:27.0308594Z  * [new branch]        M7/w2-knowledge-8                        -> origin/M7/w2-knowledge-8
2026-10-06T15:32:27.0309129Z  * [new branch]        M7/w2-knowledge-checks-area              -> origin/M7/w2-knowledge-checks-area
2026-10-06T15:32:27.0309698Z  * [new branch]        M7/w2-knowledge-needs                    -> origin/M7/w2-knowledge-needs
2026-10-06T15:32:27.0310262Z  * [new branch]        M7/w2-knowledge-stewards                 -> origin/M7/w2-knowledge-stewards
2026-10-06T15:32:27.0310779Z  * [new branch]        M7/w2-queue-url                          -> origin/M7/w2-queue-url
2026-10-06T15:32:27.0311358Z  * [new branch]        M8/citations-freshness-abstention        -> origin/M8/citations-freshness-abstention
2026-10-06T15:32:27.0312052Z  * [new branch]        M8/citations-freshness-abstention-r2     -> origin/M8/citations-freshness-abstention-r2
2026-10-06T15:32:27.0312768Z  * [new branch]        M8/citations-freshness-abstention-r3     -> origin/M8/citations-freshness-abstention-r3
2026-10-06T15:32:27.0313462Z  * [new branch]        M8/citations-freshness-abstention-r4     -> origin/M8/citations-freshness-abstention-r4
2026-10-06T15:32:27.0314160Z  * [new branch]        M8/citations-freshness-abstention-r5     -> origin/M8/citations-freshness-abstention-r5
2026-10-06T15:32:27.0314751Z  * [new branch]        M8/w2-escalation                         -> origin/M8/w2-escalation
2026-10-06T15:32:27.0315277Z  * [new branch]        M8/w2-escalation-direct                  -> origin/M8/w2-escalation-direct
2026-10-06T15:32:27.0316125Z  * [new branch]        M8/w2-takeover                           -> origin/M8/w2-takeover
2026-10-06T15:32:27.0316635Z  * [new branch]        M8/w2-tell-the-asker                     -> origin/M8/w2-tell-the-asker
2026-10-06T15:32:27.0317105Z  * [new branch]        main                                     -> origin/main
2026-10-06T15:32:27.0317630Z  * [new branch]        recovery/from-windows-20260928           -> origin/recovery/from-windows-20260928
2026-10-06T15:32:27.0318593Z  * [new branch]        recovery/from-windows-20260928-branch-M38-needs-95-96 -> origin/recovery/from-windows-20260928-branch-M38-needs-95-96
2026-10-06T15:32:27.0319422Z  * [new branch]        recovery/from-windows-20260928-gate_wt   -> origin/recovery/from-windows-20260928-gate_wt
2026-10-06T15:32:27.0320152Z  * [new branch]        recovery/from-windows-20260928-wt-agent-api -> origin/recovery/from-windows-20260928-wt-agent-api
2026-10-06T15:32:27.0320964Z  * [new branch]        recovery/from-windows-20260928-wt-agent-lifecycle -> origin/recovery/from-windows-20260928-wt-agent-lifecycle
2026-10-06T15:32:27.0321742Z  * [new branch]        recovery/from-windows-20260928-wt-amr    -> origin/recovery/from-windows-20260928-wt-amr
2026-10-06T15:32:27.0322422Z  * [new branch]        recovery/from-windows-20260928-wt-ans    -> origin/recovery/from-windows-20260928-wt-ans
2026-10-06T15:32:27.0323213Z  * [new branch]        recovery/from-windows-20260928-wt-automation-memory -> origin/recovery/from-windows-20260928-wt-automation-memory
2026-10-06T15:32:27.0324043Z  * [new branch]        recovery/from-windows-20260928-wt-ci-shards -> origin/recovery/from-windows-20260928-wt-ci-shards
2026-10-06T15:32:27.0324786Z  * [new branch]        recovery/from-windows-20260928-wt-close2 -> origin/recovery/from-windows-20260928-wt-close2
2026-10-06T15:32:27.0325667Z  * [new branch]        recovery/from-windows-20260928-wt-close3 -> origin/recovery/from-windows-20260928-wt-close3
2026-10-06T15:32:27.0326377Z  * [new branch]        recovery/from-windows-20260928-wt-close4 -> origin/recovery/from-windows-20260928-wt-close4
2026-10-06T15:32:27.0327087Z  * [new branch]        recovery/from-windows-20260928-wt-close5 -> origin/recovery/from-windows-20260928-wt-close5
2026-10-06T15:32:27.0327795Z  * [new branch]        recovery/from-windows-20260928-wt-close6 -> origin/recovery/from-windows-20260928-wt-close6
2026-10-06T15:32:27.0328623Z  * [new branch]        recovery/from-windows-20260928-wt-close7 -> origin/recovery/from-windows-20260928-wt-close7
2026-10-06T15:32:27.0329327Z  * [new branch]        recovery/from-windows-20260928-wt-close8 -> origin/recovery/from-windows-20260928-wt-close8
2026-10-06T15:32:27.0330027Z  * [new branch]        recovery/from-windows-20260928-wt-close9 -> origin/recovery/from-windows-20260928-wt-close9
2026-10-06T15:32:27.0330715Z  * [new branch]        recovery/from-windows-20260928-wt-dec    -> origin/recovery/from-windows-20260928-wt-dec
2026-10-06T15:32:27.0331424Z  * [new branch]        recovery/from-windows-20260928-wt-deploy2 -> origin/recovery/from-windows-20260928-wt-deploy2
2026-10-06T15:32:27.0332168Z  * [new branch]        recovery/from-windows-20260928-wt-deployfix -> origin/recovery/from-windows-20260928-wt-deployfix
2026-10-06T15:32:27.0332931Z  * [new branch]        recovery/from-windows-20260928-wt-downgrade -> origin/recovery/from-windows-20260928-wt-downgrade
2026-10-06T15:32:27.0333671Z  * [new branch]        recovery/from-windows-20260928-wt-dsnleak -> origin/recovery/from-windows-20260928-wt-dsnleak
2026-10-06T15:32:27.0334383Z  * [new branch]        recovery/from-windows-20260928-wt-fast   -> origin/recovery/from-windows-20260928-wt-fast
2026-10-06T15:32:27.0335084Z  * [new branch]        recovery/from-windows-20260928-wt-flaky  -> origin/recovery/from-windows-20260928-wt-flaky
2026-10-06T15:32:27.0335997Z  * [new branch]        recovery/from-windows-20260928-wt-g1     -> origin/recovery/from-windows-20260928-wt-g1
2026-10-06T15:32:27.0336669Z  * [new branch]        recovery/from-windows-20260928-wt-g2     -> origin/recovery/from-windows-20260928-wt-g2
2026-10-06T15:32:27.0337332Z  * [new branch]        recovery/from-windows-20260928-wt-g3     -> origin/recovery/from-windows-20260928-wt-g3
2026-10-06T15:32:27.0337985Z  * [new branch]        recovery/from-windows-20260928-wt-g4     -> origin/recovery/from-windows-20260928-wt-g4
2026-10-06T15:32:27.0338661Z  * [new branch]        recovery/from-windows-20260928-wt-gate   -> origin/recovery/from-windows-20260928-wt-gate
2026-10-06T15:32:27.0339468Z  * [new branch]        recovery/from-windows-20260928-wt-halt   -> origin/recovery/from-windows-20260928-wt-halt
2026-10-06T15:32:27.0340205Z  * [new branch]        recovery/from-windows-20260928-wt-integrate2 -> origin/recovery/from-windows-20260928-wt-integrate2
2026-10-06T15:32:27.0340925Z  * [new branch]        recovery/from-windows-20260928-wt-kc     -> origin/recovery/from-windows-20260928-wt-kc
2026-10-06T15:32:27.0341635Z  * [new branch]        recovery/from-windows-20260928-wt-kcaccount -> origin/recovery/from-windows-20260928-wt-kcaccount
2026-10-06T15:32:27.0342396Z  * [new branch]        recovery/from-windows-20260928-wt-kcactions -> origin/recovery/from-windows-20260928-wt-kcactions
2026-10-06T15:32:27.0343147Z  * [new branch]        recovery/from-windows-20260928-wt-keyfield -> origin/recovery/from-windows-20260928-wt-keyfield
2026-10-06T15:32:27.0343921Z  * [new branch]        recovery/from-windows-20260928-wt-larkconnect -> origin/recovery/from-windows-20260928-wt-larkconnect
2026-10-06T15:32:27.0345102Z  * [new branch]        recovery/from-windows-20260928-wt-n81    -> origin/recovery/from-windows-20260928-wt-n81
2026-10-06T15:32:27.0346529Z  * [new branch]        recovery/from-windows-20260928-wt-n91    -> origin/recovery/from-windows-20260928-wt-n91
2026-10-06T15:32:27.0347750Z  * [new branch]        recovery/from-windows-20260928-wt-n96    -> origin/recovery/from-windows-20260928-wt-n96
2026-10-06T15:32:27.0348949Z  * [new branch]        recovery/from-windows-20260928-wt-needs  -> origin/recovery/from-windows-20260928-wt-needs
2026-10-06T15:32:27.0349678Z  * [new branch]        recovery/from-windows-20260928-wt-needs2 -> origin/recovery/from-windows-20260928-wt-needs2
2026-10-06T15:32:27.0350387Z  * [new branch]        recovery/from-windows-20260928-wt-needs3 -> origin/recovery/from-windows-20260928-wt-needs3
2026-10-06T15:32:27.0351097Z  * [new branch]        recovery/from-windows-20260928-wt-org    -> origin/recovery/from-windows-20260928-wt-org
2026-10-06T15:32:27.0352031Z  * [new branch]        recovery/from-windows-20260928-wt-overview -> origin/recovery/from-windows-20260928-wt-overview
2026-10-06T15:32:27.0352742Z  * [new branch]        recovery/from-windows-20260928-wt-own    -> origin/recovery/from-windows-20260928-wt-own
2026-10-06T15:32:27.0353439Z  * [new branch]        recovery/from-windows-20260928-wt-owner1 -> origin/recovery/from-windows-20260928-wt-owner1
2026-10-06T15:32:27.0354168Z  * [new branch]        recovery/from-windows-20260928-wt-profiles -> origin/recovery/from-windows-20260928-wt-profiles
2026-10-06T15:32:27.0354876Z  * [new branch]        recovery/from-windows-20260928-wt-reg    -> origin/recovery/from-windows-20260928-wt-reg
2026-10-06T15:32:27.0355866Z  * [new branch]        recovery/from-windows-20260928-wt-shell  -> origin/recovery/from-windows-20260928-wt-shell
2026-10-06T15:32:27.0356636Z  * [new branch]        recovery/from-windows-20260928-wt-skills-life -> origin/recovery/from-windows-20260928-wt-skills-life
2026-10-06T15:32:27.0357430Z  * [new branch]        recovery/from-windows-20260928-wt-skills-run -> origin/recovery/from-windows-20260928-wt-skills-run
2026-10-06T15:32:27.0358202Z  * [new branch]        recovery/from-windows-20260928-wt-staffsrc -> origin/recovery/from-windows-20260928-wt-staffsrc
2026-10-06T15:32:27.0358931Z  * [new branch]        recovery/from-windows-20260928-wt-steward -> origin/recovery/from-windows-20260928-wt-steward
2026-10-06T15:32:27.0359706Z  * [new branch]        recovery/from-windows-20260928-wt-ui-foundation -> origin/recovery/from-windows-20260928-wt-ui-foundation
2026-10-06T15:32:27.0360486Z  * [new branch]        recovery/from-windows-20260928-wt-vaultfix -> origin/recovery/from-windows-20260928-wt-vaultfix
2026-10-06T15:32:27.0361196Z  * [new branch]        recovery/from-windows-20260928-wt-w03    -> origin/recovery/from-windows-20260928-wt-w03
2026-10-06T15:32:27.0361872Z  * [new branch]        recovery/from-windows-20260928-wt-w04    -> origin/recovery/from-windows-20260928-wt-w04
2026-10-06T15:32:27.0362686Z  * [new branch]        recovery/from-windows-20260928-wt-w04b   -> origin/recovery/from-windows-20260928-wt-w04b
2026-10-06T15:32:27.0363379Z  * [new branch]        recovery/from-windows-20260928-wt-w05c   -> origin/recovery/from-windows-20260928-wt-w05c
2026-10-06T15:32:27.0364055Z  * [new branch]        recovery/from-windows-20260928-wt-w0a    -> origin/recovery/from-windows-20260928-wt-w0a
2026-10-06T15:32:27.0364718Z  * [new branch]        recovery/from-windows-20260928-wt-w0b    -> origin/recovery/from-windows-20260928-wt-w0b
2026-10-06T15:32:27.0365564Z  * [new branch]        recovery/from-windows-20260928-wt-w0c    -> origin/recovery/from-windows-20260928-wt-w0c
2026-10-06T15:32:27.0366237Z  * [new branch]        recovery/from-windows-20260928-wt-w0d    -> origin/recovery/from-windows-20260928-wt-w0d
2026-10-06T15:32:27.0366900Z  * [new branch]        recovery/from-windows-20260928-wt-w0e    -> origin/recovery/from-windows-20260928-wt-w0e
2026-10-06T15:32:27.0367572Z  * [new branch]        recovery/from-windows-20260928-wt-w0f    -> origin/recovery/from-windows-20260928-wt-w0f
2026-10-06T15:32:27.0368232Z  * [new branch]        recovery/from-windows-20260928-wt-w0g    -> origin/recovery/from-windows-20260928-wt-w0g
2026-10-06T15:32:27.0368891Z  * [new branch]        recovery/from-windows-20260928-wt-w0h    -> origin/recovery/from-windows-20260928-wt-w0h
2026-10-06T15:32:27.0369551Z  * [new branch]        recovery/from-windows-20260928-wt-w0i    -> origin/recovery/from-windows-20260928-wt-w0i
2026-10-06T15:32:27.0370221Z  * [new branch]        recovery/from-windows-20260928-wt-w0j    -> origin/recovery/from-windows-20260928-wt-w0j
2026-10-06T15:32:27.0370884Z  * [new branch]        recovery/from-windows-20260928-wt-w0k    -> origin/recovery/from-windows-20260928-wt-w0k
2026-10-06T15:32:27.0371547Z  * [new branch]        recovery/from-windows-20260928-wt-w0l    -> origin/recovery/from-windows-20260928-wt-w0l
2026-10-06T15:32:27.0372348Z  * [new branch]        recovery/from-windows-20260928-wt-w0m    -> origin/recovery/from-windows-20260928-wt-w0m
2026-10-06T15:32:27.0373012Z  * [new branch]        recovery/from-windows-20260928-wt-w0n    -> origin/recovery/from-windows-20260928-wt-w0n
2026-10-06T15:32:27.0373686Z  * [new branch]        recovery/from-windows-20260928-wt-w1-1   -> origin/recovery/from-windows-20260928-wt-w1-1
2026-10-06T15:32:27.0374362Z  * [new branch]        recovery/from-windows-20260928-wt-w1-2   -> origin/recovery/from-windows-20260928-wt-w1-2
2026-10-06T15:32:27.0375047Z  * [new branch]        recovery/from-windows-20260928-wt-w1-2a  -> origin/recovery/from-windows-20260928-wt-w1-2a
2026-10-06T15:32:27.0375867Z  * [new branch]        recovery/from-windows-20260928-wt-w1-2b  -> origin/recovery/from-windows-20260928-wt-w1-2b
2026-10-06T15:32:27.0376556Z  * [new branch]        recovery/from-windows-20260928-wt-w1-3   -> origin/recovery/from-windows-20260928-wt-w1-3
2026-10-06T15:32:27.0377249Z  * [new branch]        recovery/from-windows-20260928-wt-w1-4   -> origin/recovery/from-windows-20260928-wt-w1-4
2026-10-06T15:32:27.0377923Z  * [new branch]        recovery/from-windows-20260928-wt-w1-5   -> origin/recovery/from-windows-20260928-wt-w1-5
2026-10-06T15:32:27.0378604Z  * [new branch]        recovery/from-windows-20260928-wt-w1-5b  -> origin/recovery/from-windows-20260928-wt-w1-5b
2026-10-06T15:32:27.0379290Z  * [new branch]        recovery/from-windows-20260928-wt-w1-5c  -> origin/recovery/from-windows-20260928-wt-w1-5c
2026-10-06T15:32:27.0380000Z  * [new branch]        recovery/from-windows-20260928-wt-w1-6   -> origin/recovery/from-windows-20260928-wt-w1-6
2026-10-06T15:32:27.0380678Z  * [new branch]        recovery/from-windows-20260928-wt-w1-7   -> origin/recovery/from-windows-20260928-wt-w1-7
2026-10-06T15:32:27.0381348Z  * [new branch]        recovery/from-windows-20260928-wt-w1-8   -> origin/recovery/from-windows-20260928-wt-w1-8
2026-10-06T15:32:27.0382030Z  * [new branch]        recovery/from-windows-20260928-wt-w1-9   -> origin/recovery/from-windows-20260928-wt-w1-9
2026-10-06T15:32:27.0382874Z  * [new branch]        recovery/from-windows-20260928-wt-workerfix -> origin/recovery/from-windows-20260928-wt-workerfix
2026-10-06T15:32:27.0383485Z  * [new branch]        status                                   -> origin/status
2026-10-06T15:32:27.0383994Z  * [new branch]        train/migrations-0190-0207               -> origin/train/migrations-0190-0207
2026-10-06T15:32:27.0384553Z  * [new branch]        wip/0928/acceptance                      -> origin/wip/0928/acceptance
2026-10-06T15:32:27.0385141Z  * [new branch]        wip/0928/crud-departments-writes         -> origin/wip/0928/crud-departments-writes
2026-10-06T15:32:27.0386033Z  * [new branch]        wip/0928/crud-people-grants              -> origin/wip/0928/crud-people-grants
2026-10-06T15:32:27.0386643Z  * [new branch]        wip/0928/crud-service-accounts           -> origin/wip/0928/crud-service-accounts
2026-10-06T15:32:27.0387287Z  * [new branch]        wip/0928/land-agent-lifecycle            -> origin/wip/0928/land-agent-lifecycle
2026-10-06T15:32:27.0387855Z  * [new branch]        wip/0928/land-halt                       -> origin/wip/0928/land-halt
2026-10-06T15:32:27.0388381Z  * [new branch]        wip/0928/land-overview                   -> origin/wip/0928/land-overview
2026-10-06T15:32:27.0388910Z  * [new branch]        wip/0928/land-shell                      -> origin/wip/0928/land-shell
2026-10-06T15:32:27.0389409Z  * [new branch]        wip/0928/models                          -> origin/wip/0928/models
2026-10-06T15:32:27.0389929Z  * [new branch]        wip/0928/models-polish                   -> origin/wip/0928/models-polish
2026-10-06T15:32:27.0390439Z  * [new branch]        wip/0928/shell                           -> origin/wip/0928/shell
2026-10-06T15:32:27.0390907Z  * [new branch]        wip/0928/w2-ch2                          -> origin/wip/0928/w2-ch2
2026-10-06T15:32:27.0391368Z  * [new branch]        wip/0928/w2-k2                           -> origin/wip/0928/w2-k2
2026-10-06T15:32:27.0391948Z  * [new branch]        wip/0928/w2-k3                           -> origin/wip/0928/w2-k3
2026-10-06T15:32:27.0392394Z  * [new branch]        wip/0928/w2-k6                           -> origin/wip/0928/w2-k6
2026-10-06T15:32:27.0392844Z  * [new branch]        wip/0928/w2-t1                           -> origin/wip/0928/w2-t1
2026-10-06T15:32:27.0393326Z  * [new branch]        wip/0929/wt-b-answer                     -> origin/wip/0929/wt-b-answer
2026-10-06T15:32:27.0393865Z  * [new branch]        wip/0929/wt-b-knowledge                  -> origin/wip/0929/wt-b-knowledge
2026-10-06T15:32:27.0394395Z  * [new branch]        wip/0929/wt-b-memory                     -> origin/wip/0929/wt-b-memory
2026-10-06T15:32:27.0394904Z  * [new branch]        wip/0929/wt-b-tools                      -> origin/wip/0929/wt-b-tools
2026-10-06T15:32:27.0395554Z  * [new branch]        wip/0929/wt-b-workspace                  -> origin/wip/0929/wt-b-workspace
2026-10-06T15:32:27.0396128Z  * [new branch]        wip/0929/wt-connect-wizards              -> origin/wip/0929/wt-connect-wizards
2026-10-06T15:32:27.0396687Z  * [new branch]        wip/0929/wt-staff-diag                   -> origin/wip/0929/wt-staff-diag
2026-10-06T15:32:27.0397208Z  * [new branch]        wip/0930/wt-a-caches                     -> origin/wip/0930/wt-a-caches
2026-10-06T15:32:27.0397718Z  * [new branch]        wip/0930/wt-b-drive                      -> origin/wip/0930/wt-b-drive
2026-10-06T15:32:27.0398228Z  * [new branch]        wip/0930/wt-b-headers                    -> origin/wip/0930/wt-b-headers
2026-10-06T15:32:27.0398746Z  * [new branch]        wip/0930/wt-b-laravel                    -> origin/wip/0930/wt-b-laravel
2026-10-06T15:32:27.0399260Z  * [new branch]        wip/0930/wt-b-schema                     -> origin/wip/0930/wt-b-schema
2026-10-06T15:32:27.0399816Z  * [new branch]        wip/0930/wt-channel-telegram             -> origin/wip/0930/wt-channel-telegram
2026-10-06T15:32:27.0400415Z  * [new branch]        wip/0930/wt-channel-whatsapp             -> origin/wip/0930/wt-channel-whatsapp
2026-10-06T15:32:27.0401134Z  * [new branch]        wip/0930/wt-chk-b                        -> origin/wip/0930/wt-chk-b
2026-10-06T15:32:27.0401626Z  * [new branch]        wip/0930/wt-chk-c                        -> origin/wip/0930/wt-chk-c
2026-10-06T15:32:27.0402130Z  * [new branch]        wip/0930/wt-cm-models                    -> origin/wip/0930/wt-cm-models
2026-10-06T15:32:27.0402664Z  * [new branch]        wip/0930/wt-cm-overview                  -> origin/wip/0930/wt-cm-overview
2026-10-06T15:32:27.0403217Z  * [new branch]        wip/0930/wt-cm-people                    -> origin/wip/0930/wt-cm-people
2026-10-06T15:32:27.0403722Z  * [new branch]        wip/0930/wt-depts                        -> origin/wip/0930/wt-depts
2026-10-06T15:32:27.0404231Z  * [new branch]        wip/0930/wt-land-halt                    -> origin/wip/0930/wt-land-halt
2026-10-06T15:32:27.0404763Z  * [new branch]        wip/0930/wt-land-shell                   -> origin/wip/0930/wt-land-shell
2026-10-06T15:32:27.0405400Z  * [new branch]        wip/0930/wt-land308                      -> origin/wip/0930/wt-land308
2026-10-06T15:32:27.0405931Z  * [new branch]        wip/0930/wt-relay-realm                  -> origin/wip/0930/wt-relay-realm
2026-10-06T15:32:27.0406450Z  * [new branch]        wip/0930/wt-w2-ch2                       -> origin/wip/0930/wt-w2-ch2
2026-10-06T15:32:27.0406930Z  * [new branch]        wip/0930/wtc                             -> origin/wip/0930/wtc
2026-10-06T15:32:27.0407384Z  * [new branch]        wip/0930/wtt                             -> origin/wip/0930/wtt
2026-10-06T15:32:27.0407840Z  * [new branch]        wip/1006/wrows                           -> origin/wip/1006/wrows
2026-10-06T15:32:27.0408332Z  * [new branch]        wip/1006/wt-b-p4c                        -> origin/wip/1006/wt-b-p4c
2026-10-06T15:32:27.0408773Z  * [new tag]           v0.1.0                                   -> v0.1.0
2026-10-06T15:32:27.0409326Z  * [new ref]           fa0f2d36c56b184d7883aff7afe7a29044e0c611 -> pull/427/merge
2026-10-06T15:32:27.0410409Z ##[endgroup]
2026-10-06T15:32:27.0410755Z ##[group]Determining the checkout info
2026-10-06T15:32:27.0411146Z ##[endgroup]
2026-10-06T15:32:27.0411371Z [command]/usr/bin/git sparse-checkout disable
2026-10-06T15:32:27.0412029Z [command]/usr/bin/git config --local --unset-all extensions.worktreeConfig
2026-10-06T15:32:27.0412808Z ##[group]Checking out the ref
2026-10-06T15:32:27.0413165Z [command]/usr/bin/git checkout --progress --force refs/remotes/pull/427/merge
2026-10-06T15:32:27.3976627Z Note: switching to 'refs/remotes/pull/427/merge'.
2026-10-06T15:32:27.3977075Z 
2026-10-06T15:32:27.3977373Z You are in 'detached HEAD' state. You can look around, make experimental
2026-10-06T15:32:27.3978032Z changes and commit them, and you can discard any commits you make in this
2026-10-06T15:32:27.3978682Z state without impacting any branches by switching back to a branch.
2026-10-06T15:32:27.3979084Z 
2026-10-06T15:32:27.3979346Z If you want to create a new branch to retain commits you create, you may
2026-10-06T15:32:27.3979941Z do so (now or later) by using -c with the switch command. Example:
2026-10-06T15:32:27.3980288Z 
2026-10-06T15:32:27.3980425Z   git switch -c <new-branch-name>
2026-10-06T15:32:27.3980658Z 
2026-10-06T15:32:27.3980785Z Or undo this operation with:
2026-10-06T15:32:27.3981003Z 
2026-10-06T15:32:27.3981120Z   git switch -
2026-10-06T15:32:27.3981274Z 
2026-10-06T15:32:27.3981559Z Turn off this advice by setting config variable advice.detachedHead to false
2026-10-06T15:32:27.3981972Z 
2026-10-06T15:32:27.3982461Z HEAD is now at fa0f2d36 Merge f02b95fbebdc9320f25e122f3fcc70baa0cd16a5 into 698398dbdee31ba99d6557fe3ccbd09e50de297f
2026-10-06T15:32:27.4010165Z ##[endgroup]
2026-10-06T15:32:27.4059013Z [command]/usr/bin/git log -1 --format=%H
2026-10-06T15:32:27.4088359Z fa0f2d36c56b184d7883aff7afe7a29044e0c611
2026-10-06T15:32:27.4337130Z ##[group]Run astral-sh/setup-uv@v5
2026-10-06T15:32:27.4337420Z with:
2026-10-06T15:32:27.4337613Z   version: 0.12.9
2026-10-06T15:32:27.4337817Z   enable-cache: true
2026-10-06T15:32:27.4340336Z   github-token: ***
2026-10-06T15:32:27.4340613Z   cache-dependency-glob: **/uv.lock
**/requirements*.txt

2026-10-06T15:32:27.4340943Z   prune-cache: true
2026-10-06T15:32:27.4341166Z   ignore-nothing-to-cache: false
2026-10-06T15:32:27.4341428Z   ignore-empty-workdir: false
2026-10-06T15:32:27.4341666Z env:
2026-10-06T15:32:27.4341848Z   UV_VERSION: 0.12.9
2026-10-06T15:32:27.4342264Z   DATABASE_URL: ***localhost:5432/brain_test
2026-10-06T15:32:27.4342672Z   COVERAGE_FILE: /home/runner/work/Verz-OS-v2.0/Verz-OS-v2.0/coverage-shard-2
2026-10-06T15:32:27.4343053Z ##[endgroup]
2026-10-06T15:32:27.6079719Z (node:2771) [DEP0040] DeprecationWarning: The `punycode` module is deprecated. Please use a userland alternative instead.
2026-10-06T15:32:27.6080540Z (Use `node --trace-deprecation ...` to show where the warning was created)
2026-10-06T15:32:27.6235880Z Downloading uv from "https://github.com/astral-sh/uv/releases/download/0.12.9/uv-x86_64-unknown-linux-gnu.tar.gz" ...
2026-10-06T15:32:28.0308699Z [command]/usr/bin/tar xz --warning=no-unknown-keyword --overwrite -C /home/runner/work/_temp/4e5f4d57-c3b3-4ec8-b0ae-175f5226922b -f /home/runner/work/_temp/cd684f6a-25df-4b31-8821-7a6885c924ac
2026-10-06T15:32:28.4140555Z Added /home/runner/.local/bin to the path
2026-10-06T15:32:28.4143784Z Added /opt/hostedtoolcache/uv/0.12.9/x86_64 to the path
2026-10-06T15:32:28.4164067Z Set UV_CACHE_DIR to /home/runner/work/_temp/setup-uv-cache
2026-10-06T15:32:28.4164467Z Successfully installed uv version 0.12.9
2026-10-06T15:32:28.4164877Z Searching files using cache dependency glob: **/uv.lock,**/requirements*.txt
2026-10-06T15:32:28.6338209Z /home/runner/work/Verz-OS-v2.0/Verz-OS-v2.0/matcher/uv.lock
2026-10-06T15:32:28.7968498Z /home/runner/work/Verz-OS-v2.0/Verz-OS-v2.0/uv.lock
2026-10-06T15:32:28.7982488Z Found 2 files to hash.
2026-10-06T15:32:28.9029605Z Trying to restore uv cache from GitHub Actions cache with key: setup-uv-1-x86_64-unknown-linux-gnu-unknown-4fa71487548199487345489e1f4ab912cdc9b009220d8b57baa546f1323899d3
2026-10-06T15:32:29.1527996Z Cache hit for: setup-uv-1-x86_64-unknown-linux-gnu-unknown-4fa71487548199487345489e1f4ab912cdc9b009220d8b57baa546f1323899d3
2026-10-06T15:32:29.1661243Z (node:2771) [DEP0169] DeprecationWarning: `url.parse()` behavior is not standardized and prone to errors that have security implications. Use the WHATWG URL API instead. CVEs are not issued for `url.parse()` vulnerabilities.
2026-10-06T15:32:29.5303048Z Received 1118 of 1118 (100.0%), 0.0 MBs/sec
2026-10-06T15:32:29.5303654Z Cache Size: ~0 MB (1118 B)
2026-10-06T15:32:29.5335118Z [command]/usr/bin/tar -xf /home/runner/work/_temp/cab9eb3f-f4d0-4009-950b-246b6c34c98e/cache.tzst -P -C /home/runner/work/Verz-OS-v2.0/Verz-OS-v2.0 --use-compress-program unzstd
2026-10-06T15:32:29.5412168Z Cache restored successfully
2026-10-06T15:32:29.5418184Z uv cache restored from GitHub Actions cache with key: setup-uv-1-x86_64-unknown-linux-gnu-unknown-4fa71487548199487345489e1f4ab912cdc9b009220d8b57baa546f1323899d3
2026-10-06T15:32:29.5572649Z ##[group]Run uv sync --locked
2026-10-06T15:32:29.5572983Z uv sync --locked
2026-10-06T15:32:29.5781468Z shell: /usr/bin/bash -e {0}
2026-10-06T15:32:29.5781758Z env:
2026-10-06T15:32:29.5781977Z   UV_VERSION: 0.12.9
2026-10-06T15:32:29.5782538Z   DATABASE_URL: ***localhost:5432/brain_test
2026-10-06T15:32:29.5783016Z   COVERAGE_FILE: /home/runner/work/Verz-OS-v2.0/Verz-OS-v2.0/coverage-shard-2
2026-10-06T15:32:29.5783521Z   UV_CACHE_DIR: /home/runner/work/_temp/setup-uv-cache
2026-10-06T15:32:29.5783884Z ##[endgroup]
2026-10-06T15:32:29.6961548Z Downloading cpython-3.13.15-linux-x86_64-gnu (download) (33.2MiB)
2026-10-06T15:32:30.5631980Z  Downloaded cpython-3.13.15-linux-x86_64-gnu (download)
2026-10-06T15:32:30.7197798Z Using CPython 3.13.15
2026-10-06T15:32:30.7198317Z Creating virtual environment at: .venv
2026-10-06T15:32:30.7231346Z Resolved 124 packages in 0.61ms
2026-10-06T15:32:30.7428305Z    Building verz-brain @ file:///home/runner/work/Verz-OS-v2.0/Verz-OS-v2.0
2026-10-06T15:32:30.7670593Z Downloading psycopg-binary (5.0MiB)
2026-10-06T15:32:30.7671313Z Downloading ruff (9.8MiB)
2026-10-06T15:32:30.7679110Z Downloading cryptography (4.5MiB)
2026-10-06T15:32:30.7686590Z Downloading pygments (1.2MiB)
2026-10-06T15:32:30.7692580Z Downloading zstandard (5.3MiB)
2026-10-06T15:32:30.7694892Z Downloading pydantic-core (2.0MiB)
2026-10-06T15:32:30.7697409Z Downloading mypy (14.5MiB)
2026-10-06T15:32:30.7708230Z Downloading sqlalchemy (3.2MiB)
2026-10-06T15:32:30.7712519Z Downloading ast-serialize (1.2MiB)
2026-10-06T15:32:30.7715059Z Downloading hypothesis (1.1MiB)
2026-10-06T15:32:30.7720350Z Downloading uvloop (4.2MiB)
2026-10-06T15:32:30.7722636Z Downloading lxml (5.0MiB)
2026-10-06T15:32:31.0036623Z  Downloaded hypothesis
2026-10-06T15:32:31.0084950Z  Downloaded ast-serialize
2026-10-06T15:32:31.0217209Z  Downloaded pygments
2026-10-06T15:32:31.0282939Z  Downloaded pydantic-core
2026-10-06T15:32:31.0742534Z  Downloaded sqlalchemy
2026-10-06T15:32:31.0994567Z  Downloaded uvloop
2026-10-06T15:32:31.1050835Z  Downloaded cryptography
2026-10-06T15:32:31.1206473Z  Downloaded psycopg-binary
2026-10-06T15:32:31.1226313Z  Downloaded zstandard
2026-10-06T15:32:31.1226859Z  Downloaded lxml
2026-10-06T15:32:31.1509979Z  Downloaded ruff
2026-10-06T15:32:31.2613789Z  Downloaded mypy
2026-10-06T15:32:31.6831847Z       Built verz-brain @ file:///home/runner/work/Verz-OS-v2.0/Verz-OS-v2.0
2026-10-06T15:32:31.6840940Z Prepared 91 packages in 959ms
2026-10-06T15:32:31.7731450Z Installed 91 packages in 88ms
2026-10-06T15:32:31.7732556Z  + alembic==1.19.1
2026-10-06T15:32:31.7732963Z  + annotated-doc==0.0.5
2026-10-06T15:32:31.7733481Z  + annotated-types==0.8.0
2026-10-06T15:32:31.7733908Z  + anyio==4.15.0
2026-10-06T15:32:31.7734289Z  + asgiref==3.12.1
2026-10-06T15:32:31.7734706Z  + ast-serialize==0.9.0
2026-10-06T15:32:31.7735680Z  + attrs==26.1.0
2026-10-06T15:32:31.7736059Z  + certifi==2026.7.22
2026-10-06T15:32:31.7736464Z  + cffi==2.1.1
2026-10-06T15:32:31.7736881Z  + charset-normalizer==3.5.1
2026-10-06T15:32:31.7737335Z  + click==8.5.0
2026-10-06T15:32:31.7737709Z  + coverage==7.16.0
2026-10-06T15:32:31.7738092Z  + croniter==6.2.4
2026-10-06T15:32:31.7738498Z  + cryptography==50.0.1
2026-10-06T15:32:31.7738908Z  + distro==1.9.0
2026-10-06T15:32:31.7739285Z  + fastapi==0.141.1
2026-10-06T15:32:31.7739658Z  + greenlet==3.5.5
2026-10-06T15:32:31.7740043Z  + h11==0.16.0
2026-10-06T15:32:31.7740402Z  + httpcore==1.0.9
2026-10-06T15:32:31.7740770Z  + httpcore2==2.13.0
2026-10-06T15:32:31.7741154Z  + httptools==0.8.0
2026-10-06T15:32:31.7741536Z  + httpx==0.28.1
2026-10-06T15:32:31.7741899Z  + httpx2==2.13.0
2026-10-06T15:32:31.7742304Z  + hypothesis==6.167.1
2026-10-06T15:32:31.7742677Z  + idna==3.19
2026-10-06T15:32:31.7743025Z  + iniconfig==2.3.0
2026-10-06T15:32:31.7743391Z  + jsonpatch==1.33
2026-10-06T15:32:31.7743764Z  + jsonpointer==3.1.1
2026-10-06T15:32:31.7744182Z  + langchain-core==1.6.3
2026-10-06T15:32:31.7744634Z  + langchain-protocol==0.0.19
2026-10-06T15:32:31.7745525Z  + langgraph==1.2.11
2026-10-06T15:32:31.7745971Z  + langgraph-checkpoint==4.2.0
2026-10-06T15:32:31.7746471Z  + langgraph-checkpoint-postgres==3.1.2
2026-10-06T15:32:31.7746983Z  + langgraph-prebuilt==1.1.0
2026-10-06T15:32:31.7747414Z  + langgraph-sdk==0.4.4
2026-10-06T15:32:31.7747803Z  + langsmith==0.12.4
2026-10-06T15:32:31.7748204Z  + ldap3==2.9.1
2026-10-06T15:32:31.7748566Z  + librt==0.15.0
2026-10-06T15:32:31.7748907Z  + lxml==6.1.3
2026-10-06T15:32:31.7749243Z  + mako==1.4.1
2026-10-06T15:32:31.7749598Z  + markupsafe==3.0.3
2026-10-06T15:32:31.7749982Z  + mypy==2.3.1
2026-10-06T15:32:31.7750344Z  + mypy-extensions==1.1.0
2026-10-06T15:32:31.7750755Z  + orjson==3.12.0
2026-10-06T15:32:31.7751117Z  + ormsgpack==1.12.2
2026-10-06T15:32:31.7751478Z  + packaging==26.3
2026-10-06T15:32:31.7751881Z  + pathspec==1.1.1
2026-10-06T15:32:31.7752246Z  + pluggy==1.6.0
2026-10-06T15:32:31.7752610Z  + procrastinate==3.9.0
2026-10-06T15:32:31.7753007Z  + psycopg==3.3.5
2026-10-06T15:32:31.7753514Z  + psycopg-binary==3.3.5
2026-10-06T15:32:31.7753900Z  + psycopg-pool==3.3.1
2026-10-06T15:32:31.7754282Z  + pyasn1==0.6.4
2026-10-06T15:32:31.7754630Z  + pycparser==3.0
2026-10-06T15:32:31.7754981Z  + pydantic==2.13.5
2026-10-06T15:32:31.7755697Z  + pydantic-core==2.46.5
2026-10-06T15:32:31.7756134Z  + pydantic-settings==2.15.0
2026-10-06T15:32:31.7756566Z  + pygments==2.21.0
2026-10-06T15:32:31.7756951Z  + pymysql==1.2.3
2026-10-06T15:32:31.7757306Z  + pypdf==6.19.0
2026-10-06T15:32:31.7757667Z  + pytest==9.1.1
2026-10-06T15:32:31.7758032Z  + pytest-cov==7.1.0
2026-10-06T15:32:31.7758431Z  + python-dateutil==2.9.0.post0
2026-10-06T15:32:31.7758889Z  + python-docx==1.2.0
2026-10-06T15:32:31.7759281Z  + python-dotenv==1.2.3
2026-10-06T15:32:31.7759677Z  + pyyaml==6.0.3
2026-10-06T15:32:31.7760044Z  + redis==8.1.0
2026-10-06T15:32:31.7760417Z  + requests==2.34.2
2026-10-06T15:32:31.7760804Z  + requests-toolbelt==1.0.0
2026-10-06T15:32:31.7761232Z  + ruff==0.16.6
2026-10-06T15:32:31.7761591Z  + six==1.17.0
2026-10-06T15:32:31.7761937Z  + sniffio==1.3.1
2026-10-06T15:32:31.7762313Z  + sortedcontainers==2.4.0
2026-10-06T15:32:31.7762732Z  + sqlalchemy==2.0.52
2026-10-06T15:32:31.7763112Z  + starlette==1.6.0
2026-10-06T15:32:31.7763490Z  + structlog==26.1.0
2026-10-06T15:32:31.7763854Z  + tenacity==9.1.4
2026-10-06T15:32:31.7764212Z  + truststore==0.10.4
2026-10-06T15:32:31.7764620Z  + types-pymysql==1.2.0.20260923
2026-10-06T15:32:31.7765080Z  + types-pyyaml==6.0.12.20260815
2026-10-06T15:32:31.7765827Z  + typing-extensions==4.16.0
2026-10-06T15:32:31.7766083Z  + typing-inspection==0.4.4
2026-10-06T15:32:31.7766316Z  + urllib3==2.7.0
2026-10-06T15:32:31.7766523Z  + uuid-utils==0.17.1
2026-10-06T15:32:31.7766741Z  + uvicorn==0.52.4
2026-10-06T15:32:31.7766941Z  + uvloop==0.22.1
2026-10-06T15:32:31.7767268Z  + verz-brain==0.1.0 (from file:///home/runner/work/Verz-OS-v2.0/Verz-OS-v2.0)
2026-10-06T15:32:31.7767854Z  + watchfiles==1.2.0
2026-10-06T15:32:31.7768059Z  + websockets==16.1.1
2026-10-06T15:32:31.7768258Z  + xxhash==4.0.1
2026-10-06T15:32:31.7768454Z  + zstandard==0.25.0
2026-10-06T15:32:31.7987304Z ##[group]Run actions/setup-node@v4
2026-10-06T15:32:31.7987613Z with:
2026-10-06T15:32:31.7987826Z   node-version: 22
2026-10-06T15:32:31.7988033Z   cache: npm
2026-10-06T15:32:31.7988334Z   cache-dependency-path: ops/automation/piece/package-lock.json
2026-10-06T15:32:31.7988705Z   always-auth: false
2026-10-06T15:32:31.7988929Z   check-latest: false
2026-10-06T15:32:31.7991429Z   token: ***
2026-10-06T15:32:31.7991627Z env:
2026-10-06T15:32:31.7991820Z   UV_VERSION: 0.12.9
2026-10-06T15:32:31.7992205Z   DATABASE_URL: ***localhost:5432/brain_test
2026-10-06T15:32:31.7992624Z   COVERAGE_FILE: /home/runner/work/Verz-OS-v2.0/Verz-OS-v2.0/coverage-shard-2
2026-10-06T15:32:31.7993060Z   UV_CACHE_DIR: /home/runner/work/_temp/setup-uv-cache
2026-10-06T15:32:31.7993376Z ##[endgroup]
2026-10-06T15:32:31.9447551Z Found in cache @ /opt/hostedtoolcache/node/22.23.3/x64
2026-10-06T15:32:31.9452272Z (node:2871) [DEP0040] DeprecationWarning: The `punycode` module is deprecated. Please use a userland alternative instead.
2026-10-06T15:32:31.9453545Z (Use `node --trace-deprecation ...` to show where the warning was created)
2026-10-06T15:32:31.9456887Z ##[group]Environment details
2026-10-06T15:32:32.3515993Z node: v22.23.3
2026-10-06T15:32:32.3516281Z npm: 10.9.9
2026-10-06T15:32:32.3516480Z yarn: 1.22.22
2026-10-06T15:32:32.3516950Z ##[endgroup]
2026-10-06T15:32:32.3539505Z [command]/opt/hostedtoolcache/node/22.23.3/x64/bin/npm config get cache
2026-10-06T15:32:32.4598247Z /home/runner/.npm
2026-10-06T15:32:32.7444895Z Cache hit for: node-cache-Linux-x64-npm-00f69f0a9962b4706237ac11ce343b8faf403ef0be0e9808fc4256ca2e86efc1
2026-10-06T15:32:32.7552808Z (node:2871) [DEP0169] DeprecationWarning: `url.parse()` behavior is not standardized and prone to errors that have security implications. Use the WHATWG URL API instead. CVEs are not issued for `url.parse()` vulnerabilities.
2026-10-06T15:32:34.0137820Z Received 4197240 of 8391544 (50.0%), 4.0 MBs/sec
2026-10-06T15:32:34.1632076Z Received 8391544 of 8391544 (100.0%), 7.0 MBs/sec
2026-10-06T15:32:34.1632487Z Cache Size: ~8 MB (8391544 B)
2026-10-06T15:32:34.1663609Z [command]/usr/bin/tar -xf /home/runner/work/_temp/76de9215-6b07-40ec-807a-dd902e7d1cfa/cache.tzst -P -C /home/runner/work/Verz-OS-v2.0/Verz-OS-v2.0 --use-compress-program unzstd
2026-10-06T15:32:34.2049499Z Cache restored successfully
2026-10-06T15:32:34.2058073Z Cache restored from key: node-cache-Linux-x64-npm-00f69f0a9962b4706237ac11ce343b8faf403ef0be0e9808fc4256ca2e86efc1
2026-10-06T15:32:34.2200396Z ##[group]Run npm ci --ignore-scripts
2026-10-06T15:32:34.2200759Z npm ci --ignore-scripts
2026-10-06T15:32:34.2271217Z shell: /usr/bin/bash -e {0}
2026-10-06T15:32:34.2271487Z env:
2026-10-06T15:32:34.2271685Z   UV_VERSION: 0.12.9
2026-10-06T15:32:34.2272401Z   DATABASE_URL: ***localhost:5432/brain_test
2026-10-06T15:32:34.2272847Z   COVERAGE_FILE: /home/runner/work/Verz-OS-v2.0/Verz-OS-v2.0/coverage-shard-2
2026-10-06T15:32:34.2273310Z   UV_CACHE_DIR: /home/runner/work/_temp/setup-uv-cache
2026-10-06T15:32:34.2273624Z ##[endgroup]
2026-10-06T15:32:36.0929190Z 
2026-10-06T15:32:36.0940047Z added 12 packages, and audited 13 packages in 2s
2026-10-06T15:32:36.0940552Z 
2026-10-06T15:32:36.0940891Z 1 package is looking for funding
2026-10-06T15:32:36.0941415Z   run `npm fund` for details
2026-10-06T15:32:36.1024668Z 
2026-10-06T15:32:36.1025920Z 3 vulnerabilities (2 moderate, 1 high)
2026-10-06T15:32:36.1026295Z 
2026-10-06T15:32:36.1026661Z To address issues that do not require attention, run:
2026-10-06T15:32:36.1027070Z   npm audit fix
2026-10-06T15:32:36.1027227Z 
2026-10-06T15:32:36.1027376Z To address all issues, run:
2026-10-06T15:32:36.1027701Z   npm audit fix --force
2026-10-06T15:32:36.1027887Z 
2026-10-06T15:32:36.1028036Z Run `npm audit` for details.
2026-10-06T15:32:36.1515227Z ##[group]Run files=$(uv run python -m brain.ops.test_shards --shard 2 --of 8)
2026-10-06T15:32:36.1516202Z files=$(uv run python -m brain.ops.test_shards --shard 2 --of 8)
2026-10-06T15:32:36.1516714Z [ -n "$files" ] || { echo "::error::shard 2 has no test files"; exit 1; }
2026-10-06T15:32:36.1517173Z echo "shard 2 of 8: $(echo "$files" | wc -l) file(s)"
2026-10-06T15:32:36.1517785Z uv run pytest --cov --cov-report= --cov-fail-under=0 --junitxml="$GITHUB_WORKSPACE/junit/shard-2.xml" $files
2026-10-06T15:32:36.1580488Z shell: /usr/bin/bash -e {0}
2026-10-06T15:32:36.1580751Z env:
2026-10-06T15:32:36.1580946Z   UV_VERSION: 0.12.9
2026-10-06T15:32:36.1581453Z   DATABASE_URL: ***localhost:5432/brain_test
2026-10-06T15:32:36.1581888Z   COVERAGE_FILE: /home/runner/work/Verz-OS-v2.0/Verz-OS-v2.0/coverage-shard-2
2026-10-06T15:32:36.1582345Z   UV_CACHE_DIR: /home/runner/work/_temp/setup-uv-cache
2026-10-06T15:32:36.1582654Z ##[endgroup]
2026-10-06T15:32:36.3487581Z shard 2 of 8: 120 file(s)
2026-10-06T15:35:12.3341290Z ........................................................................ [  2%]
2026-10-06T15:35:39.9722327Z ........................................................................ [  5%]
2026-10-06T15:37:15.0715115Z ........................................................................ [  7%]
2026-10-06T15:38:15.3023364Z ........................................................................ [ 10%]
2026-10-06T15:38:46.1644902Z ........................................................................ [ 12%]
2026-10-06T15:38:50.2519877Z ........................................................................ [ 15%]
2026-10-06T15:38:58.8950230Z ........................................................................ [ 17%]
2026-10-06T15:38:59.6719804Z ........................................................................ [ 20%]
2026-10-06T15:38:59.7756349Z ........................................................................ [ 22%]
2026-10-06T15:38:59.8747071Z ........................................................................ [ 25%]
2026-10-06T15:39:02.0116436Z ........................................................................ [ 27%]
2026-10-06T15:39:06.9148698Z ........................................................................ [ 30%]
2026-10-06T15:39:23.4370126Z ........................................................................ [ 33%]
2026-10-06T15:39:27.4285959Z ........................................................................ [ 35%]
2026-10-06T15:39:42.7081796Z ........................................................................ [ 38%]
2026-10-06T15:39:57.8911115Z ........................................................................ [ 40%]
2026-10-06T15:40:06.1986254Z ........................................................................ [ 43%]
2026-10-06T15:40:10.6683651Z ........................................................................ [ 45%]
2026-10-06T15:40:13.0931244Z ........................................................................ [ 48%]
2026-10-06T15:40:40.2935499Z ........................................................................ [ 50%]
2026-10-06T15:40:40.4091640Z ........................................................................ [ 53%]
2026-10-06T15:40:49.6118924Z ........................................................................ [ 55%]
2026-10-06T15:41:30.5471455Z ........................................................................ [ 58%]
2026-10-06T15:42:00.7449149Z .........................F.............................................. [ 60%]
2026-10-06T15:42:03.5101222Z ........................................................................ [ 63%]
2026-10-06T15:42:27.8242231Z ........................................................................ [ 66%]
2026-10-06T15:42:28.6513418Z ........................................................................ [ 68%]
2026-10-06T15:43:08.2214697Z ........................................................................ [ 71%]
2026-10-06T15:43:40.9808965Z ........................................................................ [ 73%]
2026-10-06T15:44:27.1271724Z ........................................................................ [ 76%]
2026-10-06T15:44:27.2420750Z ........................................................................ [ 78%]
2026-10-06T15:45:36.2790757Z ........................................................................ [ 81%]
2026-10-06T15:46:05.3664745Z ........................................................................ [ 83%]
2026-10-06T15:46:15.6321789Z ........................................................................ [ 86%]
2026-10-06T15:46:59.6565298Z ........................................................................ [ 88%]
2026-10-06T15:47:00.1825065Z ........................................................................ [ 91%]
2026-10-06T15:47:04.7913431Z ........................................................................ [ 94%]
2026-10-06T15:47:29.4560240Z ........................................................................ [ 96%]
2026-10-06T15:47:29.9099105Z ........................................................................ [ 99%]
2026-10-06T15:47:30.9520148Z ..........................                                               [100%]
2026-10-06T15:47:30.9522796Z =================================== FAILURES ===================================
2026-10-06T15:47:30.9523779Z _________ test_a_delegated_read_is_kept_to_its_asker_and_never_shared __________
2026-10-06T15:47:30.9524286Z 
2026-10-06T15:47:30.9524801Z     def test_a_delegated_read_is_kept_to_its_asker_and_never_shared() -> None:
2026-10-06T15:47:30.9526122Z         """A read under the asker's own credentials was narrowed by the source to that person, so two
2026-10-06T15:47:30.9526980Z         askers asking the same thing at once make two reads.
2026-10-06T15:47:30.9527476Z     
2026-10-06T15:47:30.9528142Z         Delete this and one person's view of a source, narrowed by the source's own permissions, is
2026-10-06T15:47:30.9529022Z         handed to whoever asked the same question a moment later."""
2026-10-06T15:47:30.9529593Z         gate = asyncio.Event()
2026-10-06T15:47:30.9529950Z     
2026-10-06T15:47:30.9530273Z         async def held() -> None:
2026-10-06T15:47:30.9530681Z             await gate.wait()
2026-10-06T15:47:30.9531025Z     
2026-10-06T15:47:30.9531367Z         mine = Source("xero", before=held)
2026-10-06T15:47:30.9531851Z         theirs = Source("xero", before=held)
2026-10-06T15:47:30.9532535Z         sources = Sources({}, delegated={("xero", "a"): mine, ("xero", "b"): theirs})
2026-10-06T15:47:30.9533267Z         throttle, flights = LiveThrottle(), LiveFlights()
2026-10-06T15:47:30.9533891Z         delegated = call("xero", mode=IdentityMode.DELEGATED)
2026-10-06T15:47:30.9534369Z     
2026-10-06T15:47:30.9534755Z         async def both() -> tuple[LiveRead, LiveRead]:
2026-10-06T15:47:30.9535286Z             first = asyncio.ensure_future(
2026-10-06T15:47:30.9535933Z                 read_live(
2026-10-06T15:47:30.9536497Z                     [delegated],
2026-10-06T15:47:30.9536918Z                     sources=sources,
2026-10-06T15:47:30.9537340Z                     asker="a",
2026-10-06T15:47:30.9537752Z                     throttle=throttle,
2026-10-06T15:47:30.9538186Z                     flights=flights,
2026-10-06T15:47:30.9538608Z                     clock=clock,
2026-10-06T15:47:30.9538969Z                 )
2026-10-06T15:47:30.9539271Z             )
2026-10-06T15:47:30.9539615Z             await asyncio.sleep(0)
2026-10-06T15:47:30.9540069Z             second = asyncio.ensure_future(
2026-10-06T15:47:30.9540492Z                 read_live(
2026-10-06T15:47:30.9540886Z                     [delegated],
2026-10-06T15:47:30.9541337Z                     sources=sources,
2026-10-06T15:47:30.9541769Z                     asker="b",
2026-10-06T15:47:30.9542173Z                     throttle=throttle,
2026-10-06T15:47:30.9543005Z                     flights=flights,
2026-10-06T15:47:30.9543745Z                     clock=clock,
2026-10-06T15:47:30.9544104Z                 )
2026-10-06T15:47:30.9544409Z             )
2026-10-06T15:47:30.9544756Z             await asyncio.sleep(0)
2026-10-06T15:47:30.9545149Z             gate.set()
2026-10-06T15:47:30.9545779Z             return await first, await second
2026-10-06T15:47:30.9546195Z     
2026-10-06T15:47:30.9546547Z         first, second = asyncio.run(both())
2026-10-06T15:47:30.9546949Z     
2026-10-06T15:47:30.9547432Z >       assert (len(mine.calls), len(theirs.calls)) == (1, 1)
2026-10-06T15:47:30.9547997Z E       assert (0, 0) == (1, 1)
2026-10-06T15:47:30.9548357Z E         
2026-10-06T15:47:30.9548705Z E         At index 0 diff: 0 != 1
2026-10-06T15:47:30.9549063Z E         
2026-10-06T15:47:30.9549361Z E         Full diff:
2026-10-06T15:47:30.9549683Z E           (
2026-10-06T15:47:30.9550015Z E         -     1,
2026-10-06T15:47:30.9550344Z E         ?     ^
2026-10-06T15:47:30.9550660Z E         +     0,
2026-10-06T15:47:30.9550983Z E         ?     ^
2026-10-06T15:47:30.9551295Z E         -     1,
2026-10-06T15:47:30.9551598Z E         ?     ^
2026-10-06T15:47:30.9551909Z E         +     0,
2026-10-06T15:47:30.9552230Z E         ?     ^
2026-10-06T15:47:30.9552527Z E           )
2026-10-06T15:47:30.9552702Z 
2026-10-06T15:47:30.9552989Z tests/unit/test_live_read.py:392: AssertionError
2026-10-06T15:47:30.9553714Z ----------------------------- Captured stdout call -----------------------------
2026-10-06T15:47:30.9555017Z 2026-10-06 15:41:33 [warning  ] live_read.partial              elapsed_ms=2355.6 trace_id= unreached=["xero: timeout (the question's live read budget was spent)"]
2026-10-06T15:47:30.9556844Z 2026-10-06 15:41:33 [warning  ] live_read.partial              elapsed_ms=2356.1 trace_id= unreached=["xero: timeout (the question's live read budget was spent)"]
2026-10-06T15:47:30.9557902Z =============================== warnings summary ===============================
2026-10-06T15:47:30.9558612Z .venv/lib/python3.13/site-packages/starlette/testclient.py:53
2026-10-06T15:47:30.9560305Z   /home/runner/work/Verz-OS-v2.0/Verz-OS-v2.0/.venv/lib/python3.13/site-packages/starlette/testclient.py:53: DeprecationWarning: The anyio.abc.BlockingPortal alias is deprecated, use anyio.from_thread.BlockingPortal instead.
2026-10-06T15:47:30.9561972Z     _PortalFactoryType = Callable[[], AbstractContextManager[anyio.abc.BlockingPortal]]
2026-10-06T15:47:30.9562498Z 
2026-10-06T15:47:30.9562829Z tests/e2e/test_wave_one_console_question.py: 18 warnings
2026-10-06T15:47:30.9563467Z tests/unit/test_acceptance_binding.py: 6 warnings
2026-10-06T15:47:30.9564075Z tests/unit/test_acceptance_cards.py: 2 warnings
2026-10-06T15:47:30.9564690Z tests/unit/test_acceptance_escalation.py: 2 warnings
2026-10-06T15:47:30.9565292Z tests/unit/test_acceptance_leash.py: 2 warnings
2026-10-06T15:47:30.9566079Z tests/unit/test_acceptance_lifecycle.py: 2 warnings
2026-10-06T15:47:30.9566713Z tests/unit/test_acceptance_models.py: 12 warnings
2026-10-06T15:47:30.9567397Z tests/unit/test_acceptance_people_console_2.py: 2 warnings
2026-10-06T15:47:30.9568075Z tests/unit/test_acceptance_recovery.py: 12 warnings
2026-10-06T15:47:30.9568690Z tests/unit/test_acceptance_registry.py: 26 warnings
2026-10-06T15:47:30.9569304Z tests/unit/test_acceptance_retrieval.py: 2 warnings
2026-10-06T15:47:30.9569923Z tests/unit/test_acceptance_signal_log.py: 2 warnings
2026-10-06T15:47:30.9570564Z tests/unit/test_acceptance_transports.py: 10 warnings
2026-10-06T15:47:30.9571176Z tests/unit/test_acceptance_widget.py: 8 warnings
2026-10-06T15:47:30.9571801Z tests/unit/test_agent_attachment_routes.py: 6 warnings
2026-10-06T15:47:30.9572393Z tests/unit/test_agent_routes.py: 47 warnings
2026-10-06T15:47:30.9572948Z tests/unit/test_budget_store.py: 10 warnings
2026-10-06T15:47:30.9573526Z tests/unit/test_compliance_routes.py: 3 warnings
2026-10-06T15:47:30.9574147Z tests/unit/test_custom_connector_store.py: 2 warnings
2026-10-06T15:47:30.9574975Z tests/unit/test_department_console.py: 1 warning
2026-10-06T15:47:30.9575997Z tests/unit/test_department_view_routes.py: 14 warnings
2026-10-06T15:47:30.9576632Z tests/unit/test_deployment_database.py: 7 warnings
2026-10-06T15:47:30.9577229Z tests/unit/test_embedding_path_db.py: 6 warnings
2026-10-06T15:47:30.9577797Z tests/unit/test_fast_lane_role.py: 2 warnings
2026-10-06T15:47:30.9578383Z tests/unit/test_govern_pack_routes.py: 25 warnings
2026-10-06T15:47:30.9578969Z tests/unit/test_inbound_webhooks.py: 1 warning
2026-10-06T15:47:30.9579536Z tests/unit/test_jobs_routes.py: 37 warnings
2026-10-06T15:47:30.9580071Z tests/unit/test_log_routes.py: 21 warnings
2026-10-06T15:47:30.9580619Z tests/unit/test_migration_0186.py: 6 warnings
2026-10-06T15:47:30.9581223Z tests/unit/test_models_routing_module.py: 9 warnings
2026-10-06T15:47:30.9581830Z tests/unit/test_operation_store.py: 12 warnings
2026-10-06T15:47:30.9582435Z tests/unit/test_principal_directory.py: 36 warnings
2026-10-06T15:47:30.9583032Z tests/unit/test_report_routes.py: 28 warnings
2026-10-06T15:47:30.9583610Z tests/unit/test_retention_audit.py: 6 warnings
2026-10-06T15:47:30.9584191Z tests/unit/test_routing_routes.py: 31 warnings
2026-10-06T15:47:30.9584863Z tests/unit/test_setup_staff_routes.py: 16 warnings
2026-10-06T15:47:30.9585643Z tests/unit/test_sign_in_binding.py: 76 warnings
2026-10-06T15:47:30.9586217Z tests/unit/test_sign_in_routes.py: 27 warnings
2026-10-06T15:47:30.9586790Z tests/unit/test_skill_lifecycle.py: 11 warnings
2026-10-06T15:47:30.9587377Z tests/unit/test_starter_pack_sync.py: 4 warnings
2026-10-06T15:47:30.9587942Z tests/unit/test_storage_routes.py: 8 warnings
2026-10-06T15:47:30.9588520Z tests/unit/test_suspension_store.py: 163 warnings
2026-10-06T15:47:30.9589110Z tests/unit/test_vault_audit_ship.py: 2 warnings
2026-10-06T15:47:30.9589690Z tests/unit/test_webhook_delivery.py: 6 warnings
2026-10-06T15:47:30.9590254Z tests/unit/test_webhook_store.py: 6 warnings
2026-10-06T15:47:30.9592293Z   /home/runner/work/Verz-OS-v2.0/Verz-OS-v2.0/.venv/lib/python3.13/site-packages/alembic/config.py:604: DeprecationWarning: No path_separator found in configuration; falling back to legacy splitting on spaces, commas, and colons for prepend_sys_path.  Consider adding path_separator=os to Alembic config.
2026-10-06T15:47:30.9594083Z     util.warn_deprecated(
2026-10-06T15:47:30.9594318Z 
2026-10-06T15:47:30.9594756Z -- Docs: https://docs.pytest.org/en/stable/how-to/capture-warnings.html
2026-10-06T15:47:30.9595746Z =========================== short test summary info ============================
2026-10-06T15:47:30.9596921Z FAILED tests/unit/test_live_read.py::test_a_delegated_read_is_kept_to_its_asker_and_never_shared - assert (0, 0) == (1, 1)
2026-10-06T15:47:30.9597726Z   
2026-10-06T15:47:30.9598021Z   At index 0 diff: 0 != 1
2026-10-06T15:47:30.9598359Z   
2026-10-06T15:47:30.9598634Z   Full diff:
2026-10-06T15:47:30.9598927Z     (
2026-10-06T15:47:30.9599206Z   -     1,
2026-10-06T15:47:30.9599492Z   ?     ^
2026-10-06T15:47:30.9599767Z   +     0,
2026-10-06T15:47:30.9600045Z   ?     ^
2026-10-06T15:47:30.9600326Z   -     1,
2026-10-06T15:47:30.9600608Z   ?     ^
2026-10-06T15:47:30.9600878Z   +     0,
2026-10-06T15:47:30.9601153Z   ?     ^
2026-10-06T15:47:30.9601429Z     )
2026-10-06T15:47:30.9601901Z 1 failed, 2833 passed, 736 warnings in 892.67s (0:14:52)
2026-10-06T15:47:31.4089183Z ##[error]Process completed with exit code 1.
2026-10-06T15:47:31.4168596Z ##[group]Run actions/upload-artifact@v4
2026-10-06T15:47:31.4168899Z with:
2026-10-06T15:47:31.4169103Z   name: junit-shard-2
2026-10-06T15:47:31.4169390Z   path: /home/runner/work/Verz-OS-v2.0/Verz-OS-v2.0/junit
2026-10-06T15:47:31.4169725Z   if-no-files-found: ignore
2026-10-06T15:47:31.4169962Z   overwrite: true
2026-10-06T15:47:31.4170170Z   retention-days: 7
2026-10-06T15:47:31.4170391Z   compression-level: 6
2026-10-06T15:47:31.4170627Z   include-hidden-files: false
2026-10-06T15:47:31.4170863Z env:
2026-10-06T15:47:31.4171054Z   UV_VERSION: 0.12.9
2026-10-06T15:47:31.4171540Z   DATABASE_URL: ***localhost:5432/brain_test
2026-10-06T15:47:31.4172139Z   COVERAGE_FILE: /home/runner/work/Verz-OS-v2.0/Verz-OS-v2.0/coverage-shard-2
2026-10-06T15:47:31.4172590Z   UV_CACHE_DIR: /home/runner/work/_temp/setup-uv-cache
2026-10-06T15:47:31.4172895Z ##[endgroup]
2026-10-06T15:47:31.5823859Z (node:20631) [DEP0040] DeprecationWarning: The `punycode` module is deprecated. Please use a userland alternative instead.
2026-10-06T15:47:31.5824704Z (Use `node --trace-deprecation ...` to show where the warning was created)
2026-10-06T15:47:31.5876591Z With the provided path, there will be 1 file uploaded
2026-10-06T15:47:31.8625711Z Artifact name is valid!
2026-10-06T15:47:31.8626325Z Root directory input is valid!
2026-10-06T15:47:32.1598718Z Beginning upload of artifact content to blob storage
2026-10-06T15:47:32.1876906Z (node:20631) [DEP0169] DeprecationWarning: `url.parse()` behavior is not standardized and prone to errors that have security implications. Use the WHATWG URL API instead. CVEs are not issued for `url.parse()` vulnerabilities.
2026-10-06T15:47:32.5887810Z Uploaded bytes 65311
2026-10-06T15:47:32.6663881Z Finished uploading artifact content to blob storage!
2026-10-06T15:47:32.6665026Z SHA256 digest of uploaded artifact zip is 617a9762d5c37789fdb955517da425338918fdc457711fc6f8dd2dea42154467
2026-10-06T15:47:32.6665939Z Finalizing artifact upload
2026-10-06T15:47:32.9524194Z Artifact junit-shard-2.zip successfully finalized. Artifact ID 11425091907
2026-10-06T15:47:32.9525927Z Artifact junit-shard-2 has been successfully uploaded! Final size is 65311 bytes. Artifact ID is 11425091907
2026-10-06T15:47:32.9532219Z Artifact download URL: https://github.com/rpsj2230/Verz-OS-v2.0/actions/runs/37479247356/artifacts/11425091907
2026-10-06T15:47:32.9714632Z Post job cleanup.
2026-10-06T15:47:33.0579040Z [command]/usr/bin/git version
2026-10-06T15:47:33.0624981Z git version 2.55.0
2026-10-06T15:47:33.0670460Z Temporarily overriding HOME='/home/runner/work/_temp/ca6aee07-8032-47bc-bfa3-d7ecb98dc2cf' before making global git config changes
2026-10-06T15:47:33.0672288Z Adding repository directory to the temporary git global config as a safe directory
2026-10-06T15:47:33.0677047Z [command]/usr/bin/git config --global --add safe.directory /home/runner/work/Verz-OS-v2.0/Verz-OS-v2.0
2026-10-06T15:47:33.0716746Z [command]/usr/bin/git config --local --name-only --get-regexp core\.sshCommand
2026-10-06T15:47:33.0752293Z [command]/usr/bin/git submodule foreach --recursive sh -c "git config --local --name-only --get-regexp 'core\.sshCommand' && git config --local --unset-all 'core.sshCommand' || :"
2026-10-06T15:47:33.1011143Z [command]/usr/bin/git config --local --name-only --get-regexp http\.https\:\/\/github\.com\/\.extraheader
2026-10-06T15:47:33.1040844Z http.https://github.com/.extraheader
2026-10-06T15:47:33.1053528Z [command]/usr/bin/git config --local --unset-all http.https://github.com/.extraheader
2026-10-06T15:47:33.1087772Z [command]/usr/bin/git submodule foreach --recursive sh -c "git config --local --name-only --get-regexp 'http\.https\:\/\/github\.com\/\.extraheader' && git config --local --unset-all 'http.https://github.com/.extraheader' || :"
2026-10-06T15:47:33.1341917Z [command]/usr/bin/git config --local --name-only --get-regexp ^includeIf\.gitdir:
2026-10-06T15:47:33.1383674Z [command]/usr/bin/git submodule foreach --recursive git config --local --show-origin --name-only --get-regexp remote.origin.url
2026-10-06T15:47:33.1788365Z Print service container logs: 535b3015f99748d791f354959eb62281_pgvectorpgvectorpg18_6cc920
2026-10-06T15:47:33.1793149Z ##[command]/usr/bin/docker logs --details b10658b40e1339b65a656e8d98acd28b72656fb2eb1a4e4d651d35bff52d9327
2026-10-06T15:47:33.1922051Z  The files belonging to this database system will be owned by user "postgres".
2026-10-06T15:47:33.1926572Z  initdb: warning: enabling "trust" authentication for local connections
2026-10-06T15:47:33.1927541Z  This user must also own the server process.
2026-10-06T15:47:33.1928883Z  initdb: hint: You can change this by editing pg_hba.conf or using the option -A, or --auth-local and --auth-host, the next time you run initdb.
2026-10-06T15:47:33.1930445Z  
2026-10-06T15:47:33.1931603Z  The database cluster will be initialized with locale "en_US.utf8".
2026-10-06T15:47:33.1932572Z  The default database encoding has accordingly been set to "UTF8".
2026-10-06T15:47:33.1933823Z  The default text search configuration will be set to "english".
2026-10-06T15:47:33.1934628Z  
2026-10-06T15:47:33.1935194Z  Data page checksums are enabled.
2026-10-06T15:47:33.1936469Z  
2026-10-06T15:47:33.1937261Z  fixing permissions on existing directory /var/lib/postgresql/18/docker ... ok
2026-10-06T15:47:33.1938173Z  creating subdirectories ... ok
2026-10-06T15:47:33.1938971Z  selecting dynamic shared memory implementation ... posix
2026-10-06T15:47:33.1939797Z  selecting default "max_connections" ... 100
2026-10-06T15:47:33.1940652Z  selecting default "shared_buffers" ... 128MB
2026-10-06T15:47:33.1941324Z  selecting default time zone ... Etc/UTC
2026-10-06T15:47:33.1942098Z  creating configuration files ... ok
2026-10-06T15:47:33.1942759Z  running bootstrap script ... ok
2026-10-06T15:47:33.1943467Z  performing post-bootstrap initialization ... ok
2026-10-06T15:47:33.1944158Z  syncing data to disk ... ok
2026-10-06T15:47:33.1944831Z  
2026-10-06T15:47:33.1945606Z  
2026-10-06T15:47:33.1946240Z  Success. You can now start the database server using:
2026-10-06T15:47:33.1947741Z  2026-10-06 15:32:17.858 UTC [1] LOG:  starting PostgreSQL 18.6 (Debian 18.6-1.pgdg12+2) on x86_64-pc-linux-gnu, compiled by gcc (Debian 12.2.0-14+deb12u1) 12.2.0, 64-bit
2026-10-06T15:47:33.1948644Z  2026-10-06 15:32:17.858 UTC [1] LOG:  listening on IPv4 address "0.0.0.0", port 5432
2026-10-06T15:47:33.1949355Z  2026-10-06 15:32:17.858 UTC [1] LOG:  listening on IPv6 address "::", port 5432
2026-10-06T15:47:33.1950012Z  2026-10-06 15:32:17.859 UTC [1] LOG:  listening on Unix socket "/var/run/postgresql/.s.PGSQL.5432"
2026-10-06T15:47:33.1950801Z  2026-10-06 15:32:17.863 UTC [75] LOG:  database system was shut down at 2026-10-06 15:32:17 UTC
2026-10-06T15:47:33.1951486Z  2026-10-06 15:32:17.866 UTC [1] LOG:  database system is ready to accept connections
2026-10-06T15:47:33.1952086Z  2026-10-06 15:32:21.909 UTC [86] FATAL:  role "root" does not exist
2026-10-06T15:47:33.1952630Z  2026-10-06 15:32:26.982 UTC [94] FATAL:  role "root" does not exist
2026-10-06T15:47:33.1953245Z  2026-10-06 15:32:32.064 UTC [102] FATAL:  role "root" does not exist
2026-10-06T15:47:33.1953749Z  2026-10-06 15:32:37.128 UTC [110] FATAL:  role "root" does not exist
2026-10-06T15:47:33.1954304Z  2026-10-06 15:32:42.222 UTC [117] FATAL:  role "root" does not exist
2026-10-06T15:47:33.1954844Z  2026-10-06 15:32:47.290 UTC [125] FATAL:  role "root" does not exist
2026-10-06T15:47:33.1955725Z  2026-10-06 15:32:52.359 UTC [134] FATAL:  role "root" does not exist
2026-10-06T15:47:33.1956851Z  2026-10-06 15:32:57.424 UTC [142] FATAL:  role "root" does not exist
2026-10-06T15:47:33.1958001Z  2026-10-06 15:33:02.490 UTC [151] FATAL:  role "root" does not exist
2026-10-06T15:47:33.1958965Z  2026-10-06 15:33:07.562 UTC [159] FATAL:  role "root" does not exist
2026-10-06T15:47:33.1959875Z  2026-10-06 15:33:12.627 UTC [167] FATAL:  role "root" does not exist
2026-10-06T15:47:33.1960736Z  2026-10-06 15:33:17.696 UTC [175] FATAL:  role "root" does not exist
2026-10-06T15:47:33.1961881Z  2026-10-06 15:33:22.771 UTC [184] FATAL:  role "root" does not exist
2026-10-06T15:47:33.1962858Z  2026-10-06 15:33:27.840 UTC [192] FATAL:  role "root" does not exist
2026-10-06T15:47:33.1963717Z  2026-10-06 15:33:32.904 UTC [200] FATAL:  role "root" does not exist
2026-10-06T15:47:33.1964622Z  2026-10-06 15:33:37.979 UTC [285] FATAL:  role "root" does not exist
2026-10-06T15:47:33.1965676Z  2026-10-06 15:33:43.058 UTC [454] FATAL:  role "root" does not exist
2026-10-06T15:47:33.1966538Z  2026-10-06 15:33:48.126 UTC [600] FATAL:  role "root" does not exist
2026-10-06T15:47:33.1967530Z  2026-10-06 15:33:53.193 UTC [636] FATAL:  role "root" does not exist
2026-10-06T15:47:33.1968326Z  2026-10-06 15:33:58.263 UTC [644] FATAL:  role "root" does not exist
2026-10-06T15:47:33.1969458Z  2026-10-06 15:34:03.325 UTC [652] FATAL:  role "root" does not exist
2026-10-06T15:47:33.1970271Z  2026-10-06 15:34:08.395 UTC [661] FATAL:  role "root" does not exist
2026-10-06T15:47:33.1971101Z  2026-10-06 15:34:13.470 UTC [669] FATAL:  role "root" does not exist
2026-10-06T15:47:33.1971652Z  2026-10-06 15:34:18.550 UTC [677] FATAL:  role "root" does not exist
2026-10-06T15:47:33.1972203Z  2026-10-06 15:34:23.615 UTC [685] FATAL:  role "root" does not exist
2026-10-06T15:47:33.1972730Z  2026-10-06 15:34:28.685 UTC [694] FATAL:  role "root" does not exist
2026-10-06T15:47:33.1973354Z  2026-10-06 15:34:33.754 UTC [702] FATAL:  role "root" does not exist
2026-10-06T15:47:33.1973881Z  2026-10-06 15:34:38.838 UTC [710] FATAL:  role "root" does not exist
2026-10-06T15:47:33.1974455Z  2026-10-06 15:34:43.908 UTC [718] FATAL:  role "root" does not exist
2026-10-06T15:47:33.1974966Z  2026-10-06 15:34:48.970 UTC [727] FATAL:  role "root" does not exist
2026-10-06T15:47:33.1975936Z  2026-10-06 15:34:54.039 UTC [735] FATAL:  role "root" does not exist
2026-10-06T15:47:33.1976942Z  2026-10-06 15:34:59.108 UTC [743] FATAL:  role "root" does not exist
2026-10-06T15:47:33.1977781Z  2026-10-06 15:35:04.176 UTC [751] FATAL:  role "root" does not exist
2026-10-06T15:47:33.1978754Z  2026-10-06 15:35:09.239 UTC [760] FATAL:  role "root" does not exist
2026-10-06T15:47:33.1979628Z  2026-10-06 15:35:14.326 UTC [779] FATAL:  role "root" does not exist
2026-10-06T15:47:33.1980621Z  2026-10-06 15:35:16.297 UTC [73] LOG:  checkpoint starting: immediate force wait
2026-10-06T15:47:33.1982788Z  2026-10-06 15:35:16.317 UTC [73] LOG:  checkpoint complete: wrote 1171 buffers (7.1%), wrote 3 SLRU buffers; 0 WAL file(s) added, 0 removed, 2 recycled; write=0.012 s, sync=0.005 s, total=0.020 s; sync files=929, longest=0.001 s, average=0.001 s; distance=24032 kB, estimate=24032 kB; lsn=0/330D168, redo lsn=0/330D110
2026-10-06T15:47:33.1985053Z  2026-10-06 15:35:18.638 UTC [73] LOG:  checkpoint starting: immediate force wait
2026-10-06T15:47:33.1986909Z  2026-10-06 15:35:18.641 UTC [73] LOG:  checkpoint complete: wrote 20 buffers (0.1%), wrote 2 SLRU buffers; 0 WAL file(s) added, 0 removed, 0 recycled; write=0.001 s, sync=0.001 s, total=0.004 s; sync files=7, longest=0.001 s, average=0.001 s; distance=13016 kB, estimate=22930 kB; lsn=0/3FC3298, redo lsn=0/3FC3240
2026-10-06T15:47:33.1989250Z  2026-10-06 15:35:19.406 UTC [1012] FATAL:  role "root" does not exist
2026-10-06T15:47:33.1995504Z  2026-10-06 15:35:20.891 UTC [73] LOG:  checkpoint starting: immediate force wait
2026-10-06T15:47:33.1997711Z  2026-10-06 15:35:20.895 UTC [73] LOG:  checkpoint complete: wrote 16 buffers (0.1%), wrote 2 SLRU buffers; 0 WAL file(s) added, 0 removed, 1 recycled; write=0.001 s, sync=0.001 s, total=0.004 s; sync files=7, longest=0.001 s, average=0.001 s; distance=13011 kB, estimate=21938 kB; lsn=0/4C77F60, redo lsn=0/4C77F08
2026-10-06T15:47:33.1999853Z  2026-10-06 15:35:24.488 UTC [1137] FATAL:  role "root" does not exist
2026-10-06T15:47:33.2000927Z  2026-10-06 15:35:29.567 UTC [1258] FATAL:  role "root" does not exist
2026-10-06T15:47:33.2001465Z  2026-10-06 15:35:34.638 UTC [1284] FATAL:  role "root" does not exist
2026-10-06T15:47:33.2002935Z  2026-10-06 15:35:35.167 UTC [73] LOG:  checkpoint starting: immediate force wait
2026-10-06T15:47:33.2004536Z  2026-10-06 15:35:35.170 UTC [73] LOG:  checkpoint complete: wrote 56 buffers (0.3%), wrote 4 SLRU buffers; 0 WAL file(s) added, 0 removed, 1 recycled; write=0.002 s, sync=0.001 s, total=0.004 s; sync files=11, longest=0.001 s, average=0.001 s; distance=15063 kB, estimate=21251 kB; lsn=0/5B2DD10, redo lsn=0/5B2DCB8
2026-10-06T15:47:33.2007587Z  2026-10-06 15:35:39.709 UTC [1487] FATAL:  role "root" does not exist
2026-10-06T15:47:33.2008812Z  2026-10-06 15:35:44.137 UTC [73] LOG:  checkpoint starting: immediate force wait
2026-10-06T15:47:33.2010474Z  2026-10-06 15:35:44.141 UTC [73] LOG:  checkpoint complete: wrote 32 buffers (0.2%), wrote 2 SLRU buffers; 0 WAL file(s) added, 0 removed, 1 recycled; write=0.001 s, sync=0.001 s, total=0.004 s; sync files=10, longest=0.001 s, average=0.001 s; distance=14141 kB, estimate=20540 kB; lsn=0/68FD288, redo lsn=0/68FD230
2026-10-06T15:47:33.2011973Z  2026-10-06 15:35:44.795 UTC [1558] FATAL:  role "root" does not exist
2026-10-06T15:47:33.2012605Z  2026-10-06 15:35:48.256 UTC [73] LOG:  checkpoint starting: immediate force wait
2026-10-06T15:47:33.2014036Z  2026-10-06 15:35:48.259 UTC [73] LOG:  checkpoint complete: wrote 23 buffers (0.1%), wrote 2 SLRU buffers; 0 WAL file(s) added, 0 removed, 1 recycled; write=0.001 s, sync=0.001 s, total=0.004 s; sync files=9, longest=0.001 s, average=0.001 s; distance=13115 kB, estimate=19797 kB; lsn=0/75CC130, redo lsn=0/75CC0D8
2026-10-06T15:47:33.2015277Z  2026-10-06 15:35:49.874 UTC [1790] FATAL:  role "root" does not exist
2026-10-06T15:47:33.2017377Z  2026-10-06 15:35:52.951 UTC [2062] ERROR:  the document moved after its promotion was asked for
2026-10-06T15:47:33.2018765Z  2026-10-06 15:35:52.951 UTC [2062] HINT:  reject this one and ask again for the document as it is now
2026-10-06T15:47:33.2019963Z  2026-10-06 15:35:52.951 UTC [2062] CONTEXT:  PL/pgSQL function apply_promotion() line 34 at RAISE
2026-10-06T15:47:33.2022551Z  2026-10-06 15:35:52.951 UTC [2062] STATEMENT:  UPDATE gate.suspension SET state=$1::VARCHAR, decided_by=$2::VARCHAR, decided_at=$3::TIMESTAMP WITH TIME ZONE, verdict=$4::VARCHAR, reason_code=$5::VARCHAR, updated_at=now() WHERE gate.suspension.id = $6::VARCHAR AND gate.suspension.state = $7::VARCHAR AND gate.suspension.action_digest = $8::VARCHAR
2026-10-06T15:47:33.2025011Z  2026-10-06 15:35:54.945 UTC [2266] FATAL:  role "root" does not exist
2026-10-06T15:47:33.2026866Z  2026-10-06 15:35:57.646 UTC [2354] ERROR:  the document moved after its promotion was asked for
2026-10-06T15:47:33.2028073Z  2026-10-06 15:35:57.646 UTC [2354] HINT:  reject this one and ask again for the document as it is now
2026-10-06T15:47:33.2029289Z  2026-10-06 15:35:57.646 UTC [2354] CONTEXT:  PL/pgSQL function apply_promotion() line 34 at RAISE
2026-10-06T15:47:33.2030786Z  2026-10-06 15:35:57.646 UTC [2354] STATEMENT:  UPDATE gate.suspension SET state=$1::VARCHAR, decided_by=$2::VARCHAR, decided_at=$3::TIMESTAMP WITH TIME ZONE, verdict=$4::VARCHAR, reason_code=$5::VARCHAR, updated_at=now() WHERE gate.suspension.id = $6::VARCHAR AND gate.suspension.state = $7::VARCHAR AND gate.suspension.action_digest = $8::VARCHAR
2026-10-06T15:47:33.2032243Z  2026-10-06 15:35:58.133 UTC [2356] ERROR:  the document moved after its promotion was asked for
2026-10-06T15:47:33.2032825Z  2026-10-06 15:35:58.133 UTC [2356] HINT:  reject this one and ask again for the document as it is now
2026-10-06T15:47:33.2033410Z  2026-10-06 15:35:58.133 UTC [2356] CONTEXT:  PL/pgSQL function apply_promotion() line 34 at RAISE
2026-10-06T15:47:33.2034761Z  2026-10-06 15:35:58.133 UTC [2356] STATEMENT:  UPDATE gate.suspension SET state=$1::VARCHAR, decided_by=$2::VARCHAR, decided_at=$3::TIMESTAMP WITH TIME ZONE, verdict=$4::VARCHAR, reason_code=$5::VARCHAR, updated_at=now() WHERE gate.suspension.id = $6::VARCHAR AND gate.suspension.state = $7::VARCHAR AND gate.suspension.action_digest = $8::VARCHAR
2026-10-06T15:47:33.2036471Z  2026-10-06 15:35:59.501 UTC [73] LOG:  checkpoint starting: immediate force wait
2026-10-06T15:47:33.2037811Z  2026-10-06 15:35:59.504 UTC [73] LOG:  checkpoint complete: wrote 44 buffers (0.3%), wrote 4 SLRU buffers; 0 WAL file(s) added, 0 removed, 1 recycled; write=0.002 s, sync=0.001 s, total=0.004 s; sync files=13, longest=0.001 s, average=0.001 s; distance=14435 kB, estimate=19261 kB; lsn=0/83E4E20, redo lsn=0/83E4DC8
2026-10-06T15:47:33.2038975Z  2026-10-06 15:36:00.018 UTC [2412] FATAL:  role "root" does not exist
2026-10-06T15:47:33.2039399Z  2026-10-06 15:36:05.094 UTC [2570] FATAL:  role "root" does not exist
2026-10-06T15:47:33.2039872Z  2026-10-06 15:36:05.656 UTC [73] LOG:  checkpoint starting: immediate force wait
2026-10-06T15:47:33.2041052Z  2026-10-06 15:36:05.659 UTC [73] LOG:  checkpoint complete: wrote 19 buffers (0.1%), wrote 2 SLRU buffers; 0 WAL file(s) added, 0 removed, 1 recycled; write=0.001 s, sync=0.001 s, total=0.004 s; sync files=10, longest=0.001 s, average=0.001 s; distance=13427 kB, estimate=18678 kB; lsn=0/9101B68, redo lsn=0/9101B10
2026-10-06T15:47:33.2042301Z  2026-10-06 15:36:10.161 UTC [2690] FATAL:  role "root" does not exist
2026-10-06T15:47:33.2042753Z  2026-10-06 15:36:10.267 UTC [73] LOG:  checkpoint starting: immediate force wait
2026-10-06T15:47:33.2043904Z  2026-10-06 15:36:10.270 UTC [73] LOG:  checkpoint complete: wrote 23 buffers (0.1%), wrote 2 SLRU buffers; 0 WAL file(s) added, 0 removed, 0 recycled; write=0.001 s, sync=0.001 s, total=0.003 s; sync files=10, longest=0.001 s, average=0.001 s; distance=13453 kB, estimate=18155 kB; lsn=0/9E25090, redo lsn=0/9E25038
2026-10-06T15:47:33.2045041Z  2026-10-06 15:36:14.872 UTC [73] LOG:  checkpoint starting: immediate force wait
2026-10-06T15:47:33.2046573Z  2026-10-06 15:36:14.875 UTC [73] LOG:  checkpoint complete: wrote 57 buffers (0.3%), wrote 2 SLRU buffers; 0 WAL file(s) added, 0 removed, 1 recycled; write=0.002 s, sync=0.001 s, total=0.004 s; sync files=11, longest=0.001 s, average=0.001 s; distance=13870 kB, estimate=17727 kB; lsn=0/ABB0B18, redo lsn=0/ABB0AC0
2026-10-06T15:47:33.2047701Z  2026-10-06 15:36:15.241 UTC [2748] FATAL:  role "root" does not exist
2026-10-06T15:47:33.2048131Z  2026-10-06 15:36:19.469 UTC [73] LOG:  checkpoint starting: immediate force wait
2026-10-06T15:47:33.2049261Z  2026-10-06 15:36:19.473 UTC [73] LOG:  checkpoint complete: wrote 22 buffers (0.1%), wrote 2 SLRU buffers; 0 WAL file(s) added, 0 removed, 1 recycled; write=0.001 s, sync=0.001 s, total=0.004 s; sync files=10, longest=0.001 s, average=0.001 s; distance=13441 kB, estimate=17298 kB; lsn=0/B8D0F38, redo lsn=0/B8D0EE0
2026-10-06T15:47:33.2050373Z  2026-10-06 15:36:20.307 UTC [2793] FATAL:  role "root" does not exist
2026-10-06T15:47:33.2050804Z  2026-10-06 15:36:24.066 UTC [73] LOG:  checkpoint starting: immediate force wait
2026-10-06T15:47:33.2051940Z  2026-10-06 15:36:24.069 UTC [73] LOG:  checkpoint complete: wrote 24 buffers (0.1%), wrote 2 SLRU buffers; 0 WAL file(s) added, 0 removed, 1 recycled; write=0.001 s, sync=0.001 s, total=0.004 s; sync files=10, longest=0.001 s, average=0.001 s; distance=13443 kB, estimate=16913 kB; lsn=0/C5F1C00, redo lsn=0/C5F1BA8
2026-10-06T15:47:33.2053047Z  2026-10-06 15:36:25.375 UTC [2838] FATAL:  role "root" does not exist
2026-10-06T15:47:33.2053477Z  2026-10-06 15:36:27.311 UTC [73] LOG:  checkpoint starting: immediate force wait
2026-10-06T15:47:33.2054611Z  2026-10-06 15:36:27.317 UTC [73] LOG:  checkpoint complete: wrote 22 buffers (0.1%), wrote 2 SLRU buffers; 0 WAL file(s) added, 0 removed, 1 recycled; write=0.004 s, sync=0.001 s, total=0.006 s; sync files=9, longest=0.001 s, average=0.001 s; distance=13294 kB, estimate=16551 kB; lsn=0/D2ED5A8, redo lsn=0/D2ED550
2026-10-06T15:47:33.2056007Z  2026-10-06 15:36:30.455 UTC [2974] FATAL:  role "root" does not exist
2026-10-06T15:47:33.2056426Z  2026-10-06 15:36:35.525 UTC [2988] FATAL:  role "root" does not exist
2026-10-06T15:47:33.2056828Z  2026-10-06 15:36:40.596 UTC [3106] FATAL:  role "root" does not exist
2026-10-06T15:47:33.2057227Z  2026-10-06 15:36:45.670 UTC [3125] FATAL:  role "root" does not exist
2026-10-06T15:47:33.2057825Z  2026-10-06 15:36:45.763 UTC [73] LOG:  checkpoint starting: immediate force wait
2026-10-06T15:47:33.2059066Z  2026-10-06 15:36:45.767 UTC [73] LOG:  checkpoint complete: wrote 58 buffers (0.4%), wrote 5 SLRU buffers; 0 WAL file(s) added, 0 removed, 1 recycled; write=0.002 s, sync=0.001 s, total=0.004 s; sync files=18, longest=0.001 s, average=0.001 s; distance=18704 kB, estimate=18704 kB; lsn=0/E5316A0, redo lsn=0/E531648
2026-10-06T15:47:33.2060201Z  2026-10-06 15:36:49.296 UTC [73] LOG:  checkpoint starting: immediate force wait
2026-10-06T15:47:33.2061330Z  2026-10-06 15:36:49.299 UTC [73] LOG:  checkpoint complete: wrote 20 buffers (0.1%), wrote 4 SLRU buffers; 0 WAL file(s) added, 0 removed, 1 recycled; write=0.001 s, sync=0.001 s, total=0.004 s; sync files=12, longest=0.001 s, average=0.001 s; distance=13024 kB, estimate=18136 kB; lsn=0/F1E99E0, redo lsn=0/F1E9988
2026-10-06T15:47:33.2062548Z  2026-10-06 15:36:50.744 UTC [3363] FATAL:  role "root" does not exist
2026-10-06T15:47:33.2062986Z  2026-10-06 15:36:51.325 UTC [73] LOG:  checkpoint starting: immediate force wait
2026-10-06T15:47:33.2064110Z  2026-10-06 15:36:51.328 UTC [73] LOG:  checkpoint complete: wrote 26 buffers (0.2%), wrote 1 SLRU buffers; 0 WAL file(s) added, 0 removed, 0 recycled; write=0.001 s, sync=0.001 s, total=0.003 s; sync files=10, longest=0.001 s, average=0.001 s; distance=13056 kB, estimate=17628 kB; lsn=0/FEA9CB8, redo lsn=0/FEA9C60
2026-10-06T15:47:33.2065252Z  2026-10-06 15:36:53.342 UTC [73] LOG:  checkpoint starting: immediate force wait
2026-10-06T15:47:33.2066711Z  2026-10-06 15:36:53.345 UTC [73] LOG:  checkpoint complete: wrote 21 buffers (0.1%), wrote 1 SLRU buffers; 0 WAL file(s) added, 0 removed, 1 recycled; write=0.001 s, sync=0.001 s, total=0.004 s; sync files=9, longest=0.001 s, average=0.001 s; distance=13004 kB, estimate=17165 kB; lsn=0/10B5CD58, redo lsn=0/10B5CD00
2026-10-06T15:47:33.2067830Z  2026-10-06 15:36:55.810 UTC [3403] FATAL:  role "root" does not exist
2026-10-06T15:47:33.2068267Z  2026-10-06 15:36:57.231 UTC [73] LOG:  checkpoint starting: immediate force wait
2026-10-06T15:47:33.2069397Z  2026-10-06 15:36:57.235 UTC [73] LOG:  checkpoint complete: wrote 17 buffers (0.1%), wrote 1 SLRU buffers; 0 WAL file(s) added, 0 removed, 1 recycled; write=0.001 s, sync=0.001 s, total=0.004 s; sync files=7, longest=0.001 s, average=0.001 s; distance=12997 kB, estimate=16749 kB; lsn=0/1180E4D0, redo lsn=0/1180E478
2026-10-06T15:47:33.2070538Z  2026-10-06 15:36:59.232 UTC [73] LOG:  checkpoint starting: immediate force wait
2026-10-06T15:47:33.2071681Z  2026-10-06 15:36:59.235 UTC [73] LOG:  checkpoint complete: wrote 70 buffers (0.4%), wrote 4 SLRU buffers; 0 WAL file(s) added, 0 removed, 1 recycled; write=0.002 s, sync=0.001 s, total=0.004 s; sync files=13, longest=0.001 s, average=0.001 s; distance=13346 kB, estimate=16408 kB; lsn=0/125170B0, redo lsn=0/12517058
2026-10-06T15:47:33.2072803Z  2026-10-06 15:37:00.881 UTC [3444] FATAL:  role "root" does not exist
2026-10-06T15:47:33.2073242Z  2026-10-06 15:37:01.288 UTC [73] LOG:  checkpoint starting: immediate force wait
2026-10-06T15:47:33.2074379Z  2026-10-06 15:37:01.294 UTC [73] LOG:  checkpoint complete: wrote 22 buffers (0.1%), wrote 4 SLRU buffers; 0 WAL file(s) added, 0 removed, 1 recycled; write=0.001 s, sync=0.001 s, total=0.007 s; sync files=12, longest=0.001 s, average=0.001 s; distance=13032 kB, estimate=16071 kB; lsn=0/131D1380, redo lsn=0/131D1328
2026-10-06T15:47:33.2075792Z  2026-10-06 15:37:04.931 UTC [73] LOG:  checkpoint starting: immediate force wait
2026-10-06T15:47:33.2076935Z  2026-10-06 15:37:04.934 UTC [73] LOG:  checkpoint complete: wrote 21 buffers (0.1%), wrote 2 SLRU buffers; 0 WAL file(s) added, 0 removed, 0 recycled; write=0.001 s, sync=0.001 s, total=0.003 s; sync files=10, longest=0.001 s, average=0.001 s; distance=13057 kB, estimate=15769 kB; lsn=0/13E91888, redo lsn=0/13E91830
2026-10-06T15:47:33.2078045Z  2026-10-06 15:37:05.958 UTC [3683] FATAL:  role "root" does not exist
2026-10-06T15:47:33.2078614Z  2026-10-06 15:37:06.992 UTC [73] LOG:  checkpoint starting: immediate force wait
2026-10-06T15:47:33.2079764Z  2026-10-06 15:37:06.995 UTC [73] LOG:  checkpoint complete: wrote 23 buffers (0.1%), wrote 2 SLRU buffers; 0 WAL file(s) added, 0 removed, 1 recycled; write=0.001 s, sync=0.001 s, total=0.003 s; sync files=11, longest=0.001 s, average=0.001 s; distance=13037 kB, estimate=15496 kB; lsn=0/14B4CDE8, redo lsn=0/14B4CD90
2026-10-06T15:47:33.2080900Z  2026-10-06 15:37:08.983 UTC [73] LOG:  checkpoint starting: immediate force wait
2026-10-06T15:47:33.2082032Z  2026-10-06 15:37:08.986 UTC [73] LOG:  checkpoint complete: wrote 33 buffers (0.2%), wrote 2 SLRU buffers; 0 WAL file(s) added, 0 removed, 1 recycled; write=0.001 s, sync=0.001 s, total=0.004 s; sync files=11, longest=0.001 s, average=0.001 s; distance=13107 kB, estimate=15257 kB; lsn=0/15819D60, redo lsn=0/15819D08
2026-10-06T15:47:33.2083284Z  2026-10-06 15:37:10.978 UTC [73] LOG:  checkpoint starting: immediate force wait
2026-10-06T15:47:33.2084414Z  2026-10-06 15:37:10.982 UTC [73] LOG:  checkpoint complete: wrote 21 buffers (0.1%), wrote 2 SLRU buffers; 0 WAL file(s) added, 0 removed, 1 recycled; write=0.001 s, sync=0.001 s, total=0.004 s; sync files=8, longest=0.001 s, average=0.001 s; distance=13030 kB, estimate=15035 kB; lsn=0/164D3920, redo lsn=0/164D38C8
2026-10-06T15:47:33.2085757Z  2026-10-06 15:37:11.038 UTC [3725] FATAL:  role "root" does not exist
2026-10-06T15:47:33.2086200Z  2026-10-06 15:37:13.002 UTC [73] LOG:  checkpoint starting: immediate force wait
2026-10-06T15:47:33.2087334Z  2026-10-06 15:37:13.005 UTC [73] LOG:  checkpoint complete: wrote 18 buffers (0.1%), wrote 2 SLRU buffers; 0 WAL file(s) added, 0 removed, 1 recycled; write=0.001 s, sync=0.001 s, total=0.004 s; sync files=7, longest=0.001 s, average=0.001 s; distance=13008 kB, estimate=14832 kB; lsn=0/17187C58, redo lsn=0/17187C00
2026-10-06T15:47:33.2088480Z  2026-10-06 15:37:15.045 UTC [73] LOG:  checkpoint starting: immediate force wait
2026-10-06T15:47:33.2089618Z  2026-10-06 15:37:15.049 UTC [73] LOG:  checkpoint complete: wrote 86 buffers (0.5%), wrote 2 SLRU buffers; 0 WAL file(s) added, 0 removed, 0 recycled; write=0.002 s, sync=0.001 s, total=0.004 s; sync files=11, longest=0.001 s, average=0.001 s; distance=13457 kB, estimate=14694 kB; lsn=0/17EAC238, redo lsn=0/17EAC1E0
2026-10-06T15:47:33.2090728Z  2026-10-06 15:37:16.106 UTC [3770] FATAL:  role "root" does not exist
2026-10-06T15:47:33.2091166Z  2026-10-06 15:37:17.057 UTC [73] LOG:  checkpoint starting: immediate force wait
2026-10-06T15:47:33.2092307Z  2026-10-06 15:37:17.061 UTC [73] LOG:  checkpoint complete: wrote 21 buffers (0.1%), wrote 2 SLRU buffers; 0 WAL file(s) added, 0 removed, 1 recycled; write=0.001 s, sync=0.001 s, total=0.004 s; sync files=10, longest=0.001 s, average=0.001 s; distance=13012 kB, estimate=14526 kB; lsn=0/18B612D0, redo lsn=0/18B61278
2026-10-06T15:47:33.2093438Z  2026-10-06 15:37:19.086 UTC [73] LOG:  checkpoint starting: immediate force wait
2026-10-06T15:47:33.2094583Z  2026-10-06 15:37:19.089 UTC [73] LOG:  checkpoint complete: wrote 19 buffers (0.1%), wrote 2 SLRU buffers; 0 WAL file(s) added, 0 removed, 1 recycled; write=0.001 s, sync=0.001 s, total=0.003 s; sync files=10, longest=0.001 s, average=0.001 s; distance=13011 kB, estimate=14375 kB; lsn=0/19815F10, redo lsn=0/19815EB8
2026-10-06T15:47:33.2096013Z  2026-10-06 15:37:21.093 UTC [73] LOG:  checkpoint starting: immediate force wait
2026-10-06T15:47:33.2097175Z  2026-10-06 15:37:21.096 UTC [73] LOG:  checkpoint complete: wrote 24 buffers (0.1%), wrote 2 SLRU buffers; 0 WAL file(s) added, 0 removed, 1 recycled; write=0.001 s, sync=0.001 s, total=0.003 s; sync files=11, longest=0.001 s, average=0.001 s; distance=13033 kB, estimate=14240 kB; lsn=0/1A4D05A8, redo lsn=0/1A4D0550
2026-10-06T15:47:33.2098298Z  2026-10-06 15:37:21.175 UTC [3813] FATAL:  role "root" does not exist
2026-10-06T15:47:33.2098740Z  2026-10-06 15:37:23.130 UTC [73] LOG:  checkpoint starting: immediate force wait
2026-10-06T15:47:33.2100038Z  2026-10-06 15:37:23.132 UTC [73] LOG:  checkpoint complete: wrote 19 buffers (0.1%), wrote 2 SLRU buffers; 0 WAL file(s) added, 0 removed, 1 recycled; write=0.001 s, sync=0.001 s, total=0.003 s; sync files=10, longest=0.001 s, average=0.001 s; distance=13023 kB, estimate=14119 kB; lsn=0/1B188418, redo lsn=0/1B1883C0
2026-10-06T15:47:33.2101211Z  2026-10-06 15:37:25.155 UTC [73] LOG:  checkpoint starting: immediate force wait
2026-10-06T15:47:33.2102361Z  2026-10-06 15:37:25.158 UTC [73] LOG:  checkpoint complete: wrote 32 buffers (0.2%), wrote 2 SLRU buffers; 0 WAL file(s) added, 0 removed, 0 recycled; write=0.001 s, sync=0.001 s, total=0.004 s; sync files=11, longest=0.001 s, average=0.001 s; distance=13104 kB, estimate=14017 kB; lsn=0/1BE54528, redo lsn=0/1BE544D0
2026-10-06T15:47:33.2103579Z  2026-10-06 15:37:26.248 UTC [3856] FATAL:  role "root" does not exist
2026-10-06T15:47:33.2104015Z  2026-10-06 15:37:27.165 UTC [73] LOG:  checkpoint starting: immediate force wait
2026-10-06T15:47:33.2105155Z  2026-10-06 15:37:27.168 UTC [73] LOG:  checkpoint complete: wrote 25 buffers (0.2%), wrote 2 SLRU buffers; 0 WAL file(s) added, 0 removed, 1 recycled; write=0.001 s, sync=0.001 s, total=0.004 s; sync files=8, longest=0.001 s, average=0.001 s; distance=13061 kB, estimate=13922 kB; lsn=0/1CB15AE8, redo lsn=0/1CB15A90
2026-10-06T15:47:33.2106545Z  2026-10-06 15:37:29.161 UTC [73] LOG:  checkpoint starting: immediate force wait
2026-10-06T15:47:33.2107678Z  2026-10-06 15:37:29.166 UTC [73] LOG:  checkpoint complete: wrote 90 buffers (0.5%), wrote 2 SLRU buffers; 0 WAL file(s) added, 0 removed, 1 recycled; write=0.002 s, sync=0.001 s, total=0.005 s; sync files=11, longest=0.001 s, average=0.001 s; distance=13469 kB, estimate=13876 kB; lsn=0/1D83D190, redo lsn=0/1D83D138
2026-10-06T15:47:33.2108801Z  2026-10-06 15:37:31.320 UTC [3926] FATAL:  role "root" does not exist
2026-10-06T15:47:33.2109209Z  2026-10-06 15:37:36.398 UTC [4111] FATAL:  role "root" does not exist
2026-10-06T15:47:33.2109640Z  2026-10-06 15:37:40.427 UTC [73] LOG:  checkpoint starting: immediate force wait
2026-10-06T15:47:33.2110784Z  2026-10-06 15:37:40.431 UTC [73] LOG:  checkpoint complete: wrote 19 buffers (0.1%), wrote 4 SLRU buffers; 0 WAL file(s) added, 0 removed, 1 recycled; write=0.001 s, sync=0.001 s, total=0.004 s; sync files=12, longest=0.001 s, average=0.001 s; distance=19260 kB, estimate=19260 kB; lsn=0/1EB0C2B8, redo lsn=0/1EB0C260
2026-10-06T15:47:33.2111898Z  2026-10-06 15:37:41.478 UTC [4154] FATAL:  role "root" does not exist
2026-10-06T15:47:33.2112409Z  2026-10-06 15:37:43.483 UTC [4259] ERROR:  new row violates row-level security policy for table "signal"
2026-10-06T15:47:33.2113305Z  2026-10-06 15:37:43.483 UTC [4259] STATEMENT:  INSERT INTO mem.signal (signal, conversation_id, message_id, principal_id, at) VALUES ('reasked', CAST($1 AS uuid), CAST($2 AS uuid), $3, $4)
2026-10-06T15:47:33.2114246Z  2026-10-06 15:37:44.958 UTC [4366] ERROR:  new row violates row-level security policy for table "signal"
2026-10-06T15:47:33.2115130Z  2026-10-06 15:37:44.958 UTC [4366] STATEMENT:  INSERT INTO mem.signal (signal, conversation_id, message_id, principal_id, at) VALUES ('reasked', CAST($1 AS uuid), CAST($2 AS uuid), $3, $4)
2026-10-06T15:47:33.2116152Z  2026-10-06 15:37:46.543 UTC [4387] FATAL:  role "root" does not exist
2026-10-06T15:47:33.2116595Z  2026-10-06 15:37:48.536 UTC [73] LOG:  checkpoint starting: immediate force wait
2026-10-06T15:47:33.2117739Z  2026-10-06 15:37:48.539 UTC [73] LOG:  checkpoint complete: wrote 43 buffers (0.3%), wrote 3 SLRU buffers; 0 WAL file(s) added, 0 removed, 1 recycled; write=0.001 s, sync=0.001 s, total=0.004 s; sync files=11, longest=0.001 s, average=0.001 s; distance=13583 kB, estimate=18692 kB; lsn=0/1F8500B0, redo lsn=0/1F850058
2026-10-06T15:47:33.2118859Z  2026-10-06 15:37:51.623 UTC [4519] FATAL:  role "root" does not exist
2026-10-06T15:47:33.2119295Z  2026-10-06 15:37:52.453 UTC [73] LOG:  checkpoint starting: immediate force wait
2026-10-06T15:47:33.2120576Z  2026-10-06 15:37:52.456 UTC [73] LOG:  checkpoint complete: wrote 21 buffers (0.1%), wrote 2 SLRU buffers; 0 WAL file(s) added, 0 removed, 1 recycled; write=0.001 s, sync=0.001 s, total=0.004 s; sync files=10, longest=0.001 s, average=0.001 s; distance=13038 kB, estimate=18127 kB; lsn=0/2050BB88, redo lsn=0/2050BB30
2026-10-06T15:47:33.2121720Z  2026-10-06 15:37:54.770 UTC [73] LOG:  checkpoint starting: immediate force wait
2026-10-06T15:47:33.2122861Z  2026-10-06 15:37:54.774 UTC [73] LOG:  checkpoint complete: wrote 26 buffers (0.2%), wrote 2 SLRU buffers; 0 WAL file(s) added, 0 removed, 1 recycled; write=0.002 s, sync=0.001 s, total=0.004 s; sync files=10, longest=0.001 s, average=0.001 s; distance=13081 kB, estimate=17622 kB; lsn=0/211D2218, redo lsn=0/211D21C0
2026-10-06T15:47:33.2124079Z  2026-10-06 15:37:56.697 UTC [4666] FATAL:  role "root" does not exist
2026-10-06T15:47:33.2124513Z  2026-10-06 15:37:56.963 UTC [73] LOG:  checkpoint starting: immediate force wait
2026-10-06T15:47:33.2125871Z  2026-10-06 15:37:56.966 UTC [73] LOG:  checkpoint complete: wrote 22 buffers (0.1%), wrote 2 SLRU buffers; 0 WAL file(s) added, 0 removed, 0 recycled; write=0.001 s, sync=0.001 s, total=0.003 s; sync files=10, longest=0.001 s, average=0.001 s; distance=13047 kB, estimate=17165 kB; lsn=0/21E8FF90, redo lsn=0/21E8FF38
2026-10-06T15:47:33.2127010Z  2026-10-06 15:37:58.979 UTC [73] LOG:  checkpoint starting: immediate force wait
2026-10-06T15:47:33.2128147Z  2026-10-06 15:37:58.982 UTC [73] LOG:  checkpoint complete: wrote 61 buffers (0.4%), wrote 2 SLRU buffers; 0 WAL file(s) added, 0 removed, 1 recycled; write=0.002 s, sync=0.001 s, total=0.004 s; sync files=11, longest=0.001 s, average=0.001 s; distance=13284 kB, estimate=16777 kB; lsn=0/22B89218, redo lsn=0/22B891C0
2026-10-06T15:47:33.2129287Z  2026-10-06 15:38:01.175 UTC [73] LOG:  checkpoint starting: immediate force wait
2026-10-06T15:47:33.2130426Z  2026-10-06 15:38:01.179 UTC [73] LOG:  checkpoint complete: wrote 19 buffers (0.1%), wrote 2 SLRU buffers; 0 WAL file(s) added, 0 removed, 1 recycled; write=0.002 s, sync=0.001 s, total=0.004 s; sync files=10, longest=0.001 s, average=0.001 s; distance=13023 kB, estimate=16401 kB; lsn=0/238410C0, redo lsn=0/23841068
2026-10-06T15:47:33.2131542Z  2026-10-06 15:38:01.763 UTC [4730] FATAL:  role "root" does not exist
2026-10-06T15:47:33.2131977Z  2026-10-06 15:38:03.161 UTC [73] LOG:  checkpoint starting: immediate force wait
2026-10-06T15:47:33.2133109Z  2026-10-06 15:38:03.163 UTC [73] LOG:  checkpoint complete: wrote 24 buffers (0.1%), wrote 1 SLRU buffers; 0 WAL file(s) added, 0 removed, 1 recycled; write=0.001 s, sync=0.001 s, total=0.003 s; sync files=11, longest=0.001 s, average=0.001 s; distance=13030 kB, estimate=16064 kB; lsn=0/244FA920, redo lsn=0/244FA8C8
2026-10-06T15:47:33.2134254Z  2026-10-06 15:38:05.085 UTC [73] LOG:  checkpoint starting: immediate force wait
2026-10-06T15:47:33.2135687Z  2026-10-06 15:38:05.088 UTC [73] LOG:  checkpoint complete: wrote 25 buffers (0.2%), wrote 1 SLRU buffers; 0 WAL file(s) added, 0 removed, 1 recycled; write=0.001 s, sync=0.001 s, total=0.003 s; sync files=11, longest=0.001 s, average=0.001 s; distance=13030 kB, estimate=15761 kB; lsn=0/251B4450, redo lsn=0/251B43F8
2026-10-06T15:47:33.2136839Z  2026-10-06 15:38:06.829 UTC [4766] FATAL:  role "root" does not exist
2026-10-06T15:47:33.2137175Z  
2026-10-06T15:47:33.2137448Z      pg_ctl -D /var/lib/postgresql/18/docker -l logfile start
2026-10-06T15:47:33.2137778Z  
2026-10-06T15:47:33.2138455Z  waiting for server to start....2026-10-06 15:32:17.529 UTC [53] LOG:  starting PostgreSQL 18.6 (Debian 18.6-1.pgdg12+2) on x86_64-pc-linux-gnu, compiled by gcc (Debian 12.2.0-14+deb12u1) 12.2.0, 64-bit
2026-10-06T15:47:33.2139363Z  2026-10-06 15:32:17.530 UTC [53] LOG:  listening on Unix socket "/var/run/postgresql/.s.PGSQL.5432"
2026-10-06T15:47:33.2139939Z  2026-10-06 15:32:17.533 UTC [59] LOG:  database system was shut down at 2026-10-06 15:32:17 UTC
2026-10-06T15:47:33.2140471Z  2026-10-06 15:32:17.536 UTC [53] LOG:  database system is ready to accept connections
2026-10-06T15:47:33.2140851Z   done
2026-10-06T15:47:33.2141207Z  server started
2026-10-06T15:47:33.2141427Z  CREATE DATABASE
2026-10-06T15:47:33.2141637Z  
2026-10-06T15:47:33.2141818Z  
2026-10-06T15:47:33.2142149Z  /usr/local/bin/docker-entrypoint.sh: ignoring /docker-entrypoint-initdb.d/*
2026-10-06T15:47:33.2142557Z  
2026-10-06T15:47:33.2142923Z  waiting for server to shut down...2026-10-06 15:32:17.732 UTC [53] LOG:  received fast shutdown request
2026-10-06T15:47:33.2143477Z  .2026-10-06 15:32:17.733 UTC [53] LOG:  aborting any active transactions
2026-10-06T15:47:33.2144090Z  2026-10-06 15:32:17.734 UTC [53] LOG:  background worker "logical replication launcher" (PID 62) exited with exit code 1
2026-10-06T15:47:33.2144758Z  2026-10-06 15:32:17.736 UTC [57] LOG:  shutting down
2026-10-06T15:47:33.2145165Z  2026-10-06 15:32:17.736 UTC [57] LOG:  checkpoint starting: shutdown immediate
2026-10-06T15:47:33.2146568Z  2026-10-06 15:32:17.751 UTC [57] LOG:  checkpoint complete: wrote 941 buffers (5.7%), wrote 3 SLRU buffers; 0 WAL file(s) added, 0 removed, 0 recycled; write=0.012 s, sync=0.002 s, total=0.015 s; sync files=303, longest=0.001 s, average=0.001 s; distance=4334 kB, estimate=4334 kB; lsn=0/1B94F70, redo lsn=0/1B94F70
2026-10-06T15:47:33.2147702Z  2026-10-06 15:32:17.762 UTC [53] LOG:  database system is shut down
2026-10-06T15:47:33.2148042Z   done
2026-10-06T15:47:33.2148232Z  server stopped
2026-10-06T15:47:33.2148438Z  
2026-10-06T15:47:33.2148681Z  PostgreSQL init process complete; ready for start up.
2026-10-06T15:47:33.2148992Z  
2026-10-06T15:47:33.2149395Z  2026-10-06 15:38:07.041 UTC [73] LOG:  checkpoint starting: immediate force wait
2026-10-06T15:47:33.2150558Z  2026-10-06 15:38:07.043 UTC [73] LOG:  checkpoint complete: wrote 26 buffers (0.2%), wrote 1 SLRU buffers; 0 WAL file(s) added, 0 removed, 0 recycled; write=0.001 s, sync=0.001 s, total=0.003 s; sync files=9, longest=0.001 s, average=0.001 s; distance=13054 kB, estimate=15490 kB; lsn=0/25E73CB8, redo lsn=0/25E73C60
2026-10-06T15:47:33.2151714Z  2026-10-06 15:38:08.968 UTC [73] LOG:  checkpoint starting: immediate force wait
2026-10-06T15:47:33.2152865Z  2026-10-06 15:38:08.971 UTC [73] LOG:  checkpoint complete: wrote 20 buffers (0.1%), wrote 1 SLRU buffers; 0 WAL file(s) added, 0 removed, 1 recycled; write=0.001 s, sync=0.001 s, total=0.004 s; sync files=9, longest=0.001 s, average=0.001 s; distance=13002 kB, estimate=15241 kB; lsn=0/26B264C8, redo lsn=0/26B26470
2026-10-06T15:47:33.2153998Z  2026-10-06 15:38:11.338 UTC [73] LOG:  checkpoint starting: immediate force wait
2026-10-06T15:47:33.2155135Z  2026-10-06 15:38:11.340 UTC [73] LOG:  checkpoint complete: wrote 22 buffers (0.1%), wrote 1 SLRU buffers; 0 WAL file(s) added, 0 removed, 1 recycled; write=0.001 s, sync=0.001 s, total=0.003 s; sync files=9, longest=0.001 s, average=0.001 s; distance=13025 kB, estimate=15020 kB; lsn=0/277DEBB8, redo lsn=0/277DEB60
2026-10-06T15:47:33.2156613Z  2026-10-06 15:38:11.898 UTC [4838] FATAL:  role "root" does not exist
2026-10-06T15:47:33.2157083Z  2026-10-06 15:38:13.299 UTC [73] LOG:  checkpoint starting: immediate force wait
2026-10-06T15:47:33.2158239Z  2026-10-06 15:38:13.305 UTC [73] LOG:  checkpoint complete: wrote 88 buffers (0.5%), wrote 1 SLRU buffers; 0 WAL file(s) added, 0 removed, 1 recycled; write=0.004 s, sync=0.001 s, total=0.006 s; sync files=11, longest=0.001 s, average=0.001 s; distance=13428 kB, estimate=14860 kB; lsn=0/284FBBB8, redo lsn=0/284FBB60
2026-10-06T15:47:33.2159399Z  2026-10-06 15:38:15.260 UTC [73] LOG:  checkpoint starting: immediate force wait
2026-10-06T15:47:33.2160549Z  2026-10-06 15:38:15.263 UTC [73] LOG:  checkpoint complete: wrote 22 buffers (0.1%), wrote 1 SLRU buffers; 0 WAL file(s) added, 0 removed, 1 recycled; write=0.001 s, sync=0.001 s, total=0.003 s; sync files=10, longest=0.001 s, average=0.001 s; distance=13023 kB, estimate=14677 kB; lsn=0/291B3A60, redo lsn=0/291B3A08
2026-10-06T15:47:33.2161666Z  2026-10-06 15:38:16.967 UTC [4915] FATAL:  role "root" does not exist
2026-10-06T15:47:33.2162218Z  2026-10-06 15:38:22.040 UTC [5056] FATAL:  role "root" does not exist
2026-10-06T15:47:33.2162629Z  2026-10-06 15:38:27.116 UTC [5205] FATAL:  role "root" does not exist
2026-10-06T15:47:33.2163033Z  2026-10-06 15:38:32.182 UTC [5294] FATAL:  role "root" does not exist
2026-10-06T15:47:33.2163433Z  2026-10-06 15:38:37.253 UTC [5445] FATAL:  role "root" does not exist
2026-10-06T15:47:33.2163830Z  2026-10-06 15:38:42.327 UTC [5602] FATAL:  role "root" does not exist
2026-10-06T15:47:33.2164226Z  2026-10-06 15:38:47.395 UTC [5676] FATAL:  role "root" does not exist
2026-10-06T15:47:33.2164631Z  2026-10-06 15:38:52.474 UTC [5684] FATAL:  role "root" does not exist
2026-10-06T15:47:33.2165025Z  2026-10-06 15:38:57.545 UTC [5696] FATAL:  role "root" does not exist
2026-10-06T15:47:33.2165869Z  2026-10-06 15:38:58.066 UTC [5711] ERROR:  ops.budget_version is append-only; UPDATE is refused
2026-10-06T15:47:33.2166505Z  2026-10-06 15:38:58.066 UTC [5711] HINT:  a ceiling is changed by appending its next version, never by editing one
2026-10-06T15:47:33.2167206Z  2026-10-06 15:38:58.066 UTC [5711] CONTEXT:  PL/pgSQL function ops.budget_version_is_append_only() line 3 at RAISE
2026-10-06T15:47:33.2167940Z  2026-10-06 15:38:58.066 UTC [5711] STATEMENT:  UPDATE ops.budget_version SET ceiling_minor = 1 WHERE subject = 'dept_sealed'
2026-10-06T15:47:33.2168601Z  2026-10-06 15:38:58.067 UTC [5711] ERROR:  ops.budget_version is append-only; DELETE is refused
2026-10-06T15:47:33.2169265Z  2026-10-06 15:38:58.067 UTC [5711] HINT:  a ceiling is changed by appending its next version, never by editing one
2026-10-06T15:47:33.2169947Z  2026-10-06 15:38:58.067 UTC [5711] CONTEXT:  PL/pgSQL function ops.budget_version_is_append_only() line 3 at RAISE
2026-10-06T15:47:33.2170620Z  2026-10-06 15:38:58.067 UTC [5711] STATEMENT:  DELETE FROM ops.budget_version WHERE subject = 'dept_sealed'
2026-10-06T15:47:33.2171236Z  2026-10-06 15:38:58.067 UTC [5711] ERROR:  ops.budget_version is append-only; TRUNCATE is refused
2026-10-06T15:47:33.2171856Z  2026-10-06 15:38:58.067 UTC [5711] HINT:  a ceiling is changed by appending its next version, never by editing one
2026-10-06T15:47:33.2172537Z  2026-10-06 15:38:58.067 UTC [5711] CONTEXT:  PL/pgSQL function ops.budget_version_is_append_only() line 3 at RAISE
2026-10-06T15:47:33.2189714Z  2026-10-06 15:38:58.067 UTC [5711] STATEMENT:  TRUNCATE ops.budget_version
2026-10-06T15:47:33.2190254Z  2026-10-06 15:38:58.075 UTC [5712] ERROR:  permission denied for table budget_version
2026-10-06T15:47:33.2190919Z  2026-10-06 15:38:58.075 UTC [5712] STATEMENT:  UPDATE ops.budget_version SET ceiling_minor = 1 WHERE subject = 'dept_sealed'
2026-10-06T15:47:33.2191548Z  2026-10-06 15:38:58.094 UTC [5714] ERROR:  the first version of a ceiling is 1, not 2
2026-10-06T15:47:33.2192156Z  2026-10-06 15:38:58.094 UTC [5714] CONTEXT:  PL/pgSQL function ops.budget_version_follows_the_last() line 13 at RAISE
2026-10-06T15:47:33.2193167Z  2026-10-06 15:38:58.094 UTC [5714] STATEMENT:  INSERT INTO ops.budget_version (level, subject, period, ceiling_minor, version, author, effective_from) VALUES ('department', $1, 'month', 1000, $2, 'u_rupash', $3)
2026-10-06T15:47:33.2194047Z  2026-10-06 15:38:58.112 UTC [5716] ERROR:  version 3 does not follow version 1
2026-10-06T15:47:33.2194628Z  2026-10-06 15:38:58.112 UTC [5716] CONTEXT:  PL/pgSQL function ops.budget_version_follows_the_last() line 18 at RAISE
2026-10-06T15:47:33.2195897Z  2026-10-06 15:38:58.112 UTC [5716] STATEMENT:  INSERT INTO ops.budget_version (level, subject, period, ceiling_minor, version, author, effective_from) VALUES ('department', $1, 'month', 1000, $2, 'u_rupash', $3)
2026-10-06T15:47:33.2196898Z  2026-10-06 15:38:58.121 UTC [5717] ERROR:  version 2 takes effect no later than the version before it
2026-10-06T15:47:33.2197492Z  2026-10-06 15:38:58.121 UTC [5717] HINT:  two versions effective at one instant cannot be ordered
2026-10-06T15:47:33.2198129Z  2026-10-06 15:38:58.121 UTC [5717] CONTEXT:  PL/pgSQL function ops.budget_version_follows_the_last() line 23 at RAISE
2026-10-06T15:47:33.2199372Z  2026-10-06 15:38:58.121 UTC [5717] STATEMENT:  INSERT INTO ops.budget_version (level, subject, period, ceiling_minor, version, author, effective_from) VALUES ('department', $1, 'month', 1000, $2, 'u_rupash', $3)
2026-10-06T15:47:33.2200482Z  2026-10-06 15:38:58.686 UTC [5723] ERROR:  duplicate key value violates unique constraint "uq_budget_version_level_subject_period_version"
2026-10-06T15:47:33.2201324Z  2026-10-06 15:38:58.686 UTC [5723] DETAIL:  Key (level, subject, period, version)=(department, dept_race, month, 2) already exists.
2026-10-06T15:47:33.2202922Z  2026-10-06 15:38:58.686 UTC [5723] STATEMENT:  INSERT INTO ops.budget_version (level, subject, period, ceiling_minor, version, author, effective_from, reason, alert_fractions) VALUES ($1::VARCHAR, $2::VARCHAR, $3::VARCHAR, $4::BIGINT, $5::INTEGER, $6::VARCHAR, $7::TIMESTAMP WITH TIME ZONE, $8::VARCHAR, $9::DOUBLE PRECISION[]) RETURNING ops.budget_version.id, ops.budget_version.recorded_at
2026-10-06T15:47:33.2204487Z  2026-10-06 15:38:58.861 UTC [73] LOG:  checkpoint starting: immediate force wait
2026-10-06T15:47:33.2205961Z  2026-10-06 15:38:58.879 UTC [73] LOG:  checkpoint complete: wrote 1032 buffers (6.3%), wrote 1 SLRU buffers; 0 WAL file(s) added, 0 removed, 0 recycled; write=0.013 s, sync=0.005 s, total=0.019 s; sync files=347, longest=0.001 s, average=0.001 s; distance=9560 kB, estimate=14165 kB; lsn=0/29B09E00, redo lsn=0/29B09DA8
2026-10-06T15:47:33.2207146Z  2026-10-06 15:38:59.464 UTC [73] LOG:  checkpoint starting: immediate force wait
2026-10-06T15:47:33.2208294Z  2026-10-06 15:38:59.467 UTC [73] LOG:  checkpoint complete: wrote 11 buffers (0.1%), wrote 1 SLRU buffers; 0 WAL file(s) added, 0 removed, 0 recycled; write=0.001 s, sync=0.001 s, total=0.003 s; sync files=8, longest=0.001 s, average=0.001 s; distance=4702 kB, estimate=13219 kB; lsn=0/29FA1800, redo lsn=0/29FA17A8
2026-10-06T15:47:33.2209442Z  2026-10-06 15:38:59.482 UTC [73] LOG:  checkpoint starting: immediate force wait
2026-10-06T15:47:33.2210581Z  2026-10-06 15:38:59.484 UTC [73] LOG:  checkpoint complete: wrote 3 buffers (0.0%), wrote 1 SLRU buffers; 0 WAL file(s) added, 0 removed, 0 recycled; write=0.001 s, sync=0.001 s, total=0.002 s; sync files=3, longest=0.001 s, average=0.001 s; distance=20 kB, estimate=11899 kB; lsn=0/29FA68B8, redo lsn=0/29FA6860
2026-10-06T15:47:33.2211695Z  2026-10-06 15:39:02.613 UTC [5760] FATAL:  role "root" does not exist
2026-10-06T15:47:33.2212109Z  2026-10-06 15:39:07.682 UTC [5859] FATAL:  role "root" does not exist
2026-10-06T15:47:33.2212520Z  2026-10-06 15:39:12.750 UTC [5886] FATAL:  role "root" does not exist
2026-10-06T15:47:33.2212916Z  2026-10-06 15:39:17.814 UTC [5895] FATAL:  role "root" does not exist
2026-10-06T15:47:33.2213324Z  2026-10-06 15:39:22.881 UTC [5903] FATAL:  role "root" does not exist
2026-10-06T15:47:33.2213908Z  2026-10-06 15:39:25.629 UTC [5922] ERROR:  new row violates row-level security policy for table "custom_connector"
2026-10-06T15:47:33.2214765Z  2026-10-06 15:39:25.629 UTC [5922] STATEMENT:  UPDATE ops.custom_connector SET state = 'approved', reviewed_by = 'u_definer', reviewed_at = now() WHERE name = $1
2026-10-06T15:47:33.2215765Z  2026-10-06 15:39:25.802 UTC [73] LOG:  checkpoint starting: immediate force wait
2026-10-06T15:47:33.2216960Z  2026-10-06 15:39:25.805 UTC [73] LOG:  checkpoint complete: wrote 40 buffers (0.2%), wrote 1 SLRU buffers; 0 WAL file(s) added, 0 removed, 1 recycled; write=0.002 s, sync=0.001 s, total=0.004 s; sync files=29, longest=0.001 s, average=0.001 s; distance=13087 kB, estimate=13087 kB; lsn=0/2AC6E620, redo lsn=0/2AC6E5C8
2026-10-06T15:47:33.2218141Z  2026-10-06 15:39:25.971 UTC [5942] ERROR:  permission denied to set role "postgres"
2026-10-06T15:47:33.2218606Z  2026-10-06 15:39:25.971 UTC [5942] STATEMENT:  SET ROLE "postgres"
2026-10-06T15:47:33.2219043Z  2026-10-06 15:39:26.020 UTC [73] LOG:  checkpoint starting: immediate force wait
2026-10-06T15:47:33.2220337Z  2026-10-06 15:39:26.023 UTC [73] LOG:  checkpoint complete: wrote 14 buffers (0.1%), wrote 1 SLRU buffers; 0 WAL file(s) added, 0 removed, 1 recycled; write=0.001 s, sync=0.001 s, total=0.003 s; sync files=15, longest=0.001 s, average=0.001 s; distance=4370 kB, estimate=12215 kB; lsn=0/2B0B3000, redo lsn=0/2B0B2FA8
2026-10-06T15:47:33.2221472Z  2026-10-06 15:39:27.959 UTC [5986] FATAL:  role "root" does not exist
2026-10-06T15:47:33.2221883Z  2026-10-06 15:39:33.026 UTC [6091] FATAL:  role "root" does not exist
2026-10-06T15:47:33.2222282Z  2026-10-06 15:39:38.099 UTC [6178] FATAL:  role "root" does not exist
2026-10-06T15:47:33.2222712Z  2026-10-06 15:39:39.872 UTC [73] LOG:  checkpoint starting: immediate force wait
2026-10-06T15:47:33.2223854Z  2026-10-06 15:39:39.878 UTC [73] LOG:  checkpoint complete: wrote 62 buffers (0.4%), wrote 1 SLRU buffers; 0 WAL file(s) added, 0 removed, 0 recycled; write=0.002 s, sync=0.001 s, total=0.007 s; sync files=26, longest=0.001 s, average=0.001 s; distance=13392 kB, estimate=13392 kB; lsn=0/2BDC7008, redo lsn=0/2BDC6FB0
2026-10-06T15:47:33.2225151Z  2026-10-06 15:39:40.050 UTC [73] LOG:  checkpoint starting: immediate force wait
2026-10-06T15:47:33.2226418Z  2026-10-06 15:39:40.052 UTC [73] LOG:  checkpoint complete: wrote 3 buffers (0.0%), wrote 1 SLRU buffers; 0 WAL file(s) added, 0 removed, 1 recycled; write=0.001 s, sync=0.001 s, total=0.003 s; sync files=4, longest=0.001 s, average=0.001 s; distance=4342 kB, estimate=12487 kB; lsn=0/2C2049D8, redo lsn=0/2C204980
2026-10-06T15:47:33.2227555Z  2026-10-06 15:39:40.208 UTC [73] LOG:  checkpoint starting: immediate force wait
2026-10-06T15:47:33.2228686Z  2026-10-06 15:39:40.210 UTC [73] LOG:  checkpoint complete: wrote 3 buffers (0.0%), wrote 1 SLRU buffers; 0 WAL file(s) added, 0 removed, 0 recycled; write=0.001 s, sync=0.001 s, total=0.003 s; sync files=4, longest=0.001 s, average=0.001 s; distance=4342 kB, estimate=11672 kB; lsn=0/2C6424D8, redo lsn=0/2C642480
2026-10-06T15:47:33.2229830Z  2026-10-06 15:39:42.638 UTC [73] LOG:  checkpoint starting: immediate force wait
2026-10-06T15:47:33.2230964Z  2026-10-06 15:39:42.644 UTC [73] LOG:  checkpoint complete: wrote 20 buffers (0.1%), wrote 1 SLRU buffers; 0 WAL file(s) added, 0 removed, 1 recycled; write=0.001 s, sync=0.001 s, total=0.006 s; sync files=9, longest=0.001 s, average=0.001 s; distance=13109 kB, estimate=13109 kB; lsn=0/2D30FC80, redo lsn=0/2D30FC28
2026-10-06T15:47:33.2232075Z  2026-10-06 15:39:43.170 UTC [6253] FATAL:  role "root" does not exist
2026-10-06T15:47:33.2232599Z  2026-10-06 15:39:43.679 UTC [6260] ERROR:  relation "ops.custom_connector" does not exist at character 71
2026-10-06T15:47:33.2233275Z  2026-10-06 15:39:43.679 UTC [6260] STATEMENT:  SELECT ops.custom_connector.name, ops.custom_connector.revision 
2026-10-06T15:47:33.2233780Z  	FROM ops.custom_connector 
2026-10-06T15:47:33.2234075Z  	WHERE ops.custom_connector.state = $1::VARCHAR
2026-10-06T15:47:33.2234558Z  2026-10-06 15:39:45.366 UTC [6365] ERROR:  relation "ops.custom_connector" does not exist at character 71
2026-10-06T15:47:33.2235227Z  2026-10-06 15:39:45.366 UTC [6365] STATEMENT:  SELECT ops.custom_connector.name, ops.custom_connector.revision 
2026-10-06T15:47:33.2235895Z  	FROM ops.custom_connector 
2026-10-06T15:47:33.2236182Z  	WHERE ops.custom_connector.state = $1::VARCHAR
2026-10-06T15:47:33.2236588Z  2026-10-06 15:39:47.037 UTC [73] LOG:  checkpoint starting: immediate force wait
2026-10-06T15:47:33.2237736Z  2026-10-06 15:39:47.040 UTC [73] LOG:  checkpoint complete: wrote 30 buffers (0.2%), wrote 1 SLRU buffers; 0 WAL file(s) added, 0 removed, 0 recycled; write=0.001 s, sync=0.001 s, total=0.003 s; sync files=15, longest=0.001 s, average=0.001 s; distance=5062 kB, estimate=12305 kB; lsn=0/2D801848, redo lsn=0/2D8017F0
2026-10-06T15:47:33.2238960Z  2026-10-06 15:39:47.316 UTC [6475] ERROR:  relation "ops.custom_connector" does not exist at character 71
2026-10-06T15:47:33.2239631Z  2026-10-06 15:39:47.316 UTC [6475] STATEMENT:  SELECT ops.custom_connector.name, ops.custom_connector.revision 
2026-10-06T15:47:33.2240127Z  	FROM ops.custom_connector 
2026-10-06T15:47:33.2240549Z  	WHERE ops.custom_connector.state = $1::VARCHAR
2026-10-06T15:47:33.2240936Z  2026-10-06 15:39:48.246 UTC [6547] FATAL:  role "root" does not exist
2026-10-06T15:47:33.2241459Z  2026-10-06 15:39:48.821 UTC [6588] ERROR:  relation "ops.custom_connector" does not exist at character 71
2026-10-06T15:47:33.2242119Z  2026-10-06 15:39:48.821 UTC [6588] STATEMENT:  SELECT ops.custom_connector.name, ops.custom_connector.revision 
2026-10-06T15:47:33.2242609Z  	FROM ops.custom_connector 
2026-10-06T15:47:33.2242883Z  	WHERE ops.custom_connector.state = $1::VARCHAR
2026-10-06T15:47:33.2243353Z  2026-10-06 15:39:50.390 UTC [6693] ERROR:  relation "ops.custom_connector" does not exist at character 71
2026-10-06T15:47:33.2244118Z  2026-10-06 15:39:50.390 UTC [6693] STATEMENT:  SELECT ops.custom_connector.name, ops.custom_connector.revision 
2026-10-06T15:47:33.2244605Z  	FROM ops.custom_connector 
2026-10-06T15:47:33.2244880Z  	WHERE ops.custom_connector.state = $1::VARCHAR
2026-10-06T15:47:33.2245485Z  2026-10-06 15:39:51.983 UTC [6798] ERROR:  relation "ops.custom_connector" does not exist at character 71
2026-10-06T15:47:33.2246175Z  2026-10-06 15:39:51.983 UTC [6798] STATEMENT:  SELECT ops.custom_connector.name, ops.custom_connector.revision 
2026-10-06T15:47:33.2246665Z  	FROM ops.custom_connector 
2026-10-06T15:47:33.2246942Z  	WHERE ops.custom_connector.state = $1::VARCHAR
2026-10-06T15:47:33.2247415Z  2026-10-06 15:39:52.389 UTC [6820] ERROR:  relation "ops.custom_connector" does not exist at character 71
2026-10-06T15:47:33.2248064Z  2026-10-06 15:39:52.389 UTC [6820] STATEMENT:  SELECT ops.custom_connector.name, ops.custom_connector.revision 
2026-10-06T15:47:33.2248551Z  	FROM ops.custom_connector 
2026-10-06T15:47:33.2248820Z  	WHERE ops.custom_connector.state = $1::VARCHAR
2026-10-06T15:47:33.2249187Z  2026-10-06 15:39:53.322 UTC [6893] FATAL:  role "root" does not exist
2026-10-06T15:47:33.2249636Z  2026-10-06 15:39:53.831 UTC [73] LOG:  checkpoint starting: immediate force wait
2026-10-06T15:47:33.2250807Z  2026-10-06 15:39:53.833 UTC [73] LOG:  checkpoint complete: wrote 8 buffers (0.0%), wrote 1 SLRU buffers; 0 WAL file(s) added, 0 removed, 0 recycled; write=0.001 s, sync=0.001 s, total=0.003 s; sync files=8, longest=0.001 s, average=0.001 s; distance=4935 kB, estimate=11568 kB; lsn=0/2DCD3710, redo lsn=0/2DCD36B8
2026-10-06T15:47:33.2252035Z  2026-10-06 15:39:54.156 UTC [6940] ERROR:  relation "ops.custom_connector" does not exist at character 71
2026-10-06T15:47:33.2252694Z  2026-10-06 15:39:54.156 UTC [6940] STATEMENT:  SELECT ops.custom_connector.name, ops.custom_connector.revision 
2026-10-06T15:47:33.2253174Z  	FROM ops.custom_connector 
2026-10-06T15:47:33.2253449Z  	WHERE ops.custom_connector.state = $1::VARCHAR
2026-10-06T15:47:33.2253923Z  2026-10-06 15:39:55.854 UTC [7045] ERROR:  relation "ops.custom_connector" does not exist at character 71
2026-10-06T15:47:33.2254571Z  2026-10-06 15:39:55.854 UTC [7045] STATEMENT:  SELECT ops.custom_connector.name, ops.custom_connector.revision 
2026-10-06T15:47:33.2255053Z  	FROM ops.custom_connector 
2026-10-06T15:47:33.2255446Z  	WHERE ops.custom_connector.state = $1::VARCHAR
2026-10-06T15:47:33.2255916Z  2026-10-06 15:39:57.528 UTC [7150] ERROR:  relation "ops.custom_connector" does not exist at character 71
2026-10-06T15:47:33.2256561Z  2026-10-06 15:39:57.528 UTC [7150] STATEMENT:  SELECT ops.custom_connector.name, ops.custom_connector.revision 
2026-10-06T15:47:33.2257048Z  	FROM ops.custom_connector 
2026-10-06T15:47:33.2257318Z  	WHERE ops.custom_connector.state = $1::VARCHAR
2026-10-06T15:47:33.2257708Z  2026-10-06 15:39:57.677 UTC [73] LOG:  checkpoint starting: immediate force wait
2026-10-06T15:47:33.2258848Z  2026-10-06 15:39:57.680 UTC [73] LOG:  checkpoint complete: wrote 9 buffers (0.1%), wrote 1 SLRU buffers; 0 WAL file(s) added, 0 removed, 1 recycled; write=0.001 s, sync=0.001 s, total=0.003 s; sync files=8, longest=0.001 s, average=0.001 s; distance=4870 kB, estimate=10898 kB; lsn=0/2E195130, redo lsn=0/2E1950D8
2026-10-06T15:47:33.2260094Z  2026-10-06 15:39:58.391 UTC [7167] FATAL:  role "root" does not exist
2026-10-06T15:47:33.2260534Z  2026-10-06 15:40:01.728 UTC [73] LOG:  checkpoint starting: immediate force wait
2026-10-06T15:47:33.2261668Z  2026-10-06 15:40:01.730 UTC [73] LOG:  checkpoint complete: wrote 20 buffers (0.1%), wrote 1 SLRU buffers; 0 WAL file(s) added, 0 removed, 0 recycled; write=0.001 s, sync=0.001 s, total=0.003 s; sync files=9, longest=0.001 s, average=0.001 s; distance=13031 kB, estimate=13031 kB; lsn=0/2EE4F008, redo lsn=0/2EE4EFB0
2026-10-06T15:47:33.2262784Z  2026-10-06 15:40:03.472 UTC [7209] FATAL:  role "root" does not exist
2026-10-06T15:47:33.2263216Z  2026-10-06 15:40:03.758 UTC [73] LOG:  checkpoint starting: immediate force wait
2026-10-06T15:47:33.2264463Z  2026-10-06 15:40:03.761 UTC [73] LOG:  checkpoint complete: wrote 22 buffers (0.1%), wrote 1 SLRU buffers; 0 WAL file(s) added, 0 removed, 1 recycled; write=0.001 s, sync=0.001 s, total=0.004 s; sync files=9, longest=0.001 s, average=0.001 s; distance=13030 kB, estimate=13031 kB; lsn=0/2FB08A88, redo lsn=0/2FB08A30
2026-10-06T15:47:33.2265756Z  2026-10-06 15:40:06.171 UTC [73] LOG:  checkpoint starting: immediate force wait
2026-10-06T15:47:33.2266885Z  2026-10-06 15:40:06.173 UTC [73] LOG:  checkpoint complete: wrote 19 buffers (0.1%), wrote 1 SLRU buffers; 0 WAL file(s) added, 0 removed, 1 recycled; write=0.001 s, sync=0.001 s, total=0.003 s; sync files=9, longest=0.001 s, average=0.001 s; distance=13042 kB, estimate=13042 kB; lsn=0/307C5450, redo lsn=0/307C53F8
2026-10-06T15:47:33.2268004Z  2026-10-06 15:40:08.536 UTC [7265] FATAL:  role "root" does not exist
2026-10-06T15:47:33.2268438Z  2026-10-06 15:40:12.696 UTC [7281] ERROR:  permission denied for table item
2026-10-06T15:47:33.2268907Z  2026-10-06 15:40:12.696 UTC [7281] STATEMENT:  SELECT 1 FROM know.item LIMIT 1
2026-10-06T15:47:33.2269368Z  2026-10-06 15:40:12.706 UTC [7282] ERROR:  permission denied for table chunk
2026-10-06T15:47:33.2269833Z  2026-10-06 15:40:12.706 UTC [7282] STATEMENT:  SELECT 1 FROM know.chunk LIMIT 1
2026-10-06T15:47:33.2270332Z  2026-10-06 15:40:12.715 UTC [7283] ERROR:  permission denied for table classified_table
2026-10-06T15:47:33.2270868Z  2026-10-06 15:40:12.715 UTC [7283] STATEMENT:  SELECT 1 FROM know.classified_table LIMIT 1
2026-10-06T15:47:33.2271413Z  2026-10-06 15:40:12.724 UTC [7284] ERROR:  permission denied for schema gate at character 15
2026-10-06T15:47:33.2271952Z  2026-10-06 15:40:12.724 UTC [7284] STATEMENT:  SELECT 1 FROM gate.capability_grant LIMIT 1
2026-10-06T15:47:33.2272486Z  2026-10-06 15:40:12.733 UTC [7285] ERROR:  permission denied for schema mem at character 15
2026-10-06T15:47:33.2273002Z  2026-10-06 15:40:12.733 UTC [7285] STATEMENT:  SELECT 1 FROM mem.persistent LIMIT 1
2026-10-06T15:47:33.2273523Z  2026-10-06 15:40:12.742 UTC [7286] ERROR:  permission denied for schema ops at character 15
2026-10-06T15:47:33.2274023Z  2026-10-06 15:40:12.742 UTC [7286] STATEMENT:  SELECT 1 FROM ops.setting LIMIT 1
2026-10-06T15:47:33.2274512Z  2026-10-06 15:40:12.751 UTC [7287] ERROR:  permission denied for table classified_row
2026-10-06T15:47:33.2275260Z  2026-10-06 15:40:12.751 UTC [7287] STATEMENT:  INSERT INTO know.classified_row (entity, version, position, fields) VALUES ('fastlane_test', 1, 0, '{}'::jsonb)
2026-10-06T15:47:33.2276157Z  2026-10-06 15:40:12.760 UTC [7288] ERROR:  permission denied for table classified_row
2026-10-06T15:47:33.2276748Z  2026-10-06 15:40:12.760 UTC [7288] STATEMENT:  UPDATE know.classified_row SET position = position WHERE false
2026-10-06T15:47:33.2277329Z  2026-10-06 15:40:12.771 UTC [7289] ERROR:  permission denied for table classified_row
2026-10-06T15:47:33.2277835Z  2026-10-06 15:40:12.771 UTC [7289] STATEMENT:  DELETE FROM know.classified_row WHERE false
2026-10-06T15:47:33.2278341Z  2026-10-06 15:40:12.780 UTC [7290] ERROR:  permission denied for table record
2026-10-06T15:47:33.2279040Z  2026-10-06 15:40:12.780 UTC [7290] STATEMENT:  INSERT INTO proj.record (source, entity, source_id, fields) VALUES ('fastlane_test', 'x', '1', '{}'::jsonb)
2026-10-06T15:47:33.2279873Z  2026-10-06 15:40:12.789 UTC [7291] ERROR:  permission denied for table record
2026-10-06T15:47:33.2280406Z  2026-10-06 15:40:12.789 UTC [7291] STATEMENT:  UPDATE proj.record SET entity = entity WHERE false
2026-10-06T15:47:33.2280923Z  2026-10-06 15:40:12.799 UTC [7292] ERROR:  permission denied for table record
2026-10-06T15:47:33.2281397Z  2026-10-06 15:40:12.799 UTC [7292] STATEMENT:  DELETE FROM proj.record WHERE false
2026-10-06T15:47:33.2281882Z  2026-10-06 15:40:12.808 UTC [73] LOG:  checkpoint starting: immediate force wait
2026-10-06T15:47:33.2283034Z  2026-10-06 15:40:12.811 UTC [73] LOG:  checkpoint complete: wrote 22 buffers (0.1%), wrote 1 SLRU buffers; 0 WAL file(s) added, 0 removed, 1 recycled; write=0.001 s, sync=0.001 s, total=0.004 s; sync files=9, longest=0.001 s, average=0.001 s; distance=13009 kB, estimate=13039 kB; lsn=0/31479940, redo lsn=0/314798E8
2026-10-06T15:47:33.2284266Z  2026-10-06 15:40:13.600 UTC [7316] FATAL:  role "root" does not exist
2026-10-06T15:47:33.2284681Z  2026-10-06 15:40:18.669 UTC [7405] FATAL:  role "root" does not exist
2026-10-06T15:47:33.2285076Z  2026-10-06 15:40:23.735 UTC [7509] FATAL:  role "root" does not exist
2026-10-06T15:47:33.2285635Z  2026-10-06 15:40:26.213 UTC [73] LOG:  checkpoint starting: immediate force wait
2026-10-06T15:47:33.2286784Z  2026-10-06 15:40:26.216 UTC [73] LOG:  checkpoint complete: wrote 58 buffers (0.4%), wrote 1 SLRU buffers; 0 WAL file(s) added, 0 removed, 1 recycled; write=0.002 s, sync=0.001 s, total=0.004 s; sync files=18, longest=0.001 s, average=0.001 s; distance=13413 kB, estimate=13413 kB; lsn=0/32192EE8, redo lsn=0/32192E90
2026-10-06T15:47:33.2287904Z  2026-10-06 15:40:28.804 UTC [7584] FATAL:  role "root" does not exist
2026-10-06T15:47:33.2288305Z  2026-10-06 15:40:33.869 UTC [7674] FATAL:  role "root" does not exist
2026-10-06T15:47:33.2288699Z  2026-10-06 15:40:38.935 UTC [7716] FATAL:  role "root" does not exist
2026-10-06T15:47:33.2289134Z  2026-10-06 15:40:40.256 UTC [73] LOG:  checkpoint starting: immediate force wait
2026-10-06T15:47:33.2290268Z  2026-10-06 15:40:40.259 UTC [73] LOG:  checkpoint complete: wrote 43 buffers (0.3%), wrote 1 SLRU buffers; 0 WAL file(s) added, 0 removed, 0 recycled; write=0.001 s, sync=0.001 s, total=0.003 s; sync files=17, longest=0.001 s, average=0.001 s; distance=13429 kB, estimate=13429 kB; lsn=0/32EB0520, redo lsn=0/32EB04C8
2026-10-06T15:47:33.2291383Z  2026-10-06 15:40:44.002 UTC [7735] FATAL:  role "root" does not exist
2026-10-06T15:47:33.2291793Z  2026-10-06 15:40:49.072 UTC [7759] FATAL:  role "root" does not exist
2026-10-06T15:47:33.2292205Z  2026-10-06 15:40:54.141 UTC [7846] FATAL:  role "root" does not exist
2026-10-06T15:47:33.2292606Z  2026-10-06 15:40:59.212 UTC [7929] FATAL:  role "root" does not exist
2026-10-06T15:47:33.2293010Z  2026-10-06 15:41:04.284 UTC [8009] FATAL:  role "root" does not exist
2026-10-06T15:47:33.2293410Z  2026-10-06 15:41:09.348 UTC [8064] FATAL:  role "root" does not exist
2026-10-06T15:47:33.2293804Z  2026-10-06 15:41:14.421 UTC [8152] FATAL:  role "root" does not exist
2026-10-06T15:47:33.2294202Z  2026-10-06 15:41:19.489 UTC [8240] FATAL:  role "root" does not exist
2026-10-06T15:47:33.2294598Z  2026-10-06 15:41:24.558 UTC [8329] FATAL:  role "root" does not exist
2026-10-06T15:47:33.2294992Z  2026-10-06 15:41:29.634 UTC [8417] FATAL:  role "root" does not exist
2026-10-06T15:47:33.2295545Z  2026-10-06 15:41:30.469 UTC [73] LOG:  checkpoint starting: immediate force wait
2026-10-06T15:47:33.2296730Z  2026-10-06 15:41:30.472 UTC [73] LOG:  checkpoint complete: wrote 45 buffers (0.3%), wrote 1 SLRU buffers; 0 WAL file(s) added, 0 removed, 1 recycled; write=0.001 s, sync=0.001 s, total=0.004 s; sync files=20, longest=0.001 s, average=0.001 s; distance=4809 kB, estimate=12567 kB; lsn=0/33362AB8, redo lsn=0/33362A60
2026-10-06T15:47:33.2297862Z  2026-10-06 15:41:34.698 UTC [8453] FATAL:  role "root" does not exist
2026-10-06T15:47:33.2298266Z  2026-10-06 15:41:39.766 UTC [8526] FATAL:  role "root" does not exist
2026-10-06T15:47:33.2298793Z  2026-10-06 15:41:44.837 UTC [8613] FATAL:  role "root" does not exist
2026-10-06T15:47:33.2299195Z  2026-10-06 15:41:49.901 UTC [8685] FATAL:  role "root" does not exist
2026-10-06T15:47:33.2299586Z  2026-10-06 15:41:54.966 UTC [8767] FATAL:  role "root" does not exist
2026-10-06T15:47:33.2299985Z  2026-10-06 15:42:00.031 UTC [8813] FATAL:  role "root" does not exist
2026-10-06T15:47:33.2300421Z  2026-10-06 15:42:03.427 UTC [73] LOG:  checkpoint starting: immediate force wait
2026-10-06T15:47:33.2301567Z  2026-10-06 15:42:03.430 UTC [73] LOG:  checkpoint complete: wrote 44 buffers (0.3%), wrote 1 SLRU buffers; 0 WAL file(s) added, 0 removed, 1 recycled; write=0.002 s, sync=0.001 s, total=0.004 s; sync files=22, longest=0.001 s, average=0.001 s; distance=13527 kB, estimate=13527 kB; lsn=0/34098AA8, redo lsn=0/34098A50
2026-10-06T15:47:33.2302790Z  2026-10-06 15:42:05.104 UTC [8896] FATAL:  role "root" does not exist
2026-10-06T15:47:33.2303194Z  2026-10-06 15:42:10.168 UTC [8957] FATAL:  role "root" does not exist
2026-10-06T15:47:33.2303589Z  2026-10-06 15:42:15.242 UTC [8976] FATAL:  role "root" does not exist
2026-10-06T15:47:33.2304017Z  2026-10-06 15:42:15.788 UTC [73] LOG:  checkpoint starting: immediate force wait
2026-10-06T15:47:33.2305167Z  2026-10-06 15:42:15.791 UTC [73] LOG:  checkpoint complete: wrote 24 buffers (0.1%), wrote 1 SLRU buffers; 0 WAL file(s) added, 0 removed, 0 recycled; write=0.001 s, sync=0.001 s, total=0.004 s; sync files=13, longest=0.001 s, average=0.001 s; distance=13060 kB, estimate=13481 kB; lsn=0/34D59C90, redo lsn=0/34D59C38
2026-10-06T15:47:33.2306433Z  2026-10-06 15:42:18.903 UTC [73] LOG:  checkpoint starting: immediate force wait
2026-10-06T15:47:33.2307586Z  2026-10-06 15:42:18.906 UTC [73] LOG:  checkpoint complete: wrote 43 buffers (0.3%), wrote 1 SLRU buffers; 0 WAL file(s) added, 0 removed, 1 recycled; write=0.001 s, sync=0.001 s, total=0.003 s; sync files=11, longest=0.001 s, average=0.001 s; distance=13407 kB, estimate=13473 kB; lsn=0/35A71918, redo lsn=0/35A718C0
2026-10-06T15:47:33.2308708Z  2026-10-06 15:42:20.307 UTC [9022] FATAL:  role "root" does not exist
2026-10-06T15:47:33.2309107Z  2026-10-06 15:42:25.372 UTC [9030] FATAL:  role "root" does not exist
2026-10-06T15:47:33.2309536Z  2026-10-06 15:42:26.544 UTC [73] LOG:  checkpoint starting: immediate force wait
2026-10-06T15:47:33.2310673Z  2026-10-06 15:42:26.546 UTC [73] LOG:  checkpoint complete: wrote 9 buffers (0.1%), wrote 1 SLRU buffers; 0 WAL file(s) added, 0 removed, 0 recycled; write=0.001 s, sync=0.001 s, total=0.003 s; sync files=8, longest=0.001 s, average=0.001 s; distance=4442 kB, estimate=12570 kB; lsn=0/35EC82C0, redo lsn=0/35EC8268
2026-10-06T15:47:33.2311825Z  2026-10-06 15:42:26.794 UTC [73] LOG:  checkpoint starting: immediate force wait
2026-10-06T15:47:33.2312969Z  2026-10-06 15:42:26.798 UTC [73] LOG:  checkpoint complete: wrote 9 buffers (0.1%), wrote 1 SLRU buffers; 0 WAL file(s) added, 0 removed, 1 recycled; write=0.001 s, sync=0.001 s, total=0.004 s; sync files=8, longest=0.001 s, average=0.001 s; distance=4427 kB, estimate=11756 kB; lsn=0/3631B190, redo lsn=0/3631B138
2026-10-06T15:47:33.2314151Z  2026-10-06 15:42:27.038 UTC [73] LOG:  checkpoint starting: immediate force wait
2026-10-06T15:47:33.2315382Z  2026-10-06 15:42:27.040 UTC [73] LOG:  checkpoint complete: wrote 9 buffers (0.1%), wrote 1 SLRU buffers; 0 WAL file(s) added, 0 removed, 0 recycled; write=0.001 s, sync=0.001 s, total=0.003 s; sync files=8, longest=0.001 s, average=0.001 s; distance=4425 kB, estimate=11023 kB; lsn=0/3676D8F8, redo lsn=0/3676D8A0
2026-10-06T15:47:33.2316526Z  2026-10-06 15:42:27.275 UTC [73] LOG:  checkpoint starting: immediate force wait
2026-10-06T15:47:33.2317663Z  2026-10-06 15:42:27.277 UTC [73] LOG:  checkpoint complete: wrote 9 buffers (0.1%), wrote 2 SLRU buffers; 0 WAL file(s) added, 0 removed, 0 recycled; write=0.001 s, sync=0.001 s, total=0.003 s; sync files=8, longest=0.001 s, average=0.001 s; distance=4427 kB, estimate=10363 kB; lsn=0/36BC05F0, redo lsn=0/36BC0598
2026-10-06T15:47:33.2318981Z  2026-10-06 15:42:27.510 UTC [9070] ERROR:  an operation cannot move from unknown to pending
2026-10-06T15:47:33.2319492Z  2026-10-06 15:42:27.510 UTC [9070] HINT:  unknown is left only by verifying
2026-10-06T15:47:33.2320073Z  2026-10-06 15:42:27.510 UTC [9070] CONTEXT:  PL/pgSQL function ops.operation_moves_by_the_machine() line 9 at RAISE
2026-10-06T15:47:33.2320702Z  2026-10-06 15:42:27.510 UTC [9070] STATEMENT:  UPDATE ops.operation SET state = 'pending'
2026-10-06T15:47:33.2321299Z  2026-10-06 15:42:27.518 UTC [9071] ERROR:  an operation record describes one intent and cannot be repointed
2026-10-06T15:47:33.2321864Z  2026-10-06 15:42:27.518 UTC [9071] HINT:  raise a new intent with its own reference
2026-10-06T15:47:33.2322570Z  2026-10-06 15:42:27.518 UTC [9071] CONTEXT:  PL/pgSQL function ops.operation_moves_by_the_machine() line 5 at RAISE
2026-10-06T15:47:33.2323206Z  2026-10-06 15:42:27.518 UTC [9071] STATEMENT:  UPDATE ops.operation SET intent_ref = 'turn_9'
2026-10-06T15:47:33.2323721Z  2026-10-06 15:42:27.541 UTC [73] LOG:  checkpoint starting: immediate force wait
2026-10-06T15:47:33.2324872Z  2026-10-06 15:42:27.544 UTC [73] LOG:  checkpoint complete: wrote 9 buffers (0.1%), wrote 1 SLRU buffers; 0 WAL file(s) added, 0 removed, 1 recycled; write=0.001 s, sync=0.001 s, total=0.003 s; sync files=8, longest=0.001 s, average=0.001 s; distance=4428 kB, estimate=9770 kB; lsn=0/370138E8, redo lsn=0/37013890
2026-10-06T15:47:33.2326328Z  2026-10-06 15:42:27.760 UTC [9080] ERROR:  new row for relation "operation" violates check constraint "ck_operation_key_is_a_derived_key"
2026-10-06T15:47:33.2327288Z  2026-10-06 15:42:27.760 UTC [9080] DETAIL:  Failing row contains (not-a-digest, lark, lark.send, u_1, turn_1, pending, 2026-10-06 15:42:27.760308+00, 2026-10-06 15:42:27.760308+00).
2026-10-06T15:47:33.2328451Z  2026-10-06 15:42:27.760 UTC [9080] STATEMENT:  INSERT INTO ops.operation (key, connector, tool, principal_id, intent_ref, state) VALUES ('not-a-digest', 'lark', 'lark.send', 'u_1', 'turn_1', 'pending')
2026-10-06T15:47:33.2329450Z  2026-10-06 15:42:27.768 UTC [9081] ERROR:  new row for relation "operation" violates check constraint "ck_operation_state"
2026-10-06T15:47:33.2330535Z  2026-10-06 15:42:27.768 UTC [9081] DETAIL:  Failing row contains (12fe3e7ec38709ee9c6503bf172f45976a819802d106ec7f5e37ea24cff8a2aa, lark, lark.send, u_1, turn_1, maybe, 2026-10-06 15:42:27.767738+00, 2026-10-06 15:42:27.767738+00).
2026-10-06T15:47:33.2331835Z  2026-10-06 15:42:27.768 UTC [9081] STATEMENT:  INSERT INTO ops.operation (key, connector, tool, principal_id, intent_ref, state) VALUES ($1, 'lark', 'lark.send', 'u_1', 'turn_1', 'maybe')
2026-10-06T15:47:33.2332648Z  2026-10-06 15:42:27.776 UTC [73] LOG:  checkpoint starting: immediate force wait
2026-10-06T15:47:33.2333814Z  2026-10-06 15:42:27.778 UTC [73] LOG:  checkpoint complete: wrote 9 buffers (0.1%), wrote 1 SLRU buffers; 0 WAL file(s) added, 0 removed, 0 recycled; write=0.001 s, sync=0.001 s, total=0.003 s; sync files=8, longest=0.001 s, average=0.001 s; distance=4431 kB, estimate=9236 kB; lsn=0/37467790, redo lsn=0/37467738
2026-10-06T15:47:33.2334956Z  2026-10-06 15:42:29.335 UTC [73] LOG:  checkpoint starting: immediate force wait
2026-10-06T15:47:33.2336203Z  2026-10-06 15:42:29.337 UTC [73] LOG:  checkpoint complete: wrote 19 buffers (0.1%), wrote 1 SLRU buffers; 0 WAL file(s) added, 0 removed, 0 recycled; write=0.001 s, sync=0.001 s, total=0.003 s; sync files=11, longest=0.001 s, average=0.001 s; distance=5316 kB, estimate=8844 kB; lsn=0/37998AB8, redo lsn=0/37998A60
2026-10-06T15:47:33.2337349Z  2026-10-06 15:42:30.176 UTC [73] LOG:  checkpoint starting: immediate force wait
2026-10-06T15:47:33.2338488Z  2026-10-06 15:42:30.178 UTC [73] LOG:  checkpoint complete: wrote 10 buffers (0.1%), wrote 1 SLRU buffers; 0 WAL file(s) added, 0 removed, 0 recycled; write=0.001 s, sync=0.001 s, total=0.003 s; sync files=7, longest=0.001 s, average=0.001 s; distance=5272 kB, estimate=8487 kB; lsn=0/37EBEB48, redo lsn=0/37EBEAF0
2026-10-06T15:47:33.2339738Z  2026-10-06 15:42:30.440 UTC [9133] FATAL:  role "root" does not exist
2026-10-06T15:47:33.2340181Z  2026-10-06 15:42:30.930 UTC [73] LOG:  checkpoint starting: immediate force wait
2026-10-06T15:47:33.2341311Z  2026-10-06 15:42:30.932 UTC [73] LOG:  checkpoint complete: wrote 14 buffers (0.1%), wrote 1 SLRU buffers; 0 WAL file(s) added, 0 removed, 1 recycled; write=0.001 s, sync=0.001 s, total=0.003 s; sync files=8, longest=0.001 s, average=0.001 s; distance=5294 kB, estimate=8167 kB; lsn=0/383EA678, redo lsn=0/383EA620
2026-10-06T15:47:33.2342450Z  2026-10-06 15:42:31.645 UTC [73] LOG:  checkpoint starting: immediate force wait
2026-10-06T15:47:33.2343693Z  2026-10-06 15:42:31.647 UTC [73] LOG:  checkpoint complete: wrote 10 buffers (0.1%), wrote 1 SLRU buffers; 0 WAL file(s) added, 0 removed, 0 recycled; write=0.001 s, sync=0.001 s, total=0.003 s; sync files=7, longest=0.001 s, average=0.001 s; distance=5270 kB, estimate=7878 kB; lsn=0/3890FF40, redo lsn=0/3890FEE8
2026-10-06T15:47:33.2344830Z  2026-10-06 15:42:32.339 UTC [73] LOG:  checkpoint starting: immediate force wait
2026-10-06T15:47:33.2346071Z  2026-10-06 15:42:32.342 UTC [73] LOG:  checkpoint complete: wrote 10 buffers (0.1%), wrote 1 SLRU buffers; 0 WAL file(s) added, 0 removed, 0 recycled; write=0.001 s, sync=0.001 s, total=0.003 s; sync files=7, longest=0.001 s, average=0.001 s; distance=5274 kB, estimate=7617 kB; lsn=0/38E369A0, redo lsn=0/38E36948
2026-10-06T15:47:33.2347208Z  2026-10-06 15:42:33.194 UTC [73] LOG:  checkpoint starting: immediate force wait
2026-10-06T15:47:33.2348332Z  2026-10-06 15:42:33.197 UTC [73] LOG:  checkpoint complete: wrote 11 buffers (0.1%), wrote 1 SLRU buffers; 0 WAL file(s) added, 0 removed, 1 recycled; write=0.001 s, sync=0.001 s, total=0.003 s; sync files=7, longest=0.001 s, average=0.001 s; distance=5295 kB, estimate=7385 kB; lsn=0/39362728, redo lsn=0/393626D0
2026-10-06T15:47:33.2349450Z  2026-10-06 15:42:35.509 UTC [9215] FATAL:  role "root" does not exist
2026-10-06T15:47:33.2349863Z  2026-10-06 15:42:40.578 UTC [9223] FATAL:  role "root" does not exist
2026-10-06T15:47:33.2350259Z  2026-10-06 15:42:45.649 UTC [9231] FATAL:  role "root" does not exist
2026-10-06T15:47:33.2350659Z  2026-10-06 15:42:50.719 UTC [9255] FATAL:  role "root" does not exist
2026-10-06T15:47:33.2351054Z  2026-10-06 15:42:55.789 UTC [9324] FATAL:  role "root" does not exist
2026-10-06T15:47:33.2351449Z  2026-10-06 15:43:00.875 UTC [9396] FATAL:  role "root" does not exist
2026-10-06T15:47:33.2351846Z  2026-10-06 15:43:05.951 UTC [9468] FATAL:  role "root" does not exist
2026-10-06T15:47:33.2352237Z  2026-10-06 15:43:11.017 UTC [9540] FATAL:  role "root" does not exist
2026-10-06T15:47:33.2352640Z  2026-10-06 15:43:16.088 UTC [9584] FATAL:  role "root" does not exist
2026-10-06T15:47:33.2353037Z  2026-10-06 15:43:21.157 UTC [9656] FATAL:  role "root" does not exist
2026-10-06T15:47:33.2353431Z  2026-10-06 15:43:26.225 UTC [9732] FATAL:  role "root" does not exist
2026-10-06T15:47:33.2353829Z  2026-10-06 15:43:31.290 UTC [9753] FATAL:  role "root" does not exist
2026-10-06T15:47:33.2354253Z  2026-10-06 15:43:35.063 UTC [73] LOG:  checkpoint starting: immediate force wait
2026-10-06T15:47:33.2355512Z  2026-10-06 15:43:35.067 UTC [73] LOG:  checkpoint complete: wrote 50 buffers (0.3%), wrote 1 SLRU buffers; 0 WAL file(s) added, 0 removed, 1 recycled; write=0.002 s, sync=0.001 s, total=0.005 s; sync files=20, longest=0.001 s, average=0.001 s; distance=13356 kB, estimate=13356 kB; lsn=0/3A06D980, redo lsn=0/3A06D928
2026-10-06T15:47:33.2356638Z  2026-10-06 15:43:36.362 UTC [9792] FATAL:  role "root" does not exist
2026-10-06T15:47:33.2357067Z  2026-10-06 15:43:39.020 UTC [73] LOG:  checkpoint starting: immediate force wait
2026-10-06T15:47:33.2358346Z  2026-10-06 15:43:39.023 UTC [73] LOG:  checkpoint complete: wrote 33 buffers (0.2%), wrote 1 SLRU buffers; 0 WAL file(s) added, 0 removed, 0 recycled; write=0.001 s, sync=0.001 s, total=0.003 s; sync files=11, longest=0.001 s, average=0.001 s; distance=13133 kB, estimate=13334 kB; lsn=0/3AD40DA0, redo lsn=0/3AD40D48
2026-10-06T15:47:33.2359499Z  2026-10-06 15:43:40.928 UTC [73] LOG:  checkpoint starting: immediate force wait
2026-10-06T15:47:33.2360634Z  2026-10-06 15:43:40.933 UTC [73] LOG:  checkpoint complete: wrote 20 buffers (0.1%), wrote 1 SLRU buffers; 0 WAL file(s) added, 0 removed, 1 recycled; write=0.001 s, sync=0.001 s, total=0.006 s; sync files=10, longest=0.001 s, average=0.001 s; distance=13040 kB, estimate=13304 kB; lsn=0/3B9FD168, redo lsn=0/3B9FD110
2026-10-06T15:47:33.2361749Z  2026-10-06 15:43:41.426 UTC [9845] FATAL:  role "root" does not exist
2026-10-06T15:47:33.2362155Z  2026-10-06 15:43:46.499 UTC [9911] FATAL:  role "root" does not exist
2026-10-06T15:47:33.2362663Z  2026-10-06 15:43:51.564 UTC [9974] FATAL:  role "root" does not exist
2026-10-06T15:47:33.2363075Z  2026-10-06 15:43:56.638 UTC [10047] FATAL:  role "root" does not exist
2026-10-06T15:47:33.2363496Z  2026-10-06 15:44:01.711 UTC [10119] FATAL:  role "root" does not exist
2026-10-06T15:47:33.2363901Z  2026-10-06 15:44:06.777 UTC [10192] FATAL:  role "root" does not exist
2026-10-06T15:47:33.2364305Z  2026-10-06 15:44:11.841 UTC [10234] FATAL:  role "root" does not exist
2026-10-06T15:47:33.2364703Z  2026-10-06 15:44:16.917 UTC [10273] FATAL:  role "root" does not exist
2026-10-06T15:47:33.2365097Z  2026-10-06 15:44:21.982 UTC [10345] FATAL:  role "root" does not exist
2026-10-06T15:47:33.2365644Z  2026-10-06 15:44:27.050 UTC [73] LOG:  checkpoint starting: immediate force wait
2026-10-06T15:47:33.2366784Z  2026-10-06 15:44:27.053 UTC [73] LOG:  checkpoint complete: wrote 43 buffers (0.3%), wrote 1 SLRU buffers; 0 WAL file(s) added, 0 removed, 0 recycled; write=0.002 s, sync=0.001 s, total=0.004 s; sync files=22, longest=0.001 s, average=0.001 s; distance=4817 kB, estimate=12456 kB; lsn=0/3BEB1600, redo lsn=0/3BEB15A8
2026-10-06T15:47:33.2367912Z  2026-10-06 15:44:27.054 UTC [10416] FATAL:  role "root" does not exist
2026-10-06T15:47:33.2368314Z  2026-10-06 15:44:32.117 UTC [10424] FATAL:  role "root" does not exist
2026-10-06T15:47:33.2368715Z  2026-10-06 15:44:37.193 UTC [10432] FATAL:  role "root" does not exist
2026-10-06T15:47:33.2369114Z  2026-10-06 15:44:42.255 UTC [10488] FATAL:  role "root" does not exist
2026-10-06T15:47:33.2369512Z  2026-10-06 15:44:47.318 UTC [10560] FATAL:  role "root" does not exist
2026-10-06T15:47:33.2369906Z  2026-10-06 15:44:52.381 UTC [10618] FATAL:  role "root" does not exist
2026-10-06T15:47:33.2370306Z  2026-10-06 15:44:57.451 UTC [10688] FATAL:  role "root" does not exist
2026-10-06T15:47:33.2370763Z  2026-10-06 15:45:02.337 UTC [73] LOG:  checkpoint starting: immediate force wait
2026-10-06T15:47:33.2371921Z  2026-10-06 15:45:02.341 UTC [73] LOG:  checkpoint complete: wrote 50 buffers (0.3%), wrote 1 SLRU buffers; 0 WAL file(s) added, 0 removed, 1 recycled; write=0.002 s, sync=0.001 s, total=0.004 s; sync files=33, longest=0.001 s, average=0.001 s; distance=5475 kB, estimate=11758 kB; lsn=0/3C40A270, redo lsn=0/3C40A218
2026-10-06T15:47:33.2373045Z  2026-10-06 15:45:02.523 UTC [10751] FATAL:  role "root" does not exist
2026-10-06T15:47:33.2373478Z  2026-10-06 15:45:03.111 UTC [73] LOG:  checkpoint starting: immediate force wait
2026-10-06T15:47:33.2374610Z  2026-10-06 15:45:03.113 UTC [73] LOG:  checkpoint complete: wrote 6 buffers (0.0%), wrote 1 SLRU buffers; 0 WAL file(s) added, 0 removed, 0 recycled; write=0.001 s, sync=0.001 s, total=0.003 s; sync files=7, longest=0.001 s, average=0.001 s; distance=5279 kB, estimate=11110 kB; lsn=0/3C931F60, redo lsn=0/3C931F08
2026-10-06T15:47:33.2375875Z  2026-10-06 15:45:03.987 UTC [10774] ERROR:  canceling statement due to lock timeout
2026-10-06T15:47:33.2376407Z  2026-10-06 15:45:03.987 UTC [10774] CONTEXT:  while locking tuple (0,1) in relation "principal"
2026-10-06T15:47:33.2377603Z  2026-10-06 15:45:03.987 UTC [10774] STATEMENT:  SELECT auth.principal.id, auth.principal.kind, auth.principal.employment, auth.principal.display_name, auth.principal.primary_department, auth.principal.not_after, auth.principal.disabled_at, auth.principal.deleted_at 
2026-10-06T15:47:33.2378787Z  	FROM auth.principal 
2026-10-06T15:47:33.2379071Z  	WHERE auth.principal.id = $1::VARCHAR FOR UPDATE
2026-10-06T15:47:33.2379486Z  2026-10-06 15:45:04.005 UTC [73] LOG:  checkpoint starting: immediate force wait
2026-10-06T15:47:33.2380634Z  2026-10-06 15:45:04.007 UTC [73] LOG:  checkpoint complete: wrote 7 buffers (0.0%), wrote 1 SLRU buffers; 0 WAL file(s) added, 0 removed, 0 recycled; write=0.001 s, sync=0.001 s, total=0.003 s; sync files=7, longest=0.001 s, average=0.001 s; distance=5277 kB, estimate=10526 kB; lsn=0/3CE59708, redo lsn=0/3CE596B0
2026-10-06T15:47:33.2381820Z  2026-10-06 15:45:04.743 UTC [73] LOG:  checkpoint starting: immediate force wait
2026-10-06T15:47:33.2383107Z  2026-10-06 15:45:04.746 UTC [73] LOG:  checkpoint complete: wrote 6 buffers (0.0%), wrote 1 SLRU buffers; 0 WAL file(s) added, 0 removed, 1 recycled; write=0.001 s, sync=0.001 s, total=0.003 s; sync files=7, longest=0.001 s, average=0.001 s; distance=5281 kB, estimate=10002 kB; lsn=0/3D381BA8, redo lsn=0/3D381B50
2026-10-06T15:47:33.2384252Z  2026-10-06 15:45:05.471 UTC [73] LOG:  checkpoint starting: immediate force wait
2026-10-06T15:47:33.2385489Z  2026-10-06 15:45:05.474 UTC [73] LOG:  checkpoint complete: wrote 10 buffers (0.1%), wrote 1 SLRU buffers; 0 WAL file(s) added, 0 removed, 0 recycled; write=0.001 s, sync=0.001 s, total=0.003 s; sync files=8, longest=0.001 s, average=0.001 s; distance=5297 kB, estimate=9531 kB; lsn=0/3D8AE1A0, redo lsn=0/3D8AE148
2026-10-06T15:47:33.2386646Z  2026-10-06 15:45:06.272 UTC [73] LOG:  checkpoint starting: immediate force wait
2026-10-06T15:47:33.2387779Z  2026-10-06 15:45:06.274 UTC [73] LOG:  checkpoint complete: wrote 6 buffers (0.0%), wrote 1 SLRU buffers; 0 WAL file(s) added, 0 removed, 0 recycled; write=0.001 s, sync=0.001 s, total=0.003 s; sync files=7, longest=0.001 s, average=0.001 s; distance=5279 kB, estimate=9106 kB; lsn=0/3DDD6148, redo lsn=0/3DDD60F0
2026-10-06T15:47:33.2388924Z  2026-10-06 15:45:07.054 UTC [73] LOG:  checkpoint starting: immediate force wait
2026-10-06T15:47:33.2390050Z  2026-10-06 15:45:07.056 UTC [73] LOG:  checkpoint complete: wrote 6 buffers (0.0%), wrote 1 SLRU buffers; 0 WAL file(s) added, 0 removed, 1 recycled; write=0.001 s, sync=0.001 s, total=0.003 s; sync files=7, longest=0.001 s, average=0.001 s; distance=5287 kB, estimate=8724 kB; lsn=0/3E2FFEE8, redo lsn=0/3E2FFE90
2026-10-06T15:47:33.2391178Z  2026-10-06 15:45:07.595 UTC [10854] FATAL:  role "root" does not exist
2026-10-06T15:47:33.2391623Z  2026-10-06 15:45:07.832 UTC [73] LOG:  checkpoint starting: immediate force wait
2026-10-06T15:47:33.2392752Z  2026-10-06 15:45:07.834 UTC [73] LOG:  checkpoint complete: wrote 6 buffers (0.0%), wrote 1 SLRU buffers; 0 WAL file(s) added, 0 removed, 0 recycled; write=0.001 s, sync=0.001 s, total=0.003 s; sync files=7, longest=0.001 s, average=0.001 s; distance=5293 kB, estimate=8381 kB; lsn=0/3E82B3A8, redo lsn=0/3E82B350
2026-10-06T15:47:33.2393893Z  2026-10-06 15:45:09.793 UTC [73] LOG:  checkpoint starting: immediate force wait
2026-10-06T15:47:33.2395037Z  2026-10-06 15:45:09.796 UTC [73] LOG:  checkpoint complete: wrote 18 buffers (0.1%), wrote 1 SLRU buffers; 0 WAL file(s) added, 0 removed, 1 recycled; write=0.001 s, sync=0.001 s, total=0.003 s; sync files=9, longest=0.001 s, average=0.001 s; distance=13015 kB, estimate=13015 kB; lsn=0/3F4E1188, redo lsn=0/3F4E1130
2026-10-06T15:47:33.2396288Z  2026-10-06 15:45:11.749 UTC [73] LOG:  checkpoint starting: immediate force wait
2026-10-06T15:47:33.2397424Z  2026-10-06 15:45:11.751 UTC [73] LOG:  checkpoint complete: wrote 21 buffers (0.1%), wrote 1 SLRU buffers; 0 WAL file(s) added, 0 removed, 1 recycled; write=0.001 s, sync=0.001 s, total=0.003 s; sync files=9, longest=0.001 s, average=0.001 s; distance=13017 kB, estimate=13017 kB; lsn=0/401975D0, redo lsn=0/40197578
2026-10-06T15:47:33.2398571Z  2026-10-06 15:45:12.508 UTC [73] LOG:  checkpoint starting: immediate force wait
2026-10-06T15:47:33.2399836Z  2026-10-06 15:45:12.511 UTC [73] LOG:  checkpoint complete: wrote 7 buffers (0.0%), wrote 1 SLRU buffers; 0 WAL file(s) added, 0 removed, 0 recycled; write=0.001 s, sync=0.001 s, total=0.003 s; sync files=7, longest=0.001 s, average=0.001 s; distance=5274 kB, estimate=12242 kB; lsn=0/406BE070, redo lsn=0/406BE018
2026-10-06T15:47:33.2400963Z  2026-10-06 15:45:12.663 UTC [10918] FATAL:  role "root" does not exist
2026-10-06T15:47:33.2401411Z  2026-10-06 15:45:13.268 UTC [73] LOG:  checkpoint starting: immediate force wait
2026-10-06T15:47:33.2402540Z  2026-10-06 15:45:13.270 UTC [73] LOG:  checkpoint complete: wrote 8 buffers (0.0%), wrote 1 SLRU buffers; 0 WAL file(s) added, 0 removed, 0 recycled; write=0.001 s, sync=0.001 s, total=0.003 s; sync files=7, longest=0.001 s, average=0.001 s; distance=5281 kB, estimate=11546 kB; lsn=0/40BE66F0, redo lsn=0/40BE6698
2026-10-06T15:47:33.2403792Z  2026-10-06 15:45:14.018 UTC [73] LOG:  checkpoint starting: immediate force wait
2026-10-06T15:47:33.2404926Z  2026-10-06 15:45:14.020 UTC [73] LOG:  checkpoint complete: wrote 7 buffers (0.0%), wrote 1 SLRU buffers; 0 WAL file(s) added, 0 removed, 1 recycled; write=0.001 s, sync=0.001 s, total=0.003 s; sync files=7, longest=0.001 s, average=0.001 s; distance=5279 kB, estimate=10919 kB; lsn=0/4110E558, redo lsn=0/4110E500
2026-10-06T15:47:33.2406178Z  2026-10-06 15:45:14.756 UTC [73] LOG:  checkpoint starting: immediate force wait
2026-10-06T15:47:33.2407305Z  2026-10-06 15:45:14.758 UTC [73] LOG:  checkpoint complete: wrote 10 buffers (0.1%), wrote 1 SLRU buffers; 0 WAL file(s) added, 0 removed, 0 recycled; write=0.001 s, sync=0.001 s, total=0.003 s; sync files=8, longest=0.001 s, average=0.001 s; distance=5295 kB, estimate=10357 kB; lsn=0/4163A3C8, redo lsn=0/4163A370
2026-10-06T15:47:33.2408421Z  2026-10-06 15:45:17.740 UTC [11009] FATAL:  role "root" does not exist
2026-10-06T15:47:33.2408830Z  2026-10-06 15:45:22.811 UTC [11074] FATAL:  role "root" does not exist
2026-10-06T15:47:33.2409232Z  2026-10-06 15:45:27.885 UTC [11136] FATAL:  role "root" does not exist
2026-10-06T15:47:33.2409637Z  2026-10-06 15:45:32.956 UTC [11202] FATAL:  role "root" does not exist
2026-10-06T15:47:33.2410033Z  2026-10-06 15:45:38.025 UTC [11268] FATAL:  role "root" does not exist
2026-10-06T15:47:33.2410435Z  2026-10-06 15:45:43.096 UTC [11325] FATAL:  role "root" does not exist
2026-10-06T15:47:33.2410865Z  2026-10-06 15:45:44.126 UTC [73] LOG:  checkpoint starting: immediate force wait
2026-10-06T15:47:33.2412013Z  2026-10-06 15:45:44.130 UTC [73] LOG:  checkpoint complete: wrote 54 buffers (0.3%), wrote 1 SLRU buffers; 0 WAL file(s) added, 0 removed, 1 recycled; write=0.002 s, sync=0.001 s, total=0.004 s; sync files=20, longest=0.001 s, average=0.001 s; distance=13377 kB, estimate=13377 kB; lsn=0/4234AA70, redo lsn=0/4234AA18
2026-10-06T15:47:33.2413255Z  2026-10-06 15:45:46.015 UTC [11343] ERROR:  a sign-in binding names who made it, and this one names nobody
2026-10-06T15:47:33.2413920Z  2026-10-06 15:45:46.015 UTC [11343] HINT:  set brain.actor_id in the same transaction before binding
2026-10-06T15:47:33.2414563Z  2026-10-06 15:45:46.015 UTC [11343] CONTEXT:  PL/pgSQL function auth.record_sign_in_change() line 33 at RAISE
2026-10-06T15:47:33.2415535Z  2026-10-06 15:45:46.015 UTC [11343] STATEMENT:  INSERT INTO auth.principal_identity (channel, identity_hash, principal_id, bound_at) VALUES ($1, $2, 'u_joiner', now())
2026-10-06T15:47:33.2416300Z  2026-10-06 15:45:46.060 UTC [73] LOG:  checkpoint starting: immediate force wait
2026-10-06T15:47:33.2417445Z  2026-10-06 15:45:46.063 UTC [73] LOG:  checkpoint complete: wrote 18 buffers (0.1%), wrote 1 SLRU buffers; 0 WAL file(s) added, 0 removed, 1 recycled; write=0.001 s, sync=0.001 s, total=0.004 s; sync files=8, longest=0.001 s, average=0.001 s; distance=13015 kB, estimate=13341 kB; lsn=0/43000948, redo lsn=0/430008F0
2026-10-06T15:47:33.2418595Z  2026-10-06 15:45:48.134 UTC [73] LOG:  checkpoint starting: immediate force wait
2026-10-06T15:47:33.2419862Z  2026-10-06 15:45:48.138 UTC [73] LOG:  checkpoint complete: wrote 19 buffers (0.1%), wrote 1 SLRU buffers; 0 WAL file(s) added, 0 removed, 0 recycled; write=0.002 s, sync=0.001 s, total=0.004 s; sync files=9, longest=0.001 s, average=0.001 s; distance=13019 kB, estimate=13309 kB; lsn=0/43CB7578, redo lsn=0/43CB7520
2026-10-06T15:47:33.2420983Z  2026-10-06 15:45:48.164 UTC [11377] FATAL:  role "root" does not exist
2026-10-06T15:47:33.2421427Z  2026-10-06 15:45:50.279 UTC [73] LOG:  checkpoint starting: immediate force wait
2026-10-06T15:47:33.2422567Z  2026-10-06 15:45:50.282 UTC [73] LOG:  checkpoint complete: wrote 19 buffers (0.1%), wrote 1 SLRU buffers; 0 WAL file(s) added, 0 removed, 1 recycled; write=0.001 s, sync=0.001 s, total=0.003 s; sync files=8, longest=0.001 s, average=0.001 s; distance=13026 kB, estimate=13280 kB; lsn=0/449700F8, redo lsn=0/449700A0
2026-10-06T15:47:33.2423784Z  2026-10-06 15:45:53.246 UTC [11444] FATAL:  role "root" does not exist
2026-10-06T15:47:33.2424200Z  2026-10-06 15:45:58.310 UTC [11517] FATAL:  role "root" does not exist
2026-10-06T15:47:33.2424636Z  2026-10-06 15:46:03.115 UTC [73] LOG:  checkpoint starting: immediate force wait
2026-10-06T15:47:33.2425885Z  2026-10-06 15:46:03.118 UTC [73] LOG:  checkpoint complete: wrote 51 buffers (0.3%), wrote 1 SLRU buffers; 0 WAL file(s) added, 0 removed, 1 recycled; write=0.001 s, sync=0.001 s, total=0.004 s; sync files=20, longest=0.001 s, average=0.001 s; distance=13393 kB, estimate=13393 kB; lsn=0/45684898, redo lsn=0/45684840
2026-10-06T15:47:33.2427006Z  2026-10-06 15:46:03.377 UTC [11578] FATAL:  role "root" does not exist
2026-10-06T15:47:33.2427609Z  2026-10-06 15:46:05.205 UTC [11585] ERROR:  duplicate key value violates unique constraint "uq_skill_detachment_assignment_id"
2026-10-06T15:47:33.2428533Z  2026-10-06 15:46:05.205 UTC [11585] STATEMENT:  INSERT INTO agent.skill_detachment (assignment_id, agent_id, skill_name, digest, detached_by) VALUES ($1, $2, $3, $4, $5)
2026-10-06T15:47:33.2429409Z  2026-10-06 15:46:05.212 UTC [11586] ERROR:  new row violates row-level security policy for table "skill_detachment"
2026-10-06T15:47:33.2430283Z  2026-10-06 15:46:05.212 UTC [11586] STATEMENT:  INSERT INTO agent.skill_detachment (assignment_id, agent_id, skill_name, digest, detached_by) VALUES ($1, $2, $3, $4, $5)
2026-10-06T15:47:33.2431147Z  2026-10-06 15:46:05.221 UTC [11587] ERROR:  new row violates row-level security policy for table "skill_retirement"
2026-10-06T15:47:33.2431949Z  2026-10-06 15:46:05.221 UTC [11587] STATEMENT:  INSERT INTO agent.skill_retirement (digest, retired, set_by) VALUES ($1, true, 'u_somebody_else')
2026-10-06T15:47:33.2432878Z  2026-10-06 15:46:05.230 UTC [11588] ERROR:  insert or update on table "skill_retirement" violates foreign key constraint "fk_skill_retirement_digest_skill"
2026-10-06T15:47:33.2433613Z  2026-10-06 15:46:05.230 UTC [11588] DETAIL:  Key is not present in table "skill".
2026-10-06T15:47:33.2434258Z  2026-10-06 15:46:05.230 UTC [11588] STATEMENT:  INSERT INTO agent.skill_retirement (digest, retired, set_by) VALUES ($1, true, $2)
2026-10-06T15:47:33.2434929Z  2026-10-06 15:46:05.250 UTC [11590] ERROR:  permission denied for table skill_retirement
2026-10-06T15:47:33.2435600Z  2026-10-06 15:46:05.250 UTC [11590] STATEMENT:  UPDATE agent.skill_retirement SET retired = false
2026-10-06T15:47:33.2436133Z  2026-10-06 15:46:05.267 UTC [73] LOG:  checkpoint starting: immediate force wait
2026-10-06T15:47:33.2437283Z  2026-10-06 15:46:05.270 UTC [73] LOG:  checkpoint complete: wrote 18 buffers (0.1%), wrote 1 SLRU buffers; 0 WAL file(s) added, 0 removed, 1 recycled; write=0.001 s, sync=0.001 s, total=0.003 s; sync files=8, longest=0.001 s, average=0.001 s; distance=13014 kB, estimate=13355 kB; lsn=0/4633A230, redo lsn=0/4633A1D8
2026-10-06T15:47:33.2438441Z  2026-10-06 15:46:08.276 UTC [73] LOG:  checkpoint starting: immediate force wait
2026-10-06T15:47:33.2439708Z  2026-10-06 15:46:08.280 UTC [73] LOG:  checkpoint complete: wrote 19 buffers (0.1%), wrote 1 SLRU buffers; 0 WAL file(s) added, 0 removed, 0 recycled; write=0.001 s, sync=0.001 s, total=0.004 s; sync files=9, longest=0.001 s, average=0.001 s; distance=13040 kB, estimate=13324 kB; lsn=0/46FF63C8, redo lsn=0/46FF6370
2026-10-06T15:47:33.2440828Z  2026-10-06 15:46:08.449 UTC [11661] FATAL:  role "root" does not exist
2026-10-06T15:47:33.2441272Z  2026-10-06 15:46:11.060 UTC [73] LOG:  checkpoint starting: immediate force wait
2026-10-06T15:47:33.2442416Z  2026-10-06 15:46:11.063 UTC [73] LOG:  checkpoint complete: wrote 19 buffers (0.1%), wrote 1 SLRU buffers; 0 WAL file(s) added, 0 removed, 1 recycled; write=0.001 s, sync=0.001 s, total=0.004 s; sync files=8, longest=0.001 s, average=0.001 s; distance=13065 kB, estimate=13298 kB; lsn=0/47CB8B68, redo lsn=0/47CB8B10
2026-10-06T15:47:33.2443633Z  2026-10-06 15:46:13.513 UTC [11754] FATAL:  role "root" does not exist
2026-10-06T15:47:33.2444041Z  2026-10-06 15:46:18.587 UTC [11811] FATAL:  role "root" does not exist
2026-10-06T15:47:33.2444447Z  2026-10-06 15:46:23.654 UTC [11874] FATAL:  role "root" does not exist
2026-10-06T15:47:33.2444877Z  2026-10-06 15:46:24.032 UTC [73] LOG:  checkpoint starting: immediate force wait
2026-10-06T15:47:33.2446136Z  2026-10-06 15:46:24.036 UTC [73] LOG:  checkpoint complete: wrote 51 buffers (0.3%), wrote 1 SLRU buffers; 0 WAL file(s) added, 0 removed, 1 recycled; write=0.001 s, sync=0.001 s, total=0.004 s; sync files=22, longest=0.001 s, average=0.001 s; distance=5606 kB, estimate=12529 kB; lsn=0/48232438, redo lsn=0/482323E0
2026-10-06T15:47:33.2447282Z  2026-10-06 15:46:24.906 UTC [73] LOG:  checkpoint starting: immediate force wait
2026-10-06T15:47:33.2448411Z  2026-10-06 15:46:24.909 UTC [73] LOG:  checkpoint complete: wrote 6 buffers (0.0%), wrote 1 SLRU buffers; 0 WAL file(s) added, 0 removed, 0 recycled; write=0.001 s, sync=0.001 s, total=0.003 s; sync files=7, longest=0.001 s, average=0.001 s; distance=5156 kB, estimate=11792 kB; lsn=0/4873B560, redo lsn=0/4873B508
2026-10-06T15:47:33.2449554Z  2026-10-06 15:46:25.918 UTC [73] LOG:  checkpoint starting: immediate force wait
2026-10-06T15:47:33.2450698Z  2026-10-06 15:46:25.920 UTC [73] LOG:  checkpoint complete: wrote 6 buffers (0.0%), wrote 1 SLRU buffers; 0 WAL file(s) added, 0 removed, 0 recycled; write=0.001 s, sync=0.001 s, total=0.003 s; sync files=7, longest=0.001 s, average=0.001 s; distance=5160 kB, estimate=11128 kB; lsn=0/48C457F8, redo lsn=0/48C457A0
2026-10-06T15:47:33.2451935Z  2026-10-06 15:46:26.688 UTC [11927] ERROR:  new row violates row-level security policy for table "suspension"
2026-10-06T15:47:33.2453499Z  2026-10-06 15:46:26.688 UTC [11927] STATEMENT:  INSERT INTO gate.suspension (id, trace_id, principal_id, agent_id, required_capability, action, ent_hash, artefact, action_digest, raised_at, expires_at, state) VALUES ($1::VARCHAR, $2::VARCHAR, $3::VARCHAR, $4::VARCHAR, $5::VARCHAR, $6::JSONB, $7::VARCHAR, $8::VARCHAR, $9::VARCHAR, $10::TIMESTAMP WITH TIME ZONE, $11::TIMESTAMP WITH TIME ZONE, $12::VARCHAR)
2026-10-06T15:47:33.2454957Z  2026-10-06 15:46:26.725 UTC [73] LOG:  checkpoint starting: immediate force wait
2026-10-06T15:47:33.2456208Z  2026-10-06 15:46:26.728 UTC [73] LOG:  checkpoint complete: wrote 6 buffers (0.0%), wrote 1 SLRU buffers; 0 WAL file(s) added, 0 removed, 1 recycled; write=0.001 s, sync=0.001 s, total=0.003 s; sync files=7, longest=0.001 s, average=0.001 s; distance=5162 kB, estimate=10532 kB; lsn=0/491502E0, redo lsn=0/49150288
2026-10-06T15:47:33.2457457Z  2026-10-06 15:46:27.516 UTC [11943] ERROR:  duplicate key value violates unique constraint "pk_suspension"
2026-10-06T15:47:33.2459014Z  2026-10-06 15:46:27.516 UTC [11943] STATEMENT:  INSERT INTO gate.suspension (id, trace_id, principal_id, agent_id, required_capability, action, ent_hash, artefact, action_digest, raised_at, expires_at, state) VALUES ($1::VARCHAR, $2::VARCHAR, $3::VARCHAR, $4::VARCHAR, $5::VARCHAR, $6::JSONB, $7::VARCHAR, $8::VARCHAR, $9::VARCHAR, $10::TIMESTAMP WITH TIME ZONE, $11::TIMESTAMP WITH TIME ZONE, $12::VARCHAR)
2026-10-06T15:47:33.2460482Z  2026-10-06 15:46:27.525 UTC [73] LOG:  checkpoint starting: immediate force wait
2026-10-06T15:47:33.2461778Z  2026-10-06 15:46:27.528 UTC [73] LOG:  checkpoint complete: wrote 7 buffers (0.0%), wrote 1 SLRU buffers; 0 WAL file(s) added, 0 removed, 0 recycled; write=0.001 s, sync=0.001 s, total=0.003 s; sync files=7, longest=0.001 s, average=0.001 s; distance=5169 kB, estimate=9996 kB; lsn=0/4965CA40, redo lsn=0/4965C9E8
2026-10-06T15:47:33.2462989Z  2026-10-06 15:46:28.367 UTC [11960] ERROR:  relation "ops.setting" does not exist at character 73
2026-10-06T15:47:33.2463647Z  2026-10-06 15:46:28.367 UTC [11960] STATEMENT:  SELECT ops.setting.key, ops.setting.value_type, ops.setting.value 
2026-10-06T15:47:33.2464147Z  	FROM ops.setting 
2026-10-06T15:47:33.2464519Z  	WHERE ops.setting.deleted_at IS NULL AND (ops.setting.key LIKE $1::VARCHAR || '%')
2026-10-06T15:47:33.2465215Z  2026-10-06 15:46:28.389 UTC [11961] ERROR:  relation "ops.setting" does not exist at character 121
2026-10-06T15:47:33.2466158Z  2026-10-06 15:46:28.389 UTC [11961] STATEMENT:  SELECT ops.setting.key, ops.setting.value_type, ops.setting.value, ops.setting.updated_by, ops.setting.updated_at 
2026-10-06T15:47:33.2466823Z  	FROM ops.setting 
2026-10-06T15:47:33.2467293Z  	WHERE ops.setting.deleted_at IS NULL AND (ops.setting.key LIKE $1::VARCHAR || '%' ESCAPE '/') ORDER BY ops.setting.key
2026-10-06T15:47:33.2467994Z  2026-10-06 15:46:28.431 UTC [11964] ERROR:  relation "gate.role_grant" does not exist at character 43
2026-10-06T15:47:33.2468562Z  2026-10-06 15:46:28.431 UTC [11964] STATEMENT:  SELECT gate.role_grant.principal_id 
2026-10-06T15:47:33.2468961Z  	FROM gate.role_grant 
2026-10-06T15:47:33.2469322Z  	WHERE gate.role_grant.role = $1::VARCHAR AND gate.role_grant.deleted_at IS NULL
2026-10-06T15:47:33.2469907Z  2026-10-06 15:46:28.447 UTC [11965] ERROR:  relation "ops.custom_connector" does not exist at character 71
2026-10-06T15:47:33.2470587Z  2026-10-06 15:46:28.447 UTC [11965] STATEMENT:  SELECT ops.custom_connector.name, ops.custom_connector.revision 
2026-10-06T15:47:33.2471103Z  	FROM ops.custom_connector 
2026-10-06T15:47:33.2471391Z  	WHERE ops.custom_connector.state = $1::VARCHAR
2026-10-06T15:47:33.2471885Z  2026-10-06 15:46:28.515 UTC [11966] ERROR:  relation "agent.tool_definition" does not exist at character 13
2026-10-06T15:47:33.2474578Z  2026-10-06 15:46:28.515 UTC [11966] STATEMENT:  INSERT INTO agent.tool_definition (name, source, entity, description, required_capability, side_effect, sensitive, sensitive_effect, result_contract, identity_mode) VALUES ($1::VARCHAR, $2::VARCHAR, $3::VARCHAR, $4::VARCHAR, $5::VARCHAR, $6::VARCHAR, $7, $8::VARCHAR, $9::VARCHAR, $10::VARCHAR) ON CONFLICT (name) DO UPDATE SET source = excluded.source, entity = excluded.entity, description = excluded.description, required_capability = excluded.required_capability, side_effect = excluded.side_effect, sensitive = excluded.sensitive, sensitive_effect = excluded.sensitive_effect, result_contract = excluded.result_contract, identity_mode = excluded.identity_mode, updated_at = now()
2026-10-06T15:47:33.2477385Z  2026-10-06 15:46:28.564 UTC [11968] ERROR:  relation "gate.capability_registry" does not exist at character 13
2026-10-06T15:47:33.2488975Z  2026-10-06 15:46:28.564 UTC [11968] STATEMENT:  INSERT INTO gate.capability_registry (capability, description) VALUES ($1::VARCHAR, $2::VARCHAR), ($3::VARCHAR, $4::VARCHAR), ($5::VARCHAR, $6::VARCHAR), ($7::VARCHAR, $8::VARCHAR), ($9::VARCHAR, $10::VARCHAR), ($11::VARCHAR, $12::VARCHAR), ($13::VARCHAR, $14::VARCHAR), ($15::VARCHAR, $16::VARCHAR), ($17::VARCHAR, $18::VARCHAR), ($19::VARCHAR, $20::VARCHAR), ($21::VARCHAR, $22::VARCHAR), ($23::VARCHAR, $24::VARCHAR), ($25::VARCHAR, $26::VARCHAR), ($27::VARCHAR, $28::VARCHAR), ($29::VARCHAR, $30::VARCHAR), ($31::VARCHAR, $32::VARCHAR), ($33::VARCHAR, $34::VARCHAR), ($35::VARCHAR, $36::VARCHAR), ($37::VARCHAR, $38::VARCHAR), ($39::VARCHAR, $40::VARCHAR), ($41::VARCHAR, $42::VARCHAR), ($43::VARCHAR, $44::VARCHAR), ($45::VARCHAR, $46::VARCHAR), ($47::VARCHAR, $48::VARCHAR), ($49::VARCHAR, $50::VARCHAR), ($51::VARCHAR, $52::VARCHAR), ($53::VARCHAR, $54::VARCHAR), ($55::VARCHAR, $56::VARCHAR), ($57::VARCHAR, $58::VARCHAR), ($59::VARCHAR, $60::VARCHAR), ($61::VARCHAR, $62::VARCHAR), ($63::VARCHAR, $64::VARCHAR), ($65::VARCHAR, $66::VARCHAR), ($67::VARCHAR, $68::VARCHAR), ($69::VARCHAR, $70::VARCHAR), ($71::VARCHAR, $72::VARCHAR), ($73::VARCHAR, $74::VARCHAR), ($75::VARCHAR, $76::VARCHAR), ($77::VARCHAR, $78::VARCHAR), ($79::VARCHAR, $80::VARCHAR), ($81::VARCHAR, $82::VARCHAR), ($83::VARCHAR, $84::VARCHAR), ($85::VARCHAR, $86::VARCHAR), ($87::VARCHAR, $88::VARCHAR), ($89::VARCHAR, $90::VARCHAR), ($91::VARCHAR, $92::VARCHAR), ($93::VARCHAR, $94::VARCHAR), ($95::VARCHAR, $96::VARCHAR), ($97::VARCHAR, $98::VARCHAR), ($99::VARCHAR, $100::VARCHAR), ($101::VARCHAR, $102::VARCHAR), ($103::VARCHAR, $104::VARCHAR), ($105::VARCHAR, $106::VARCHAR), ($107::VARCHAR, $108::VARCHAR), ($109::VARCHAR, $110::VARCHAR), ($111::VARCHAR, $112::VARCHAR), ($113::VARCHAR, $114::VARCHAR), ($115::VARCHAR, $116::VARCHAR), ($117::VARCHAR, $118::VARCHAR), ($119::VARCHAR, $120::VARCHAR), ($121::VARCHAR, $122::VARCHAR), ($123::VARCHAR, $124::VARCHAR), ($125::VARCHAR, $126::VARCHAR), ($127::VARCHAR, $128::VARCHAR), ($129::VARCHAR, $130::VARCHAR), ($131::VARCHAR, $132::VARCHAR), ($133::VARCHAR, $134::VARCHAR), ($135::VARCHAR, $136::VARCHAR), ($137::VARCHAR, $138::VARCHAR), ($139::VARCHAR, $140::VARCHAR), ($141::VARCHAR, $142::VARCHAR), ($143::VARCHAR, $144::VARCHAR), ($145::VARCHAR, $146::VARCHAR), ($147::VARCHAR, $148::VARCHAR), ($149::VARCHAR, $150::VARCHAR), ($151::VARCHAR, $152::VARCHAR), ($153::VARCHAR, $154::VARCHAR), ($155::VARCHAR, $156::VARCHAR), ($157::VARCHAR, $158::VARCHAR), ($159::VARCHAR, $160::VARCHAR), ($161::VARCHAR, $162::VARCHAR), ($163::VARCHAR, $164::VARCHAR), ($165::VARCHAR, $166::VARCHAR), ($167::VARCHAR, $168::VARCHAR), ($169::VARCHAR, $170::VARCHAR), ($171::VARCHAR, $172::VARCHAR), ($173::VARCHAR, $174::VARCHAR), ($175::VARCHAR, $176::VARCHAR), ($177::VARCHAR, $178::VARCHAR), ($179::VARCHAR, $180::VARCHAR), ($181::VARCHAR, $182::VARCHAR), ($183::VARCHAR, $184::VARCHAR), ($185::VARCHAR, $186::VARCHAR), ($187::VARCHAR, $188::VARCHAR), ($189::VARCHAR, $190::VARCHAR), ($191::VARCHAR, $192::VARCHAR), ($193::VARCHAR, $194::VARCHAR), ($195::VARCHAR, $196::VARCHAR), ($197::VARCHAR, $198::VARCHAR), ($199::VARCHAR, $200::VARCHAR), ($201::VARCHAR, $202::VARCHAR), ($203::VARCHAR, $204::VARCHAR), ($205::VARCHAR, $206::VARCHAR), ($207::VARCHAR, $208::VARCHAR), ($209::VARCHAR, $210::VARCHAR), ($211::VARCHAR, $212::VARCHAR), ($213::VARCHAR, $214::VARCHAR), ($215::VARCHAR, $216::VARCHAR), ($217::VARCHAR, $218::VARCHAR), ($219::VARCHAR, $220::VARCHAR), ($221::VARCHAR, $222::VARCHAR), ($223::VARCHAR, $224::VARCHAR), ($225::VARCHAR, $226::VARCHAR), ($227::VARCHAR, $228::VARCHAR), ($229::VARCHAR, $230::VARCHAR), ($231::VARCHAR, $232::VARCHAR), ($233::VARCHAR, $234::VARCHAR), ($235::VARCHAR, $236::VARCHAR), ($237::VARCHAR, $238::VARCHAR), ($239::VARCHAR, $240::VARCHAR), ($241::VARCHAR, $242::VARCHAR), ($243::VARCHAR, $244::VARCHAR), ($245::VARCHAR, $246::VARCHAR), ($247::VARCHAR, $248::VARCHAR), ($249::VARCHAR, $250::VARCHAR), ($251::VARCHAR, $252::VARCHAR), ($253::VARCHAR, $254::VARCHAR) ON CONFLICT (capability) WHERE deleted_at IS NULL DO NOTHING RETURNING gate.capability_registry.capability
2026-10-06T15:47:33.2500731Z  2026-10-06 15:46:28.575 UTC [11969] ERROR:  relation "gate.fast_path_rule" does not exist at character 415
2026-10-06T15:47:33.2502529Z  2026-10-06 15:46:28.575 UTC [11969] STATEMENT:  SELECT gate.fast_path_rule.rule_id, gate.fast_path_rule.template, gate.fast_path_rule.slot, gate.fast_path_rule.source, gate.fast_path_rule.entity, gate.fast_path_rule.match_field, gate.fast_path_rule.answer_field, gate.fast_path_rule.created_by, gate.fast_path_rule.department, gate.fast_path_rule.learned_from, gate.fast_path_rule.created_at, gate.fast_path_rule.updated_at, gate.fast_path_rule.deleted_at 
2026-10-06T15:47:33.2504147Z  	FROM gate.fast_path_rule 
2026-10-06T15:47:33.2504666Z  	WHERE gate.fast_path_rule.deleted_at IS NULL AND gate.fast_path_rule.department IS NULL ORDER BY gate.fast_path_rule.rule_id
2026-10-06T15:47:33.2505532Z  2026-10-06 15:46:28.725 UTC [11978] FATAL:  role "root" does not exist
2026-10-06T15:47:33.2506098Z  2026-10-06 15:46:28.880 UTC [11981] ERROR:  relation "obs.application_log" does not exist at character 13
2026-10-06T15:47:33.2507312Z  2026-10-06 15:46:28.880 UTC [11981] STATEMENT:  INSERT INTO obs.application_log (at, last_at, level, event, origin, repeats, fields) VALUES ($1::TIMESTAMP WITH TIME ZONE, $2::TIMESTAMP WITH TIME ZONE, $3::VARCHAR, $4::VARCHAR, $5::VARCHAR, $6::INTEGER, $7::JSONB) RETURNING obs.application_log.id
2026-10-06T15:47:33.2508493Z  2026-10-06 15:46:28.927 UTC [11984] ERROR:  relation "ops.setting" does not exist at character 73
2026-10-06T15:47:33.2509256Z  2026-10-06 15:46:28.927 UTC [11984] STATEMENT:  SELECT ops.setting.key, ops.setting.value_type, ops.setting.value 
2026-10-06T15:47:33.2509752Z  	FROM ops.setting 
2026-10-06T15:47:33.2510114Z  	WHERE ops.setting.deleted_at IS NULL AND (ops.setting.key LIKE $1::VARCHAR || '%')
2026-10-06T15:47:33.2510687Z  2026-10-06 15:46:28.947 UTC [11986] ERROR:  relation "ops.setting" does not exist at character 121
2026-10-06T15:47:33.2511518Z  2026-10-06 15:46:28.947 UTC [11986] STATEMENT:  SELECT ops.setting.key, ops.setting.value_type, ops.setting.value, ops.setting.updated_by, ops.setting.updated_at 
2026-10-06T15:47:33.2512188Z  	FROM ops.setting 
2026-10-06T15:47:33.2512647Z  	WHERE ops.setting.deleted_at IS NULL AND (ops.setting.key LIKE $1::VARCHAR || '%' ESCAPE '/') ORDER BY ops.setting.key
2026-10-06T15:47:33.2513333Z  2026-10-06 15:46:28.980 UTC [11988] ERROR:  relation "gate.role_grant" does not exist at character 43
2026-10-06T15:47:33.2513928Z  2026-10-06 15:46:28.980 UTC [11988] STATEMENT:  SELECT gate.role_grant.principal_id 
2026-10-06T15:47:33.2514330Z  	FROM gate.role_grant 
2026-10-06T15:47:33.2514690Z  	WHERE gate.role_grant.role = $1::VARCHAR AND gate.role_grant.deleted_at IS NULL
2026-10-06T15:47:33.2515270Z  2026-10-06 15:46:28.996 UTC [11989] ERROR:  relation "ops.custom_connector" does not exist at character 71
2026-10-06T15:47:33.2516251Z  2026-10-06 15:46:28.996 UTC [11989] STATEMENT:  SELECT ops.custom_connector.name, ops.custom_connector.revision 
2026-10-06T15:47:33.2516759Z  	FROM ops.custom_connector 
2026-10-06T15:47:33.2517046Z  	WHERE ops.custom_connector.state = $1::VARCHAR
2026-10-06T15:47:33.2517545Z  2026-10-06 15:46:29.049 UTC [11990] ERROR:  relation "agent.tool_definition" does not exist at character 13
2026-10-06T15:47:33.2520237Z  2026-10-06 15:46:29.049 UTC [11990] STATEMENT:  INSERT INTO agent.tool_definition (name, source, entity, description, required_capability, side_effect, sensitive, sensitive_effect, result_contract, identity_mode) VALUES ($1::VARCHAR, $2::VARCHAR, $3::VARCHAR, $4::VARCHAR, $5::VARCHAR, $6::VARCHAR, $7, $8::VARCHAR, $9::VARCHAR, $10::VARCHAR) ON CONFLICT (name) DO UPDATE SET source = excluded.source, entity = excluded.entity, description = excluded.description, required_capability = excluded.required_capability, side_effect = excluded.side_effect, sensitive = excluded.sensitive, sensitive_effect = excluded.sensitive_effect, result_contract = excluded.result_contract, identity_mode = excluded.identity_mode, updated_at = now()
2026-10-06T15:47:33.2522936Z  2026-10-06 15:46:29.100 UTC [11992] ERROR:  relation "gate.capability_registry" does not exist at character 13
2026-10-06T15:47:33.2534595Z  2026-10-06 15:46:29.100 UTC [11992] STATEMENT:  INSERT INTO gate.capability_registry (capability, description) VALUES ($1::VARCHAR, $2::VARCHAR), ($3::VARCHAR, $4::VARCHAR), ($5::VARCHAR, $6::VARCHAR), ($7::VARCHAR, $8::VARCHAR), ($9::VARCHAR, $10::VARCHAR), ($11::VARCHAR, $12::VARCHAR), ($13::VARCHAR, $14::VARCHAR), ($15::VARCHAR, $16::VARCHAR), ($17::VARCHAR, $18::VARCHAR), ($19::VARCHAR, $20::VARCHAR), ($21::VARCHAR, $22::VARCHAR), ($23::VARCHAR, $24::VARCHAR), ($25::VARCHAR, $26::VARCHAR), ($27::VARCHAR, $28::VARCHAR), ($29::VARCHAR, $30::VARCHAR), ($31::VARCHAR, $32::VARCHAR), ($33::VARCHAR, $34::VARCHAR), ($35::VARCHAR, $36::VARCHAR), ($37::VARCHAR, $38::VARCHAR), ($39::VARCHAR, $40::VARCHAR), ($41::VARCHAR, $42::VARCHAR), ($43::VARCHAR, $44::VARCHAR), ($45::VARCHAR, $46::VARCHAR), ($47::VARCHAR, $48::VARCHAR), ($49::VARCHAR, $50::VARCHAR), ($51::VARCHAR, $52::VARCHAR), ($53::VARCHAR, $54::VARCHAR), ($55::VARCHAR, $56::VARCHAR), ($57::VARCHAR, $58::VARCHAR), ($59::VARCHAR, $60::VARCHAR), ($61::VARCHAR, $62::VARCHAR), ($63::VARCHAR, $64::VARCHAR), ($65::VARCHAR, $66::VARCHAR), ($67::VARCHAR, $68::VARCHAR), ($69::VARCHAR, $70::VARCHAR), ($71::VARCHAR, $72::VARCHAR), ($73::VARCHAR, $74::VARCHAR), ($75::VARCHAR, $76::VARCHAR), ($77::VARCHAR, $78::VARCHAR), ($79::VARCHAR, $80::VARCHAR), ($81::VARCHAR, $82::VARCHAR), ($83::VARCHAR, $84::VARCHAR), ($85::VARCHAR, $86::VARCHAR), ($87::VARCHAR, $88::VARCHAR), ($89::VARCHAR, $90::VARCHAR), ($91::VARCHAR, $92::VARCHAR), ($93::VARCHAR, $94::VARCHAR), ($95::VARCHAR, $96::VARCHAR), ($97::VARCHAR, $98::VARCHAR), ($99::VARCHAR, $100::VARCHAR), ($101::VARCHAR, $102::VARCHAR), ($103::VARCHAR, $104::VARCHAR), ($105::VARCHAR, $106::VARCHAR), ($107::VARCHAR, $108::VARCHAR), ($109::VARCHAR, $110::VARCHAR), ($111::VARCHAR, $112::VARCHAR), ($113::VARCHAR, $114::VARCHAR), ($115::VARCHAR, $116::VARCHAR), ($117::VARCHAR, $118::VARCHAR), ($119::VARCHAR, $120::VARCHAR), ($121::VARCHAR, $122::VARCHAR), ($123::VARCHAR, $124::VARCHAR), ($125::VARCHAR, $126::VARCHAR), ($127::VARCHAR, $128::VARCHAR), ($129::VARCHAR, $130::VARCHAR), ($131::VARCHAR, $132::VARCHAR), ($133::VARCHAR, $134::VARCHAR), ($135::VARCHAR, $136::VARCHAR), ($137::VARCHAR, $138::VARCHAR), ($139::VARCHAR, $140::VARCHAR), ($141::VARCHAR, $142::VARCHAR), ($143::VARCHAR, $144::VARCHAR), ($145::VARCHAR, $146::VARCHAR), ($147::VARCHAR, $148::VARCHAR), ($149::VARCHAR, $150::VARCHAR), ($151::VARCHAR, $152::VARCHAR), ($153::VARCHAR, $154::VARCHAR), ($155::VARCHAR, $156::VARCHAR), ($157::VARCHAR, $158::VARCHAR), ($159::VARCHAR, $160::VARCHAR), ($161::VARCHAR, $162::VARCHAR), ($163::VARCHAR, $164::VARCHAR), ($165::VARCHAR, $166::VARCHAR), ($167::VARCHAR, $168::VARCHAR), ($169::VARCHAR, $170::VARCHAR), ($171::VARCHAR, $172::VARCHAR), ($173::VARCHAR, $174::VARCHAR), ($175::VARCHAR, $176::VARCHAR), ($177::VARCHAR, $178::VARCHAR), ($179::VARCHAR, $180::VARCHAR), ($181::VARCHAR, $182::VARCHAR), ($183::VARCHAR, $184::VARCHAR), ($185::VARCHAR, $186::VARCHAR), ($187::VARCHAR, $188::VARCHAR), ($189::VARCHAR, $190::VARCHAR), ($191::VARCHAR, $192::VARCHAR), ($193::VARCHAR, $194::VARCHAR), ($195::VARCHAR, $196::VARCHAR), ($197::VARCHAR, $198::VARCHAR), ($199::VARCHAR, $200::VARCHAR), ($201::VARCHAR, $202::VARCHAR), ($203::VARCHAR, $204::VARCHAR), ($205::VARCHAR, $206::VARCHAR), ($207::VARCHAR, $208::VARCHAR), ($209::VARCHAR, $210::VARCHAR), ($211::VARCHAR, $212::VARCHAR), ($213::VARCHAR, $214::VARCHAR), ($215::VARCHAR, $216::VARCHAR), ($217::VARCHAR, $218::VARCHAR), ($219::VARCHAR, $220::VARCHAR), ($221::VARCHAR, $222::VARCHAR), ($223::VARCHAR, $224::VARCHAR), ($225::VARCHAR, $226::VARCHAR), ($227::VARCHAR, $228::VARCHAR), ($229::VARCHAR, $230::VARCHAR), ($231::VARCHAR, $232::VARCHAR), ($233::VARCHAR, $234::VARCHAR), ($235::VARCHAR, $236::VARCHAR), ($237::VARCHAR, $238::VARCHAR), ($239::VARCHAR, $240::VARCHAR), ($241::VARCHAR, $242::VARCHAR), ($243::VARCHAR, $244::VARCHAR), ($245::VARCHAR, $246::VARCHAR), ($247::VARCHAR, $248::VARCHAR), ($249::VARCHAR, $250::VARCHAR), ($251::VARCHAR, $252::VARCHAR), ($253::VARCHAR, $254::VARCHAR) ON CONFLICT (capability) WHERE deleted_at IS NULL DO NOTHING RETURNING gate.capability_registry.capability
2026-10-06T15:47:33.2546421Z  2026-10-06 15:46:29.112 UTC [11993] ERROR:  relation "gate.fast_path_rule" does not exist at character 415
2026-10-06T15:47:33.2548194Z  2026-10-06 15:46:29.112 UTC [11993] STATEMENT:  SELECT gate.fast_path_rule.rule_id, gate.fast_path_rule.template, gate.fast_path_rule.slot, gate.fast_path_rule.source, gate.fast_path_rule.entity, gate.fast_path_rule.match_field, gate.fast_path_rule.answer_field, gate.fast_path_rule.created_by, gate.fast_path_rule.department, gate.fast_path_rule.learned_from, gate.fast_path_rule.created_at, gate.fast_path_rule.updated_at, gate.fast_path_rule.deleted_at 
2026-10-06T15:47:33.2549951Z  	FROM gate.fast_path_rule 
2026-10-06T15:47:33.2550480Z  	WHERE gate.fast_path_rule.deleted_at IS NULL AND gate.fast_path_rule.department IS NULL ORDER BY gate.fast_path_rule.rule_id
2026-10-06T15:47:33.2551216Z  2026-10-06 15:46:29.366 UTC [11997] ERROR:  relation "obs.application_log" does not exist at character 13
2026-10-06T15:47:33.2552422Z  2026-10-06 15:46:29.366 UTC [11997] STATEMENT:  INSERT INTO obs.application_log (at, last_at, level, event, origin, repeats, fields) VALUES ($1::TIMESTAMP WITH TIME ZONE, $2::TIMESTAMP WITH TIME ZONE, $3::VARCHAR, $4::VARCHAR, $5::VARCHAR, $6::INTEGER, $7::JSONB) RETURNING obs.application_log.id
2026-10-06T15:47:33.2553665Z  2026-10-06 15:46:29.390 UTC [73] LOG:  checkpoint starting: immediate force wait
2026-10-06T15:47:33.2554837Z  2026-10-06 15:46:29.393 UTC [73] LOG:  checkpoint complete: wrote 9 buffers (0.1%), wrote 1 SLRU buffers; 0 WAL file(s) added, 0 removed, 0 recycled; write=0.001 s, sync=0.001 s, total=0.003 s; sync files=8, longest=0.001 s, average=0.001 s; distance=5180 kB, estimate=9514 kB; lsn=0/49B6BC70, redo lsn=0/49B6BC18
2026-10-06T15:47:33.2556175Z  2026-10-06 15:46:30.302 UTC [12015] ERROR:  relation "ops.setting" does not exist at character 73
2026-10-06T15:47:33.2556826Z  2026-10-06 15:46:30.302 UTC [12015] STATEMENT:  SELECT ops.setting.key, ops.setting.value_type, ops.setting.value 
2026-10-06T15:47:33.2557327Z  	FROM ops.setting 
2026-10-06T15:47:33.2557684Z  	WHERE ops.setting.deleted_at IS NULL AND (ops.setting.key LIKE $1::VARCHAR || '%')
2026-10-06T15:47:33.2558267Z  2026-10-06 15:46:30.320 UTC [12016] ERROR:  relation "ops.setting" does not exist at character 121
2026-10-06T15:47:33.2559095Z  2026-10-06 15:46:30.320 UTC [12016] STATEMENT:  SELECT ops.setting.key, ops.setting.value_type, ops.setting.value, ops.setting.updated_by, ops.setting.updated_at 
2026-10-06T15:47:33.2559756Z  	FROM ops.setting 
2026-10-06T15:47:33.2560224Z  	WHERE ops.setting.deleted_at IS NULL AND (ops.setting.key LIKE $1::VARCHAR || '%' ESCAPE '/') ORDER BY ops.setting.key
2026-10-06T15:47:33.2560908Z  2026-10-06 15:46:30.357 UTC [12019] ERROR:  relation "gate.role_grant" does not exist at character 43
2026-10-06T15:47:33.2561474Z  2026-10-06 15:46:30.357 UTC [12019] STATEMENT:  SELECT gate.role_grant.principal_id 
2026-10-06T15:47:33.2561875Z  	FROM gate.role_grant 
2026-10-06T15:47:33.2562232Z  	WHERE gate.role_grant.role = $1::VARCHAR AND gate.role_grant.deleted_at IS NULL
2026-10-06T15:47:33.2562819Z  2026-10-06 15:46:30.372 UTC [12020] ERROR:  relation "ops.custom_connector" does not exist at character 71
2026-10-06T15:47:33.2563488Z  2026-10-06 15:46:30.372 UTC [12020] STATEMENT:  SELECT ops.custom_connector.name, ops.custom_connector.revision 
2026-10-06T15:47:33.2563989Z  	FROM ops.custom_connector 
2026-10-06T15:47:33.2564276Z  	WHERE ops.custom_connector.state = $1::VARCHAR
2026-10-06T15:47:33.2564770Z  2026-10-06 15:46:30.426 UTC [12021] ERROR:  relation "agent.tool_definition" does not exist at character 13
2026-10-06T15:47:33.2567578Z  2026-10-06 15:46:30.426 UTC [12021] STATEMENT:  INSERT INTO agent.tool_definition (name, source, entity, description, required_capability, side_effect, sensitive, sensitive_effect, result_contract, identity_mode) VALUES ($1::VARCHAR, $2::VARCHAR, $3::VARCHAR, $4::VARCHAR, $5::VARCHAR, $6::VARCHAR, $7, $8::VARCHAR, $9::VARCHAR, $10::VARCHAR) ON CONFLICT (name) DO UPDATE SET source = excluded.source, entity = excluded.entity, description = excluded.description, required_capability = excluded.required_capability, side_effect = excluded.side_effect, sensitive = excluded.sensitive, sensitive_effect = excluded.sensitive_effect, result_contract = excluded.result_contract, identity_mode = excluded.identity_mode, updated_at = now()
2026-10-06T15:47:33.2570267Z  2026-10-06 15:46:30.473 UTC [12023] ERROR:  relation "gate.capability_registry" does not exist at character 13
2026-10-06T15:47:33.2581838Z  2026-10-06 15:46:30.473 UTC [12023] STATEMENT:  INSERT INTO gate.capability_registry (capability, description) VALUES ($1::VARCHAR, $2::VARCHAR), ($3::VARCHAR, $4::VARCHAR), ($5::VARCHAR, $6::VARCHAR), ($7::VARCHAR, $8::VARCHAR), ($9::VARCHAR, $10::VARCHAR), ($11::VARCHAR, $12::VARCHAR), ($13::VARCHAR, $14::VARCHAR), ($15::VARCHAR, $16::VARCHAR), ($17::VARCHAR, $18::VARCHAR), ($19::VARCHAR, $20::VARCHAR), ($21::VARCHAR, $22::VARCHAR), ($23::VARCHAR, $24::VARCHAR), ($25::VARCHAR, $26::VARCHAR), ($27::VARCHAR, $28::VARCHAR), ($29::VARCHAR, $30::VARCHAR), ($31::VARCHAR, $32::VARCHAR), ($33::VARCHAR, $34::VARCHAR), ($35::VARCHAR, $36::VARCHAR), ($37::VARCHAR, $38::VARCHAR), ($39::VARCHAR, $40::VARCHAR), ($41::VARCHAR, $42::VARCHAR), ($43::VARCHAR, $44::VARCHAR), ($45::VARCHAR, $46::VARCHAR), ($47::VARCHAR, $48::VARCHAR), ($49::VARCHAR, $50::VARCHAR), ($51::VARCHAR, $52::VARCHAR), ($53::VARCHAR, $54::VARCHAR), ($55::VARCHAR, $56::VARCHAR), ($57::VARCHAR, $58::VARCHAR), ($59::VARCHAR, $60::VARCHAR), ($61::VARCHAR, $62::VARCHAR), ($63::VARCHAR, $64::VARCHAR), ($65::VARCHAR, $66::VARCHAR), ($67::VARCHAR, $68::VARCHAR), ($69::VARCHAR, $70::VARCHAR), ($71::VARCHAR, $72::VARCHAR), ($73::VARCHAR, $74::VARCHAR), ($75::VARCHAR, $76::VARCHAR), ($77::VARCHAR, $78::VARCHAR), ($79::VARCHAR, $80::VARCHAR), ($81::VARCHAR, $82::VARCHAR), ($83::VARCHAR, $84::VARCHAR), ($85::VARCHAR, $86::VARCHAR), ($87::VARCHAR, $88::VARCHAR), ($89::VARCHAR, $90::VARCHAR), ($91::VARCHAR, $92::VARCHAR), ($93::VARCHAR, $94::VARCHAR), ($95::VARCHAR, $96::VARCHAR), ($97::VARCHAR, $98::VARCHAR), ($99::VARCHAR, $100::VARCHAR), ($101::VARCHAR, $102::VARCHAR), ($103::VARCHAR, $104::VARCHAR), ($105::VARCHAR, $106::VARCHAR), ($107::VARCHAR, $108::VARCHAR), ($109::VARCHAR, $110::VARCHAR), ($111::VARCHAR, $112::VARCHAR), ($113::VARCHAR, $114::VARCHAR), ($115::VARCHAR, $116::VARCHAR), ($117::VARCHAR, $118::VARCHAR), ($119::VARCHAR, $120::VARCHAR), ($121::VARCHAR, $122::VARCHAR), ($123::VARCHAR, $124::VARCHAR), ($125::VARCHAR, $126::VARCHAR), ($127::VARCHAR, $128::VARCHAR), ($129::VARCHAR, $130::VARCHAR), ($131::VARCHAR, $132::VARCHAR), ($133::VARCHAR, $134::VARCHAR), ($135::VARCHAR, $136::VARCHAR), ($137::VARCHAR, $138::VARCHAR), ($139::VARCHAR, $140::VARCHAR), ($141::VARCHAR, $142::VARCHAR), ($143::VARCHAR, $144::VARCHAR), ($145::VARCHAR, $146::VARCHAR), ($147::VARCHAR, $148::VARCHAR), ($149::VARCHAR, $150::VARCHAR), ($151::VARCHAR, $152::VARCHAR), ($153::VARCHAR, $154::VARCHAR), ($155::VARCHAR, $156::VARCHAR), ($157::VARCHAR, $158::VARCHAR), ($159::VARCHAR, $160::VARCHAR), ($161::VARCHAR, $162::VARCHAR), ($163::VARCHAR, $164::VARCHAR), ($165::VARCHAR, $166::VARCHAR), ($167::VARCHAR, $168::VARCHAR), ($169::VARCHAR, $170::VARCHAR), ($171::VARCHAR, $172::VARCHAR), ($173::VARCHAR, $174::VARCHAR), ($175::VARCHAR, $176::VARCHAR), ($177::VARCHAR, $178::VARCHAR), ($179::VARCHAR, $180::VARCHAR), ($181::VARCHAR, $182::VARCHAR), ($183::VARCHAR, $184::VARCHAR), ($185::VARCHAR, $186::VARCHAR), ($187::VARCHAR, $188::VARCHAR), ($189::VARCHAR, $190::VARCHAR), ($191::VARCHAR, $192::VARCHAR), ($193::VARCHAR, $194::VARCHAR), ($195::VARCHAR, $196::VARCHAR), ($197::VARCHAR, $198::VARCHAR), ($199::VARCHAR, $200::VARCHAR), ($201::VARCHAR, $202::VARCHAR), ($203::VARCHAR, $204::VARCHAR), ($205::VARCHAR, $206::VARCHAR), ($207::VARCHAR, $208::VARCHAR), ($209::VARCHAR, $210::VARCHAR), ($211::VARCHAR, $212::VARCHAR), ($213::VARCHAR, $214::VARCHAR), ($215::VARCHAR, $216::VARCHAR), ($217::VARCHAR, $218::VARCHAR), ($219::VARCHAR, $220::VARCHAR), ($221::VARCHAR, $222::VARCHAR), ($223::VARCHAR, $224::VARCHAR), ($225::VARCHAR, $226::VARCHAR), ($227::VARCHAR, $228::VARCHAR), ($229::VARCHAR, $230::VARCHAR), ($231::VARCHAR, $232::VARCHAR), ($233::VARCHAR, $234::VARCHAR), ($235::VARCHAR, $236::VARCHAR), ($237::VARCHAR, $238::VARCHAR), ($239::VARCHAR, $240::VARCHAR), ($241::VARCHAR, $242::VARCHAR), ($243::VARCHAR, $244::VARCHAR), ($245::VARCHAR, $246::VARCHAR), ($247::VARCHAR, $248::VARCHAR), ($249::VARCHAR, $250::VARCHAR), ($251::VARCHAR, $252::VARCHAR), ($253::VARCHAR, $254::VARCHAR) ON CONFLICT (capability) WHERE deleted_at IS NULL DO NOTHING RETURNING gate.capability_registry.capability
2026-10-06T15:47:33.2593698Z  2026-10-06 15:46:30.484 UTC [12024] ERROR:  relation "gate.fast_path_rule" does not exist at character 415
2026-10-06T15:47:33.2595589Z  2026-10-06 15:46:30.484 UTC [12024] STATEMENT:  SELECT gate.fast_path_rule.rule_id, gate.fast_path_rule.template, gate.fast_path_rule.slot, gate.fast_path_rule.source, gate.fast_path_rule.entity, gate.fast_path_rule.match_field, gate.fast_path_rule.answer_field, gate.fast_path_rule.created_by, gate.fast_path_rule.department, gate.fast_path_rule.learned_from, gate.fast_path_rule.created_at, gate.fast_path_rule.updated_at, gate.fast_path_rule.deleted_at 
2026-10-06T15:47:33.2597201Z  	FROM gate.fast_path_rule 
2026-10-06T15:47:33.2597834Z  	WHERE gate.fast_path_rule.deleted_at IS NULL AND gate.fast_path_rule.department IS NULL ORDER BY gate.fast_path_rule.rule_id
2026-10-06T15:47:33.2598572Z  2026-10-06 15:46:30.804 UTC [12030] ERROR:  relation "obs.application_log" does not exist at character 13
2026-10-06T15:47:33.2599800Z  2026-10-06 15:46:30.804 UTC [12030] STATEMENT:  INSERT INTO obs.application_log (at, last_at, level, event, origin, repeats, fields) VALUES ($1::TIMESTAMP WITH TIME ZONE, $2::TIMESTAMP WITH TIME ZONE, $3::VARCHAR, $4::VARCHAR, $5::VARCHAR, $6::INTEGER, $7::JSONB) RETURNING obs.application_log.id
2026-10-06T15:47:33.2600924Z  2026-10-06 15:46:30.838 UTC [73] LOG:  checkpoint starting: immediate force wait
2026-10-06T15:47:33.2602085Z  2026-10-06 15:46:30.840 UTC [73] LOG:  checkpoint complete: wrote 7 buffers (0.0%), wrote 1 SLRU buffers; 0 WAL file(s) added, 0 removed, 1 recycled; write=0.001 s, sync=0.001 s, total=0.003 s; sync files=7, longest=0.001 s, average=0.001 s; distance=5168 kB, estimate=9079 kB; lsn=0/4A077CE8, redo lsn=0/4A077C90
2026-10-06T15:47:33.2603297Z  2026-10-06 15:46:31.681 UTC [12049] ERROR:  relation "ops.setting" does not exist at character 73
2026-10-06T15:47:33.2603951Z  2026-10-06 15:46:31.681 UTC [12049] STATEMENT:  SELECT ops.setting.key, ops.setting.value_type, ops.setting.value 
2026-10-06T15:47:33.2604457Z  	FROM ops.setting 
2026-10-06T15:47:33.2604823Z  	WHERE ops.setting.deleted_at IS NULL AND (ops.setting.key LIKE $1::VARCHAR || '%')
2026-10-06T15:47:33.2605502Z  2026-10-06 15:46:31.702 UTC [12050] ERROR:  relation "ops.setting" does not exist at character 121
2026-10-06T15:47:33.2606326Z  2026-10-06 15:46:31.702 UTC [12050] STATEMENT:  SELECT ops.setting.key, ops.setting.value_type, ops.setting.value, ops.setting.updated_by, ops.setting.updated_at 
2026-10-06T15:47:33.2606989Z  	FROM ops.setting 
2026-10-06T15:47:33.2607452Z  	WHERE ops.setting.deleted_at IS NULL AND (ops.setting.key LIKE $1::VARCHAR || '%' ESCAPE '/') ORDER BY ops.setting.key
2026-10-06T15:47:33.2608141Z  2026-10-06 15:46:31.737 UTC [12053] ERROR:  relation "gate.role_grant" does not exist at character 43
2026-10-06T15:47:33.2608703Z  2026-10-06 15:46:31.737 UTC [12053] STATEMENT:  SELECT gate.role_grant.principal_id 
2026-10-06T15:47:33.2609105Z  	FROM gate.role_grant 
2026-10-06T15:47:33.2609470Z  	WHERE gate.role_grant.role = $1::VARCHAR AND gate.role_grant.deleted_at IS NULL
2026-10-06T15:47:33.2610061Z  2026-10-06 15:46:31.752 UTC [12054] ERROR:  relation "ops.custom_connector" does not exist at character 71
2026-10-06T15:47:33.2610742Z  2026-10-06 15:46:31.752 UTC [12054] STATEMENT:  SELECT ops.custom_connector.name, ops.custom_connector.revision 
2026-10-06T15:47:33.2611241Z  	FROM ops.custom_connector 
2026-10-06T15:47:33.2611530Z  	WHERE ops.custom_connector.state = $1::VARCHAR
2026-10-06T15:47:33.2612022Z  2026-10-06 15:46:31.806 UTC [12055] ERROR:  relation "agent.tool_definition" does not exist at character 13
2026-10-06T15:47:33.2614870Z  2026-10-06 15:46:31.806 UTC [12055] STATEMENT:  INSERT INTO agent.tool_definition (name, source, entity, description, required_capability, side_effect, sensitive, sensitive_effect, result_contract, identity_mode) VALUES ($1::VARCHAR, $2::VARCHAR, $3::VARCHAR, $4::VARCHAR, $5::VARCHAR, $6::VARCHAR, $7, $8::VARCHAR, $9::VARCHAR, $10::VARCHAR) ON CONFLICT (name) DO UPDATE SET source = excluded.source, entity = excluded.entity, description = excluded.description, required_capability = excluded.required_capability, side_effect = excluded.side_effect, sensitive = excluded.sensitive, sensitive_effect = excluded.sensitive_effect, result_contract = excluded.result_contract, identity_mode = excluded.identity_mode, updated_at = now()
2026-10-06T15:47:33.2617697Z  2026-10-06 15:46:31.853 UTC [12057] ERROR:  relation "gate.capability_registry" does not exist at character 13
2026-10-06T15:47:33.2629286Z  2026-10-06 15:46:31.853 UTC [12057] STATEMENT:  INSERT INTO gate.capability_registry (capability, description) VALUES ($1::VARCHAR, $2::VARCHAR), ($3::VARCHAR, $4::VARCHAR), ($5::VARCHAR, $6::VARCHAR), ($7::VARCHAR, $8::VARCHAR), ($9::VARCHAR, $10::VARCHAR), ($11::VARCHAR, $12::VARCHAR), ($13::VARCHAR, $14::VARCHAR), ($15::VARCHAR, $16::VARCHAR), ($17::VARCHAR, $18::VARCHAR), ($19::VARCHAR, $20::VARCHAR), ($21::VARCHAR, $22::VARCHAR), ($23::VARCHAR, $24::VARCHAR), ($25::VARCHAR, $26::VARCHAR), ($27::VARCHAR, $28::VARCHAR), ($29::VARCHAR, $30::VARCHAR), ($31::VARCHAR, $32::VARCHAR), ($33::VARCHAR, $34::VARCHAR), ($35::VARCHAR, $36::VARCHAR), ($37::VARCHAR, $38::VARCHAR), ($39::VARCHAR, $40::VARCHAR), ($41::VARCHAR, $42::VARCHAR), ($43::VARCHAR, $44::VARCHAR), ($45::VARCHAR, $46::VARCHAR), ($47::VARCHAR, $48::VARCHAR), ($49::VARCHAR, $50::VARCHAR), ($51::VARCHAR, $52::VARCHAR), ($53::VARCHAR, $54::VARCHAR), ($55::VARCHAR, $56::VARCHAR), ($57::VARCHAR, $58::VARCHAR), ($59::VARCHAR, $60::VARCHAR), ($61::VARCHAR, $62::VARCHAR), ($63::VARCHAR, $64::VARCHAR), ($65::VARCHAR, $66::VARCHAR), ($67::VARCHAR, $68::VARCHAR), ($69::VARCHAR, $70::VARCHAR), ($71::VARCHAR, $72::VARCHAR), ($73::VARCHAR, $74::VARCHAR), ($75::VARCHAR, $76::VARCHAR), ($77::VARCHAR, $78::VARCHAR), ($79::VARCHAR, $80::VARCHAR), ($81::VARCHAR, $82::VARCHAR), ($83::VARCHAR, $84::VARCHAR), ($85::VARCHAR, $86::VARCHAR), ($87::VARCHAR, $88::VARCHAR), ($89::VARCHAR, $90::VARCHAR), ($91::VARCHAR, $92::VARCHAR), ($93::VARCHAR, $94::VARCHAR), ($95::VARCHAR, $96::VARCHAR), ($97::VARCHAR, $98::VARCHAR), ($99::VARCHAR, $100::VARCHAR), ($101::VARCHAR, $102::VARCHAR), ($103::VARCHAR, $104::VARCHAR), ($105::VARCHAR, $106::VARCHAR), ($107::VARCHAR, $108::VARCHAR), ($109::VARCHAR, $110::VARCHAR), ($111::VARCHAR, $112::VARCHAR), ($113::VARCHAR, $114::VARCHAR), ($115::VARCHAR, $116::VARCHAR), ($117::VARCHAR, $118::VARCHAR), ($119::VARCHAR, $120::VARCHAR), ($121::VARCHAR, $122::VARCHAR), ($123::VARCHAR, $124::VARCHAR), ($125::VARCHAR, $126::VARCHAR), ($127::VARCHAR, $128::VARCHAR), ($129::VARCHAR, $130::VARCHAR), ($131::VARCHAR, $132::VARCHAR), ($133::VARCHAR, $134::VARCHAR), ($135::VARCHAR, $136::VARCHAR), ($137::VARCHAR, $138::VARCHAR), ($139::VARCHAR, $140::VARCHAR), ($141::VARCHAR, $142::VARCHAR), ($143::VARCHAR, $144::VARCHAR), ($145::VARCHAR, $146::VARCHAR), ($147::VARCHAR, $148::VARCHAR), ($149::VARCHAR, $150::VARCHAR), ($151::VARCHAR, $152::VARCHAR), ($153::VARCHAR, $154::VARCHAR), ($155::VARCHAR, $156::VARCHAR), ($157::VARCHAR, $158::VARCHAR), ($159::VARCHAR, $160::VARCHAR), ($161::VARCHAR, $162::VARCHAR), ($163::VARCHAR, $164::VARCHAR), ($165::VARCHAR, $166::VARCHAR), ($167::VARCHAR, $168::VARCHAR), ($169::VARCHAR, $170::VARCHAR), ($171::VARCHAR, $172::VARCHAR), ($173::VARCHAR, $174::VARCHAR), ($175::VARCHAR, $176::VARCHAR), ($177::VARCHAR, $178::VARCHAR), ($179::VARCHAR, $180::VARCHAR), ($181::VARCHAR, $182::VARCHAR), ($183::VARCHAR, $184::VARCHAR), ($185::VARCHAR, $186::VARCHAR), ($187::VARCHAR, $188::VARCHAR), ($189::VARCHAR, $190::VARCHAR), ($191::VARCHAR, $192::VARCHAR), ($193::VARCHAR, $194::VARCHAR), ($195::VARCHAR, $196::VARCHAR), ($197::VARCHAR, $198::VARCHAR), ($199::VARCHAR, $200::VARCHAR), ($201::VARCHAR, $202::VARCHAR), ($203::VARCHAR, $204::VARCHAR), ($205::VARCHAR, $206::VARCHAR), ($207::VARCHAR, $208::VARCHAR), ($209::VARCHAR, $210::VARCHAR), ($211::VARCHAR, $212::VARCHAR), ($213::VARCHAR, $214::VARCHAR), ($215::VARCHAR, $216::VARCHAR), ($217::VARCHAR, $218::VARCHAR), ($219::VARCHAR, $220::VARCHAR), ($221::VARCHAR, $222::VARCHAR), ($223::VARCHAR, $224::VARCHAR), ($225::VARCHAR, $226::VARCHAR), ($227::VARCHAR, $228::VARCHAR), ($229::VARCHAR, $230::VARCHAR), ($231::VARCHAR, $232::VARCHAR), ($233::VARCHAR, $234::VARCHAR), ($235::VARCHAR, $236::VARCHAR), ($237::VARCHAR, $238::VARCHAR), ($239::VARCHAR, $240::VARCHAR), ($241::VARCHAR, $242::VARCHAR), ($243::VARCHAR, $244::VARCHAR), ($245::VARCHAR, $246::VARCHAR), ($247::VARCHAR, $248::VARCHAR), ($249::VARCHAR, $250::VARCHAR), ($251::VARCHAR, $252::VARCHAR), ($253::VARCHAR, $254::VARCHAR) ON CONFLICT (capability) WHERE deleted_at IS NULL DO NOTHING RETURNING gate.capability_registry.capability
2026-10-06T15:47:33.2641127Z  2026-10-06 15:46:31.864 UTC [12058] ERROR:  relation "gate.fast_path_rule" does not exist at character 415
2026-10-06T15:47:33.2643034Z  2026-10-06 15:46:31.864 UTC [12058] STATEMENT:  SELECT gate.fast_path_rule.rule_id, gate.fast_path_rule.template, gate.fast_path_rule.slot, gate.fast_path_rule.source, gate.fast_path_rule.entity, gate.fast_path_rule.match_field, gate.fast_path_rule.answer_field, gate.fast_path_rule.created_by, gate.fast_path_rule.department, gate.fast_path_rule.learned_from, gate.fast_path_rule.created_at, gate.fast_path_rule.updated_at, gate.fast_path_rule.deleted_at 
2026-10-06T15:47:33.2644636Z  	FROM gate.fast_path_rule 
2026-10-06T15:47:33.2645159Z  	WHERE gate.fast_path_rule.deleted_at IS NULL AND gate.fast_path_rule.department IS NULL ORDER BY gate.fast_path_rule.rule_id
2026-10-06T15:47:33.2646012Z  2026-10-06 15:46:32.157 UTC [12064] ERROR:  relation "obs.application_log" does not exist at character 13
2026-10-06T15:47:33.2647224Z  2026-10-06 15:46:32.157 UTC [12064] STATEMENT:  INSERT INTO obs.application_log (at, last_at, level, event, origin, repeats, fields) VALUES ($1::TIMESTAMP WITH TIME ZONE, $2::TIMESTAMP WITH TIME ZONE, $3::VARCHAR, $4::VARCHAR, $5::VARCHAR, $6::INTEGER, $7::JSONB) RETURNING obs.application_log.id
2026-10-06T15:47:33.2648417Z  2026-10-06 15:46:32.219 UTC [12069] ERROR:  relation "ops.setting" does not exist at character 73
2026-10-06T15:47:33.2649075Z  2026-10-06 15:46:32.219 UTC [12069] STATEMENT:  SELECT ops.setting.key, ops.setting.value_type, ops.setting.value 
2026-10-06T15:47:33.2649577Z  	FROM ops.setting 
2026-10-06T15:47:33.2649943Z  	WHERE ops.setting.deleted_at IS NULL AND (ops.setting.key LIKE $1::VARCHAR || '%')
2026-10-06T15:47:33.2650513Z  2026-10-06 15:46:32.238 UTC [12070] ERROR:  relation "ops.setting" does not exist at character 121
2026-10-06T15:47:33.2651345Z  2026-10-06 15:46:32.238 UTC [12070] STATEMENT:  SELECT ops.setting.key, ops.setting.value_type, ops.setting.value, ops.setting.updated_by, ops.setting.updated_at 
2026-10-06T15:47:33.2652009Z  	FROM ops.setting 
2026-10-06T15:47:33.2652468Z  	WHERE ops.setting.deleted_at IS NULL AND (ops.setting.key LIKE $1::VARCHAR || '%' ESCAPE '/') ORDER BY ops.setting.key
2026-10-06T15:47:33.2653160Z  2026-10-06 15:46:32.273 UTC [12073] ERROR:  relation "gate.role_grant" does not exist at character 43
2026-10-06T15:47:33.2653719Z  2026-10-06 15:46:32.273 UTC [12073] STATEMENT:  SELECT gate.role_grant.principal_id 
2026-10-06T15:47:33.2654128Z  	FROM gate.role_grant 
2026-10-06T15:47:33.2654487Z  	WHERE gate.role_grant.role = $1::VARCHAR AND gate.role_grant.deleted_at IS NULL
2026-10-06T15:47:33.2655069Z  2026-10-06 15:46:32.288 UTC [12074] ERROR:  relation "ops.custom_connector" does not exist at character 71
2026-10-06T15:47:33.2655854Z  2026-10-06 15:46:32.288 UTC [12074] STATEMENT:  SELECT ops.custom_connector.name, ops.custom_connector.revision 
2026-10-06T15:47:33.2656354Z  	FROM ops.custom_connector 
2026-10-06T15:47:33.2656638Z  	WHERE ops.custom_connector.state = $1::VARCHAR
2026-10-06T15:47:33.2657129Z  2026-10-06 15:46:32.342 UTC [12075] ERROR:  relation "agent.tool_definition" does not exist at character 13
2026-10-06T15:47:33.2659940Z  2026-10-06 15:46:32.342 UTC [12075] STATEMENT:  INSERT INTO agent.tool_definition (name, source, entity, description, required_capability, side_effect, sensitive, sensitive_effect, result_contract, identity_mode) VALUES ($1::VARCHAR, $2::VARCHAR, $3::VARCHAR, $4::VARCHAR, $5::VARCHAR, $6::VARCHAR, $7, $8::VARCHAR, $9::VARCHAR, $10::VARCHAR) ON CONFLICT (name) DO UPDATE SET source = excluded.source, entity = excluded.entity, description = excluded.description, required_capability = excluded.required_capability, side_effect = excluded.side_effect, sensitive = excluded.sensitive, sensitive_effect = excluded.sensitive_effect, result_contract = excluded.result_contract, identity_mode = excluded.identity_mode, updated_at = now()
2026-10-06T15:47:33.2662643Z  2026-10-06 15:46:32.390 UTC [12077] ERROR:  relation "gate.capability_registry" does not exist at character 13
2026-10-06T15:47:33.2674251Z  2026-10-06 15:46:32.390 UTC [12077] STATEMENT:  INSERT INTO gate.capability_registry (capability, description) VALUES ($1::VARCHAR, $2::VARCHAR), ($3::VARCHAR, $4::VARCHAR), ($5::VARCHAR, $6::VARCHAR), ($7::VARCHAR, $8::VARCHAR), ($9::VARCHAR, $10::VARCHAR), ($11::VARCHAR, $12::VARCHAR), ($13::VARCHAR, $14::VARCHAR), ($15::VARCHAR, $16::VARCHAR), ($17::VARCHAR, $18::VARCHAR), ($19::VARCHAR, $20::VARCHAR), ($21::VARCHAR, $22::VARCHAR), ($23::VARCHAR, $24::VARCHAR), ($25::VARCHAR, $26::VARCHAR), ($27::VARCHAR, $28::VARCHAR), ($29::VARCHAR, $30::VARCHAR), ($31::VARCHAR, $32::VARCHAR), ($33::VARCHAR, $34::VARCHAR), ($35::VARCHAR, $36::VARCHAR), ($37::VARCHAR, $38::VARCHAR), ($39::VARCHAR, $40::VARCHAR), ($41::VARCHAR, $42::VARCHAR), ($43::VARCHAR, $44::VARCHAR), ($45::VARCHAR, $46::VARCHAR), ($47::VARCHAR, $48::VARCHAR), ($49::VARCHAR, $50::VARCHAR), ($51::VARCHAR, $52::VARCHAR), ($53::VARCHAR, $54::VARCHAR), ($55::VARCHAR, $56::VARCHAR), ($57::VARCHAR, $58::VARCHAR), ($59::VARCHAR, $60::VARCHAR), ($61::VARCHAR, $62::VARCHAR), ($63::VARCHAR, $64::VARCHAR), ($65::VARCHAR, $66::VARCHAR), ($67::VARCHAR, $68::VARCHAR), ($69::VARCHAR, $70::VARCHAR), ($71::VARCHAR, $72::VARCHAR), ($73::VARCHAR, $74::VARCHAR), ($75::VARCHAR, $76::VARCHAR), ($77::VARCHAR, $78::VARCHAR), ($79::VARCHAR, $80::VARCHAR), ($81::VARCHAR, $82::VARCHAR), ($83::VARCHAR, $84::VARCHAR), ($85::VARCHAR, $86::VARCHAR), ($87::VARCHAR, $88::VARCHAR), ($89::VARCHAR, $90::VARCHAR), ($91::VARCHAR, $92::VARCHAR), ($93::VARCHAR, $94::VARCHAR), ($95::VARCHAR, $96::VARCHAR), ($97::VARCHAR, $98::VARCHAR), ($99::VARCHAR, $100::VARCHAR), ($101::VARCHAR, $102::VARCHAR), ($103::VARCHAR, $104::VARCHAR), ($105::VARCHAR, $106::VARCHAR), ($107::VARCHAR, $108::VARCHAR), ($109::VARCHAR, $110::VARCHAR), ($111::VARCHAR, $112::VARCHAR), ($113::VARCHAR, $114::VARCHAR), ($115::VARCHAR, $116::VARCHAR), ($117::VARCHAR, $118::VARCHAR), ($119::VARCHAR, $120::VARCHAR), ($121::VARCHAR, $122::VARCHAR), ($123::VARCHAR, $124::VARCHAR), ($125::VARCHAR, $126::VARCHAR), ($127::VARCHAR, $128::VARCHAR), ($129::VARCHAR, $130::VARCHAR), ($131::VARCHAR, $132::VARCHAR), ($133::VARCHAR, $134::VARCHAR), ($135::VARCHAR, $136::VARCHAR), ($137::VARCHAR, $138::VARCHAR), ($139::VARCHAR, $140::VARCHAR), ($141::VARCHAR, $142::VARCHAR), ($143::VARCHAR, $144::VARCHAR), ($145::VARCHAR, $146::VARCHAR), ($147::VARCHAR, $148::VARCHAR), ($149::VARCHAR, $150::VARCHAR), ($151::VARCHAR, $152::VARCHAR), ($153::VARCHAR, $154::VARCHAR), ($155::VARCHAR, $156::VARCHAR), ($157::VARCHAR, $158::VARCHAR), ($159::VARCHAR, $160::VARCHAR), ($161::VARCHAR, $162::VARCHAR), ($163::VARCHAR, $164::VARCHAR), ($165::VARCHAR, $166::VARCHAR), ($167::VARCHAR, $168::VARCHAR), ($169::VARCHAR, $170::VARCHAR), ($171::VARCHAR, $172::VARCHAR), ($173::VARCHAR, $174::VARCHAR), ($175::VARCHAR, $176::VARCHAR), ($177::VARCHAR, $178::VARCHAR), ($179::VARCHAR, $180::VARCHAR), ($181::VARCHAR, $182::VARCHAR), ($183::VARCHAR, $184::VARCHAR), ($185::VARCHAR, $186::VARCHAR), ($187::VARCHAR, $188::VARCHAR), ($189::VARCHAR, $190::VARCHAR), ($191::VARCHAR, $192::VARCHAR), ($193::VARCHAR, $194::VARCHAR), ($195::VARCHAR, $196::VARCHAR), ($197::VARCHAR, $198::VARCHAR), ($199::VARCHAR, $200::VARCHAR), ($201::VARCHAR, $202::VARCHAR), ($203::VARCHAR, $204::VARCHAR), ($205::VARCHAR, $206::VARCHAR), ($207::VARCHAR, $208::VARCHAR), ($209::VARCHAR, $210::VARCHAR), ($211::VARCHAR, $212::VARCHAR), ($213::VARCHAR, $214::VARCHAR), ($215::VARCHAR, $216::VARCHAR), ($217::VARCHAR, $218::VARCHAR), ($219::VARCHAR, $220::VARCHAR), ($221::VARCHAR, $222::VARCHAR), ($223::VARCHAR, $224::VARCHAR), ($225::VARCHAR, $226::VARCHAR), ($227::VARCHAR, $228::VARCHAR), ($229::VARCHAR, $230::VARCHAR), ($231::VARCHAR, $232::VARCHAR), ($233::VARCHAR, $234::VARCHAR), ($235::VARCHAR, $236::VARCHAR), ($237::VARCHAR, $238::VARCHAR), ($239::VARCHAR, $240::VARCHAR), ($241::VARCHAR, $242::VARCHAR), ($243::VARCHAR, $244::VARCHAR), ($245::VARCHAR, $246::VARCHAR), ($247::VARCHAR, $248::VARCHAR), ($249::VARCHAR, $250::VARCHAR), ($251::VARCHAR, $252::VARCHAR), ($253::VARCHAR, $254::VARCHAR) ON CONFLICT (capability) WHERE deleted_at IS NULL DO NOTHING RETURNING gate.capability_registry.capability
2026-10-06T15:47:33.2686102Z  2026-10-06 15:46:32.402 UTC [12078] ERROR:  relation "gate.fast_path_rule" does not exist at character 415
2026-10-06T15:47:33.2687898Z  2026-10-06 15:46:32.402 UTC [12078] STATEMENT:  SELECT gate.fast_path_rule.rule_id, gate.fast_path_rule.template, gate.fast_path_rule.slot, gate.fast_path_rule.source, gate.fast_path_rule.entity, gate.fast_path_rule.match_field, gate.fast_path_rule.answer_field, gate.fast_path_rule.created_by, gate.fast_path_rule.department, gate.fast_path_rule.learned_from, gate.fast_path_rule.created_at, gate.fast_path_rule.updated_at, gate.fast_path_rule.deleted_at 
2026-10-06T15:47:33.2689496Z  	FROM gate.fast_path_rule 
2026-10-06T15:47:33.2690021Z  	WHERE gate.fast_path_rule.deleted_at IS NULL AND gate.fast_path_rule.department IS NULL ORDER BY gate.fast_path_rule.rule_id
2026-10-06T15:47:33.2690759Z  2026-10-06 15:46:32.654 UTC [12081] ERROR:  relation "obs.application_log" does not exist at character 13
2026-10-06T15:47:33.2691974Z  2026-10-06 15:46:32.654 UTC [12081] STATEMENT:  INSERT INTO obs.application_log (at, last_at, level, event, origin, repeats, fields) VALUES ($1::TIMESTAMP WITH TIME ZONE, $2::TIMESTAMP WITH TIME ZONE, $3::VARCHAR, $4::VARCHAR, $5::VARCHAR, $6::INTEGER, $7::JSONB) RETURNING obs.application_log.id
2026-10-06T15:47:33.2693117Z  2026-10-06 15:46:32.664 UTC [73] LOG:  checkpoint starting: immediate force wait
2026-10-06T15:47:33.2694277Z  2026-10-06 15:46:32.666 UTC [73] LOG:  checkpoint complete: wrote 6 buffers (0.0%), wrote 1 SLRU buffers; 0 WAL file(s) added, 0 removed, 0 recycled; write=0.001 s, sync=0.001 s, total=0.003 s; sync files=7, longest=0.001 s, average=0.001 s; distance=5165 kB, estimate=8688 kB; lsn=0/4A5834B0, redo lsn=0/4A583458
2026-10-06T15:47:33.2695588Z  2026-10-06 15:46:33.469 UTC [12096] ERROR:  relation "ops.setting" does not exist at character 73
2026-10-06T15:47:33.2696249Z  2026-10-06 15:46:33.469 UTC [12096] STATEMENT:  SELECT ops.setting.key, ops.setting.value_type, ops.setting.value 
2026-10-06T15:47:33.2696758Z  	FROM ops.setting 
2026-10-06T15:47:33.2697112Z  	WHERE ops.setting.deleted_at IS NULL AND (ops.setting.key LIKE $1::VARCHAR || '%')
2026-10-06T15:47:33.2697684Z  2026-10-06 15:46:33.490 UTC [12098] ERROR:  relation "ops.setting" does not exist at character 121
2026-10-06T15:47:33.2698503Z  2026-10-06 15:46:33.490 UTC [12098] STATEMENT:  SELECT ops.setting.key, ops.setting.value_type, ops.setting.value, ops.setting.updated_by, ops.setting.updated_at 
2026-10-06T15:47:33.2699167Z  	FROM ops.setting 
2026-10-06T15:47:33.2699635Z  	WHERE ops.setting.deleted_at IS NULL AND (ops.setting.key LIKE $1::VARCHAR || '%' ESCAPE '/') ORDER BY ops.setting.key
2026-10-06T15:47:33.2700320Z  2026-10-06 15:46:33.521 UTC [12100] ERROR:  relation "gate.role_grant" does not exist at character 43
2026-10-06T15:47:33.2700885Z  2026-10-06 15:46:33.521 UTC [12100] STATEMENT:  SELECT gate.role_grant.principal_id 
2026-10-06T15:47:33.2701290Z  	FROM gate.role_grant 
2026-10-06T15:47:33.2701648Z  	WHERE gate.role_grant.role = $1::VARCHAR AND gate.role_grant.deleted_at IS NULL
2026-10-06T15:47:33.2702238Z  2026-10-06 15:46:33.537 UTC [12101] ERROR:  relation "ops.custom_connector" does not exist at character 71
2026-10-06T15:47:33.2703046Z  2026-10-06 15:46:33.537 UTC [12101] STATEMENT:  SELECT ops.custom_connector.name, ops.custom_connector.revision 
2026-10-06T15:47:33.2703560Z  	FROM ops.custom_connector 
2026-10-06T15:47:33.2703851Z  	WHERE ops.custom_connector.state = $1::VARCHAR
2026-10-06T15:47:33.2704338Z  2026-10-06 15:46:33.590 UTC [12102] ERROR:  relation "agent.tool_definition" does not exist at character 13
2026-10-06T15:47:33.2707128Z  2026-10-06 15:46:33.590 UTC [12102] STATEMENT:  INSERT INTO agent.tool_definition (name, source, entity, description, required_capability, side_effect, sensitive, sensitive_effect, result_contract, identity_mode) VALUES ($1::VARCHAR, $2::VARCHAR, $3::VARCHAR, $4::VARCHAR, $5::VARCHAR, $6::VARCHAR, $7, $8::VARCHAR, $9::VARCHAR, $10::VARCHAR) ON CONFLICT (name) DO UPDATE SET source = excluded.source, entity = excluded.entity, description = excluded.description, required_capability = excluded.required_capability, side_effect = excluded.side_effect, sensitive = excluded.sensitive, sensitive_effect = excluded.sensitive_effect, result_contract = excluded.result_contract, identity_mode = excluded.identity_mode, updated_at = now()
2026-10-06T15:47:33.2709951Z  2026-10-06 15:46:33.635 UTC [12104] ERROR:  relation "gate.capability_registry" does not exist at character 13
2026-10-06T15:47:33.2721868Z  2026-10-06 15:46:33.635 UTC [12104] STATEMENT:  INSERT INTO gate.capability_registry (capability, description) VALUES ($1::VARCHAR, $2::VARCHAR), ($3::VARCHAR, $4::VARCHAR), ($5::VARCHAR, $6::VARCHAR), ($7::VARCHAR, $8::VARCHAR), ($9::VARCHAR, $10::VARCHAR), ($11::VARCHAR, $12::VARCHAR), ($13::VARCHAR, $14::VARCHAR), ($15::VARCHAR, $16::VARCHAR), ($17::VARCHAR, $18::VARCHAR), ($19::VARCHAR, $20::VARCHAR), ($21::VARCHAR, $22::VARCHAR), ($23::VARCHAR, $24::VARCHAR), ($25::VARCHAR, $26::VARCHAR), ($27::VARCHAR, $28::VARCHAR), ($29::VARCHAR, $30::VARCHAR), ($31::VARCHAR, $32::VARCHAR), ($33::VARCHAR, $34::VARCHAR), ($35::VARCHAR, $36::VARCHAR), ($37::VARCHAR, $38::VARCHAR), ($39::VARCHAR, $40::VARCHAR), ($41::VARCHAR, $42::VARCHAR), ($43::VARCHAR, $44::VARCHAR), ($45::VARCHAR, $46::VARCHAR), ($47::VARCHAR, $48::VARCHAR), ($49::VARCHAR, $50::VARCHAR), ($51::VARCHAR, $52::VARCHAR), ($53::VARCHAR, $54::VARCHAR), ($55::VARCHAR, $56::VARCHAR), ($57::VARCHAR, $58::VARCHAR), ($59::VARCHAR, $60::VARCHAR), ($61::VARCHAR, $62::VARCHAR), ($63::VARCHAR, $64::VARCHAR), ($65::VARCHAR, $66::VARCHAR), ($67::VARCHAR, $68::VARCHAR), ($69::VARCHAR, $70::VARCHAR), ($71::VARCHAR, $72::VARCHAR), ($73::VARCHAR, $74::VARCHAR), ($75::VARCHAR, $76::VARCHAR), ($77::VARCHAR, $78::VARCHAR), ($79::VARCHAR, $80::VARCHAR), ($81::VARCHAR, $82::VARCHAR), ($83::VARCHAR, $84::VARCHAR), ($85::VARCHAR, $86::VARCHAR), ($87::VARCHAR, $88::VARCHAR), ($89::VARCHAR, $90::VARCHAR), ($91::VARCHAR, $92::VARCHAR), ($93::VARCHAR, $94::VARCHAR), ($95::VARCHAR, $96::VARCHAR), ($97::VARCHAR, $98::VARCHAR), ($99::VARCHAR, $100::VARCHAR), ($101::VARCHAR, $102::VARCHAR), ($103::VARCHAR, $104::VARCHAR), ($105::VARCHAR, $106::VARCHAR), ($107::VARCHAR, $108::VARCHAR), ($109::VARCHAR, $110::VARCHAR), ($111::VARCHAR, $112::VARCHAR), ($113::VARCHAR, $114::VARCHAR), ($115::VARCHAR, $116::VARCHAR), ($117::VARCHAR, $118::VARCHAR), ($119::VARCHAR, $120::VARCHAR), ($121::VARCHAR, $122::VARCHAR), ($123::VARCHAR, $124::VARCHAR), ($125::VARCHAR, $126::VARCHAR), ($127::VARCHAR, $128::VARCHAR), ($129::VARCHAR, $130::VARCHAR), ($131::VARCHAR, $132::VARCHAR), ($133::VARCHAR, $134::VARCHAR), ($135::VARCHAR, $136::VARCHAR), ($137::VARCHAR, $138::VARCHAR), ($139::VARCHAR, $140::VARCHAR), ($141::VARCHAR, $142::VARCHAR), ($143::VARCHAR, $144::VARCHAR), ($145::VARCHAR, $146::VARCHAR), ($147::VARCHAR, $148::VARCHAR), ($149::VARCHAR, $150::VARCHAR), ($151::VARCHAR, $152::VARCHAR), ($153::VARCHAR, $154::VARCHAR), ($155::VARCHAR, $156::VARCHAR), ($157::VARCHAR, $158::VARCHAR), ($159::VARCHAR, $160::VARCHAR), ($161::VARCHAR, $162::VARCHAR), ($163::VARCHAR, $164::VARCHAR), ($165::VARCHAR, $166::VARCHAR), ($167::VARCHAR, $168::VARCHAR), ($169::VARCHAR, $170::VARCHAR), ($171::VARCHAR, $172::VARCHAR), ($173::VARCHAR, $174::VARCHAR), ($175::VARCHAR, $176::VARCHAR), ($177::VARCHAR, $178::VARCHAR), ($179::VARCHAR, $180::VARCHAR), ($181::VARCHAR, $182::VARCHAR), ($183::VARCHAR, $184::VARCHAR), ($185::VARCHAR, $186::VARCHAR), ($187::VARCHAR, $188::VARCHAR), ($189::VARCHAR, $190::VARCHAR), ($191::VARCHAR, $192::VARCHAR), ($193::VARCHAR, $194::VARCHAR), ($195::VARCHAR, $196::VARCHAR), ($197::VARCHAR, $198::VARCHAR), ($199::VARCHAR, $200::VARCHAR), ($201::VARCHAR, $202::VARCHAR), ($203::VARCHAR, $204::VARCHAR), ($205::VARCHAR, $206::VARCHAR), ($207::VARCHAR, $208::VARCHAR), ($209::VARCHAR, $210::VARCHAR), ($211::VARCHAR, $212::VARCHAR), ($213::VARCHAR, $214::VARCHAR), ($215::VARCHAR, $216::VARCHAR), ($217::VARCHAR, $218::VARCHAR), ($219::VARCHAR, $220::VARCHAR), ($221::VARCHAR, $222::VARCHAR), ($223::VARCHAR, $224::VARCHAR), ($225::VARCHAR, $226::VARCHAR), ($227::VARCHAR, $228::VARCHAR), ($229::VARCHAR, $230::VARCHAR), ($231::VARCHAR, $232::VARCHAR), ($233::VARCHAR, $234::VARCHAR), ($235::VARCHAR, $236::VARCHAR), ($237::VARCHAR, $238::VARCHAR), ($239::VARCHAR, $240::VARCHAR), ($241::VARCHAR, $242::VARCHAR), ($243::VARCHAR, $244::VARCHAR), ($245::VARCHAR, $246::VARCHAR), ($247::VARCHAR, $248::VARCHAR), ($249::VARCHAR, $250::VARCHAR), ($251::VARCHAR, $252::VARCHAR), ($253::VARCHAR, $254::VARCHAR) ON CONFLICT (capability) WHERE deleted_at IS NULL DO NOTHING RETURNING gate.capability_registry.capability
2026-10-06T15:47:33.2733826Z  2026-10-06 15:46:33.646 UTC [12105] ERROR:  relation "gate.fast_path_rule" does not exist at character 415
2026-10-06T15:47:33.2735741Z  2026-10-06 15:46:33.646 UTC [12105] STATEMENT:  SELECT gate.fast_path_rule.rule_id, gate.fast_path_rule.template, gate.fast_path_rule.slot, gate.fast_path_rule.source, gate.fast_path_rule.entity, gate.fast_path_rule.match_field, gate.fast_path_rule.answer_field, gate.fast_path_rule.created_by, gate.fast_path_rule.department, gate.fast_path_rule.learned_from, gate.fast_path_rule.created_at, gate.fast_path_rule.updated_at, gate.fast_path_rule.deleted_at 
2026-10-06T15:47:33.2737362Z  	FROM gate.fast_path_rule 
2026-10-06T15:47:33.2737886Z  	WHERE gate.fast_path_rule.deleted_at IS NULL AND gate.fast_path_rule.department IS NULL ORDER BY gate.fast_path_rule.rule_id
2026-10-06T15:47:33.2738518Z  2026-10-06 15:46:33.794 UTC [12114] FATAL:  role "root" does not exist
2026-10-06T15:47:33.2739061Z  2026-10-06 15:46:33.933 UTC [12118] ERROR:  relation "obs.application_log" does not exist at character 13
2026-10-06T15:47:33.2740276Z  2026-10-06 15:46:33.933 UTC [12118] STATEMENT:  INSERT INTO obs.application_log (at, last_at, level, event, origin, repeats, fields) VALUES ($1::TIMESTAMP WITH TIME ZONE, $2::TIMESTAMP WITH TIME ZONE, $3::VARCHAR, $4::VARCHAR, $5::VARCHAR, $6::INTEGER, $7::JSONB) RETURNING obs.application_log.id
2026-10-06T15:47:33.2741432Z  2026-10-06 15:46:33.942 UTC [73] LOG:  checkpoint starting: immediate force wait
2026-10-06T15:47:33.2742612Z  2026-10-06 15:46:33.945 UTC [73] LOG:  checkpoint complete: wrote 6 buffers (0.0%), wrote 1 SLRU buffers; 0 WAL file(s) added, 0 removed, 0 recycled; write=0.001 s, sync=0.001 s, total=0.003 s; sync files=7, longest=0.001 s, average=0.001 s; distance=5163 kB, estimate=8335 kB; lsn=0/4AA8E158, redo lsn=0/4AA8E100
2026-10-06T15:47:33.2743763Z  2026-10-06 15:46:34.801 UTC [73] LOG:  checkpoint starting: immediate force wait
2026-10-06T15:47:33.2744908Z  2026-10-06 15:46:34.803 UTC [73] LOG:  checkpoint complete: wrote 7 buffers (0.0%), wrote 1 SLRU buffers; 0 WAL file(s) added, 0 removed, 0 recycled; write=0.001 s, sync=0.001 s, total=0.003 s; sync files=7, longest=0.001 s, average=0.001 s; distance=5174 kB, estimate=8019 kB; lsn=0/4AF9BC60, redo lsn=0/4AF9BC08
2026-10-06T15:47:33.2746164Z  2026-10-06 15:46:35.851 UTC [73] LOG:  checkpoint starting: immediate force wait
2026-10-06T15:47:33.2747312Z  2026-10-06 15:46:35.854 UTC [73] LOG:  checkpoint complete: wrote 9 buffers (0.1%), wrote 1 SLRU buffers; 0 WAL file(s) added, 0 removed, 1 recycled; write=0.001 s, sync=0.001 s, total=0.003 s; sync files=8, longest=0.001 s, average=0.001 s; distance=5182 kB, estimate=7736 kB; lsn=0/4B4AB6E8, redo lsn=0/4B4AB690
2026-10-06T15:47:33.2748593Z  2026-10-06 15:46:37.199 UTC [73] LOG:  checkpoint starting: immediate force wait
2026-10-06T15:47:33.2749743Z  2026-10-06 15:46:37.201 UTC [73] LOG:  checkpoint complete: wrote 7 buffers (0.0%), wrote 1 SLRU buffers; 0 WAL file(s) added, 0 removed, 0 recycled; write=0.001 s, sync=0.001 s, total=0.003 s; sync files=7, longest=0.001 s, average=0.001 s; distance=5168 kB, estimate=7479 kB; lsn=0/4B9B7AD8, redo lsn=0/4B9B7A80
2026-10-06T15:47:33.2750996Z  2026-10-06 15:46:38.005 UTC [12186] ERROR:  new row violates row-level security policy for table "suspension"
2026-10-06T15:47:33.2752425Z  2026-10-06 15:46:38.005 UTC [12186] STATEMENT:  UPDATE gate.suspension SET state=$1::VARCHAR, decided_by=$2::VARCHAR, decided_at=$3::TIMESTAMP WITH TIME ZONE, verdict=$4::VARCHAR, reason_code=$5::VARCHAR, updated_at=now() WHERE gate.suspension.id = $6::VARCHAR AND gate.suspension.state = $7::VARCHAR AND gate.suspension.action_digest = $8::VARCHAR
2026-10-06T15:47:33.2753960Z  2026-10-06 15:46:38.042 UTC [12188] ERROR:  new row violates row-level security policy for table "suspension"
2026-10-06T15:47:33.2755484Z  2026-10-06 15:46:38.042 UTC [12188] STATEMENT:  UPDATE gate.suspension SET state=$1::VARCHAR, decided_by=$2::VARCHAR, decided_at=$3::TIMESTAMP WITH TIME ZONE, verdict=$4::VARCHAR, reason_code=$5::VARCHAR, updated_at=now() WHERE gate.suspension.id = $6::VARCHAR AND gate.suspension.state = $7::VARCHAR AND gate.suspension.action_digest = $8::VARCHAR
2026-10-06T15:47:33.2756799Z  2026-10-06 15:46:38.163 UTC [73] LOG:  checkpoint starting: immediate force wait
2026-10-06T15:47:33.2757947Z  2026-10-06 15:46:38.165 UTC [73] LOG:  checkpoint complete: wrote 6 buffers (0.0%), wrote 1 SLRU buffers; 0 WAL file(s) added, 0 removed, 0 recycled; write=0.001 s, sync=0.001 s, total=0.003 s; sync files=7, longest=0.001 s, average=0.001 s; distance=5170 kB, estimate=7248 kB; lsn=0/4BEC46A0, redo lsn=0/4BEC4648
2026-10-06T15:47:33.2759080Z  2026-10-06 15:46:38.862 UTC [12215] FATAL:  role "root" does not exist
2026-10-06T15:47:33.2759804Z  2026-10-06 15:46:38.955 UTC [12217] ERROR:  new row for relation "suspension" violates check constraint "ck_suspension_every_verdict_but_an_approval_says_why"
2026-10-06T15:47:33.2761539Z  2026-10-06 15:46:38.955 UTC [12217] DETAIL:  Failing row contains (a, trace_test, u_asker, agent_test, write:ticket.status, {}, 3a048d47b8e51d7af2ad775c7286c446, shown, 0b627f48cf8aeaafc9b8412ad60c018efa9aff73ae30018963e24720dcf0b7f6, 2999-06-01 09:00:00+00, 2999-06-01 13:00:00+00, rejected, u_narrow, 2999-06-01 09:00:00+00, 2026-10-06 15:46:38.954506+00, 2026-10-06 15:46:38.954506+00, rejected, null).
2026-10-06T15:47:33.2763952Z  2026-10-06 15:46:38.955 UTC [12217] STATEMENT:  INSERT INTO gate.suspension (id, trace_id, principal_id, agent_id, required_capability, action, ent_hash, artefact, action_digest, raised_at, expires_at, state, decided_by, decided_at, verdict, reason_code) VALUES ($1, 'trace_test', 'u_asker', 'agent_test', 'write:ticket.status', '{}'::jsonb, $2, 'shown', $3, $4, $5, $6, $7, $8, $9, $10)
2026-10-06T15:47:33.2765756Z  2026-10-06 15:46:38.963 UTC [12218] ERROR:  new row for relation "suspension" violates check constraint "ck_suspension_every_verdict_but_an_approval_says_why"
2026-10-06T15:47:33.2767488Z  2026-10-06 15:46:38.963 UTC [12218] DETAIL:  Failing row contains (b, trace_test, u_asker, agent_test, write:ticket.status, {}, 3a048d47b8e51d7af2ad775c7286c446, shown, 0b627f48cf8aeaafc9b8412ad60c018efa9aff73ae30018963e24720dcf0b7f6, 2999-06-01 09:00:00+00, 2999-06-01 13:00:00+00, approved, u_narrow, 2999-06-01 09:00:00+00, 2026-10-06 15:46:38.96261+00, 2026-10-06 15:46:38.96261+00, approved, wrong_target).
2026-10-06T15:47:33.2770024Z  2026-10-06 15:46:38.963 UTC [12218] STATEMENT:  INSERT INTO gate.suspension (id, trace_id, principal_id, agent_id, required_capability, action, ent_hash, artefact, action_digest, raised_at, expires_at, state, decided_by, decided_at, verdict, reason_code) VALUES ($1, 'trace_test', 'u_asker', 'agent_test', 'write:ticket.status', '{}'::jsonb, $2, 'shown', $3, $4, $5, $6, $7, $8, $9, $10)
2026-10-06T15:47:33.2771717Z  2026-10-06 15:46:38.971 UTC [12219] ERROR:  new row for relation "suspension" violates check constraint "ck_suspension_reason_code_grammar"
2026-10-06T15:47:33.2773402Z  2026-10-06 15:46:38.971 UTC [12219] DETAIL:  Failing row contains (c, trace_test, u_asker, agent_test, write:ticket.status, {}, 3a048d47b8e51d7af2ad775c7286c446, shown, 0b627f48cf8aeaafc9b8412ad60c018efa9aff73ae30018963e24720dcf0b7f6, 2999-06-01 09:00:00+00, 2999-06-01 13:00:00+00, rejected, u_narrow, 2999-06-01 09:00:00+00, 2026-10-06 15:46:38.970012+00, 2026-10-06 15:46:38.970012+00, rejected, because I said so).
2026-10-06T15:47:33.2776059Z  2026-10-06 15:46:38.971 UTC [12219] STATEMENT:  INSERT INTO gate.suspension (id, trace_id, principal_id, agent_id, required_capability, action, ent_hash, artefact, action_digest, raised_at, expires_at, state, decided_by, decided_at, verdict, reason_code) VALUES ($1, 'trace_test', 'u_asker', 'agent_test', 'write:ticket.status', '{}'::jsonb, $2, 'shown', $3, $4, $5, $6, $7, $8, $9, $10)
2026-10-06T15:47:33.2777645Z  2026-10-06 15:46:38.978 UTC [12220] ERROR:  new row for relation "suspension" violates check constraint "ck_suspension_verdict"
2026-10-06T15:47:33.2779266Z  2026-10-06 15:46:38.978 UTC [12220] DETAIL:  Failing row contains (d, trace_test, u_asker, agent_test, write:ticket.status, {}, 3a048d47b8e51d7af2ad775c7286c446, shown, 0b627f48cf8aeaafc9b8412ad60c018efa9aff73ae30018963e24720dcf0b7f6, 2999-06-01 09:00:00+00, 2999-06-01 13:00:00+00, rejected, u_narrow, 2999-06-01 09:00:00+00, 2026-10-06 15:46:38.977568+00, 2026-10-06 15:46:38.977568+00, amended, wrong_target).
2026-10-06T15:47:33.2781678Z  2026-10-06 15:46:38.978 UTC [12220] STATEMENT:  INSERT INTO gate.suspension (id, trace_id, principal_id, agent_id, required_capability, action, ent_hash, artefact, action_digest, raised_at, expires_at, state, decided_by, decided_at, verdict, reason_code) VALUES ($1, 'trace_test', 'u_asker', 'agent_test', 'write:ticket.status', '{}'::jsonb, $2, 'shown', $3, $4, $5, $6, $7, $8, $9, $10)
2026-10-06T15:47:33.2783378Z  2026-10-06 15:46:38.985 UTC [12221] ERROR:  new row for relation "suspension" violates check constraint "ck_suspension_a_verdict_agrees_with_the_state_resume_reads"
2026-10-06T15:47:33.2785106Z  2026-10-06 15:46:38.985 UTC [12221] DETAIL:  Failing row contains (e, trace_test, u_asker, agent_test, write:ticket.status, {}, 3a048d47b8e51d7af2ad775c7286c446, shown, 0b627f48cf8aeaafc9b8412ad60c018efa9aff73ae30018963e24720dcf0b7f6, 2999-06-01 09:00:00+00, 2999-06-01 13:00:00+00, rejected, u_narrow, 2999-06-01 09:00:00+00, 2026-10-06 15:46:38.984925+00, 2026-10-06 15:46:38.984925+00, approved, null).
2026-10-06T15:47:33.2787615Z  2026-10-06 15:46:38.985 UTC [12221] STATEMENT:  INSERT INTO gate.suspension (id, trace_id, principal_id, agent_id, required_capability, action, ent_hash, artefact, action_digest, raised_at, expires_at, state, decided_by, decided_at, verdict, reason_code) VALUES ($1, 'trace_test', 'u_asker', 'agent_test', 'write:ticket.status', '{}'::jsonb, $2, 'shown', $3, $4, $5, $6, $7, $8, $9, $10)
2026-10-06T15:47:33.2789312Z  2026-10-06 15:46:38.993 UTC [12222] ERROR:  new row for relation "suspension" violates check constraint "ck_suspension_a_verdict_agrees_with_the_state_resume_reads"
2026-10-06T15:47:33.2791058Z  2026-10-06 15:46:38.993 UTC [12222] DETAIL:  Failing row contains (f, trace_test, u_asker, agent_test, write:ticket.status, {}, 3a048d47b8e51d7af2ad775c7286c446, shown, 0b627f48cf8aeaafc9b8412ad60c018efa9aff73ae30018963e24720dcf0b7f6, 2999-06-01 09:00:00+00, 2999-06-01 13:00:00+00, approved, u_narrow, 2999-06-01 09:00:00+00, 2026-10-06 15:46:38.992411+00, 2026-10-06 15:46:38.992411+00, rejected, wrong_target).
2026-10-06T15:47:33.2793615Z  2026-10-06 15:46:38.993 UTC [12222] STATEMENT:  INSERT INTO gate.suspension (id, trace_id, principal_id, agent_id, required_capability, action, ent_hash, artefact, action_digest, raised_at, expires_at, state, decided_by, decided_at, verdict, reason_code) VALUES ($1, 'trace_test', 'u_asker', 'agent_test', 'write:ticket.status', '{}'::jsonb, $2, 'shown', $3, $4, $5, $6, $7, $8, $9, $10)
2026-10-06T15:47:33.2795405Z  2026-10-06 15:46:39.000 UTC [12223] ERROR:  new row for relation "suspension" violates check constraint "ck_suspension_a_decided_suspension_names_its_verdict"
2026-10-06T15:47:33.2797060Z  2026-10-06 15:46:39.000 UTC [12223] DETAIL:  Failing row contains (g, trace_test, u_asker, agent_test, write:ticket.status, {}, 3a048d47b8e51d7af2ad775c7286c446, shown, 0b627f48cf8aeaafc9b8412ad60c018efa9aff73ae30018963e24720dcf0b7f6, 2999-06-01 09:00:00+00, 2999-06-01 13:00:00+00, pending, null, null, 2026-10-06 15:46:38.999606+00, 2026-10-06 15:46:38.999606+00, approved, null).
2026-10-06T15:47:33.2799518Z  2026-10-06 15:46:39.000 UTC [12223] STATEMENT:  INSERT INTO gate.suspension (id, trace_id, principal_id, agent_id, required_capability, action, ent_hash, artefact, action_digest, raised_at, expires_at, state, decided_by, decided_at, verdict, reason_code) VALUES ($1, 'trace_test', 'u_asker', 'agent_test', 'write:ticket.status', '{}'::jsonb, $2, 'shown', $3, $4, $5, $6, $7, $8, $9, $10)
2026-10-06T15:47:33.2801196Z  2026-10-06 15:46:39.007 UTC [12224] ERROR:  new row for relation "suspension" violates check constraint "ck_suspension_a_decided_suspension_names_its_verdict"
2026-10-06T15:47:33.2802890Z  2026-10-06 15:46:39.007 UTC [12224] DETAIL:  Failing row contains (h, trace_test, u_asker, agent_test, write:ticket.status, {}, 3a048d47b8e51d7af2ad775c7286c446, shown, 0b627f48cf8aeaafc9b8412ad60c018efa9aff73ae30018963e24720dcf0b7f6, 2999-06-01 09:00:00+00, 2999-06-01 13:00:00+00, approved, u_narrow, 2999-06-01 09:00:00+00, 2026-10-06 15:46:39.006704+00, 2026-10-06 15:46:39.006704+00, null, null).
2026-10-06T15:47:33.2805271Z  2026-10-06 15:46:39.007 UTC [12224] STATEMENT:  INSERT INTO gate.suspension (id, trace_id, principal_id, agent_id, required_capability, action, ent_hash, artefact, action_digest, raised_at, expires_at, state, decided_by, decided_at, verdict, reason_code) VALUES ($1, 'trace_test', 'u_asker', 'agent_test', 'write:ticket.status', '{}'::jsonb, $2, 'shown', $3, $4, $5, $6, $7, $8, $9, $10)
2026-10-06T15:47:33.2806795Z  2026-10-06 15:46:39.066 UTC [73] LOG:  checkpoint starting: immediate force wait
2026-10-06T15:47:33.2808192Z  2026-10-06 15:46:39.069 UTC [73] LOG:  checkpoint complete: wrote 25 buffers (0.2%), wrote 1 SLRU buffers; 0 WAL file(s) added, 0 removed, 1 recycled; write=0.001 s, sync=0.001 s, total=0.003 s; sync files=11, longest=0.001 s, average=0.001 s; distance=5273 kB, estimate=7051 kB; lsn=0/4C3EAC30, redo lsn=0/4C3EABD8
2026-10-06T15:47:33.2809379Z  2026-10-06 15:46:39.879 UTC [12244] ERROR:  permission denied for table suspension
2026-10-06T15:47:33.2809925Z  2026-10-06 15:46:39.879 UTC [12244] STATEMENT:  UPDATE gate.suspension SET action = '{}'::jsonb
2026-10-06T15:47:33.2818013Z  2026-10-06 15:46:39.929 UTC [73] LOG:  checkpoint starting: immediate force wait
2026-10-06T15:47:33.2819326Z  2026-10-06 15:46:39.932 UTC [73] LOG:  checkpoint complete: wrote 11 buffers (0.1%), wrote 1 SLRU buffers; 0 WAL file(s) added, 0 removed, 0 recycled; write=0.001 s, sync=0.001 s, total=0.003 s; sync files=8, longest=0.001 s, average=0.001 s; distance=5181 kB, estimate=6864 kB; lsn=0/4C8FA188, redo lsn=0/4C8FA130
2026-10-06T15:47:33.2820503Z  2026-10-06 15:46:40.825 UTC [73] LOG:  checkpoint starting: immediate force wait
2026-10-06T15:47:33.2821654Z  2026-10-06 15:46:40.828 UTC [73] LOG:  checkpoint complete: wrote 9 buffers (0.1%), wrote 1 SLRU buffers; 0 WAL file(s) added, 0 removed, 0 recycled; write=0.001 s, sync=0.001 s, total=0.003 s; sync files=7, longest=0.001 s, average=0.001 s; distance=5167 kB, estimate=6694 kB; lsn=0/4CE05E40, redo lsn=0/4CE05DE8
2026-10-06T15:47:33.2822794Z  2026-10-06 15:46:41.779 UTC [73] LOG:  checkpoint starting: immediate force wait
2026-10-06T15:47:33.2824113Z  2026-10-06 15:46:41.782 UTC [73] LOG:  checkpoint complete: wrote 12 buffers (0.1%), wrote 1 SLRU buffers; 0 WAL file(s) added, 0 removed, 1 recycled; write=0.001 s, sync=0.001 s, total=0.003 s; sync files=8, longest=0.001 s, average=0.001 s; distance=5191 kB, estimate=6544 kB; lsn=0/4D317CF0, redo lsn=0/4D317C98
2026-10-06T15:47:33.2825694Z  2026-10-06 15:46:42.003 UTC [12290] ERROR:  new row for relation "suspension" violates check constraint "ck_suspension_only_a_decided_suspension_names_its_decider"
2026-10-06T15:47:33.2827337Z  2026-10-06 15:46:42.003 UTC [12290] DETAIL:  Failing row contains (a, trace_test, u_asker, agent_test, write:ticket.status, {}, 3a048d47b8e51d7af2ad775c7286c446, shown, 0b627f48cf8aeaafc9b8412ad60c018efa9aff73ae30018963e24720dcf0b7f6, 2999-06-01 09:00:00+00, 2999-06-01 13:00:00+00, approved, null, null, 2026-10-06 15:46:42.002369+00, 2026-10-06 15:46:42.002369+00).
2026-10-06T15:47:33.2830202Z  2026-10-06 15:46:42.003 UTC [12290] STATEMENT:  INSERT INTO gate.suspension (id, trace_id, principal_id, agent_id, required_capability, action, ent_hash, artefact, action_digest, raised_at, expires_at, state, decided_by, decided_at) VALUES ($1, 'trace_test', 'u_asker', 'agent_test', 'write:ticket.status', '{}'::jsonb, $2, 'shown', $3, $4, $5, $6, $7, $8)
2026-10-06T15:47:33.2832479Z  2026-10-06 15:46:42.011 UTC [12291] ERROR:  new row for relation "suspension" violates check constraint "ck_suspension_only_a_decided_suspension_names_its_decider"
2026-10-06T15:47:33.2834182Z  2026-10-06 15:46:42.011 UTC [12291] DETAIL:  Failing row contains (b, trace_test, u_asker, agent_test, write:ticket.status, {}, 3a048d47b8e51d7af2ad775c7286c446, shown, 0b627f48cf8aeaafc9b8412ad60c018efa9aff73ae30018963e24720dcf0b7f6, 2999-06-01 09:00:00+00, 2999-06-01 13:00:00+00, pending, u_narrow, 2999-06-01 09:00:00+00, 2026-10-06 15:46:42.010308+00, 2026-10-06 15:46:42.010308+00).
2026-10-06T15:47:33.2836778Z  2026-10-06 15:46:42.011 UTC [12291] STATEMENT:  INSERT INTO gate.suspension (id, trace_id, principal_id, agent_id, required_capability, action, ent_hash, artefact, action_digest, raised_at, expires_at, state, decided_by, decided_at) VALUES ($1, 'trace_test', 'u_asker', 'agent_test', 'write:ticket.status', '{}'::jsonb, $2, 'shown', $3, $4, $5, $6, $7, $8)
2026-10-06T15:47:33.2838340Z  2026-10-06 15:46:42.018 UTC [12292] ERROR:  new row for relation "suspension" violates check constraint "ck_suspension_a_window_is_bounded"
2026-10-06T15:47:33.2839900Z  2026-10-06 15:46:42.018 UTC [12292] DETAIL:  Failing row contains (c, trace_test, u_asker, agent_test, write:ticket.status, {}, 3a048d47b8e51d7af2ad775c7286c446, shown, 0b627f48cf8aeaafc9b8412ad60c018efa9aff73ae30018963e24720dcf0b7f6, 2999-06-01 09:00:00+00, 2999-06-02 09:01:00+00, pending, null, null, 2026-10-06 15:46:42.017749+00, 2026-10-06 15:46:42.017749+00).
2026-10-06T15:47:33.2842117Z  2026-10-06 15:46:42.018 UTC [12292] STATEMENT:  INSERT INTO gate.suspension (id, trace_id, principal_id, agent_id, required_capability, action, ent_hash, artefact, action_digest, raised_at, expires_at, state, decided_by, decided_at) VALUES ($1, 'trace_test', 'u_asker', 'agent_test', 'write:ticket.status', '{}'::jsonb, $2, 'shown', $3, $4, $5, $6, $7, $8)
2026-10-06T15:47:33.2843467Z  2026-10-06 15:46:42.040 UTC [73] LOG:  checkpoint starting: immediate force wait
2026-10-06T15:47:33.2844634Z  2026-10-06 15:46:42.042 UTC [73] LOG:  checkpoint complete: wrote 7 buffers (0.0%), wrote 1 SLRU buffers; 0 WAL file(s) added, 0 removed, 0 recycled; write=0.001 s, sync=0.001 s, total=0.003 s; sync files=7, longest=0.001 s, average=0.001 s; distance=4461 kB, estimate=6335 kB; lsn=0/4D773260, redo lsn=0/4D773208
2026-10-06T15:47:33.2845993Z  2026-10-06 15:46:43.111 UTC [73] LOG:  checkpoint starting: immediate force wait
2026-10-06T15:47:33.2847156Z  2026-10-06 15:46:43.150 UTC [73] LOG:  checkpoint complete: wrote 1031 buffers (6.3%), wrote 1 SLRU buffers; 0 WAL file(s) added, 0 removed, 1 recycled; write=0.013 s, sync=0.025 s, total=0.039 s; sync files=410, longest=0.001 s, average=0.001 s; distance=9621 kB, estimate=9621 kB; lsn=0/4E0D8858, redo lsn=0/4E0D8800
2026-10-06T15:47:33.2848308Z  2026-10-06 15:46:43.165 UTC [73] LOG:  checkpoint starting: immediate force wait
2026-10-06T15:47:33.2849593Z  2026-10-06 15:46:43.167 UTC [73] LOG:  checkpoint complete: wrote 5 buffers (0.0%), wrote 1 SLRU buffers; 0 WAL file(s) added, 0 removed, 0 recycled; write=0.001 s, sync=0.001 s, total=0.003 s; sync files=3, longest=0.001 s, average=0.001 s; distance=20 kB, estimate=8661 kB; lsn=0/4E0DD990, redo lsn=0/4E0DD938
2026-10-06T15:47:33.2850754Z  2026-10-06 15:46:43.590 UTC [73] LOG:  checkpoint starting: immediate force wait
2026-10-06T15:47:33.2851884Z  2026-10-06 15:46:43.593 UTC [73] LOG:  checkpoint complete: wrote 8 buffers (0.0%), wrote 1 SLRU buffers; 0 WAL file(s) added, 0 removed, 0 recycled; write=0.001 s, sync=0.001 s, total=0.003 s; sync files=7, longest=0.001 s, average=0.001 s; distance=4558 kB, estimate=8251 kB; lsn=0/4E551378, redo lsn=0/4E551320
2026-10-06T15:47:33.2853116Z  2026-10-06 15:46:43.942 UTC [12345] FATAL:  role "root" does not exist
2026-10-06T15:47:33.2853860Z  2026-10-06 15:46:44.572 UTC [12359] ERROR:  check constraint "ck_suspension_a_decided_suspension_names_its_verdict" of relation "suspension" is violated by some row
2026-10-06T15:47:33.2854992Z  2026-10-06 15:46:44.572 UTC [12359] STATEMENT:  ALTER TABLE gate.suspension ADD CONSTRAINT ck_suspension_a_decided_suspension_names_its_verdict CHECK ((verdict IS NULL) = (state = 'pending'))
2026-10-06T15:47:33.2856044Z  2026-10-06 15:46:44.715 UTC [73] LOG:  checkpoint starting: immediate force wait
2026-10-06T15:47:33.2857188Z  2026-10-06 15:46:44.717 UTC [73] LOG:  checkpoint complete: wrote 10 buffers (0.1%), wrote 1 SLRU buffers; 0 WAL file(s) added, 0 removed, 0 recycled; write=0.001 s, sync=0.001 s, total=0.003 s; sync files=7, longest=0.001 s, average=0.001 s; distance=5207 kB, estimate=7946 kB; lsn=0/4EA67250, redo lsn=0/4EA671F8
2026-10-06T15:47:33.2858309Z  2026-10-06 15:46:49.007 UTC [12376] FATAL:  role "root" does not exist
2026-10-06T15:47:33.2858721Z  2026-10-06 15:46:54.071 UTC [12385] FATAL:  role "root" does not exist
2026-10-06T15:47:33.2859126Z  2026-10-06 15:46:59.139 UTC [12393] FATAL:  role "root" does not exist
2026-10-06T15:47:33.2859566Z  2026-10-06 15:47:02.177 UTC [73] LOG:  checkpoint starting: immediate force wait
2026-10-06T15:47:33.2860725Z  2026-10-06 15:47:02.181 UTC [73] LOG:  checkpoint complete: wrote 48 buffers (0.3%), wrote 2 SLRU buffers; 0 WAL file(s) added, 0 removed, 1 recycled; write=0.002 s, sync=0.001 s, total=0.004 s; sync files=22, longest=0.001 s, average=0.001 s; distance=13219 kB, estimate=13219 kB; lsn=0/4F74FEC0, redo lsn=0/4F74FE68
2026-10-06T15:47:33.2861847Z  2026-10-06 15:47:04.201 UTC [12434] FATAL:  role "root" does not exist
2026-10-06T15:47:33.2862286Z  2026-10-06 15:47:07.772 UTC [73] LOG:  checkpoint starting: immediate force wait
2026-10-06T15:47:33.2863427Z  2026-10-06 15:47:07.774 UTC [73] LOG:  checkpoint complete: wrote 6 buffers (0.0%), wrote 1 SLRU buffers; 0 WAL file(s) added, 0 removed, 0 recycled; write=0.001 s, sync=0.001 s, total=0.003 s; sync files=7, longest=0.001 s, average=0.001 s; distance=4757 kB, estimate=12372 kB; lsn=0/4FBF52C8, redo lsn=0/4FBF5270
2026-10-06T15:47:33.2864543Z  2026-10-06 15:47:09.270 UTC [12496] FATAL:  role "root" does not exist
2026-10-06T15:47:33.2864979Z  2026-10-06 15:47:09.795 UTC [73] LOG:  checkpoint starting: immediate force wait
2026-10-06T15:47:33.2866330Z  2026-10-06 15:47:09.798 UTC [73] LOG:  checkpoint complete: wrote 28 buffers (0.2%), wrote 1 SLRU buffers; 0 WAL file(s) added, 0 removed, 1 recycled; write=0.001 s, sync=0.001 s, total=0.003 s; sync files=10, longest=0.001 s, average=0.001 s; distance=13122 kB, estimate=13122 kB; lsn=0/508C5B10, redo lsn=0/508C5AB8
2026-10-06T15:47:33.2867483Z  2026-10-06 15:47:11.791 UTC [73] LOG:  checkpoint starting: immediate force wait
2026-10-06T15:47:33.2868623Z  2026-10-06 15:47:11.794 UTC [73] LOG:  checkpoint complete: wrote 20 buffers (0.1%), wrote 1 SLRU buffers; 0 WAL file(s) added, 0 removed, 1 recycled; write=0.001 s, sync=0.001 s, total=0.003 s; sync files=9, longest=0.001 s, average=0.001 s; distance=13035 kB, estimate=13113 kB; lsn=0/515809E8, redo lsn=0/51580990
2026-10-06T15:47:33.2870051Z  2026-10-06 15:47:13.855 UTC [12546] ERROR:  duplicate key value violates unique constraint "uq_webhook_change_one_replay"
2026-10-06T15:47:33.2871388Z  2026-10-06 15:47:13.855 UTC [12546] STATEMENT:  INSERT INTO ops.webhook_change (subscriber_id, change, changed_by, changed_at, secret_written_at, event_id) VALUES ($1::VARCHAR, $2::VARCHAR, $3::VARCHAR, $4::TIMESTAMP WITH TIME ZONE, $5::TIMESTAMP WITH TIME ZONE, $6::VARCHAR) RETURNING ops.webhook_change.id
2026-10-06T15:47:33.2872568Z  2026-10-06 15:47:13.914 UTC [73] LOG:  checkpoint starting: immediate force wait
2026-10-06T15:47:33.2873717Z  2026-10-06 15:47:13.917 UTC [73] LOG:  checkpoint complete: wrote 22 buffers (0.1%), wrote 1 SLRU buffers; 0 WAL file(s) added, 0 removed, 1 recycled; write=0.001 s, sync=0.001 s, total=0.003 s; sync files=9, longest=0.001 s, average=0.001 s; distance=13026 kB, estimate=13104 kB; lsn=0/522393B0, redo lsn=0/52239358
2026-10-06T15:47:33.2874960Z  2026-10-06 15:47:14.335 UTC [12559] FATAL:  role "root" does not exist
2026-10-06T15:47:33.2875720Z  2026-10-06 15:47:19.400 UTC [12567] FATAL:  role "root" does not exist
2026-10-06T15:47:33.2876345Z  2026-10-06 15:47:24.470 UTC [12576] FATAL:  role "root" does not exist
2026-10-06T15:47:33.2876765Z  2026-10-06 15:47:29.534 UTC [12584] FATAL:  role "root" does not exist
2026-10-06T15:47:33.2883199Z Stop and remove container: 535b3015f99748d791f354959eb62281_pgvectorpgvectorpg18_6cc920
2026-10-06T15:47:33.2889030Z ##[command]/usr/bin/docker rm --force b10658b40e1339b65a656e8d98acd28b72656fb2eb1a4e4d651d35bff52d9327
2026-10-06T15:47:33.4692549Z b10658b40e1339b65a656e8d98acd28b72656fb2eb1a4e4d651d35bff52d9327
2026-10-06T15:47:33.4719149Z Remove container network: github_network_86b7dcd7d06342aa9ba2bbad91f68b38
2026-10-06T15:47:33.4723616Z ##[command]/usr/bin/docker network rm github_network_86b7dcd7d06342aa9ba2bbad91f68b38
2026-10-06T15:47:33.5611660Z github_network_86b7dcd7d06342aa9ba2bbad91f68b38
2026-10-06T15:47:33.5680542Z Cleaning up orphan processes
2026-10-06T15:47:33.6037458Z ##[warning]Node.js 20 is deprecated. The following actions target Node.js 20 but are being forced to run on Node.js 24: actions/checkout@v4, actions/setup-node@v4, actions/upload-artifact@v4, astral-sh/setup-uv@v5. For more information see: https://github.blog/changelog/2025-09-19-deprecation-of-node-20-on-github-actions-runners/
