2026-10-06T11:19:43.7240743Z Current runner version: '2.337.0'
2026-10-06T11:19:43.7259992Z ##[group]Runner Image Provisioner
2026-10-06T11:19:43.7260932Z Hosted Compute Agent
2026-10-06T11:19:43.7261484Z Version: 20260901.588
2026-10-06T11:19:43.7262040Z Commit: f88ec8081b781fac6c440065ac7ff9e710ce3d0b
2026-10-06T11:19:43.7262663Z Build Date: 2026-09-01T19:56:44Z
2026-10-06T11:19:43.7263328Z Worker ID: {9247c365-223e-4e8b-a34d-7ff447e6f64b}
2026-10-06T11:19:43.7263935Z Azure Region: centralus
2026-10-06T11:19:43.7264732Z ##[endgroup]
2026-10-06T11:19:43.7265925Z ##[group]Operating System
2026-10-06T11:19:43.7266463Z Ubuntu
2026-10-06T11:19:43.7266979Z 24.04.5
2026-10-06T11:19:43.7267425Z LTS
2026-10-06T11:19:43.7267860Z ##[endgroup]
2026-10-06T11:19:43.7268365Z ##[group]Runner Image
2026-10-06T11:19:43.7268910Z Image: ubuntu-24.04
2026-10-06T11:19:43.7269495Z Version: 20260927.320.1
2026-10-06T11:19:43.7270572Z Included Software: https://github.com/actions/runner-images/blob/ubuntu24/20260927.320/images/ubuntu/Ubuntu2404-Readme.md
2026-10-06T11:19:43.7271848Z Image Release: https://github.com/actions/runner-images/releases/tag/ubuntu24%2F20260927.320
2026-10-06T11:19:43.7272693Z ##[endgroup]
2026-10-06T11:19:43.7273727Z ##[group]GITHUB_TOKEN Permissions
2026-10-06T11:19:43.7276098Z Contents: read
2026-10-06T11:19:43.7276648Z Metadata: read
2026-10-06T11:19:43.7277128Z Packages: read
2026-10-06T11:19:43.7277604Z ##[endgroup]
2026-10-06T11:19:43.7279392Z Secret source: Actions
2026-10-06T11:19:43.7280177Z Cache mode: write
2026-10-06T11:19:43.7280794Z Prepare workflow directory
2026-10-06T11:19:43.7589663Z Prepare all required actions
2026-10-06T11:19:43.7632765Z Getting action download info
2026-10-06T11:19:44.0073372Z Download action repository 'actions/checkout@v4' (SHA:11d5960a326750d5838078e36cf38b85af677262)
2026-10-06T11:19:44.0790790Z Download action repository 'astral-sh/setup-uv@v5' (SHA:d4b2f3b6ecc6e67c4457f6d3e41ec42d3d0fcb86)
2026-10-06T11:19:44.7107711Z Download action repository 'actions/setup-node@v4' (SHA:49933ea5288caeca8642d1e84afbd3f7d6820020)
2026-10-06T11:19:44.8965308Z Complete job name: Console types, boundaries, tests, build
2026-10-06T11:19:44.9661055Z ##[group]Run actions/checkout@v4
2026-10-06T11:19:44.9661979Z with:
2026-10-06T11:19:44.9662812Z   repository: rpsj2230/Verz-OS-v2.0
2026-10-06T11:19:44.9666997Z   token: ***
2026-10-06T11:19:44.9667501Z   ssh-strict: true
2026-10-06T11:19:44.9668028Z   ssh-user: git
2026-10-06T11:19:44.9668738Z   persist-credentials: true
2026-10-06T11:19:44.9669592Z   clean: true
2026-10-06T11:19:44.9670145Z   sparse-checkout-cone-mode: true
2026-10-06T11:19:44.9670712Z   fetch-depth: 1
2026-10-06T11:19:44.9671309Z   fetch-tags: false
2026-10-06T11:19:44.9671822Z   show-progress: true
2026-10-06T11:19:44.9672311Z   lfs: false
2026-10-06T11:19:44.9672843Z   submodules: false
2026-10-06T11:19:44.9673401Z   set-safe-directory: true
2026-10-06T11:19:44.9674172Z   allow-unsafe-pr-checkout: false
2026-10-06T11:19:44.9675337Z env:
2026-10-06T11:19:44.9675825Z   UV_VERSION: 0.12.9
2026-10-06T11:19:44.9676407Z ##[endgroup]
2026-10-06T11:19:45.0572146Z Syncing repository: rpsj2230/Verz-OS-v2.0
2026-10-06T11:19:45.0574649Z ##[group]Getting Git version info
2026-10-06T11:19:45.0575598Z Working directory is '/home/runner/work/Verz-OS-v2.0/Verz-OS-v2.0'
2026-10-06T11:19:45.0577051Z [command]/usr/bin/git version
2026-10-06T11:19:45.0686898Z git version 2.55.0
2026-10-06T11:19:45.0704996Z ##[endgroup]
2026-10-06T11:19:45.0717398Z Temporarily overriding HOME='/home/runner/work/_temp/cc746cc8-0076-441f-910f-e34a4ed6349d' before making global git config changes
2026-10-06T11:19:45.0722115Z Adding repository directory to the temporary git global config as a safe directory
2026-10-06T11:19:45.0723786Z [command]/usr/bin/git config --global --add safe.directory /home/runner/work/Verz-OS-v2.0/Verz-OS-v2.0
2026-10-06T11:19:45.0765136Z Deleting the contents of '/home/runner/work/Verz-OS-v2.0/Verz-OS-v2.0'
2026-10-06T11:19:45.0771732Z ##[group]Initializing the repository
2026-10-06T11:19:45.0773813Z [command]/usr/bin/git init /home/runner/work/Verz-OS-v2.0/Verz-OS-v2.0
2026-10-06T11:19:45.0863158Z hint: Using 'master' as the name for the initial branch. This default branch name
2026-10-06T11:19:45.0865051Z hint: will change to "main" in Git 3.0. To configure the initial branch name
2026-10-06T11:19:45.0869334Z hint: to use in all of your new repositories, which will suppress this warning,
2026-10-06T11:19:45.0871595Z hint: call:
2026-10-06T11:19:45.0873302Z hint:
2026-10-06T11:19:45.0874492Z hint: 	git config --global init.defaultBranch <name>
2026-10-06T11:19:45.0875525Z hint:
2026-10-06T11:19:45.0876655Z hint: Names commonly chosen instead of 'master' are 'main', 'trunk' and
2026-10-06T11:19:45.0878076Z hint: 'development'. The just-created branch can be renamed via this command:
2026-10-06T11:19:45.0879414Z hint:
2026-10-06T11:19:45.0880183Z hint: 	git branch -m <name>
2026-10-06T11:19:45.0881320Z hint:
2026-10-06T11:19:45.0882339Z hint: Disable this message with "git config set advice.defaultBranchName false"
2026-10-06T11:19:45.0884131Z Initialized empty Git repository in /home/runner/work/Verz-OS-v2.0/Verz-OS-v2.0/.git/
2026-10-06T11:19:45.0887638Z [command]/usr/bin/git remote add origin https://github.com/rpsj2230/Verz-OS-v2.0
2026-10-06T11:19:45.0931675Z ##[endgroup]
2026-10-06T11:19:45.0934210Z ##[group]Disabling automatic garbage collection
2026-10-06T11:19:45.0935758Z [command]/usr/bin/git config --local gc.auto 0
2026-10-06T11:19:45.0962792Z ##[endgroup]
2026-10-06T11:19:45.0964470Z ##[group]Setting up auth
2026-10-06T11:19:45.0968449Z [command]/usr/bin/git config --local --name-only --get-regexp core\.sshCommand
2026-10-06T11:19:45.1000243Z [command]/usr/bin/git submodule foreach --recursive sh -c "git config --local --name-only --get-regexp 'core\.sshCommand' && git config --local --unset-all 'core.sshCommand' || :"
2026-10-06T11:19:45.1327540Z [command]/usr/bin/git config --local --name-only --get-regexp http\.https\:\/\/github\.com\/\.extraheader
2026-10-06T11:19:45.1354522Z [command]/usr/bin/git submodule foreach --recursive sh -c "git config --local --name-only --get-regexp 'http\.https\:\/\/github\.com\/\.extraheader' && git config --local --unset-all 'http.https://github.com/.extraheader' || :"
2026-10-06T11:19:45.1526934Z [command]/usr/bin/git config --local --name-only --get-regexp ^includeIf\.gitdir:
2026-10-06T11:19:45.1551452Z [command]/usr/bin/git submodule foreach --recursive git config --local --show-origin --name-only --get-regexp remote.origin.url
2026-10-06T11:19:45.1710580Z [command]/usr/bin/git config --local http.https://github.com/.extraheader AUTHORIZATION: basic ***
2026-10-06T11:19:45.1739891Z ##[endgroup]
2026-10-06T11:19:45.1741213Z ##[group]Fetching the repository
2026-10-06T11:19:45.1749492Z [command]/usr/bin/git -c protocol.version=2 fetch --no-tags --prune --no-recurse-submodules --depth=1 origin +dd3fe1170e8417dcc28fa81cb5fec8417acca2e7:refs/remotes/pull/465/merge
2026-10-06T11:19:48.4488474Z From https://github.com/rpsj2230/Verz-OS-v2.0
2026-10-06T11:19:48.4489113Z  * [new ref]         dd3fe1170e8417dcc28fa81cb5fec8417acca2e7 -> pull/465/merge
2026-10-06T11:19:48.4492882Z ##[endgroup]
2026-10-06T11:19:48.4493626Z ##[group]Determining the checkout info
2026-10-06T11:19:48.4496922Z ##[endgroup]
2026-10-06T11:19:48.4502416Z [command]/usr/bin/git sparse-checkout disable
2026-10-06T11:19:48.4548658Z [command]/usr/bin/git config --local --unset-all extensions.worktreeConfig
2026-10-06T11:19:48.4572848Z ##[group]Checking out the ref
2026-10-06T11:19:48.4576092Z [command]/usr/bin/git checkout --progress --force refs/remotes/pull/465/merge
2026-10-06T11:19:48.7476688Z Note: switching to 'refs/remotes/pull/465/merge'.
2026-10-06T11:19:48.7477044Z 
2026-10-06T11:19:48.7477411Z You are in 'detached HEAD' state. You can look around, make experimental
2026-10-06T11:19:48.7477895Z changes and commit them, and you can discard any commits you make in this
2026-10-06T11:19:48.7478325Z state without impacting any branches by switching back to a branch.
2026-10-06T11:19:48.7478563Z 
2026-10-06T11:19:48.7479105Z If you want to create a new branch to retain commits you create, you may
2026-10-06T11:19:48.7479536Z do so (now or later) by using -c with the switch command. Example:
2026-10-06T11:19:48.7479754Z 
2026-10-06T11:19:48.7479871Z   git switch -c <new-branch-name>
2026-10-06T11:19:48.7480114Z 
2026-10-06T11:19:48.7480251Z Or undo this operation with:
2026-10-06T11:19:48.7480441Z 
2026-10-06T11:19:48.7480548Z   git switch -
2026-10-06T11:19:48.7480754Z 
2026-10-06T11:19:48.7481003Z Turn off this advice by setting config variable advice.detachedHead to false
2026-10-06T11:19:48.7481353Z 
2026-10-06T11:19:48.7481768Z HEAD is now at dd3fe11 Merge c55d92d2093c01b6072c2201582f009b6e03c4a2 into bef3f9f5006f104f15a6dfbb2ea9821b7e1c5caf
2026-10-06T11:19:48.7485008Z ##[endgroup]
2026-10-06T11:19:48.7521816Z [command]/usr/bin/git log -1 --format=%H
2026-10-06T11:19:48.7542319Z dd3fe1170e8417dcc28fa81cb5fec8417acca2e7
2026-10-06T11:19:48.7752108Z ##[group]Run astral-sh/setup-uv@v5
2026-10-06T11:19:48.7752382Z with:
2026-10-06T11:19:48.7752591Z   version: 0.12.9
2026-10-06T11:19:48.7752784Z   enable-cache: true
2026-10-06T11:19:48.7755230Z   github-token: ***
2026-10-06T11:19:48.7755519Z   cache-dependency-glob: **/uv.lock
**/requirements*.txt

2026-10-06T11:19:48.7755818Z   prune-cache: true
2026-10-06T11:19:48.7756064Z   ignore-nothing-to-cache: false
2026-10-06T11:19:48.7756303Z   ignore-empty-workdir: false
2026-10-06T11:19:48.7756521Z env:
2026-10-06T11:19:48.7756695Z   UV_VERSION: 0.12.9
2026-10-06T11:19:48.7756891Z ##[endgroup]
2026-10-06T11:19:48.9220449Z (node:2087) [DEP0040] DeprecationWarning: The `punycode` module is deprecated. Please use a userland alternative instead.
2026-10-06T11:19:48.9221588Z (Use `node --trace-deprecation ...` to show where the warning was created)
2026-10-06T11:19:48.9367367Z Downloading uv from "https://github.com/astral-sh/uv/releases/download/0.12.9/uv-x86_64-unknown-linux-gnu.tar.gz" ...
2026-10-06T11:19:49.3307955Z [command]/usr/bin/tar xz --warning=no-unknown-keyword --overwrite -C /home/runner/work/_temp/1b8583d8-4b03-4b1a-a01c-98c0add3444b -f /home/runner/work/_temp/05fa8da1-cbc9-498c-a78b-03deb5ead40b
2026-10-06T11:19:49.9344605Z Added /home/runner/.local/bin to the path
2026-10-06T11:19:49.9346638Z Added /opt/hostedtoolcache/uv/0.12.9/x86_64 to the path
2026-10-06T11:19:49.9367466Z Set UV_CACHE_DIR to /home/runner/work/_temp/setup-uv-cache
2026-10-06T11:19:49.9367817Z Successfully installed uv version 0.12.9
2026-10-06T11:19:49.9368195Z Searching files using cache dependency glob: **/uv.lock,**/requirements*.txt
2026-10-06T11:19:50.0177871Z /home/runner/work/Verz-OS-v2.0/Verz-OS-v2.0/matcher/uv.lock
2026-10-06T11:19:50.1410462Z /home/runner/work/Verz-OS-v2.0/Verz-OS-v2.0/uv.lock
2026-10-06T11:19:50.1422543Z Found 2 files to hash.
2026-10-06T11:19:50.2291105Z Trying to restore uv cache from GitHub Actions cache with key: setup-uv-1-x86_64-unknown-linux-gnu-unknown-4fa71487548199487345489e1f4ab912cdc9b009220d8b57baa546f1323899d3
2026-10-06T11:19:50.3591506Z Cache hit for: setup-uv-1-x86_64-unknown-linux-gnu-unknown-4fa71487548199487345489e1f4ab912cdc9b009220d8b57baa546f1323899d3
2026-10-06T11:19:50.3676293Z (node:2087) [DEP0169] DeprecationWarning: `url.parse()` behavior is not standardized and prone to errors that have security implications. Use the WHATWG URL API instead. CVEs are not issued for `url.parse()` vulnerabilities.
2026-10-06T11:19:50.5320242Z Received 1118 of 1118 (100.0%), 0.0 MBs/sec
2026-10-06T11:19:50.5320751Z Cache Size: ~0 MB (1118 B)
2026-10-06T11:19:50.5340108Z [command]/usr/bin/tar -xf /home/runner/work/_temp/30b13a3b-08f1-4a7a-9028-85882d9bb93a/cache.tzst -P -C /home/runner/work/Verz-OS-v2.0/Verz-OS-v2.0 --use-compress-program unzstd
2026-10-06T11:19:50.5397930Z Cache restored successfully
2026-10-06T11:19:50.5401919Z uv cache restored from GitHub Actions cache with key: setup-uv-1-x86_64-unknown-linux-gnu-unknown-4fa71487548199487345489e1f4ab912cdc9b009220d8b57baa546f1323899d3
2026-10-06T11:19:50.5527547Z ##[group]Run uv sync --locked
2026-10-06T11:19:50.5528025Z uv sync --locked
2026-10-06T11:19:50.5696555Z shell: /usr/bin/bash -e {0}
2026-10-06T11:19:50.5696818Z env:
2026-10-06T11:19:50.5697112Z   UV_VERSION: 0.12.9
2026-10-06T11:19:50.5697546Z   UV_CACHE_DIR: /home/runner/work/_temp/setup-uv-cache
2026-10-06T11:19:50.5697831Z ##[endgroup]
2026-10-06T11:19:50.6756121Z Downloading cpython-3.13.15-linux-x86_64-gnu (download) (33.2MiB)
2026-10-06T11:19:51.3684738Z  Downloaded cpython-3.13.15-linux-x86_64-gnu (download)
2026-10-06T11:19:51.5159487Z Using CPython 3.13.15
2026-10-06T11:19:51.5159921Z Creating virtual environment at: .venv
2026-10-06T11:19:51.5186860Z Resolved 124 packages in 0.58ms
2026-10-06T11:19:51.5242845Z    Building verz-brain @ file:///home/runner/work/Verz-OS-v2.0/Verz-OS-v2.0
2026-10-06T11:19:51.5874998Z Downloading pygments (1.2MiB)
2026-10-06T11:19:51.5875511Z Downloading cryptography (4.5MiB)
2026-10-06T11:19:51.5882978Z Downloading zstandard (5.3MiB)
2026-10-06T11:19:51.5891316Z Downloading uvloop (4.2MiB)
2026-10-06T11:19:51.5892108Z Downloading lxml (5.0MiB)
2026-10-06T11:19:51.5895935Z Downloading pydantic-core (2.0MiB)
2026-10-06T11:19:51.5897089Z Downloading ruff (9.8MiB)
2026-10-06T11:19:51.5898724Z Downloading mypy (14.5MiB)
2026-10-06T11:19:51.5899548Z Downloading sqlalchemy (3.2MiB)
2026-10-06T11:19:51.5901056Z Downloading psycopg-binary (5.0MiB)
2026-10-06T11:19:51.5903355Z Downloading hypothesis (1.1MiB)
2026-10-06T11:19:51.5904796Z Downloading ast-serialize (1.2MiB)
2026-10-06T11:19:51.7709652Z  Downloaded hypothesis
2026-10-06T11:19:51.7816037Z  Downloaded pygments
2026-10-06T11:19:51.7964646Z  Downloaded ast-serialize
2026-10-06T11:19:51.8094959Z  Downloaded pydantic-core
2026-10-06T11:19:51.8343384Z  Downloaded sqlalchemy
2026-10-06T11:19:51.8626783Z  Downloaded uvloop
2026-10-06T11:19:51.8663112Z  Downloaded cryptography
2026-10-06T11:19:51.8760067Z  Downloaded lxml
2026-10-06T11:19:51.8762227Z  Downloaded psycopg-binary
2026-10-06T11:19:51.8785491Z  Downloaded zstandard
2026-10-06T11:19:51.9058715Z  Downloaded ruff
2026-10-06T11:19:51.9733577Z  Downloaded mypy
2026-10-06T11:19:52.4030698Z       Built verz-brain @ file:///home/runner/work/Verz-OS-v2.0/Verz-OS-v2.0
2026-10-06T11:19:52.4038653Z Prepared 91 packages in 884ms
2026-10-06T11:19:52.4446946Z Installed 91 packages in 40ms
2026-10-06T11:19:52.4447575Z  + alembic==1.19.1
2026-10-06T11:19:52.4447927Z  + annotated-doc==0.0.5
2026-10-06T11:19:52.4448275Z  + annotated-types==0.8.0
2026-10-06T11:19:52.4448597Z  + anyio==4.15.0
2026-10-06T11:19:52.4448921Z  + asgiref==3.12.1
2026-10-06T11:19:52.4449250Z  + ast-serialize==0.9.0
2026-10-06T11:19:52.4449566Z  + attrs==26.1.0
2026-10-06T11:19:52.4455105Z  + certifi==2026.7.22
2026-10-06T11:19:52.4455490Z  + cffi==2.1.1
2026-10-06T11:19:52.4455857Z  + charset-normalizer==3.5.1
2026-10-06T11:19:52.4456249Z  + click==8.5.0
2026-10-06T11:19:52.4456596Z  + coverage==7.16.0
2026-10-06T11:19:52.4456955Z  + croniter==6.2.4
2026-10-06T11:19:52.4457350Z  + cryptography==50.0.1
2026-10-06T11:19:52.4457704Z  + distro==1.9.0
2026-10-06T11:19:52.4458251Z  + fastapi==0.141.1
2026-10-06T11:19:52.4458698Z  + greenlet==3.5.5
2026-10-06T11:19:52.4459330Z  + h11==0.16.0
2026-10-06T11:19:52.4459662Z  + httpcore==1.0.9
2026-10-06T11:19:52.4459941Z  + httpcore2==2.13.0
2026-10-06T11:19:52.4460214Z  + httptools==0.8.0
2026-10-06T11:19:52.4460457Z  + httpx==0.28.1
2026-10-06T11:19:52.4460710Z  + httpx2==2.13.0
2026-10-06T11:19:52.4460968Z  + hypothesis==6.167.1
2026-10-06T11:19:52.4461321Z  + idna==3.19
2026-10-06T11:19:52.4461730Z  + iniconfig==2.3.0
2026-10-06T11:19:52.4462020Z  + jsonpatch==1.33
2026-10-06T11:19:52.4462288Z  + jsonpointer==3.1.1
2026-10-06T11:19:52.4462577Z  + langchain-core==1.6.3
2026-10-06T11:19:52.4462895Z  + langchain-protocol==0.0.19
2026-10-06T11:19:52.4463189Z  + langgraph==1.2.11
2026-10-06T11:19:52.4463473Z  + langgraph-checkpoint==4.2.0
2026-10-06T11:19:52.4463806Z  + langgraph-checkpoint-postgres==3.1.2
2026-10-06T11:19:52.4464643Z  + langgraph-prebuilt==1.1.0
2026-10-06T11:19:52.4464959Z  + langgraph-sdk==0.4.4
2026-10-06T11:19:52.4465462Z  + langsmith==0.12.4
2026-10-06T11:19:52.4465659Z  + ldap3==2.9.1
2026-10-06T11:19:52.4465845Z  + librt==0.15.0
2026-10-06T11:19:52.4466026Z  + lxml==6.1.3
2026-10-06T11:19:52.4466210Z  + mako==1.4.1
2026-10-06T11:19:52.4466388Z  + markupsafe==3.0.3
2026-10-06T11:19:52.4466573Z  + mypy==2.3.1
2026-10-06T11:19:52.4466758Z  + mypy-extensions==1.1.0
2026-10-06T11:19:52.4466959Z  + orjson==3.12.0
2026-10-06T11:19:52.4467147Z  + ormsgpack==1.12.2
2026-10-06T11:19:52.4467336Z  + packaging==26.3
2026-10-06T11:19:52.4467521Z  + pathspec==1.1.1
2026-10-06T11:19:52.4467702Z  + pluggy==1.6.0
2026-10-06T11:19:52.4467899Z  + procrastinate==3.9.0
2026-10-06T11:19:52.4468098Z  + psycopg==3.3.5
2026-10-06T11:19:52.4468292Z  + psycopg-binary==3.3.5
2026-10-06T11:19:52.4468538Z  + psycopg-pool==3.3.1
2026-10-06T11:19:52.4468738Z  + pyasn1==0.6.4
2026-10-06T11:19:52.4468920Z  + pycparser==3.0
2026-10-06T11:19:52.4469109Z  + pydantic==2.13.5
2026-10-06T11:19:52.4469306Z  + pydantic-core==2.46.5
2026-10-06T11:19:52.4469535Z  + pydantic-settings==2.15.0
2026-10-06T11:19:52.4469748Z  + pygments==2.21.0
2026-10-06T11:19:52.4469935Z  + pymysql==1.2.3
2026-10-06T11:19:52.4470119Z  + pypdf==6.19.0
2026-10-06T11:19:52.4470300Z  + pytest==9.1.1
2026-10-06T11:19:52.4470494Z  + pytest-cov==7.1.0
2026-10-06T11:19:52.4470807Z  + python-dateutil==2.9.0.post0
2026-10-06T11:19:52.4471063Z  + python-docx==1.2.0
2026-10-06T11:19:52.4471274Z  + python-dotenv==1.2.3
2026-10-06T11:19:52.4471471Z  + pyyaml==6.0.3
2026-10-06T11:19:52.4471653Z  + redis==8.1.0
2026-10-06T11:19:52.4471838Z  + requests==2.34.2
2026-10-06T11:19:52.4472042Z  + requests-toolbelt==1.0.0
2026-10-06T11:19:52.4472247Z  + ruff==0.16.6
2026-10-06T11:19:52.4472430Z  + six==1.17.0
2026-10-06T11:19:52.4472610Z  + sniffio==1.3.1
2026-10-06T11:19:52.4472802Z  + sortedcontainers==2.4.0
2026-10-06T11:19:52.4473019Z  + sqlalchemy==2.0.52
2026-10-06T11:19:52.4473211Z  + starlette==1.6.0
2026-10-06T11:19:52.4473400Z  + structlog==26.1.0
2026-10-06T11:19:52.4473586Z  + tenacity==9.1.4
2026-10-06T11:19:52.4474012Z  + truststore==0.10.4
2026-10-06T11:19:52.4474373Z  + types-pymysql==1.2.0.20260923
2026-10-06T11:19:52.4474685Z  + types-pyyaml==6.0.12.20260815
2026-10-06T11:19:52.4474990Z  + typing-extensions==4.16.0
2026-10-06T11:19:52.4475311Z  + typing-inspection==0.4.4
2026-10-06T11:19:52.4475591Z  + urllib3==2.7.0
2026-10-06T11:19:52.4475840Z  + uuid-utils==0.17.1
2026-10-06T11:19:52.4476082Z  + uvicorn==0.52.4
2026-10-06T11:19:52.4476314Z  + uvloop==0.22.1
2026-10-06T11:19:52.4476628Z  + verz-brain==0.1.0 (from file:///home/runner/work/Verz-OS-v2.0/Verz-OS-v2.0)
2026-10-06T11:19:52.4476960Z  + watchfiles==1.2.0
2026-10-06T11:19:52.4477155Z  + websockets==16.1.1
2026-10-06T11:19:52.4477341Z  + xxhash==4.0.1
2026-10-06T11:19:52.4477530Z  + zstandard==0.25.0
2026-10-06T11:19:52.4634884Z ##[group]Run actions/setup-node@v4
2026-10-06T11:19:52.4635135Z with:
2026-10-06T11:19:52.4635322Z   node-version: 22
2026-10-06T11:19:52.4635522Z   cache: npm
2026-10-06T11:19:52.4635745Z   cache-dependency-path: console/package-lock.json
2026-10-06T11:19:52.4636031Z   always-auth: false
2026-10-06T11:19:52.4636233Z   check-latest: false
2026-10-06T11:19:52.4638456Z   token: ***
2026-10-06T11:19:52.4638633Z env:
2026-10-06T11:19:52.4638805Z   UV_VERSION: 0.12.9
2026-10-06T11:19:52.4639043Z   UV_CACHE_DIR: /home/runner/work/_temp/setup-uv-cache
2026-10-06T11:19:52.4639306Z ##[endgroup]
2026-10-06T11:19:52.5861506Z Found in cache @ /opt/hostedtoolcache/node/22.23.3/x64
2026-10-06T11:19:52.5865015Z (node:2189) [DEP0040] DeprecationWarning: The `punycode` module is deprecated. Please use a userland alternative instead.
2026-10-06T11:19:52.5865877Z (Use `node --trace-deprecation ...` to show where the warning was created)
2026-10-06T11:19:52.5867311Z ##[group]Environment details
2026-10-06T11:19:52.9142880Z node: v22.23.3
2026-10-06T11:19:52.9143214Z npm: 10.9.9
2026-10-06T11:19:52.9143437Z yarn: 1.22.22
2026-10-06T11:19:52.9143990Z ##[endgroup]
2026-10-06T11:19:52.9159959Z [command]/opt/hostedtoolcache/node/22.23.3/x64/bin/npm config get cache
2026-10-06T11:19:53.0023609Z /home/runner/.npm
2026-10-06T11:19:53.1543164Z Cache hit for: node-cache-Linux-x64-npm-2de4e3167870bdcf22ef9f4763cefb79217e5b64b7fc92d81a666d0b13aac77e
2026-10-06T11:19:53.1630404Z (node:2189) [DEP0169] DeprecationWarning: `url.parse()` behavior is not standardized and prone to errors that have security implications. Use the WHATWG URL API instead. CVEs are not issued for `url.parse()` vulnerabilities.
2026-10-06T11:19:53.8570382Z Received 47113129 of 47113129 (100.0%), 78.0 MBs/sec
2026-10-06T11:19:53.8571052Z Cache Size: ~45 MB (47113129 B)
2026-10-06T11:19:53.8670597Z [command]/usr/bin/tar -xf /home/runner/work/_temp/a66197e9-4a09-471e-bfdb-861e0cced4dd/cache.tzst -P -C /home/runner/work/Verz-OS-v2.0/Verz-OS-v2.0 --use-compress-program unzstd
2026-10-06T11:19:53.9340654Z Cache restored successfully
2026-10-06T11:19:53.9357832Z Cache restored from key: node-cache-Linux-x64-npm-2de4e3167870bdcf22ef9f4763cefb79217e5b64b7fc92d81a666d0b13aac77e
2026-10-06T11:19:53.9457543Z ##[group]Run npm ci
2026-10-06T11:19:53.9457802Z npm ci
2026-10-06T11:19:53.9499070Z shell: /usr/bin/bash -e {0}
2026-10-06T11:19:53.9499336Z env:
2026-10-06T11:19:53.9499543Z   UV_VERSION: 0.12.9
2026-10-06T11:19:53.9499809Z   UV_CACHE_DIR: /home/runner/work/_temp/setup-uv-cache
2026-10-06T11:19:53.9500103Z ##[endgroup]
2026-10-06T11:19:58.6773189Z 
2026-10-06T11:19:58.6781393Z added 315 packages, and audited 316 packages in 5s
2026-10-06T11:19:58.6781794Z 
2026-10-06T11:19:58.6782035Z 51 packages are looking for funding
2026-10-06T11:19:58.6782447Z   run `npm fund` for details
2026-10-06T11:19:58.7115050Z 
2026-10-06T11:19:58.7115640Z 7 vulnerabilities (3 moderate, 4 high)
2026-10-06T11:19:58.7115881Z 
2026-10-06T11:19:58.7116085Z To address issues that do not require attention, run:
2026-10-06T11:19:58.7116393Z   npm audit fix
2026-10-06T11:19:58.7116522Z 
2026-10-06T11:19:58.7116723Z To address all issues (including breaking changes), run:
2026-10-06T11:19:58.7117137Z   npm audit fix --force
2026-10-06T11:19:58.7117281Z 
2026-10-06T11:19:58.7117395Z Run `npm audit` for details.
2026-10-06T11:19:58.7470812Z ##[group]Run npm run api:generate
2026-10-06T11:19:58.7471239Z npm run api:generate
2026-10-06T11:19:58.7518725Z shell: /usr/bin/bash -e {0}
2026-10-06T11:19:58.7519096Z env:
2026-10-06T11:19:58.7519370Z   UV_VERSION: 0.12.9
2026-10-06T11:19:58.7519747Z   UV_CACHE_DIR: /home/runner/work/_temp/setup-uv-cache
2026-10-06T11:19:58.7520187Z ##[endgroup]
2026-10-06T11:19:58.8342617Z 
2026-10-06T11:19:58.8343102Z > brain-console@0.1.0 api:generate
2026-10-06T11:19:58.8343661Z > npm run api:schema && npm run api:types
2026-10-06T11:19:58.8343952Z 
2026-10-06T11:19:58.9161286Z 
2026-10-06T11:19:58.9161982Z > brain-console@0.1.0 api:schema
2026-10-06T11:19:58.9162609Z > uv run python scripts/export-openapi.py
2026-10-06T11:19:58.9162934Z 
2026-10-06T11:20:07.4398565Z wrote console/src/api/generated/openapi.internal.json with 398 paths
2026-10-06T11:20:07.4399205Z   /api/v1/access-requests
2026-10-06T11:20:07.4399673Z   /api/v1/access-requests/{request_id}/handled
2026-10-06T11:20:07.4400117Z   /api/v1/agent-drafts
2026-10-06T11:20:07.4400461Z   /api/v1/agent-drafts/{draft_id}
2026-10-06T11:20:07.4400851Z   /api/v1/agent-drafts/{draft_id}/approve
2026-10-06T11:20:07.4401249Z   /api/v1/agent-drafts/{draft_id}/check
2026-10-06T11:20:07.4401643Z   /api/v1/agent-drafts/{draft_id}/decline
2026-10-06T11:20:07.4402037Z   /api/v1/agent-drafts/{draft_id}/procedure
2026-10-06T11:20:07.4402415Z   /api/v1/agent-drafts/{draft_id}/publish
2026-10-06T11:20:07.4402752Z   /api/v1/agent-drafts/{draft_id}/rehearse
2026-10-06T11:20:07.4403033Z   /api/v1/agent-drafts/{draft_id}/revisions
2026-10-06T11:20:07.4403301Z   /api/v1/agent-templates
2026-10-06T11:20:07.4403559Z   /api/v1/agent-templates/{template_id}
2026-10-06T11:20:07.4403893Z   /api/v1/agent-templates/{template_id}/versions/{version}
2026-10-06T11:20:07.4404498Z   /api/v1/agent-templates/{template_id}/versions/{version}/install
2026-10-06T11:20:07.4405167Z   /api/v1/agents
2026-10-06T11:20:07.4405518Z   /api/v1/agents/{agent_id}/about
2026-10-06T11:20:07.4405827Z   /api/v1/agents/{agent_id}/archive
2026-10-06T11:20:07.4406140Z   /api/v1/agents/{agent_id}/artifacts
2026-10-06T11:20:07.4406482Z   /api/v1/agents/{agent_id}/artifacts/latest
2026-10-06T11:20:07.4406874Z   /api/v1/agents/{agent_id}/artifacts/{artifact_id}/archive
2026-10-06T11:20:07.4407352Z   /api/v1/agents/{agent_id}/artifacts/{artifact_id}/download
2026-10-06T11:20:07.4407827Z   /api/v1/agents/{agent_id}/artifacts/{artifact_id}/supersede
2026-10-06T11:20:07.4408228Z   /api/v1/agents/{agent_id}/attachments
2026-10-06T11:20:07.4408578Z   /api/v1/agents/{agent_id}/automation-templates
2026-10-06T11:20:07.4409013Z   /api/v1/agents/{agent_id}/automation-templates/{template_id}/preview
2026-10-06T11:20:07.4409461Z   /api/v1/agents/{agent_id}/automations
2026-10-06T11:20:07.4409882Z   /api/v1/agents/{agent_id}/automations/{automation_id}/start
2026-10-06T11:20:07.4410423Z   /api/v1/agents/{agent_id}/automations/{automation_id}/stop
2026-10-06T11:20:07.4410863Z   /api/v1/agents/{agent_id}/budget
2026-10-06T11:20:07.4411227Z   /api/v1/agents/{agent_id}/capabilities
2026-10-06T11:20:07.4411589Z   /api/v1/agents/{agent_id}/channels
2026-10-06T11:20:07.4411948Z   /api/v1/agents/{agent_id}/conversations
2026-10-06T11:20:07.4412327Z   /api/v1/agents/{agent_id}/disable
2026-10-06T11:20:07.4412686Z   /api/v1/agents/{agent_id}/drafts
2026-10-06T11:20:07.4412999Z   /api/v1/agents/{agent_id}/duplicate
2026-10-06T11:20:07.4413453Z   /api/v1/agents/{agent_id}/enable
2026-10-06T11:20:07.4413806Z   /api/v1/agents/{agent_id}/groups
2026-10-06T11:20:07.4414174Z   /api/v1/agents/{agent_id}/groups/removal
2026-10-06T11:20:07.4414785Z   /api/v1/agents/{agent_id}/learning
2026-10-06T11:20:07.4415152Z   /api/v1/agents/{agent_id}/leash
2026-10-06T11:20:07.4415533Z   /api/v1/agents/{agent_id}/leash/moves
2026-10-06T11:20:07.4415903Z   /api/v1/agents/{agent_id}/lifecycle
2026-10-06T11:20:07.4416270Z   /api/v1/agents/{agent_id}/memory
2026-10-06T11:20:07.4416705Z   /api/v1/agents/{agent_id}/memory/{memory_id}/deletion
2026-10-06T11:20:07.4417507Z   /api/v1/agents/{agent_id}/memory/{memory_id}/edit
2026-10-06T11:20:07.4417961Z   /api/v1/agents/{agent_id}/model-pin
2026-10-06T11:20:07.4418357Z   /api/v1/agents/{agent_id}/preview
2026-10-06T11:20:07.4418752Z   /api/v1/agents/{agent_id}/publications
2026-10-06T11:20:07.4419221Z   /api/v1/agents/{agent_id}/supervision/pin
2026-10-06T11:20:07.4419673Z   /api/v1/agents/{agent_id}/supervision/review
2026-10-06T11:20:07.4420158Z   /api/v1/agents/{agent_id}/supervision/verdicts
2026-10-06T11:20:07.4420591Z   /api/v1/agents/{agent_id}/transfer
2026-10-06T11:20:07.4420998Z   /api/v1/agents/{agent_id}/upgrade
2026-10-06T11:20:07.4421409Z   /api/v1/agents/{agent_id}/upgrade/accept
2026-10-06T11:20:07.4421840Z   /api/v1/agents/{agent_id}/upgrade/decline
2026-10-06T11:20:07.4422256Z   /api/v1/agents/{agent_id}/workspace
2026-10-06T11:20:07.4422615Z   /api/v1/answer
2026-10-06T11:20:07.4422928Z   /api/v1/answer/mark
2026-10-06T11:20:07.4423236Z   /api/v1/approvals
2026-10-06T11:20:07.4423597Z   /api/v1/approvals/{suspension_id}
2026-10-06T11:20:07.4424085Z   /api/v1/approvals/{suspension_id}/decision
2026-10-06T11:20:07.4424669Z   /api/v1/audit
2026-10-06T11:20:07.4424971Z   /api/v1/audit/history
2026-10-06T11:20:07.4425264Z   /api/v1/audit/statistics
2026-10-06T11:20:07.4425574Z   /api/v1/audit/verification
2026-10-06T11:20:07.4425926Z   /api/v1/automation/tool-call
2026-10-06T11:20:07.4426314Z   /api/v1/automations/{automation_id}/adopt
2026-10-06T11:20:07.4426740Z   /api/v1/automations/{automation_id}/pause
2026-10-06T11:20:07.4427169Z   /api/v1/automations/{automation_id}/remove
2026-10-06T11:20:07.4427607Z   /api/v1/automations/{automation_id}/reschedule
2026-10-06T11:20:07.4428051Z   /api/v1/automations/{automation_id}/resume
2026-10-06T11:20:07.4428458Z   /api/v1/builder/form
2026-10-06T11:20:07.4428766Z   /api/v1/channels
2026-10-06T11:20:07.4429071Z   /api/v1/channels/{name}
2026-10-06T11:20:07.4429688Z   /api/v1/channels/{name}/bindings
2026-10-06T11:20:07.4430110Z   /api/v1/channels/{name}/bindings/unbind
2026-10-06T11:20:07.4430531Z   /api/v1/channels/{name}/deliveries
2026-10-06T11:20:07.4430916Z   /api/v1/channels/{name}/events
2026-10-06T11:20:07.4431293Z   /api/v1/channels/{name}/health
2026-10-06T11:20:07.4431656Z   /api/v1/channels/{name}/switch
2026-10-06T11:20:07.4432017Z   /api/v1/channels/{name}/test
2026-10-06T11:20:07.4432361Z   /api/v1/classifications/{entity}
2026-10-06T11:20:07.4432816Z   /api/v1/classifications/{entity}/columns/{column}/marks
2026-10-06T11:20:07.4433396Z   /api/v1/classifications/{entity}/columns/{column}/marks/review
2026-10-06T11:20:07.4433982Z   /api/v1/classifications/{entity}/columns/{column}/review
2026-10-06T11:20:07.4434697Z   /api/v1/classifications/{entity}/table
2026-10-06T11:20:07.4435072Z   /api/v1/connectors
2026-10-06T11:20:07.4435406Z   /api/v1/connectors/consent/callback
2026-10-06T11:20:07.4435795Z   /api/v1/connectors/lark-app
2026-10-06T11:20:07.4436198Z   /api/v1/connectors/lark-app/switch-off
2026-10-06T11:20:07.4436621Z   /api/v1/connectors/lark-app/test
2026-10-06T11:20:07.4437053Z   /api/v1/connectors/lark-app/wiki-spaces
2026-10-06T11:20:07.4437509Z   /api/v1/connectors/{connector}/accept
2026-10-06T11:20:07.4437928Z   /api/v1/connectors/{connector}/consent
2026-10-06T11:20:07.4438321Z   /api/v1/connectors/{connector}/disconnect
2026-10-06T11:20:07.4438765Z   /api/v1/connectors/{connector}/edit
2026-10-06T11:20:07.4439153Z   /api/v1/connectors/{connector}/key
2026-10-06T11:20:07.4439547Z   /api/v1/connectors/{connector}/probe
2026-10-06T11:20:07.4439941Z   /api/v1/connectors/{connector}/steward
2026-10-06T11:20:07.4440434Z   /api/v1/console/agents/{agent_id}/stats
2026-10-06T11:20:07.4440784Z   /api/v1/console/automations
2026-10-06T11:20:07.4441173Z   /api/v1/console/automations/{automation_id}
2026-10-06T11:20:07.4441662Z   /api/v1/console/automations/{automation_id}/stats
2026-10-06T11:20:07.4442210Z   /api/v1/console/channels
2026-10-06T11:20:07.4442623Z   /api/v1/console/channels/{name}
2026-10-06T11:20:07.4443351Z   /api/v1/console/channels/{name}/stats
2026-10-06T11:20:07.4443738Z   /api/v1/console/connectors
2026-10-06T11:20:07.4444097Z   /api/v1/console/connectors/{connector}
2026-10-06T11:20:07.4445375Z   /api/v1/console/connectors/{connector}/drift
2026-10-06T11:20:07.4445850Z   /api/v1/console/connectors/{connector}/export
2026-10-06T11:20:07.4446322Z   /api/v1/console/connectors/{connector}/probe
2026-10-06T11:20:07.4446768Z   /api/v1/console/connectors/{connector}/stats
2026-10-06T11:20:07.4447209Z   /api/v1/console/department/coverage
2026-10-06T11:20:07.4447623Z   /api/v1/console/department/pace
2026-10-06T11:20:07.4447989Z   /api/v1/console/incidents
2026-10-06T11:20:07.4448336Z   /api/v1/console/navigation
2026-10-06T11:20:07.4448701Z   /api/v1/console/overview
2026-10-06T11:20:07.4449062Z   /api/v1/console/overview/figures
2026-10-06T11:20:07.4449455Z   /api/v1/console/skills/{skill_name}/stats
2026-10-06T11:20:07.4449879Z   /api/v1/credentials
2026-10-06T11:20:07.4450240Z   /api/v1/credentials/{family}/{name}
2026-10-06T11:20:07.4450633Z   /api/v1/custom-connectors
2026-10-06T11:20:07.4451007Z   /api/v1/custom-connectors/{name}
2026-10-06T11:20:07.4451428Z   /api/v1/custom-connectors/{name}/review
2026-10-06T11:20:07.4451821Z   /api/v1/data-transfer
2026-10-06T11:20:07.4452177Z   /api/v1/data-transfer/exports
2026-10-06T11:20:07.4452524Z   /api/v1/digest/destination
2026-10-06T11:20:07.4452917Z   /api/v1/errors
2026-10-06T11:20:07.4453219Z   /api/v1/escalations
2026-10-06T11:20:07.4453587Z   /api/v1/govern/access-review
2026-10-06T11:20:07.4453999Z   /api/v1/govern/access-review/decision
2026-10-06T11:20:07.4454656Z   /api/v1/govern/access-review/decisions
2026-10-06T11:20:07.4455093Z   /api/v1/govern/access-review/export
2026-10-06T11:20:07.4455494Z   /api/v1/govern/artifacts
2026-10-06T11:20:07.4455858Z   /api/v1/govern/capabilities
2026-10-06T11:20:07.4456246Z   /api/v1/govern/compliance/breaches
2026-10-06T11:20:07.4457004Z   /api/v1/govern/compliance/breaches/{case_id}/assessment
2026-10-06T11:20:07.4457549Z   /api/v1/govern/compliance/breaches/{case_id}/close
2026-10-06T11:20:07.4458052Z   /api/v1/govern/compliance/breaches/{case_id}/commission
2026-10-06T11:20:07.4458584Z   /api/v1/govern/compliance/breaches/{case_id}/exception
2026-10-06T11:20:07.4459051Z   /api/v1/govern/compliance/breaches/{case_id}/individuals
2026-10-06T11:20:07.4459509Z   /api/v1/govern/compliance/register
2026-10-06T11:20:07.4459891Z   /api/v1/govern/compliance/topics
2026-10-06T11:20:07.4460288Z   /api/v1/govern/compliance/topics/{topic}
2026-10-06T11:20:07.4460666Z   /api/v1/govern/data-steward
2026-10-06T11:20:07.4460996Z   /api/v1/govern/departments
2026-10-06T11:20:07.4461397Z   /api/v1/govern/departments/from-staff-source
2026-10-06T11:20:07.4461824Z   /api/v1/govern/departments/lead
2026-10-06T11:20:07.4462202Z   /api/v1/govern/departments/membership
2026-10-06T11:20:07.4462610Z   /api/v1/govern/departments/rename
2026-10-06T11:20:07.4463053Z   /api/v1/govern/departments/retirement
2026-10-06T11:20:07.4463461Z   /api/v1/govern/departments/scopes
2026-10-06T11:20:07.4463881Z   /api/v1/govern/departments/scopes/rename
2026-10-06T11:20:07.4464525Z   /api/v1/govern/departments/scopes/retirement
2026-10-06T11:20:07.4465020Z   /api/v1/govern/departments/team
2026-10-06T11:20:07.4465448Z   /api/v1/govern/departments/team/rename
2026-10-06T11:20:07.4465919Z   /api/v1/govern/departments/team/retirement
2026-10-06T11:20:07.4466357Z   /api/v1/govern/directory
2026-10-06T11:20:07.4466761Z   /api/v1/govern/directory/department
2026-10-06T11:20:07.4467186Z   /api/v1/govern/directory/{principal_id}
2026-10-06T11:20:07.4467643Z   /api/v1/govern/directory/{principal_id}/work-email
2026-10-06T11:20:07.4468071Z   /api/v1/govern/elevation
2026-10-06T11:20:07.4468437Z   /api/v1/govern/elevation/notices
2026-10-06T11:20:07.4468852Z   /api/v1/govern/elevation/requests
2026-10-06T11:20:07.4469306Z   /api/v1/govern/elevation/requests/{request_id}/decision
2026-10-06T11:20:07.4469740Z   /api/v1/govern/erasures
2026-10-06T11:20:07.4470364Z   /api/v1/govern/escalation-routes
2026-10-06T11:20:07.4470812Z   /api/v1/govern/escalation-routes/{queue}
2026-10-06T11:20:07.4471201Z   /api/v1/govern/grants
2026-10-06T11:20:07.4471553Z   /api/v1/govern/grants/removal
2026-10-06T11:20:07.4471923Z   /api/v1/govern/grants/several
2026-10-06T11:20:07.4472261Z   /api/v1/govern/learning
2026-10-06T11:20:07.4472627Z   /api/v1/govern/learning/settings
2026-10-06T11:20:07.4473022Z   /api/v1/govern/learning/settings/{name}
2026-10-06T11:20:07.4473433Z   /api/v1/govern/learning/undo
2026-10-06T11:20:07.4473778Z   /api/v1/govern/legal-holds
2026-10-06T11:20:07.4474164Z   /api/v1/govern/legal-holds/lift
2026-10-06T11:20:07.4474647Z   /api/v1/govern/library
2026-10-06T11:20:07.4474958Z   /api/v1/govern/memory
2026-10-06T11:20:07.4475263Z   /api/v1/govern/packs
2026-10-06T11:20:07.4475612Z   /api/v1/govern/packs/assignment
2026-10-06T11:20:07.4475987Z   /api/v1/govern/packs/copy
2026-10-06T11:20:07.4476357Z   /api/v1/govern/packs/retirement
2026-10-06T11:20:07.4476745Z   /api/v1/govern/packs/version
2026-10-06T11:20:07.4477081Z   /api/v1/govern/people
2026-10-06T11:20:07.4477397Z   /api/v1/govern/people/disable
2026-10-06T11:20:07.4477719Z   /api/v1/govern/people/enable
2026-10-06T11:20:07.4478055Z   /api/v1/govern/prompts
2026-10-06T11:20:07.4478457Z   /api/v1/govern/prompts/{agent_id}
2026-10-06T11:20:07.4478912Z   /api/v1/govern/prompts/{agent_id}/give-back
2026-10-06T11:20:07.4479345Z   /api/v1/govern/retention
2026-10-06T11:20:07.4479697Z   /api/v1/govern/retention/controls
2026-10-06T11:20:07.4479996Z   /api/v1/govern/retention/exports
2026-10-06T11:20:07.4480254Z   /api/v1/govern/retention/release
2026-10-06T11:20:07.4480519Z   /api/v1/govern/retention/withdrawal
2026-10-06T11:20:07.4480757Z   /api/v1/govern/roles
2026-10-06T11:20:07.4480989Z   /api/v1/govern/roles/appointment
2026-10-06T11:20:07.4481225Z   /api/v1/govern/roles/deputy
2026-10-06T11:20:07.4481474Z   /api/v1/govern/roles/group-rules
2026-10-06T11:20:07.4481960Z   /api/v1/govern/roles/group-rules/retirement
2026-10-06T11:20:07.4482261Z   /api/v1/govern/roles/holders
2026-10-06T11:20:07.4482530Z   /api/v1/govern/roles/misconfigurations
2026-10-06T11:20:07.4482800Z   /api/v1/govern/roles/nominations
2026-10-06T11:20:07.4483121Z   /api/v1/govern/roles/nominations/{nomination_id}/decision
2026-10-06T11:20:07.4483432Z   /api/v1/govern/roles/removal
2026-10-06T11:20:07.4483662Z   /api/v1/govern/scopes
2026-10-06T11:20:07.4483896Z   /api/v1/govern/service-accounts
2026-10-06T11:20:07.4484166Z   /api/v1/govern/service-accounts/keys
2026-10-06T11:20:07.4484678Z   /api/v1/govern/service-accounts/keys/revoke
2026-10-06T11:20:07.4484989Z   /api/v1/govern/service-accounts/retire
2026-10-06T11:20:07.4485275Z   /api/v1/govern/service-accounts/{client_id}
2026-10-06T11:20:07.4485545Z   /api/v1/govern/sessions
2026-10-06T11:20:07.4485775Z   /api/v1/govern/sessions/end
2026-10-06T11:20:07.4486040Z   /api/v1/govern/sessions/end-several
2026-10-06T11:20:07.4486292Z   /api/v1/govern/sign-ins
2026-10-06T11:20:07.4486530Z   /api/v1/govern/sign-ins/unlink
2026-10-06T11:20:07.4486787Z   /api/v1/govern/staff_sources
2026-10-06T11:20:07.4487035Z   /api/v1/govern/staff_sources/connect
2026-10-06T11:20:07.4487373Z   /api/v1/govern/staff_sources/credential
2026-10-06T11:20:07.4487885Z   /api/v1/govern/staff_sources/first-sync
2026-10-06T11:20:07.4488259Z   /api/v1/govern/staff_sources/first-sync/apply
2026-10-06T11:20:07.4488680Z   /api/v1/govern/staff_sources/guides
2026-10-06T11:20:07.4489057Z   /api/v1/govern/staff_sources/runs
2026-10-06T11:20:07.4489443Z   /api/v1/govern/staff_sources/sync
2026-10-06T11:20:07.4489776Z   /api/v1/govern/staff_sources/test
2026-10-06T11:20:07.4490151Z   /api/v1/govern/staff_sources/transfers
2026-10-06T11:20:07.4490558Z   /api/v1/govern/staff_sources/transfers/{agent_id}
2026-10-06T11:20:07.4490943Z   /api/v1/govern/staff_sources/trial
2026-10-06T11:20:07.4491291Z   /api/v1/govern/subscribers
2026-10-06T11:20:07.4491624Z   /api/v1/halts
2026-10-06T11:20:07.4491908Z   /api/v1/halts/resume
2026-10-06T11:20:07.4492310Z   /api/v1/install
2026-10-06T11:20:07.4492623Z   /api/v1/install/capacity
2026-10-06T11:20:07.4492925Z   /api/v1/install/features
2026-10-06T11:20:07.4493260Z   /api/v1/install/features/{name}
2026-10-06T11:20:07.4493617Z   /api/v1/install/limits
2026-10-06T11:20:07.4493942Z   /api/v1/install/recovery
2026-10-06T11:20:07.4494366Z   /api/v1/install/settings
2026-10-06T11:20:07.4494843Z   /api/v1/install/settings/{name}
2026-10-06T11:20:07.4495201Z   /api/v1/install/settings/{name}/default
2026-10-06T11:20:07.4495565Z   /api/v1/install/tuning
2026-10-06T11:20:07.4495865Z   /api/v1/install/tuning/{name}
2026-10-06T11:20:07.4496224Z   /api/v1/install/updates
2026-10-06T11:20:07.4496508Z   /api/v1/jobs
2026-10-06T11:20:07.4496807Z   /api/v1/jobs/{name}
2026-10-06T11:20:07.4497124Z   /api/v1/jobs/{name}/pause
2026-10-06T11:20:07.4497423Z   /api/v1/jobs/{name}/resume
2026-10-06T11:20:07.4497757Z   /api/v1/jobs/{name}/run
2026-10-06T11:20:07.4498055Z   /api/v1/jobs/{name}/runs
2026-10-06T11:20:07.4498426Z   /api/v1/knowledge/corrections
2026-10-06T11:20:07.4498775Z   /api/v1/knowledge/corrections/{candidate_id}
2026-10-06T11:20:07.4499217Z   /api/v1/knowledge/corrections/{candidate_id}/decision
2026-10-06T11:20:07.4499574Z   /api/v1/knowledge/documents
2026-10-06T11:20:07.4499968Z   /api/v1/knowledge/documents/{document_id}
2026-10-06T11:20:07.4500296Z   /api/v1/knowledge/items
2026-10-06T11:20:07.4500651Z   /api/v1/knowledge/items/{item_id}
2026-10-06T11:20:07.4501006Z   /api/v1/knowledge/items/{item_id}/history
2026-10-06T11:20:07.4501397Z   /api/v1/knowledge/items/{item_id}/passages
2026-10-06T11:20:07.4501791Z   /api/v1/knowledge/items/{item_id}/promotion
2026-10-06T11:20:07.4502176Z   /api/v1/knowledge/items/{item_id}/public
2026-10-06T11:20:07.4502551Z   /api/v1/knowledge/items/{item_id}/steward
2026-10-06T11:20:07.4502918Z   /api/v1/knowledge/items/{item_id}/verification
2026-10-06T11:20:07.4503338Z   /api/v1/knowledge/items/{item_id}/versions
2026-10-06T11:20:07.4503751Z   /api/v1/knowledge/links
2026-10-06T11:20:07.4504064Z   /api/v1/knowledge/solutions
2026-10-06T11:20:07.4504572Z   /api/v1/knowledge/solutions/{solution_id}/decision
2026-10-06T11:20:07.4504965Z   /api/v1/knowledge/tasks
2026-10-06T11:20:07.4505296Z   /api/v1/knowledge/tasks/{task_id}/done
2026-10-06T11:20:07.4505651Z   /api/v1/knowledge/uploads
2026-10-06T11:20:07.4505969Z   /api/v1/knowledge/uploads/options
2026-10-06T11:20:07.4506363Z   /api/v1/knowledge/uploads/queued
2026-10-06T11:20:07.4506695Z   /api/v1/knowledge/uploads/queued/{ticket}
2026-10-06T11:20:07.4507090Z   /api/v1/knowledge/verifications
2026-10-06T11:20:07.4507418Z   /api/v1/learning/{memory_id}/promote
2026-10-06T11:20:07.4507770Z   /api/v1/logs
2026-10-06T11:20:07.4508056Z   /api/v1/logs/export
2026-10-06T11:20:07.4508373Z   /api/v1/me
2026-10-06T11:20:07.4508634Z   /api/v1/me/accounts
2026-10-06T11:20:07.4508927Z   /api/v1/me/accounts/{connector}/consent
2026-10-06T11:20:07.4509326Z   /api/v1/me/channels
2026-10-06T11:20:07.4509627Z   /api/v1/me/channels/{name}/code
2026-10-06T11:20:07.4509996Z   /api/v1/me/channels/{name}/unbind
2026-10-06T11:20:07.4510302Z   /api/v1/me/memory/edit
2026-10-06T11:20:07.4510630Z   /api/v1/me/memory/forget
2026-10-06T11:20:07.4510937Z   /api/v1/me/referrals
2026-10-06T11:20:07.4511286Z   /api/v1/me/referrals/{referral_id}/handled
2026-10-06T11:20:07.4511619Z   /api/v1/me/workspace
2026-10-06T11:20:07.4511916Z   /api/v1/models/prices
2026-10-06T11:20:07.4512266Z   /api/v1/models/profile
2026-10-06T11:20:07.4512581Z   /api/v1/models/providers
2026-10-06T11:20:07.4512918Z   /api/v1/models/providers-register
2026-10-06T11:20:07.4513286Z   /api/v1/models/providers/{provider}
2026-10-06T11:20:07.4513648Z   /api/v1/models/providers/{provider}/check
2026-10-06T11:20:07.4514043Z   /api/v1/models/providers/{provider}/retire
2026-10-06T11:20:07.4514644Z   /api/v1/models/providers/{provider}/stats
2026-10-06T11:20:07.4515029Z   /api/v1/models/providers/{provider}/terms
2026-10-06T11:20:07.4515392Z   /api/v1/models/residency
2026-10-06T11:20:07.4515840Z   /api/v1/models/residency/{constraint_id}/retire
2026-10-06T11:20:07.4516218Z   /api/v1/models/tiers/{tier}
2026-10-06T11:20:07.4516539Z   /api/v1/models/tiers/{tier}/reset
2026-10-06T11:20:07.4516893Z   /api/v1/notifications
2026-10-06T11:20:07.4517218Z   /api/v1/notifications/notices/{kind}
2026-10-06T11:20:07.4517590Z   /api/v1/notifications/relay
2026-10-06T11:20:07.4517926Z   /api/v1/notifications/relay/password
2026-10-06T11:20:07.4518310Z   /api/v1/notifications/relay/removal
2026-10-06T11:20:07.4518649Z   /api/v1/notifications/relay/test
2026-10-06T11:20:07.4519025Z   /api/v1/operate/models
2026-10-06T11:20:07.4519310Z   /api/v1/operate/runs
2026-10-06T11:20:07.4519641Z   /api/v1/operations/interrupted
2026-10-06T11:20:07.4519965Z   /api/v1/records/{entity}
2026-10-06T11:20:07.4520299Z   /api/v1/records/{entity}/access
2026-10-06T11:20:07.4520656Z   /api/v1/report/adoption
2026-10-06T11:20:07.4520938Z   /api/v1/report/quality
2026-10-06T11:20:07.4521275Z   /api/v1/report/questions
2026-10-06T11:20:07.4521584Z   /api/v1/report/service-levels
2026-10-06T11:20:07.4521939Z   /api/v1/report/spend
2026-10-06T11:20:07.4522226Z   /api/v1/report/usage
2026-10-06T11:20:07.4522522Z   /api/v1/requirements/checks
2026-10-06T11:20:07.4522844Z   /api/v1/resolution/review
2026-10-06T11:20:07.4523210Z   /api/v1/resolution/review/{item_id}
2026-10-06T11:20:07.4523579Z   /api/v1/resolution/review/{item_id}/decision
2026-10-06T11:20:07.4523944Z   /api/v1/resolution/weights
2026-10-06T11:20:07.4524378Z   /api/v1/resolution/weights/promote
2026-10-06T11:20:07.4524913Z   /api/v1/retrievals/signal
2026-10-06T11:20:07.4525224Z   /api/v1/retrievals/{event_id}/uses
2026-10-06T11:20:07.4525574Z   /api/v1/routing/changes
2026-10-06T11:20:07.4525894Z   /api/v1/routing/export
2026-10-06T11:20:07.4526232Z   /api/v1/routing/golden-questions
2026-10-06T11:20:07.4526631Z   /api/v1/routing/golden-questions/askers
2026-10-06T11:20:07.4527020Z   /api/v1/routing/golden-questions/{question_id}/retire
2026-10-06T11:20:07.4527759Z   /api/v1/routing/rungs
2026-10-06T11:20:07.4528134Z   /api/v1/routing/rungs/{rung_id}
2026-10-06T11:20:07.4528679Z   /api/v1/routing/rungs/{rung_id}/move
2026-10-06T11:20:07.4529112Z   /api/v1/routing/rungs/{rung_id}/retire
2026-10-06T11:20:07.4529609Z   /api/v1/rules
2026-10-06T11:20:07.4529886Z   /api/v1/rules/test
2026-10-06T11:20:07.4530233Z   /api/v1/rules/{rule_id}/retire
2026-10-06T11:20:07.4530557Z   /api/v1/sign-ins
2026-10-06T11:20:07.4530861Z   /api/v1/skills
2026-10-06T11:20:07.4531143Z   /api/v1/skills/imports
2026-10-06T11:20:07.4531427Z   /api/v1/skills/library
2026-10-06T11:20:07.4531773Z   /api/v1/skills/procedures
2026-10-06T11:20:07.4532090Z   /api/v1/skills/{digest}/assignments
2026-10-06T11:20:07.4532478Z   /api/v1/skills/{digest}/categories
2026-10-06T11:20:07.4532810Z   /api/v1/skills/{digest}/detachments
2026-10-06T11:20:07.4533169Z   /api/v1/skills/{digest}/export
2026-10-06T11:20:07.4533528Z   /api/v1/skills/{digest}/rehearsals
2026-10-06T11:20:07.4533894Z   /api/v1/skills/{digest}/reinstatement
2026-10-06T11:20:07.4534402Z   /api/v1/skills/{digest}/retirement
2026-10-06T11:20:07.4534777Z   /api/v1/skills/{digest}/review
2026-10-06T11:20:07.4535145Z   /api/v1/skills/{digest}/versions
2026-10-06T11:20:07.4535511Z   /api/v1/stewardship/self-grants
2026-10-06T11:20:07.4535816Z   /api/v1/storage
2026-10-06T11:20:07.4536124Z   /api/v1/threads
2026-10-06T11:20:07.4536390Z   /api/v1/threads/attachments
2026-10-06T11:20:07.4536749Z   /api/v1/threads/search
2026-10-06T11:20:07.4537082Z   /api/v1/threads/{thread_id}
2026-10-06T11:20:07.4537427Z   /api/v1/threads/{thread_id}/corrections
2026-10-06T11:20:07.4537797Z   /api/v1/threads/{thread_id}/export
2026-10-06T11:20:07.4538121Z   /api/v1/tools
2026-10-06T11:20:07.4538428Z   /api/v1/tools/{name}/switch
2026-10-06T11:20:07.4538723Z   /api/v1/traces/{trace_id}/read
2026-10-06T11:20:07.4539070Z   /api/v1/vault
2026-10-06T11:20:07.4539343Z   /api/v1/webhooks
2026-10-06T11:20:07.4539697Z   /api/v1/webhooks/subscribers
2026-10-06T11:20:07.4540441Z   /api/v1/webhooks/subscribers/{subscriber_id}/deliveries/{handle}/replay
2026-10-06T11:20:07.4541089Z   /api/v1/webhooks/subscribers/{subscriber_id}/secret
2026-10-06T11:20:07.4541508Z   /api/v1/webhooks/subscribers/{subscriber_id}/switch-off
2026-10-06T11:20:07.4542031Z   /api/v1/webhooks/subscribers/{subscriber_id}/switch-on
2026-10-06T11:20:07.4542398Z   /api/v1/widget/questions
2026-10-06T11:20:07.4542708Z   /api/v1/widget/sessions
2026-10-06T11:20:08.1464639Z 
2026-10-06T11:20:08.1465431Z > brain-console@0.1.0 api:types
2026-10-06T11:20:08.1466390Z > openapi-typescript src/api/generated/openapi.internal.json --output src/api/generated/schema.ts
2026-10-06T11:20:08.1466839Z 
2026-10-06T11:20:08.5948907Z ✨ openapi-typescript 7.6.1
2026-10-06T11:20:09.3520248Z 🚀 src/api/generated/openapi.internal.json → src/api/generated/schema.ts [759.1ms]
2026-10-06T11:20:09.3750078Z ##[group]Run npm run typecheck
2026-10-06T11:20:09.3750421Z npm run typecheck
2026-10-06T11:20:09.3785803Z shell: /usr/bin/bash -e {0}
2026-10-06T11:20:09.3786183Z env:
2026-10-06T11:20:09.3786480Z   UV_VERSION: 0.12.9
2026-10-06T11:20:09.3786846Z   UV_CACHE_DIR: /home/runner/work/_temp/setup-uv-cache
2026-10-06T11:20:09.3787235Z ##[endgroup]
2026-10-06T11:20:09.4561853Z 
2026-10-06T11:20:09.4562197Z > brain-console@0.1.0 typecheck
2026-10-06T11:20:09.4562594Z > tsc --noEmit
2026-10-06T11:20:09.4562807Z 
2026-10-06T11:20:19.9553787Z ##[group]Run npm run check:boundaries
2026-10-06T11:20:19.9554725Z npm run check:boundaries
2026-10-06T11:20:19.9590355Z shell: /usr/bin/bash -e {0}
2026-10-06T11:20:19.9590723Z env:
2026-10-06T11:20:19.9591056Z   UV_VERSION: 0.12.9
2026-10-06T11:20:19.9591459Z   UV_CACHE_DIR: /home/runner/work/_temp/setup-uv-cache
2026-10-06T11:20:19.9591843Z ##[endgroup]
2026-10-06T11:20:20.0381991Z 
2026-10-06T11:20:20.0382546Z > brain-console@0.1.0 check:boundaries
2026-10-06T11:20:20.0383077Z > node scripts/check-boundaries.mjs
2026-10-06T11:20:20.0383515Z 
2026-10-06T11:20:20.3695494Z check-boundaries: clean
2026-10-06T11:20:20.3790621Z ##[group]Run npm run test -- --run
2026-10-06T11:20:20.3791030Z npm run test -- --run
2026-10-06T11:20:20.3828893Z shell: /usr/bin/bash -e {0}
2026-10-06T11:20:20.3829266Z env:
2026-10-06T11:20:20.3829591Z   UV_VERSION: 0.12.9
2026-10-06T11:20:20.3830025Z   UV_CACHE_DIR: /home/runner/work/_temp/setup-uv-cache
2026-10-06T11:20:20.3830429Z ##[endgroup]
2026-10-06T11:20:20.4637668Z 
2026-10-06T11:20:20.4638594Z > brain-console@0.1.0 test
2026-10-06T11:20:20.4639205Z > vitest run --run
2026-10-06T11:20:20.4639463Z 
2026-10-06T11:20:20.6945666Z 
2026-10-06T11:20:20.6948667Z  RUN  v4.1.11 /home/runner/work/Verz-OS-v2.0/Verz-OS-v2.0/console
2026-10-06T11:20:20.6949316Z 
2026-10-06T11:20:25.3009185Z stderr | tests/agent-page.test.tsx > where the page is reachable > the bare address opens the Dashboard, and each view is a link to its own address
2026-10-06T11:20:25.3039367Z ⚠️ React Router Future Flag Warning: React Router will begin wrapping state updates in `React.startTransition` in v7. You can use the `v7_startTransition` future flag to opt-in early. For more information, see https://reactrouter.com/v6/upgrading/future#v7_starttransition.
2026-10-06T11:20:25.3045108Z 
2026-10-06T11:20:25.3337229Z stderr | tests/people-access-pages.test.tsx > the People list > it lists every person the directory sent, grant or none, by name, in the order sent
2026-10-06T11:20:25.3341183Z ⚠️ React Router Future Flag Warning: React Router will begin wrapping state updates in `React.startTransition` in v7. You can use the `v7_startTransition` future flag to opt-in early. For more information, see https://reactrouter.com/v6/upgrading/future#v7_starttransition.
2026-10-06T11:20:25.3342876Z 
2026-10-06T11:20:25.3432778Z stderr | tests/connectors-page.test.tsx > the list > every source is a row with its status, and a connected one its index size in ids
2026-10-06T11:20:25.3457043Z ⚠️ React Router Future Flag Warning: React Router will begin wrapping state updates in `React.startTransition` in v7. You can use the `v7_startTransition` future flag to opt-in early. For more information, see https://reactrouter.com/v6/upgrading/future#v7_starttransition.
2026-10-06T11:20:25.3465006Z 
2026-10-06T11:20:31.4079017Z Not implemented: navigation to another Document
2026-10-06T11:20:32.7535943Z  ✓ tests/connectors-page.test.tsx (33 tests) 9717ms
2026-10-06T11:20:32.7576767Z      ✓ every source is a row with its status, and a connected one its index size in ids  2366ms
2026-10-06T11:20:32.7578508Z      ✓ connecting says what each field takes, refuses a blank before asking, and sends the key once  972ms
2026-10-06T11:20:32.7580249Z      ✓ connecting is a flow of the source's own steps, each with its picture, and the form on the last  542ms
2026-10-06T11:20:32.7581969Z      ✓ a source connected at the server shows its steps and no form  468ms
2026-10-06T11:20:32.7583335Z      ✓ closing the flow keeps the step and the settings typed, and never the key  453ms
2026-10-06T11:20:32.7585013Z      ✓ disconnecting from a row is confirmed in the API's words, and keeping it sends nothing  479ms
2026-10-06T11:20:32.7586492Z      ✓ the dashboard draws the stats route's figures and never nought for one it did not send  420ms
2026-10-06T11:20:32.7587973Z      ✓ an edit says what each setting accepts, refuses a blank before asking, and sends settings only  315ms
2026-10-06T11:20:32.7590169Z      ✓ a test is confirmed in the API's words, asked once, waits for the worker and then says what it found  350ms
2026-10-06T11:20:34.3716022Z  ✓ tests/agent-page.test.tsx (34 tests) 10693ms
2026-10-06T11:20:34.3736192Z      ✓ the bare address opens the Dashboard, and each view is a link to its own address  1997ms
2026-10-06T11:20:34.3737973Z      ✓ an address naming a section this reader cannot open lands where the bare address does  889ms
2026-10-06T11:20:34.3739478Z      ✓ the page and its stylesheet are not in the first response, and the page reaches both  1523ms
2026-10-06T11:20:34.3741124Z      ✓ spend nothing records is left out rather than drawn as nought, and a recorded figure is drawn  499ms
2026-10-06T11:20:34.3742646Z      ✓ its figures are the stats route's, and a route that fails draws its sentence and no number  427ms
2026-10-06T11:20:34.3744478Z      ✓ the cards the Settings read is sent are absent for a reader sent no profile, with no heading left over  347ms
2026-10-06T11:20:34.3746128Z      ✓ computer use is a sentence saying it is not offered, with no control, to every reader  352ms
2026-10-06T11:20:34.3747494Z      ✓ a count or a capability the API sends reaches nothing on the page  417ms
2026-10-06T11:20:34.3748700Z      ✓ moving between one agent's views asks for the workspace once  311ms
2026-10-06T11:20:34.3750085Z      ✓ a chat the bot is in is installed and an install taken out, each through a confirmation that sends the chat it named  488ms
2026-10-06T11:20:34.3751839Z      ✓ a reader the groups route refuses is shown no card, and an agent in no chat says how one is offered  413ms
2026-10-06T11:20:34.3753558Z      ✓ the steward sees the channels it answers on and switches them through a confirmation that sends what was drawn  340ms
2026-10-06T11:20:34.7789574Z stderr | tests/operations-pages.test.tsx > Background jobs > each job is named in words with its state and last run, and no identifier or principal id is text
2026-10-06T11:20:34.7792869Z ⚠️ React Router Future Flag Warning: React Router will begin wrapping state updates in `React.startTransition` in v7. You can use the `v7_startTransition` future flag to opt-in early. For more information, see https://reactrouter.com/v6/upgrading/future#v7_starttransition.
2026-10-06T11:20:34.7794750Z 
2026-10-06T11:20:36.7012967Z  ✓ tests/people-access-pages.test.tsx (49 tests) 13729ms
2026-10-06T11:20:36.7015643Z      ✓ it lists every person the directory sent, grant or none, by name, in the order sent  2310ms
2026-10-06T11:20:36.7017542Z      ✓ a count sent beside the people reaches nothing on the page, and a withheld figure is an empty cell  490ms
2026-10-06T11:20:36.7019560Z      ✓ a reader the API offers adding is given a form that says its format, sends nothing blank, and posts only declared keys  632ms
2026-10-06T11:20:36.7021456Z      ✓ with a staff list read, the sentence to pass on is under the list with a Copy button, and without one it is not  548ms
2026-10-06T11:20:36.7023479Z      ✓ selecting people offers one grant to all of them, asked first with each named, and only the confirmation sends  505ms
2026-10-06T11:20:36.7025633Z      ✓ where departments are managed on People, selected people are moved together, asked first, and nowhere else is it offered  663ms
2026-10-06T11:20:36.7028332Z      ✓ it has six views at addresses of their own, an unknown view opens the Overview, and an old address still opens the person  304ms
2026-10-06T11:20:36.7030304Z      ✓ a person the staff list keeps out says why on their Overview, in the API's words, and one it lets in says nothing  306ms
2026-10-06T11:20:36.7032202Z      ✓ Add work email is offered only where the API says, sends only a shaped address, and joins after asking  374ms
2026-10-06T11:20:36.7033889Z      ✓ removing a grant and removing a pack are each asked first and send their declared bodies  387ms
2026-10-06T11:20:36.7035675Z      ✓ the grant form says each field's format, refuses a blank or malformed capability before sending, and sends declared keys  353ms
2026-10-06T11:20:36.7037392Z      ✓ a nomination waiting for the reader is confirmed or declined from its drawer, and the reader's own say their state  527ms
2026-10-06T11:20:36.7039241Z      ✓ a scope is renamed on the Scopes tab through a confirmation, sending the label the page showed  304ms
2026-10-06T11:20:36.7040910Z      ✓ a pack is created with each capability judged before sending, versioned through a confirmation, and retired through one  576ms
2026-10-06T11:20:36.7393127Z stderr | tests/classification-page.test.tsx > what the console asks for > the console sends no query parameter, because the route declares none
2026-10-06T11:20:36.7433048Z ⚠️ React Router Future Flag Warning: React Router will begin wrapping state updates in `React.startTransition` in v7. You can use the `v7_startTransition` future flag to opt-in early. For more information, see https://reactrouter.com/v6/upgrading/future#v7_starttransition.
2026-10-06T11:20:36.7435249Z 
2026-10-06T11:20:39.5309896Z stderr | tests/approvals-page.test.tsx > an approval card on a phone > a long unbroken value breaks inside its card and the artefact keeps its own lines
2026-10-06T11:20:39.5318358Z ⚠️ React Router Future Flag Warning: React Router will begin wrapping state updates in `React.startTransition` in v7. You can use the `v7_startTransition` future flag to opt-in early. For more information, see https://reactrouter.com/v6/upgrading/future#v7_starttransition.
2026-10-06T11:20:39.5344923Z 
2026-10-06T11:20:39.8350588Z  ✓ tests/operations-pages.test.tsx (28 tests) 5775ms
2026-10-06T11:20:39.8355087Z      ✓ each job is named in words with its state and last run, and no identifier or principal id is text  789ms
2026-10-06T11:20:39.8357210Z      ✓ pausing is confirmed with what stops being kept true, sent once from the dialog, and the list is asked again  720ms
2026-10-06T11:20:39.8359128Z      ✓ the Profile names the person who paused it, and the About keeps the identifier in Advanced  308ms
2026-10-06T11:20:39.8360914Z      ✓ nothing having looked is a sentence and no figures, and a restore nobody verified is not recorded rather than blank  352ms
2026-10-06T11:20:39.8362919Z      ✓ a figure outside the bounds is refused before anything is sent, and a figure inside is confirmed and sent  361ms
2026-10-06T11:20:40.0517173Z  ✓ tests/classification-page.test.tsx (33 tests) 3943ms
2026-10-06T11:20:40.0519709Z      ✓ the console sends no query parameter, because the route declares none  700ms
2026-10-06T11:20:40.0521565Z      ✓ hiding the editor changes nothing about what the API is asked  523ms
2026-10-06T11:20:40.0556253Z      ✓ an editor appears only when the API said this caller may propose something  360ms
2026-10-06T11:20:42.2427319Z stderr | tests/knowledge-page.test.tsx > the Knowledge list > it draws each document by title with its department, reach, steward's name, review and state
2026-10-06T11:20:42.2457561Z ⚠️ React Router Future Flag Warning: React Router will begin wrapping state updates in `React.startTransition` in v7. You can use the `v7_startTransition` future flag to opt-in early. For more information, see https://reactrouter.com/v6/upgrading/future#v7_starttransition.
2026-10-06T11:20:42.2485264Z 
2026-10-06T11:20:42.7348966Z stderr | tests/ask-page.test.tsx > asking a question > a question is asked and its answer is read, with what it stands on above it
2026-10-06T11:20:42.7352035Z ⚠️ React Router Future Flag Warning: React Router will begin wrapping state updates in `React.startTransition` in v7. You can use the `v7_startTransition` future flag to opt-in early. For more information, see https://reactrouter.com/v6/upgrading/future#v7_starttransition.
2026-10-06T11:20:42.7353808Z 
2026-10-06T11:20:44.1441343Z  ✓ tests/approvals-page.test.tsx (26 tests) 5319ms
2026-10-06T11:20:44.1449615Z      ✓ a long unbroken value breaks inside its card and the artefact keeps its own lines  778ms
2026-10-06T11:20:44.1451250Z      ✓ a card's link and a section in the navigation are at least a thumb tall on a phone  374ms
2026-10-06T11:20:44.1452770Z      ✓ the approvals sheet arrives with the page and is not in the first response  1130ms
2026-10-06T11:20:44.1453834Z      ✓ an empty queue is one sentence, whatever else the body says, and it has no number in it  325ms
2026-10-06T11:20:44.1455164Z      ✓ a truncated queue says there is more, without a figure, and only when the API says exactly that  336ms
2026-10-06T11:20:44.2662193Z stderr | tests/knowledge-page.test.tsx > the forms > adding a file says which types and sizes it takes before anything is sent, and a blank one sends nothing
2026-10-06T11:20:44.2667305Z ⚠️ React Router Future Flag Warning: Relative route resolution within Splat routes is changing in v7. You can use the `v7_relativeSplatPath` future flag to opt-in early. For more information, see https://reactrouter.com/v6/upgrading/future#v7_relativesplatpath.
2026-10-06T11:20:44.2668842Z 
2026-10-06T11:20:45.5020527Z  ✓ tests/knowledge-page.test.tsx (28 tests) 3970ms
2026-10-06T11:20:45.5022495Z      ✓ it draws each document by title with its department, reach, steward's name, review and state  814ms
2026-10-06T11:20:45.5076399Z      ✓ ticked documents are verified with one review date, after a confirmation, as one request of each id  455ms
2026-10-06T11:20:45.9404900Z  ✓ tests/ask-page.test.tsx (28 tests) 3840ms
2026-10-06T11:20:45.9419641Z      ✓ a question is asked and its answer is read, with what it stands on above it  697ms
2026-10-06T11:20:45.9421046Z      ✓ a refusal is the lane's own sentence, drawn by the code that draws an answer  453ms
2026-10-06T11:20:45.9422307Z      ✓ the ask screen brings neither heavy library into the first response  349ms
2026-10-06T11:20:46.7210202Z stderr | tests/first-run.test.tsx > before anything is asked > a person with no session is sent to sign in and brought back to first run
2026-10-06T11:20:46.7216950Z ⚠️ React Router Future Flag Warning: React Router will begin wrapping state updates in `React.startTransition` in v7. You can use the `v7_startTransition` future flag to opt-in early. For more information, see https://reactrouter.com/v6/upgrading/future#v7_starttransition.
2026-10-06T11:20:46.7225107Z 
2026-10-06T11:20:47.8291912Z stderr | tests/skills-page.test.tsx > what the Skills module asks for and sends > the list asks the library route with parameters it declares and a page size it answers
2026-10-06T11:20:47.8296389Z ⚠️ React Router Future Flag Warning: React Router will begin wrapping state updates in `React.startTransition` in v7. You can use the `v7_startTransition` future flag to opt-in early. For more information, see https://reactrouter.com/v6/upgrading/future#v7_starttransition.
2026-10-06T11:20:47.8298113Z 
2026-10-06T11:20:48.2407768Z stderr | tests/models-module.test.tsx > the providers > each provider is a compact card by the name a person knows, with its status, key, last test and acts
2026-10-06T11:20:48.2412096Z ⚠️ React Router Future Flag Warning: React Router will begin wrapping state updates in `React.startTransition` in v7. You can use the `v7_startTransition` future flag to opt-in early. For more information, see https://reactrouter.com/v6/upgrading/future#v7_starttransition.
2026-10-06T11:20:48.2413962Z 
2026-10-06T11:20:50.6325534Z  ✓ tests/first-run.test.tsx (23 tests) 5039ms
2026-10-06T11:20:50.6327520Z      ✓ a setup still being sent, one that cannot reach the API and one the API failed are three different sentences  511ms
2026-10-06T11:20:51.8718066Z  ✓ tests/auth-session.test.ts (33 tests) 98ms
2026-10-06T11:20:52.0901509Z  ✓ tests/skills-page.test.tsx (23 tests) 5028ms
2026-10-06T11:20:52.0903456Z      ✓ the list asks the library route with parameters it declares and a page size it answers  836ms
2026-10-06T11:20:52.0905904Z      ✓ adding is offered only to a reader who may add, says its format first and posts a checked paste  478ms
2026-10-06T11:20:52.0907930Z      ✓ the Profile lists a procedure's findings with its words and draws nothing for a skill with none  304ms
2026-10-06T11:20:52.0909624Z      ✓ the Dashboard draws the runs that used the skill and its last use, with whose runs they are  345ms
2026-10-06T11:20:52.0911166Z      ✓ a waiting version's examples are rehearsed through an agent in one press, and each outcome is shown with its limit  328ms
2026-10-06T11:20:52.0912310Z      ✓ approving is offered only where the API says, and is confirmed before it is posted  345ms
2026-10-06T11:20:52.3495810Z  ✓ tests/models-module.test.tsx (20 tests) 4775ms
2026-10-06T11:20:52.3542138Z      ✓ each provider is a compact card by the name a person knows, with its status, key, last test and acts  719ms
2026-10-06T11:20:52.3546014Z      ✓ a step pressed on the Models page opens its editor on the Routing page, and the menu there offers Edit alone  625ms
2026-10-06T11:20:52.3548123Z      ✓ pressing a step opens its editor in a drawer at its own address, and its menu does not  525ms
2026-10-06T11:20:52.3549921Z      ✓ a step is moved and retired only from a confirmation, and a held change says why and the way through  441ms
2026-10-06T11:20:53.7897189Z stderr | tests/lark-connect.test.tsx > the flow > shows one step at a time with its picture, and Back and Next keep what was typed
2026-10-06T11:20:53.7907519Z ⚠️ React Router Future Flag Warning: React Router will begin wrapping state updates in `React.startTransition` in v7. You can use the `v7_startTransition` future flag to opt-in early. For more information, see https://reactrouter.com/v6/upgrading/future#v7_starttransition.
2026-10-06T11:20:53.7909529Z 
2026-10-06T11:20:54.7016682Z stderr | tests/records-page.test.tsx > what the console asks for > the entity in the address is the entity asked for
2026-10-06T11:20:54.7019845Z ⚠️ React Router Future Flag Warning: React Router will begin wrapping state updates in `React.startTransition` in v7. You can use the `v7_startTransition` future flag to opt-in early. For more information, see https://reactrouter.com/v6/upgrading/future#v7_starttransition.
2026-10-06T11:20:54.7021304Z 
2026-10-06T11:20:56.4157588Z  ✓ tests/records-page.test.tsx (27 tests) 2859ms
2026-10-06T11:20:56.4185939Z      ✓ the entity in the address is the entity asked for  730ms
2026-10-06T11:20:58.3851939Z  ✓ tests/lark-connect.test.tsx (15 tests) 4889ms
2026-10-06T11:20:58.3866307Z      ✓ shows one step at a time with its picture, and Back and Next keep what was typed  833ms
2026-10-06T11:20:58.3868334Z      ✓ a missing permission sends the administrator to the permissions step with its picture, then the release  490ms
2026-10-06T11:20:58.3870278Z      ✓ a save is confirmed without the secret, sends it once, and forgets the place  452ms
2026-10-06T11:20:58.3871813Z      ✓ the chat channel is saved early with only itself, and its keys stay for the final save  364ms
2026-10-06T11:20:58.3873429Z      ✓ the card replaces Connect Lark, says what is on and when it was tested, and offers adding a use  730ms
2026-10-06T11:20:58.3876653Z      ✓ switching a use off is confirmed in the API's words and sends only that use  435ms
2026-10-06T11:20:58.3878453Z      ✓ the wiki's step offers the spaces the test saw and declares the one given a reach, confirmed  353ms
2026-10-06T11:20:58.7202679Z stderr | tests/channels-page.test.tsx > the Channels list > each channel reads by name with its status, secret, health, bound people and last activity, and no id
2026-10-06T11:20:58.7206011Z ⚠️ React Router Future Flag Warning: React Router will begin wrapping state updates in `React.startTransition` in v7. You can use the `v7_startTransition` future flag to opt-in early. For more information, see https://reactrouter.com/v6/upgrading/future#v7_starttransition.
2026-10-06T11:20:58.7207871Z 
2026-10-06T11:20:59.8631155Z stderr | tests/install-pages.test.tsx > this install > every fact the API sent reaches the screen with its source beside it
2026-10-06T11:20:59.8634545Z ⚠️ React Router Future Flag Warning: React Router will begin wrapping state updates in `React.startTransition` in v7. You can use the `v7_startTransition` future flag to opt-in early. For more information, see https://reactrouter.com/v6/upgrading/future#v7_starttransition.
2026-10-06T11:20:59.8637718Z ⚠️ React Router Future Flag Warning: Relative route resolution within Splat routes is changing in v7. You can use the `v7_relativeSplatPath` future flag to opt-in early. For more information, see https://reactrouter.com/v6/upgrading/future#v7_relativesplatpath.
2026-10-06T11:20:59.8639126Z 
2026-10-06T11:21:01.2655454Z  ✓ tests/install-pages.test.tsx (23 tests) 1509ms
2026-10-06T11:21:01.2660944Z      ✓ every install screen is a native link in the shell, in the menu or in its module's tabs  934ms
2026-10-06T11:21:01.4266324Z  ✓ tests/channels-page.test.tsx (15 tests) 3356ms
2026-10-06T11:21:01.4268452Z      ✓ each channel reads by name with its status, secret, health, bound people and last activity, and no id  764ms
2026-10-06T11:21:01.4316974Z      ✓ unbinding is confirmed, says what it does, and sends that person and nobody else  323ms
2026-10-06T11:21:02.9986244Z stderr | tests/schema-form.test.tsx > what a generated form does build > the form's own buttons and messages are the console's, not the library's
2026-10-06T11:21:03.0006047Z Form validation failed [
2026-10-06T11:21:03.0006987Z   {
2026-10-06T11:21:03.0007589Z     name: 'required',
2026-10-06T11:21:03.0008393Z     property: 'name',
2026-10-06T11:21:03.0009128Z     message: 'Enter the name.',
2026-10-06T11:21:03.0009951Z     params: { missingProperty: 'name' },
2026-10-06T11:21:03.0010692Z     stack: 'Enter the name.',
2026-10-06T11:21:03.0011398Z     schemaPath: '#/required',
2026-10-06T11:21:03.0012088Z     title: 'Name'
2026-10-06T11:21:03.0012700Z   },
2026-10-06T11:21:03.0013221Z   {
2026-10-06T11:21:03.0013808Z     name: 'required',
2026-10-06T11:21:03.0014817Z     property: 'contract_value',
2026-10-06T11:21:03.0015695Z     message: 'Enter the contract value.',
2026-10-06T11:21:03.0016578Z     params: { missingProperty: 'contract_value' },
2026-10-06T11:21:03.0017439Z     stack: 'Enter the contract value.',
2026-10-06T11:21:03.0018147Z     schemaPath: '#/required',
2026-10-06T11:21:03.0018950Z     title: 'Contract value'
2026-10-06T11:21:03.0019515Z   }
2026-10-06T11:21:03.0020091Z ]
2026-10-06T11:21:03.0020415Z 
2026-10-06T11:21:03.4321250Z stderr | tests/schema-form.test.tsx > a generated form drawn from the kit > a field says what it accepts before anything is submitted, and a refusal says what to do
2026-10-06T11:21:03.4325502Z Form validation failed [
2026-10-06T11:21:03.4326322Z   {
2026-10-06T11:21:03.4327000Z     name: 'required',
2026-10-06T11:21:03.4327641Z     property: 'name',
2026-10-06T11:21:03.4328390Z     message: 'Enter the display name.',
2026-10-06T11:21:03.4329218Z     params: { missingProperty: 'name' },
2026-10-06T11:21:03.4330082Z     stack: 'Enter the display name.',
2026-10-06T11:21:03.4330851Z     schemaPath: '#/required',
2026-10-06T11:21:03.4331559Z     title: 'Display name'
2026-10-06T11:21:03.4332206Z   },
2026-10-06T11:21:03.4332665Z   {
2026-10-06T11:21:03.4333354Z     name: 'pattern',
2026-10-06T11:21:03.4334041Z     property: '.code',
2026-10-06T11:21:03.4335241Z     message: 'This is not in the form described above.',
2026-10-06T11:21:03.4336060Z     params: { pattern: '^[a-z]+$' },
2026-10-06T11:21:03.4337015Z     stack: 'Code: This is not in the form described above.',
2026-10-06T11:21:03.4337866Z     schemaPath: '#/properties/code/pattern',
2026-10-06T11:21:03.4338624Z     title: 'Code'
2026-10-06T11:21:03.4339160Z   },
2026-10-06T11:21:03.4339649Z   {
2026-10-06T11:21:03.4340247Z     name: 'minimum',
2026-10-06T11:21:03.4340914Z     property: '.count',
2026-10-06T11:21:03.4341626Z     message: 'Enter 1 or more.',
2026-10-06T11:21:03.4342458Z     params: { comparison: '>=', limit: 1 },
2026-10-06T11:21:03.4343370Z     stack: 'Count: Enter 1 or more.',
2026-10-06T11:21:03.4344101Z     schemaPath: '#/properties/count/minimum',
2026-10-06T11:21:03.4345032Z     title: 'Count'
2026-10-06T11:21:03.4346077Z   }
2026-10-06T11:21:03.4346588Z ]
2026-10-06T11:21:03.4347480Z Form validation failed [
2026-10-06T11:21:03.4348000Z   {
2026-10-06T11:21:03.4348699Z     name: 'maxLength',
2026-10-06T11:21:03.4349343Z     property: '.name',
2026-10-06T11:21:03.4350044Z     message: 'Use at most 5 characters.',
2026-10-06T11:21:03.4350720Z     params: { limit: 5 },
2026-10-06T11:21:03.4351505Z     stack: 'Display name: Use at most 5 characters.',
2026-10-06T11:21:03.4352473Z     schemaPath: '#/properties/name/maxLength',
2026-10-06T11:21:03.4353150Z     title: 'Display name'
2026-10-06T11:21:03.4356660Z   },
2026-10-06T11:21:03.4357676Z  ✓ tests/schema-form.test.tsx (23 tests) 673ms
2026-10-06T11:21:03.4359141Z   {
2026-10-06T11:21:03.4360224Z      ✓ a list's Add button is a kit button with words on it, and pressing it adds a numbered entry that can be removed  361ms
2026-10-06T11:21:03.4361560Z     name: 'pattern',
2026-10-06T11:21:03.4362181Z     property: '.code',
2026-10-06T11:21:03.4363001Z     message: 'This is not in the form described above.',
2026-10-06T11:21:03.4363717Z     params: { pattern: '^[a-z]+$' },
2026-10-06T11:21:03.4364783Z     stack: 'Code: This is not in the form described above.',
2026-10-06T11:21:03.4365559Z     schemaPath: '#/properties/code/pattern',
2026-10-06T11:21:03.4366167Z     title: 'Code'
2026-10-06T11:21:03.4366707Z   },
2026-10-06T11:21:03.4367184Z   {
2026-10-06T11:21:03.4367719Z     name: 'minimum',
2026-10-06T11:21:03.4368340Z     property: '.count',
2026-10-06T11:21:03.4368942Z     message: 'Enter 1 or more.',
2026-10-06T11:21:03.4369757Z     params: { comparison: '>=', limit: 1 },
2026-10-06T11:21:03.4370484Z     stack: 'Count: Enter 1 or more.',
2026-10-06T11:21:03.4371313Z     schemaPath: '#/properties/count/minimum',
2026-10-06T11:21:03.4371972Z     title: 'Count'
2026-10-06T11:21:03.4372572Z   }
2026-10-06T11:21:03.4373013Z ]
2026-10-06T11:21:03.4373352Z 
2026-10-06T11:21:03.8479018Z stderr | tests/agent-drafts-pages.test.tsx > New agent > starting from scratch is confirmed, sends an empty start and lands on the draft
2026-10-06T11:21:03.8483116Z ⚠️ React Router Future Flag Warning: React Router will begin wrapping state updates in `React.startTransition` in v7. You can use the `v7_startTransition` future flag to opt-in early. For more information, see https://reactrouter.com/v6/upgrading/future#v7_starttransition.
2026-10-06T11:21:03.8485239Z 
2026-10-06T11:21:05.3509124Z stderr | tests/staff-sources-page.test.tsx > what the page shows > it reads its six answers on arrival and never the trial, which waits for a press
2026-10-06T11:21:05.3513894Z ⚠️ React Router Future Flag Warning: React Router will begin wrapping state updates in `React.startTransition` in v7. You can use the `v7_startTransition` future flag to opt-in early. For more information, see https://reactrouter.com/v6/upgrading/future#v7_starttransition.
2026-10-06T11:21:05.3516137Z 
2026-10-06T11:21:06.8850245Z stderr | tests/agent-drafts-pages.test.tsx > one draft > on the Write step a missing display name is said in plain words, beside the field, and nothing is sent
2026-10-06T11:21:06.8851500Z Form validation failed [
2026-10-06T11:21:06.8852078Z   {
2026-10-06T11:21:06.8852622Z     name: 'required',
2026-10-06T11:21:06.8853283Z     property: '.identity.display_name',
2026-10-06T11:21:06.8853978Z     message: 'Enter the display name.',
2026-10-06T11:21:06.8854881Z     params: { missingProperty: 'display_name' },
2026-10-06T11:21:06.8855615Z     stack: 'Enter the display name.',
2026-10-06T11:21:06.8856652Z     schemaPath: '#/properties/identity/required',
2026-10-06T11:21:06.8857459Z     title: 'Display name'
2026-10-06T11:21:06.8857925Z   }
2026-10-06T11:21:06.8858386Z ]
2026-10-06T11:21:06.8858604Z 
2026-10-06T11:21:08.4941042Z  ✓ tests/agent-drafts-pages.test.tsx (18 tests) 5255ms
2026-10-06T11:21:08.4942969Z      ✓ starting from scratch is confirmed, sends an empty start and lands on the draft  1027ms
2026-10-06T11:21:08.4944401Z      ✓ starting from a template names it in the question and sends its id  373ms
2026-10-06T11:21:08.4945911Z      ✓ a section saved is confirmed and sends the whole draft with it merged in, from the version shown  409ms
2026-10-06T11:21:08.4947117Z      ✓ a refused save says the API's sentence  341ms
2026-10-06T11:21:08.4948490Z      ✓ on the Write step every list's Add button is found by its name, and a tool added is saved with the draft  880ms
2026-10-06T11:21:08.4950094Z      ✓ on the Write step a missing display name is said in plain words, beside the field, and nothing is sent  360ms
2026-10-06T11:21:08.4951637Z      ✓ Approvals lists the publishes waiting for the reader, and nothing for a reader the API refuses  440ms
2026-10-06T11:21:11.1037656Z stderr | tests/long-lists.test.tsx > long lists > / offers what the table says it offers, and is excused for the rest
2026-10-06T11:21:11.1040962Z ⚠️ React Router Future Flag Warning: React Router will begin wrapping state updates in `React.startTransition` in v7. You can use the `v7_startTransition` future flag to opt-in early. For more information, see https://reactrouter.com/v6/upgrading/future#v7_starttransition.
2026-10-06T11:21:11.1042674Z 
2026-10-06T11:21:11.5635401Z stderr | tests/long-lists.test.tsx > long lists > /access-requests offers what the table says it offers, and is excused for the rest
2026-10-06T11:21:11.5637211Z In HTML, <p> cannot be a descendant of <p>.
2026-10-06T11:21:11.5638420Z This will cause a hydration error.
2026-10-06T11:21:11.5638898Z 
2026-10-06T11:21:11.5639301Z   ...
2026-10-06T11:21:11.5640483Z     <Suspense fallback={<p>}>
2026-10-06T11:21:11.5641143Z       <Outlet>
2026-10-06T11:21:11.5641934Z         <RenderedRoute match={{params:{}, ...}} routeContext={{outlet:null, ...}}>
2026-10-06T11:21:11.5642708Z           <AccessRequestsPage>
2026-10-06T11:21:11.5643655Z             <ListPage crumbs={[...]} title="Access req..." lede="Requests o..." primary={<Button>} notice={<Fragment>} ...>
2026-10-06T11:21:11.5644953Z               <div data-slot="list-page" className="flex min-w...">
2026-10-06T11:21:11.5645578Z                 <PageHeader>
2026-10-06T11:21:11.5646128Z                 <section>
2026-10-06T11:21:11.5646636Z                 <Note>
2026-10-06T11:21:11.5647208Z                 <HandedToAPersonSection>
2026-10-06T11:21:11.5647870Z                   <SectionCard title="Questions ..." lede={<Note>}>
2026-10-06T11:21:11.5649299Z                     <section data-slot="section-card" aria-labelledby="«rd»" id={undefined} className="flex min-w...">
2026-10-06T11:21:11.5650208Z                       <div className="flex items...">
2026-10-06T11:21:11.5650871Z                         <div className="min-w-0">
2026-10-06T11:21:11.5651425Z                           <h2>
2026-10-06T11:21:11.5652219Z >                         <p className="m-0 mt-0.5 text-[12.5px] leading-snug text-dim">
2026-10-06T11:21:11.5652961Z                             <Note>
2026-10-06T11:21:11.5653495Z >                             <p
2026-10-06T11:21:11.5654137Z >                               data-slot="note"
2026-10-06T11:21:11.5654955Z >                               data-kind="info"
2026-10-06T11:21:11.5656489Z >                               className="m-0 flex items-start gap-1.5 text-[12px] leading-relaxed text-dim"
2026-10-06T11:21:11.5657286Z >                             >
2026-10-06T11:21:11.5657794Z                       ...
2026-10-06T11:21:11.5658330Z                 ...
2026-10-06T11:21:11.5658788Z             ...
2026-10-06T11:21:11.5659083Z 
2026-10-06T11:21:11.5659354Z <p> cannot contain a nested <p>.
2026-10-06T11:21:11.7448443Z See this log for the ancestor stack trace.
2026-10-06T11:21:11.7448904Z 
2026-10-06T11:21:11.7450522Z stderr | tests/validated-before-write.test.tsx > a form that writes is judged before it sends > the question form cannot be pressed while the question is empty
2026-10-06T11:21:11.7453679Z ⚠️ React Router Future Flag Warning: React Router will begin wrapping state updates in `React.startTransition` in v7. You can use the `v7_startTransition` future flag to opt-in early. For more information, see https://reactrouter.com/v6/upgrading/future#v7_starttransition.
2026-10-06T11:21:11.7455507Z 
2026-10-06T11:21:13.8932247Z stderr | tests/validated-before-write.test.tsx > a form that writes is judged before it sends > src/pages/classification/ClassificationPage.tsx form 0, submitted blank, sends no write and says what to fill in
2026-10-06T11:21:13.8934493Z Form validation failed [
2026-10-06T11:21:13.8966413Z   {
2026-10-06T11:21:13.8967300Z     name: 'required',
2026-10-06T11:21:13.8968401Z     property: 'required_capability',
2026-10-06T11:21:13.8969477Z     message: 'Enter the required_capability.',
2026-10-06T11:21:13.8970307Z     params: { missingProperty: 'required_capability' },
2026-10-06T11:21:13.8970881Z     stack: 'Enter the required_capability.',
2026-10-06T11:21:13.8971439Z     schemaPath: '#/required',
2026-10-06T11:21:13.8971929Z     title: 'required_capability'
2026-10-06T11:21:13.8972348Z   },
2026-10-06T11:21:13.8972698Z   {
2026-10-06T11:21:13.8973091Z     name: 'required',
2026-10-06T11:21:13.8973525Z     property: 'classification',
2026-10-06T11:21:13.8974036Z     message: 'Choose the classification.',
2026-10-06T11:21:13.8974988Z     params: { missingProperty: 'classification' },
2026-10-06T11:21:13.8975530Z     stack: 'Choose the classification.',
2026-10-06T11:21:13.8976012Z     schemaPath: '#/required',
2026-10-06T11:21:13.8976465Z     title: 'classification'
2026-10-06T11:21:13.8976838Z   },
2026-10-06T11:21:13.8977154Z   {
2026-10-06T11:21:13.8977475Z     name: 'maxItems',
2026-10-06T11:21:13.8977936Z     property: '.derived_from',
2026-10-06T11:21:13.8978391Z     message: 'Add no more than 0.',
2026-10-06T11:21:13.8978868Z     params: { limit: 0 },
2026-10-06T11:21:13.8979325Z     stack: 'derived_from: Add no more than 0.',
2026-10-06T11:21:13.8979911Z     schemaPath: '#/properties/derived_from/maxItems',
2026-10-06T11:21:13.8980396Z     title: 'derived_from'
2026-10-06T11:21:13.8980795Z   },
2026-10-06T11:21:13.8981159Z   {
2026-10-06T11:21:13.8981477Z     name: 'type',
2026-10-06T11:21:13.8981924Z     property: '.derived_from.0',
2026-10-06T11:21:13.8982440Z     message: 'Enter the this answer, or remove it.',
2026-10-06T11:21:13.8982953Z     params: { type: 'string' },
2026-10-06T11:21:13.8983428Z     stack: 'Enter the this answer, or remove it.',
2026-10-06T11:21:13.8984021Z     schemaPath: '#/properties/derived_from/items/type',
2026-10-06T11:21:13.8984637Z     title: ''
2026-10-06T11:21:13.8984987Z   }
2026-10-06T11:21:13.8985309Z ]
2026-10-06T11:21:13.8985481Z 
2026-10-06T11:21:14.1323763Z stderr | tests/validated-before-write.test.tsx > a form that writes is judged before it sends > src/pages/classification/ClassificationPage.tsx form 0, submitted blank, sends no write and says what to fill in
2026-10-06T11:21:14.1326234Z Form validation failed [
2026-10-06T11:21:14.1326890Z   {
2026-10-06T11:21:14.1327370Z     name: 'minLength',
2026-10-06T11:21:14.1328069Z     property: '.entity',
2026-10-06T11:21:14.1328704Z     message: 'Enter the entity.',
2026-10-06T11:21:14.1329361Z     params: { limit: 1 },
2026-10-06T11:21:14.1329943Z     stack: 'Enter the entity.',
2026-10-06T11:21:14.1330658Z     schemaPath: '#/properties/entity/minLength',
2026-10-06T11:21:14.1331336Z     title: 'Entity'
2026-10-06T11:21:14.1331820Z   }
2026-10-06T11:21:14.1332212Z ]
2026-10-06T11:21:14.1332421Z 
2026-10-06T11:21:19.1536379Z  ✓ tests/staff-sources-page.test.tsx (19 tests) 14441ms
2026-10-06T11:21:19.1538032Z      ✓ it reads its six answers on arrival and never the trial, which waits for a press  733ms
2026-10-06T11:21:19.1539695Z      ✓ the status names the source, the last run and whether the credential is held, and counts nothing  389ms
2026-10-06T11:21:19.1541666Z      ✓ it says how people first sign in, what stops them and what to fill in, and the sentence to pass on  395ms
2026-10-06T11:21:19.1543299Z      ✓ a trial press asks the worker once, says it waits, and reads the runs again once the worker has read  5236ms
2026-10-06T11:21:19.1545113Z      ✓ a press is confirmed, asks the worker once, and says what the run did once it has run  5240ms
2026-10-06T11:21:19.1546709Z      ✓ save waits for a test, save and apply are each confirmed, and the secret is never drawn  315ms
2026-10-06T11:21:20.2873950Z  ✓ tests/validated-before-write.test.tsx (30 tests) 10635ms
2026-10-06T11:21:20.2876139Z      ✓ every form in a file that also holds a write is opened here or judged elsewhere with a reason  1258ms
2026-10-06T11:21:20.2881154Z      ✓ the question form cannot be pressed while the question is empty  579ms
2026-10-06T11:21:20.2882823Z      ✓ src/pages/connectors/CustomConnectorsPage.tsx form 0, submitted blank, sends no write and says what to fill in  480ms
2026-10-06T11:21:20.2907754Z      ✓ src/pages/audit/TracePage.tsx form 0, submitted blank, sends no write and says what to fill in  510ms
2026-10-06T11:21:20.2909497Z      ✓ src/components/AgentModelPin.tsx form 3, submitted blank, sends no write and says what to fill in  591ms
2026-10-06T11:21:20.2911363Z      ✓ src/pages/agents/AgentCapabilities.tsx form 2, submitted blank, sends no write and says what to fill in  354ms
2026-10-06T11:21:20.2913095Z      ✓ src/pages/people/PersonPreview.tsx form 0, submitted blank, sends no write and says what to fill in  304ms
2026-10-06T11:21:20.2914860Z      ✓ src/pages/agents/AgentSpend.tsx form 0, submitted blank, sends no write and says what to fill in  312ms
2026-10-06T11:21:20.2916563Z      ✓ src/pages/channels/ChannelProfile.tsx form 0, submitted blank, sends no write and says what to fill in  546ms
2026-10-06T11:21:20.8759218Z  ✓ tests/trace-graph.test.tsx (25 tests) 399ms
2026-10-06T11:21:22.7516394Z stderr | tests/learning-memory-pages.test.tsx > the Learning page > the week's marks are drawn as the API counted them, and not at all when it sent none
2026-10-06T11:21:22.7519770Z ⚠️ React Router Future Flag Warning: React Router will begin wrapping state updates in `React.startTransition` in v7. You can use the `v7_startTransition` future flag to opt-in early. For more information, see https://reactrouter.com/v6/upgrading/future#v7_starttransition.
2026-10-06T11:21:22.7521908Z 
2026-10-06T11:21:22.7706351Z stderr | tests/agents-page.test.tsx > the list > it draws the agents the API returned, in the order it returned them, as links to their pages
2026-10-06T11:21:22.7709383Z ⚠️ React Router Future Flag Warning: React Router will begin wrapping state updates in `React.startTransition` in v7. You can use the `v7_startTransition` future flag to opt-in early. For more information, see https://reactrouter.com/v6/upgrading/future#v7_starttransition.
2026-10-06T11:21:22.7711198Z 
2026-10-06T11:21:25.8655008Z  ✓ tests/learning-memory-pages.test.tsx (22 tests) 3630ms
2026-10-06T11:21:25.8672666Z      ✓ the week's marks are drawn as the API counted them, and not at all when it sent none  711ms
2026-10-06T11:21:25.8706273Z      ✓ undoing is confirmed in the API's words, keeping it sends nothing, and the review is read again  424ms
2026-10-06T11:21:27.2424851Z  ✓ tests/agents-page.test.tsx (20 tests) 5131ms
2026-10-06T11:21:27.2428571Z      ✓ it draws the agents the API returned, in the order it returned them, as links to their pages  655ms
2026-10-06T11:21:27.2430468Z      ✓ the steward is a name and never an id, and the status and leash are drawn only when sent  321ms
2026-10-06T11:21:27.2453458Z      ✓ each row's figures are the stats route's, and a row whose figures cannot be read says so and draws no number  320ms
2026-10-06T11:21:27.2455108Z      ✓ an empty list is one state, whatever else the body says, and it has no number in it  428ms
2026-10-06T11:21:27.2456417Z      ✓ switching an agent off asks the lifecycle route, confirms by name and sends the state it showed  595ms
2026-10-06T11:21:27.2457603Z      ✓ a refusal is the API's own sentence, and nothing is said to have happened  376ms
2026-10-06T11:21:27.2458836Z      ✓ a copy with no name sends nothing and says what to fill in, and a named one sends the digest shown  419ms
2026-10-06T11:21:27.2460023Z      ✓ a name on the list opens the agent, and the agent's trail leads back to the list  506ms
2026-10-06T11:21:27.3678804Z stderr | tests/resolution-review-page.test.tsx > what the Possible duplicates screen draws > a pair by its two names and where each came from, why it is here in words, and its evidence
2026-10-06T11:21:27.3686974Z ⚠️ React Router Future Flag Warning: React Router will begin wrapping state updates in `React.startTransition` in v7. You can use the `v7_startTransition` future flag to opt-in early. For more information, see https://reactrouter.com/v6/upgrading/future#v7_starttransition.
2026-10-06T11:21:27.3688740Z 
2026-10-06T11:21:28.4407144Z  ✓ tests/resolution-review-page.test.tsx (18 tests) 1129ms
2026-10-06T11:21:30.6915102Z stderr | tests/department-console.test.tsx > the menu a department is given > a department's answer is drawn as sent, then the reader's own work, and nothing about the server
2026-10-06T11:21:30.6918409Z ⚠️ React Router Future Flag Warning: React Router will begin wrapping state updates in `React.startTransition` in v7. You can use the `v7_startTransition` future flag to opt-in early. For more information, see https://reactrouter.com/v6/upgrading/future#v7_starttransition.
2026-10-06T11:21:30.6922049Z ⚠️ React Router Future Flag Warning: Relative route resolution within Splat routes is changing in v7. You can use the `v7_relativeSplatPath` future flag to opt-in early. For more information, see https://reactrouter.com/v6/upgrading/future#v7_relativesplatpath.
2026-10-06T11:21:30.6923611Z 
2026-10-06T11:21:31.7426687Z  ❯ tests/destructive-confirmed.test.ts (4 tests | 1 failed) 3083ms
2026-10-06T11:21:31.7466130Z      ✓ every write the control files spell is one the reading found, so the rules below read a real list  2195ms
2026-10-06T11:21:31.7545882Z      × every write sent without a confirmation is recorded as not destructive, with its reason 6ms
2026-10-06T11:21:31.7547765Z      ✓ the removal of a grant, the save, move and retirement of a routing step, and a provider's switch, check and retirement are sent only from a confirmation 1ms
2026-10-06T11:21:31.7549583Z      ✓ every confirmation names what it asks about, says what will happen, and offers a way out  879ms
2026-10-06T11:21:33.1693915Z  ✓ tests/department-console.test.tsx (17 tests) 2651ms
2026-10-06T11:21:33.1697967Z      ✓ before the answer, after a failure and after an unreadable body, only the reader's own work is offered  314ms
2026-10-06T11:21:33.1699762Z      ✓ the API's sentences stand in for a figure it could not send, and no fraction or band is drawn  303ms
2026-10-06T11:21:33.5285881Z  ✓ tests/server-paging.test.tsx (25 tests) 682ms
2026-10-06T11:21:34.8904168Z stderr | tests/page-kit.test.tsx > page header > the trail links every step but the last, which is the page itself, and the actions sit beside the title
2026-10-06T11:21:34.8927638Z ⚠️ React Router Future Flag Warning: React Router will begin wrapping state updates in `React.startTransition` in v7. You can use the `v7_startTransition` future flag to opt-in early. For more information, see https://reactrouter.com/v6/upgrading/future#v7_starttransition.
2026-10-06T11:21:34.8947423Z ⚠️ React Router Future Flag Warning: Relative route resolution within Splat routes is changing in v7. You can use the `v7_relativeSplatPath` future flag to opt-in early. For more information, see https://reactrouter.com/v6/upgrading/future#v7_relativesplatpath.
2026-10-06T11:21:34.8949024Z 
2026-10-06T11:21:35.1843670Z stderr | tests/compliance-page.test.tsx > sensitive topics > each topic names its person by name or says nobody, with the tally and both served sentences
2026-10-06T11:21:35.1887315Z ⚠️ React Router Future Flag Warning: React Router will begin wrapping state updates in `React.startTransition` in v7. You can use the `v7_startTransition` future flag to opt-in early. For more information, see https://reactrouter.com/v6/upgrading/future#v7_starttransition.
2026-10-06T11:21:35.1889201Z 
2026-10-06T11:21:35.5264880Z  ✓ tests/page-kit.test.tsx (21 tests) 1139ms
2026-10-06T11:21:36.8016886Z  ✓ tests/long-lists.test.tsx (94 tests) 31515ms
2026-10-06T11:21:36.8018360Z      ✓ every list the API says can be cut off is measured here, and nothing else is  4434ms
2026-10-06T11:21:36.8019606Z      ✓ / offers what the table says it offers, and is excused for the rest  923ms
2026-10-06T11:21:36.8021106Z      ✓ /access-requests offers what the table says it offers, and is excused for the rest  393ms
2026-10-06T11:21:36.8022122Z      ✓ /access_review offers what the table says it offers, and is excused for the rest  352ms
2026-10-06T11:21:36.8023591Z      ✓ /adoption offers what the table says it offers, and is excused for the rest  325ms
2026-10-06T11:21:36.8024841Z      ✓ /agents offers what the table says it offers, and is excused for the rest  341ms
2026-10-06T11:21:36.8026366Z      ✓ /agents/:agentId/:tab offers what the table says it offers, and is excused for the rest  777ms
2026-10-06T11:21:36.8027908Z      ✓ /channels/:name offers what the table says it offers, and is excused for the rest  774ms
2026-10-06T11:21:36.8029162Z      ✓ /connectors offers what the table says it offers, and is excused for the rest  326ms
2026-10-06T11:21:36.8030148Z      ✓ /department offers what the table says it offers, and is excused for the rest  450ms
2026-10-06T11:21:36.8031112Z      ✓ /department/:view offers what the table says it offers, and is excused for the rest  382ms
2026-10-06T11:21:36.8032084Z      ✓ /departments offers what the table says it offers, and is excused for the rest  407ms
2026-10-06T11:21:36.8032964Z      ✓ /elevation offers what the table says it offers, and is excused for the rest  301ms
2026-10-06T11:21:36.8033939Z      ✓ /jobs/:name offers what the table says it offers, and is excused for the rest  839ms
2026-10-06T11:21:36.8035219Z      ✓ /library offers what the table says it offers, and is excused for the rest  409ms
2026-10-06T11:21:36.8036196Z      ✓ /logs offers what the table says it offers, and is excused for the rest  385ms
2026-10-06T11:21:36.8037577Z      ✓ /models offers what the table says it offers, and is excused for the rest  333ms
2026-10-06T11:21:36.8039167Z      ✓ /models/:provider offers what the table says it offers, and is excused for the rest  347ms
2026-10-06T11:21:36.8040679Z      ✓ /models/:provider/:view offers what the table says it offers, and is excused for the rest  483ms
2026-10-06T11:21:36.8042170Z      ✓ /people offers what the table says it offers, and is excused for the rest  367ms
2026-10-06T11:21:36.8043610Z      ✓ /people/:personId offers what the table says it offers, and is excused for the rest  397ms
2026-10-06T11:21:36.8045356Z      ✓ /people/:personId/:view offers what the table says it offers, and is excused for the rest  434ms
2026-10-06T11:21:36.8046902Z      ✓ /roles offers what the table says it offers, and is excused for the rest  484ms
2026-10-06T11:21:36.8048324Z      ✓ /routing offers what the table says it offers, and is excused for the rest  535ms
2026-10-06T11:21:36.8049745Z      ✓ /routing/:rungId offers what the table says it offers, and is excused for the rest  637ms
2026-10-06T11:21:36.8051169Z      ✓ /scopes offers what the table says it offers, and is excused for the rest  381ms
2026-10-06T11:21:36.8052730Z      ✓ /service-accounts offers what the table says it offers, and is excused for the rest  435ms
2026-10-06T11:21:36.8054201Z      ✓ /sessions offers what the table says it offers, and is excused for the rest  386ms
2026-10-06T11:21:36.8055846Z      ✓ /skills offers what the table says it offers, and is excused for the rest  350ms
2026-10-06T11:21:36.8057517Z      ✓ /skills/:name offers what the table says it offers, and is excused for the rest  567ms
2026-10-06T11:21:36.8059138Z      ✓ /agents/:agentId/:tab offers a filter value only when an answer carried it  339ms
2026-10-06T11:21:36.8463631Z  ✓ tests/compliance-page.test.tsx (19 tests) 1954ms
2026-10-06T11:21:36.8469738Z      ✓ naming a person says what it takes, refuses a blank one, and is confirmed with whom it replaces before the PUT  478ms
2026-10-06T11:21:37.9167132Z stderr | tests/report-dashboards.test.tsx > every Report page > /usage offers the three periods, and choosing one asks for that window
2026-10-06T11:21:37.9227206Z ⚠️ React Router Future Flag Warning: React Router will begin wrapping state updates in `React.startTransition` in v7. You can use the `v7_startTransition` future flag to opt-in early. For more information, see https://reactrouter.com/v6/upgrading/future#v7_starttransition.
2026-10-06T11:21:37.9254648Z 
2026-10-06T11:21:38.4884000Z stderr | tests/audit-page.test.tsx > what the Audit log asks for > every parameter the pages send is one the route declares, the subject's page included
2026-10-06T11:21:38.4887624Z ⚠️ React Router Future Flag Warning: React Router will begin wrapping state updates in `React.startTransition` in v7. You can use the `v7_startTransition` future flag to opt-in early. For more information, see https://reactrouter.com/v6/upgrading/future#v7_starttransition.
2026-10-06T11:21:38.4889489Z 
2026-10-06T11:21:39.6566168Z  ✓ tests/audit-page.test.tsx (15 tests) 1292ms
2026-10-06T11:21:39.6610476Z      ✓ every parameter the pages send is one the route declares, the subject's page included  338ms
2026-10-06T11:21:40.0217592Z stderr | tests/phone-width.test.tsx > every registered page at a phone's width > /access-requests puts a visible Menu button first, before the page, and nothing of the menu beside it
2026-10-06T11:21:40.0247718Z ⚠️ React Router Future Flag Warning: React Router will begin wrapping state updates in `React.startTransition` in v7. You can use the `v7_startTransition` future flag to opt-in early. For more information, see https://reactrouter.com/v6/upgrading/future#v7_starttransition.
2026-10-06T11:21:40.0249487Z 
2026-10-06T11:21:40.1015920Z stderr | tests/phone-width.test.tsx > every registered page at a phone's width > /access-requests puts a visible Menu button first, before the page, and nothing of the menu beside it
2026-10-06T11:21:40.1045721Z In HTML, <p> cannot be a descendant of <p>.
2026-10-06T11:21:40.1065471Z This will cause a hydration error.
2026-10-06T11:21:40.1066031Z 
2026-10-06T11:21:40.1066431Z   ...
2026-10-06T11:21:40.1067102Z     <Suspense fallback={<p>}>
2026-10-06T11:21:40.1067700Z       <Outlet>
2026-10-06T11:21:40.1068513Z         <RenderedRoute match={{params:{}, ...}} routeContext={{outlet:null, ...}}>
2026-10-06T11:21:40.1069373Z           <AccessRequestsPage>
2026-10-06T11:21:40.1070461Z             <ListPage crumbs={[...]} title="Access req..." lede="Requests o..." primary={<Button>} notice={<Fragment>} ...>
2026-10-06T11:21:40.1071675Z               <div data-slot="list-page" className="flex min-w...">
2026-10-06T11:21:40.1072466Z                 <PageHeader>
2026-10-06T11:21:40.1073107Z                 <section>
2026-10-06T11:21:40.1073730Z                 <Note>
2026-10-06T11:21:40.1074435Z                 <HandedToAPersonSection>
2026-10-06T11:21:40.1075320Z                   <SectionCard title="Questions ..." lede={<Note>}>
2026-10-06T11:21:40.1076728Z                     <section data-slot="section-card" aria-labelledby="«r9»" id={undefined} className="flex min-w...">
2026-10-06T11:21:40.1077845Z                       <div className="flex items...">
2026-10-06T11:21:40.1079121Z                         <div className="min-w-0">
2026-10-06T11:21:40.1079837Z                           <h2>
2026-10-06T11:21:40.1080805Z >                         <p className="m-0 mt-0.5 text-[12.5px] leading-snug text-dim">
2026-10-06T11:21:40.1081660Z                             <Note>
2026-10-06T11:21:40.1082367Z >                             <p
2026-10-06T11:21:40.1083047Z >                               data-slot="note"
2026-10-06T11:21:40.1083920Z >                               data-kind="info"
2026-10-06T11:21:40.1085096Z >                               className="m-0 flex items-start gap-1.5 text-[12px] leading-relaxed text-dim"
2026-10-06T11:21:40.1128145Z >                             >
2026-10-06T11:21:40.1134964Z                       ...
2026-10-06T11:21:40.1164986Z                 ...
2026-10-06T11:21:40.1185157Z             ...
2026-10-06T11:21:40.1189779Z 
2026-10-06T11:21:40.1190399Z <p> cannot contain a nested <p>.
2026-10-06T11:21:40.1191365Z See this log for the ancestor stack trace.
2026-10-06T11:21:40.1191848Z 
2026-10-06T11:21:41.1351132Z stderr | tests/review-pages.test.tsx > access review > a row reads as the holder's name, what they hold and who granted it, and no principal id is printed
2026-10-06T11:21:41.1366967Z ⚠️ React Router Future Flag Warning: React Router will begin wrapping state updates in `React.startTransition` in v7. You can use the `v7_startTransition` future flag to opt-in early. For more information, see https://reactrouter.com/v6/upgrading/future#v7_starttransition.
2026-10-06T11:21:41.1368817Z 
2026-10-06T11:21:41.6330696Z  ✓ tests/report-dashboards.test.tsx (21 tests) 4521ms
2026-10-06T11:21:41.6406249Z      ✓ /usage offers the three periods, and choosing one asks for that window  965ms
2026-10-06T11:21:42.2651284Z Not implemented: navigation to another Document
2026-10-06T11:21:42.9296673Z  ✓ tests/review-pages.test.tsx (11 tests) 1872ms
2026-10-06T11:21:42.9346296Z      ✓ removing is confirmed in the API's words, sends the three declared keys, and the list is asked again  478ms
2026-10-06T11:21:42.9357009Z      ✓ a decidable request is approved through its confirmation, and one that is not offers no decision  303ms
2026-10-06T11:21:43.3709256Z stderr | tests/retention-page.test.tsx > releasing and withdrawing the sweep > a release is confirmed with the report's counts and the API's sentence, then sent
2026-10-06T11:21:43.3715945Z ⚠️ React Router Future Flag Warning: React Router will begin wrapping state updates in `React.startTransition` in v7. You can use the `v7_startTransition` future flag to opt-in early. For more information, see https://reactrouter.com/v6/upgrading/future#v7_starttransition.
2026-10-06T11:21:43.3717981Z 
2026-10-06T11:21:45.0003093Z  ✓ tests/retention-page.test.tsx (17 tests) 1827ms
2026-10-06T11:21:45.0004985Z      ✓ a release is confirmed with the report's counts and the API's sentence, then sent  476ms
2026-10-06T11:21:45.1118637Z stderr | tests/agent-figures.test.tsx > the header's role line > it says what the agent is for, its department, its steward and its template by name and version
2026-10-06T11:21:45.1147307Z ⚠️ React Router Future Flag Warning: React Router will begin wrapping state updates in `React.startTransition` in v7. You can use the `v7_startTransition` future flag to opt-in early. For more information, see https://reactrouter.com/v6/upgrading/future#v7_starttransition.
2026-10-06T11:21:45.1156871Z 
2026-10-06T11:21:47.0112475Z stderr | tests/automation-gallery.test.tsx > the gallery on the Automations tab > every template the API sent is drawn in its order, with its schedule and what it offers this reader
2026-10-06T11:21:47.0116717Z ⚠️ React Router Future Flag Warning: React Router will begin wrapping state updates in `React.startTransition` in v7. You can use the `v7_startTransition` future flag to opt-in early. For more information, see https://reactrouter.com/v6/upgrading/future#v7_starttransition.
2026-10-06T11:21:47.0145618Z 
2026-10-06T11:21:47.9176380Z  ✓ tests/agent-figures.test.tsx (14 tests) 3382ms
2026-10-06T11:21:47.9197007Z      ✓ it says what the agent is for, its department, its steward and its template by name and version  725ms
2026-10-06T11:21:47.9198962Z      ✓ a part the API did not send is left out, and a header sent none of them has no role line  422ms
2026-10-06T11:21:47.9200676Z      ✓ a section the API's strip holds and this page draws is listed at its own address  372ms
2026-10-06T11:21:48.6772333Z  ✓ tests/automation-gallery.test.tsx (9 tests) 2689ms
2026-10-06T11:21:48.6787161Z      ✓ every template the API sent is drawn in its order, with its schedule and what it offers this reader  307ms
2026-10-06T11:21:48.6806139Z      ✓ the gallery is asked for when its section is first opened and never for moving between the agent's views  374ms
2026-10-06T11:21:50.6855042Z  ✓ tests/tailwind-foundation.test.ts (14 tests) 1235ms
2026-10-06T11:21:50.6858438Z      ✓ no class name an old page uses comes out as a utility, whatever Tailwind reads  449ms
2026-10-06T11:21:50.8679731Z stderr | tests/ask-citations.test.tsx > citations on the Ask screen > a record citation is a link to its rows, with how fresh the read was
2026-10-06T11:21:50.8684124Z ⚠️ React Router Future Flag Warning: React Router will begin wrapping state updates in `React.startTransition` in v7. You can use the `v7_startTransition` future flag to opt-in early. For more information, see https://reactrouter.com/v6/upgrading/future#v7_starttransition.
2026-10-06T11:21:50.8686076Z 
2026-10-06T11:21:52.0362130Z  ✓ tests/ask-citations.test.tsx (16 tests) 1760ms
2026-10-06T11:21:52.0363742Z      ✓ a record citation is a link to its rows, with how fresh the read was  629ms
2026-10-06T11:21:52.5326133Z stderr | tests/approvals-phone.test.tsx > the frame an approval opens in, on a phone > on a phone the menu is a drawer behind a Menu button, so the page starts under the header
2026-10-06T11:21:52.5330508Z ⚠️ React Router Future Flag Warning: React Router will begin wrapping state updates in `React.startTransition` in v7. You can use the `v7_startTransition` future flag to opt-in early. For more information, see https://reactrouter.com/v6/upgrading/future#v7_starttransition.
2026-10-06T11:21:52.5332358Z 
2026-10-06T11:21:53.4389262Z stderr | tests/settings-page.test.tsx > what the Settings screen draws > each value with where it came from, a missing identity value said as not set, and identifiers only in Advanced
2026-10-06T11:21:53.4447373Z ⚠️ React Router Future Flag Warning: React Router will begin wrapping state updates in `React.startTransition` in v7. You can use the `v7_startTransition` future flag to opt-in early. For more information, see https://reactrouter.com/v6/upgrading/future#v7_starttransition.
2026-10-06T11:21:53.4473436Z 
2026-10-06T11:21:53.9079241Z  ✓ tests/approvals-phone.test.tsx (8 tests) 1943ms
2026-10-06T11:21:53.9081537Z      ✓ on a phone the menu is a drawer behind a Menu button, so the page starts under the header  674ms
2026-10-06T11:21:53.9083518Z      ✓ a confirmed decision puts focus on the sentence saying so, in the queue and on a card opened from a link  427ms
2026-10-06T11:21:54.3789006Z  ✓ tests/settings-page.test.tsx (11 tests) 1004ms
2026-10-06T11:21:56.4777016Z stderr | tests/skip-to-answer.test.tsx > the skip-to-answer control > once an answer is drawn, the first tab stop past the form is the control, ahead of what the answer stands on
2026-10-06T11:21:56.4787801Z ⚠️ React Router Future Flag Warning: React Router will begin wrapping state updates in `React.startTransition` in v7. You can use the `v7_startTransition` future flag to opt-in early. For more information, see https://reactrouter.com/v6/upgrading/future#v7_starttransition.
2026-10-06T11:21:56.4789491Z 
2026-10-06T11:21:57.7253572Z  ✓ tests/procedure-canvas.test.tsx (13 tests) 2155ms
2026-10-06T11:21:57.7255316Z      ✓ React Flow is imported in one file, handed no change handler anywhere, and the procedure draws through it  1584ms
2026-10-06T11:21:58.1150179Z  ✓ tests/skip-to-answer.test.tsx (10 tests) 2268ms
2026-10-06T11:21:58.1152113Z      ✓ once an answer is drawn, the first tab stop past the form is the control, ahead of what the answer stands on  906ms
2026-10-06T11:21:58.1186413Z      ✓ a refusal and a stream that failed are offered the same control, and it reaches their sentence  306ms
2026-10-06T11:21:59.7777237Z stderr | tests/ask-conversations.test.tsx > a conversation on Ask > a follow-up continues the thread the answer was kept in, and a new conversation sends none
2026-10-06T11:21:59.7817467Z ⚠️ React Router Future Flag Warning: React Router will begin wrapping state updates in `React.startTransition` in v7. You can use the `v7_startTransition` future flag to opt-in early. For more information, see https://reactrouter.com/v6/upgrading/future#v7_starttransition.
2026-10-06T11:21:59.7845073Z 
2026-10-06T11:22:00.1783042Z stderr | tests/overview-page.test.tsx > what the Overview draws > the health strip draws the halts the API sent, none only over a state it read, and never why
2026-10-06T11:22:00.1799421Z ⚠️ React Router Future Flag Warning: React Router will begin wrapping state updates in `React.startTransition` in v7. You can use the `v7_startTransition` future flag to opt-in early. For more information, see https://reactrouter.com/v6/upgrading/future#v7_starttransition.
2026-10-06T11:22:00.1800394Z 
2026-10-06T11:22:01.3967027Z  ✓ tests/ask-conversations.test.tsx (14 tests) 2439ms
2026-10-06T11:22:01.3993893Z      ✓ a follow-up continues the thread the answer was kept in, and a new conversation sends none  902ms
2026-10-06T11:22:02.8757641Z  ✓ tests/overview-page.test.tsx (16 tests) 3270ms
2026-10-06T11:22:02.8786073Z      ✓ the health strip draws the halts the API sent, none only over a state it read, and never why  1161ms
2026-10-06T11:22:02.8788482Z      ✓ quick actions offer only the pages in this reader's menu, and Ask always  533ms
2026-10-06T11:22:03.5008886Z stderr | tests/webhooks-page.test.tsx > the Webhooks list > a subscriber reads as where it is told, what about, its state and secret, and its registrar is no id
2026-10-06T11:22:03.5038093Z ⚠️ React Router Future Flag Warning: React Router will begin wrapping state updates in `React.startTransition` in v7. You can use the `v7_startTransition` future flag to opt-in early. For more information, see https://reactrouter.com/v6/upgrading/future#v7_starttransition.
2026-10-06T11:22:03.5045277Z 
2026-10-06T11:22:05.1517204Z stderr | tests/first-run-staff-list.test.tsx > reading the list before setup is sent > a spreadsheet is chosen, read, drawn as the people it adds, and kept out of the appointment
2026-10-06T11:22:05.1520440Z ⚠️ React Router Future Flag Warning: React Router will begin wrapping state updates in `React.startTransition` in v7. You can use the `v7_startTransition` future flag to opt-in early. For more information, see https://reactrouter.com/v6/upgrading/future#v7_starttransition.
2026-10-06T11:22:05.1521863Z 
2026-10-06T11:22:05.3745480Z  ✓ tests/webhooks-page.test.tsx (12 tests) 2502ms
2026-10-06T11:22:05.3776444Z      ✓ a subscriber reads as where it is told, what about, its state and secret, and its registrar is no id  707ms
2026-10-06T11:22:05.3786241Z      ✓ a blank registration says what to fill in beside each field before anything is asked or sent  305ms
2026-10-06T11:22:05.3788531Z      ✓ registering is confirmed in the API's words and sends exactly the route's four fields, then forgets the secret  310ms
2026-10-06T11:22:05.8101075Z  ✓ tests/first-run-staff-list.test.tsx (7 tests) 1644ms
2026-10-06T11:22:05.8105288Z      ✓ a spreadsheet is chosen, read, drawn as the people it adds, and kept out of the appointment  313ms
2026-10-06T11:22:07.0794880Z  ✓ tests/data-table.test.tsx (18 tests) 192ms
2026-10-06T11:22:07.9197166Z stderr | tests/credentials-page.test.tsx > the list > every slot is drawn by name and kind with whether a value is held, when, and what outranks it, and never a path
2026-10-06T11:22:07.9200990Z ⚠️ React Router Future Flag Warning: React Router will begin wrapping state updates in `React.startTransition` in v7. You can use the `v7_startTransition` future flag to opt-in early. For more information, see https://reactrouter.com/v6/upgrading/future#v7_starttransition.
2026-10-06T11:22:07.9224864Z 
2026-10-06T11:22:09.0350552Z stderr | tests/agent-capabilities.test.tsx > connectors > each connector is drawn with its own monogram, the row holds five and the rest open as the reader's own
2026-10-06T11:22:09.0355229Z ⚠️ React Router Future Flag Warning: React Router will begin wrapping state updates in `React.startTransition` in v7. You can use the `v7_startTransition` future flag to opt-in early. For more information, see https://reactrouter.com/v6/upgrading/future#v7_starttransition.
2026-10-06T11:22:09.0356948Z 
2026-10-06T11:22:09.7256275Z  ✓ tests/credentials-page.test.tsx (9 tests) 2500ms
2026-10-06T11:22:09.7282123Z      ✓ every slot is drawn by name and kind with whether a value is held, when, and what outranks it, and never a path  799ms
2026-10-06T11:22:09.7284129Z      ✓ the vault's seal and policies are above the list, and a live read waiting on the owner is said  303ms
2026-10-06T11:22:09.7286138Z      ✓ a value is sent only from its confirmation, is never drawn back, and what the field accepts is said before it is sent  388ms
2026-10-06T11:22:09.7289435Z      ✓ a key pair is one write of both fields, and a slot that is not offered says why and draws no form  359ms
2026-10-06T11:22:11.5085829Z  ✓ tests/agent-capabilities.test.tsx (11 tests) 3201ms
2026-10-06T11:22:11.5089814Z      ✓ each connector is drawn with its own monogram, the row holds five and the rest open as the reader's own  770ms
2026-10-06T11:22:11.5091885Z      ✓ an approved library skill is offered to attach, confirmed first, and an unreviewed one only as a link to its review  472ms
2026-10-06T11:22:13.7471149Z stderr | tests/manifest-form.test.tsx > a form generated from the manifest schema > the model's bound on a name is the bound the rendered form enforces
2026-10-06T11:22:13.7472636Z Form validation failed [
2026-10-06T11:22:13.7473433Z   {
2026-10-06T11:22:13.7474901Z     name: 'maxLength',
2026-10-06T11:22:13.7475630Z     property: '.identity.display_name',
2026-10-06T11:22:13.7476492Z     message: 'Use at most 120 characters.',
2026-10-06T11:22:13.7477164Z     params: { limit: 120 },
2026-10-06T11:22:13.7477986Z     stack: 'Display name: Use at most 120 characters.',
2026-10-06T11:22:13.7478997Z     schemaPath: '#/properties/identity/properties/display_name/maxLength',
2026-10-06T11:22:13.7479849Z     title: 'Display name'
2026-10-06T11:22:13.7480317Z   }
2026-10-06T11:22:13.7480702Z ]
2026-10-06T11:22:13.7480927Z 
2026-10-06T11:22:15.5967398Z  ✓ tests/manifest-form.test.tsx (11 tests) 2136ms
2026-10-06T11:22:15.5969558Z      ✓ every list has an Add button named for it, and each adds an entry to its own list  1362ms
2026-10-06T11:22:18.1717432Z  ✓ tests/ui-structure.test.tsx (13 tests) 807ms
2026-10-06T11:22:19.1921742Z  ❯ tests/console-audit.test.ts (8 tests | 1 failed) 7124ms
2026-10-06T11:22:19.1923530Z      ✓ the areas are the standard's own bullets, in its order, and each is judged 2ms
2026-10-06T11:22:19.1925554Z      × every table, installation value, route and address is claimed by an area or excused, and nothing else is 6427ms
2026-10-06T11:22:19.1927126Z      ✓ every gap names a leaf the work breakdown holds or says why it is not one 6ms
2026-10-06T11:22:19.1928881Z      ✓ every write a screen sends is mapped to the routes it reaches, and the mapping is built by the call's own function 178ms
2026-10-06T11:22:19.1930600Z      ✓ every read made after an action is built by the function the console uses 33ms
2026-10-06T11:22:19.1932321Z      ✓ every proof names a Python test that exists, and says truly whether it needs a database 84ms
2026-10-06T11:22:19.1933948Z      ✓ docs/console-audit/ is what the code says today, file by file, and holds nothing else 159ms
2026-10-06T11:22:19.1935884Z      ✓ the files carry every area and every write, so splitting them dropped nothing 232ms
2026-10-06T11:22:19.5792352Z stderr | tests/sessions-page.test.tsx > what the sessions page asks for > the listing sends only what the route declares, and the bulk bound is the route's
2026-10-06T11:22:19.5797150Z ⚠️ React Router Future Flag Warning: React Router will begin wrapping state updates in `React.startTransition` in v7. You can use the `v7_startTransition` future flag to opt-in early. For more information, see https://reactrouter.com/v6/upgrading/future#v7_starttransition.
2026-10-06T11:22:19.5799042Z 
2026-10-06T11:22:20.7736434Z  ✓ tests/sessions-page.test.tsx (8 tests) 1284ms
2026-10-06T11:22:20.7741501Z      ✓ ending one is confirmed in the API's words, keeping it sends nothing, and confirming sends the one declared key  406ms
2026-10-06T11:22:20.7756494Z      ✓ ending several lists each one first, leaves out the ones it may not end, and says what came of each  308ms
2026-10-06T11:22:21.1923332Z stderr | tests/notifications-page.test.tsx > the Notifications page > each notice says who is told and whether it is sent, a fixed one says always on, and people are names
2026-10-06T11:22:21.1937605Z ⚠️ React Router Future Flag Warning: React Router will begin wrapping state updates in `React.startTransition` in v7. You can use the `v7_startTransition` future flag to opt-in early. For more information, see https://reactrouter.com/v6/upgrading/future#v7_starttransition.
2026-10-06T11:22:21.1939405Z 
2026-10-06T11:22:22.7686383Z  ✓ tests/phone-width.test.tsx (246 tests) 43883ms
2026-10-06T11:22:22.7688296Z      ✓ /access-requests puts a visible Menu button first, before the page, and nothing of the menu beside it  312ms
2026-10-06T11:22:22.7690304Z      ✓ /agent-templates/:templateId puts a visible Menu button first, before the page, and nothing of the menu beside it  453ms
2026-10-06T11:22:22.7692145Z      ✓ /agents/:agentId/:tab puts a visible Menu button first, before the page, and nothing of the menu beside it  306ms
2026-10-06T11:22:22.7693971Z      ✓ /agents/drafts/:draftId puts a visible Menu button first, before the page, and nothing of the menu beside it  513ms
2026-10-06T11:22:22.7695970Z      ✓ /audit/trace puts a visible Menu button first, before the page, and nothing of the menu beside it  408ms
2026-10-06T11:22:22.7697756Z      ✓ /automations/:automationId puts a visible Menu button first, before the page, and nothing of the menu beside it  400ms
2026-10-06T11:22:22.7702892Z      ✓ /channels/:name puts a visible Menu button first, before the page, and nothing of the menu beside it  450ms
2026-10-06T11:22:22.7704937Z      ✓ /classification puts a visible Menu button first, before the page, and nothing of the menu beside it  402ms
2026-10-06T11:22:22.7706722Z      ✓ /connectors/:connector puts a visible Menu button first, before the page, and nothing of the menu beside it  521ms
2026-10-06T11:22:22.7708480Z      ✓ /jobs/:name puts a visible Menu button first, before the page, and nothing of the menu beside it  433ms
2026-10-06T11:22:22.7710136Z      ✓ /people puts a visible Menu button first, before the page, and nothing of the menu beside it  405ms
2026-10-06T11:22:22.7711668Z      ✓ /routing puts a visible Menu button first, before the page, and nothing of the menu beside it  483ms
2026-10-06T11:22:22.7713091Z      ✓ /routing/:rungId puts a visible Menu button first, before the page, and nothing of the menu beside it  353ms
2026-10-06T11:22:22.7714433Z      ✓ /service-accounts/:clientId puts a visible Menu button first, before the page, and nothing of the menu beside it  405ms
2026-10-06T11:22:22.7715654Z      ✓ /skills/:name puts a visible Menu button first, before the page, and nothing of the menu beside it  424ms
2026-10-06T11:22:22.7717602Z      ✓ /tools/:name puts a visible Menu button first, before the page, and nothing of the menu beside it  387ms
2026-10-06T11:22:22.7718728Z      ✓ /webhooks/:id puts a visible Menu button first, before the page, and nothing of the menu beside it  422ms
2026-10-06T11:22:22.7720061Z      ✓ at / the Menu button opens a drawer holding every entry a thumb tall, and closing it gives focus back  398ms
2026-10-06T11:22:22.7721237Z      ✓ /agents/:agentId/:tab lets every value the API sent break inside the screen  527ms
2026-10-06T11:22:22.7722205Z      ✓ /connectors/:connector/:view lets every value the API sent break inside the screen  325ms
2026-10-06T11:22:22.9956975Z stderr | tests/automations-page.test.tsx > the list > every automation sent is a row with its agent, whom it runs as and its state, and no id
2026-10-06T11:22:22.9960362Z ⚠️ React Router Future Flag Warning: React Router will begin wrapping state updates in `React.startTransition` in v7. You can use the `v7_startTransition` future flag to opt-in early. For more information, see https://reactrouter.com/v6/upgrading/future#v7_starttransition.
2026-10-06T11:22:22.9962030Z 
2026-10-06T11:22:23.2376833Z  ✓ tests/notifications-page.test.tsx (10 tests) 2653ms
2026-10-06T11:22:23.2378490Z      ✓ each notice says who is told and whether it is sent, a fixed one says always on, and people are names  697ms
2026-10-06T11:22:23.2419643Z      ✓ switching a notice off is confirmed in the API's words and sends only the switch  377ms
2026-10-06T11:22:23.2421463Z      ✓ the relay form says what each field accepts, a blank one is said beside it, and a save sends the route's five fields  381ms
2026-10-06T11:22:23.2423266Z      ✓ removing the relay is confirmed in the API's words and offered only while a relay is saved  360ms
2026-10-06T11:22:25.0597414Z  ✓ tests/automations-page.test.tsx (11 tests) 2953ms
2026-10-06T11:22:25.0602782Z      ✓ every automation sent is a row with its agent, whom it runs as and its state, and no id  814ms
2026-10-06T11:22:25.0614485Z      ✓ only the changes the API offers are drawn, and a pause is sent only once it is confirmed  627ms
2026-10-06T11:22:25.0626902Z      ✓ the schedule form says what it accepts first, asks the day of a weekly one, and sends it  402ms
2026-10-06T11:22:25.0628733Z      ✓ an ownerless automation offers adoption and a removed one offers nothing live  384ms
2026-10-06T11:22:25.2781495Z  ✓ tests/ui-overlays.test.tsx (10 tests) 896ms
2026-10-06T11:22:26.4066284Z  ✓ tests/status-primitives.test.tsx (15 tests) 1413ms
2026-10-06T11:22:26.4096004Z      ✓ a tone is never computed from data outside the module that owns the table  1167ms
2026-10-06T11:22:26.8437460Z stderr | tests/requirement-checks-page.test.tsx > the requirement checks page > where the register and each area stand, and one area's requirements with their proof and evidence
2026-10-06T11:22:26.8440961Z ⚠️ React Router Future Flag Warning: React Router will begin wrapping state updates in `React.startTransition` in v7. You can use the `v7_startTransition` future flag to opt-in early. For more information, see https://reactrouter.com/v6/upgrading/future#v7_starttransition.
2026-10-06T11:22:26.8464845Z 
2026-10-06T11:22:27.0656784Z stderr | tests/sign-in-links-page.test.tsx > what the links page asks for > the listing and both writes send only what their routes declare
2026-10-06T11:22:27.0660469Z ⚠️ React Router Future Flag Warning: React Router will begin wrapping state updates in `React.startTransition` in v7. You can use the `v7_startTransition` future flag to opt-in early. For more information, see https://reactrouter.com/v6/upgrading/future#v7_starttransition.
2026-10-06T11:22:27.0694843Z 
2026-10-06T11:22:27.7820335Z  ✓ tests/requirement-checks-page.test.tsx (7 tests) 1003ms
2026-10-06T11:22:27.7872439Z      ✓ a check filled in is sent as the API takes it and the row shows it afterwards, by name  321ms
2026-10-06T11:22:28.2556591Z  ✓ tests/sign-in-links-page.test.tsx (10 tests) 1308ms
2026-10-06T11:22:28.2558279Z      ✓ unlinking is confirmed, warns you about your own, sends one key and asks for the list again  532ms
2026-10-06T11:22:28.6901321Z stderr | tests/agent-artifacts.test.tsx > the Artifacts section > it lists what was produced with who it was for, what fed it, how long it is kept, and the figures
2026-10-06T11:22:28.6977391Z ⚠️ React Router Future Flag Warning: React Router will begin wrapping state updates in `React.startTransition` in v7. You can use the `v7_startTransition` future flag to opt-in early. For more information, see https://reactrouter.com/v6/upgrading/future#v7_starttransition.
2026-10-06T11:22:28.7004852Z 
2026-10-06T11:22:29.4366108Z Not implemented: navigation to another Document
2026-10-06T11:22:30.0406834Z stderr | tests/agent-memory.test.tsx > the Memory section > it draws what is remembered as text, stated apart from inferred, apart from what it keeps about you
2026-10-06T11:22:30.0427343Z ⚠️ React Router Future Flag Warning: React Router will begin wrapping state updates in `React.startTransition` in v7. You can use the `v7_startTransition` future flag to opt-in early. For more information, see https://reactrouter.com/v6/upgrading/future#v7_starttransition.
2026-10-06T11:22:30.0475198Z 
2026-10-06T11:22:30.9416663Z  ✓ tests/agent-artifacts.test.tsx (8 tests) 2878ms
2026-10-06T11:22:30.9506881Z      ✓ it lists what was produced with who it was for, what fed it, how long it is kept, and the figures  799ms
2026-10-06T11:22:30.9536446Z      ✓ a filter asks the API again with the type, the person and the days, and never narrows in the page  339ms
2026-10-06T11:22:30.9616112Z      ✓ an archive is offered only where the API said so and is sent from its confirmation  415ms
2026-10-06T11:22:30.9632129Z      ✓ a replacement names the newer version chosen in its confirmation  481ms
2026-10-06T11:22:30.9676201Z      ✓ nothing listed says so without claiming what anybody else may see, and an unread store says why  401ms
2026-10-06T11:22:32.0466231Z  ✓ tests/agent-memory.test.tsx (8 tests) 2600ms
2026-10-06T11:22:32.0517787Z      ✓ it draws what is remembered as text, stated apart from inferred, apart from what it keeps about you  723ms
2026-10-06T11:22:32.0594550Z      ✓ every change is drawn with its diff and what caused it  314ms
2026-10-06T11:22:32.0676009Z      ✓ a correction says its format, refuses a blank, and is sent only from its confirmation  472ms
2026-10-06T11:22:32.0765818Z      ✓ a learned rule offers Promote where the API said so, says how many agree, and is pressed from its confirmation  317ms
2026-10-06T11:22:32.0907140Z  ✓ tests/ui-rules.test.ts (9 tests) 2094ms
2026-10-06T11:22:32.0944757Z      ✓ a badge's colour is written at the call site and never chosen from data  1270ms
2026-10-06T11:22:32.6644908Z stderr | tests/access-requests-page.test.tsx > the Access requests page > a department request is sent as the route declares it and the reply is drawn as sent
2026-10-06T11:22:32.6648336Z ⚠️ React Router Future Flag Warning: React Router will begin wrapping state updates in `React.startTransition` in v7. You can use the `v7_startTransition` future flag to opt-in early. For more information, see https://reactrouter.com/v6/upgrading/future#v7_starttransition.
2026-10-06T11:22:32.6649958Z 
2026-10-06T11:22:33.6114718Z stderr | tests/access-requests-page.test.tsx > the Access requests page > a question handed to the reader shows who asked, the question, what was tried and what is needed
2026-10-06T11:22:33.6116854Z In HTML, <p> cannot be a descendant of <p>.
2026-10-06T11:22:33.6117771Z This will cause a hydration error.
2026-10-06T11:22:33.6118217Z 
2026-10-06T11:22:33.6118515Z   ...
2026-10-06T11:22:33.6119154Z     <DataRoutes routes={[...]} future={{...}} state={{...}}>
2026-10-06T11:22:33.6120330Z       <RenderErrorBoundary location={{pathname:"...", ...}} revalidation="idle" component={<DefaultErrorComponent>} ...>
2026-10-06T11:22:33.6121511Z         <RenderedRoute match={{params:{}, ...}} routeContext={{outlet:null, ...}}>
2026-10-06T11:22:33.6122372Z           <AccessRequestsPage>
2026-10-06T11:22:33.6123378Z             <ListPage crumbs={[...]} title="Access req..." lede="Requests o..." primary={<Button>} notice={<Fragment>} ...>
2026-10-06T11:22:33.6124540Z               <div data-slot="list-page" className="flex min-w...">
2026-10-06T11:22:33.6125188Z                 <PageHeader>
2026-10-06T11:22:33.6125776Z                 <section>
2026-10-06T11:22:33.6126321Z                 <HandedToAPersonSection>
2026-10-06T11:22:33.6127069Z                   <SectionCard title="Questions ..." lede={<Note>}>
2026-10-06T11:22:33.6128314Z                     <section data-slot="section-card" aria-labelledby="«r2m»" id={undefined} className="flex min-w...">
2026-10-06T11:22:33.6129338Z                       <div className="flex items...">
2026-10-06T11:22:33.6130024Z                         <div className="min-w-0">
2026-10-06T11:22:33.6130605Z                           <h2>
2026-10-06T11:22:33.6131474Z >                         <p className="m-0 mt-0.5 text-[12.5px] leading-snug text-dim">
2026-10-06T11:22:33.6132173Z                             <Note>
2026-10-06T11:22:33.6132771Z >                             <p
2026-10-06T11:22:33.6133330Z >                               data-slot="note"
2026-10-06T11:22:33.6134066Z >                               data-kind="info"
2026-10-06T11:22:33.6135398Z >                               className="m-0 flex items-start gap-1.5 text-[12px] leading-relaxed text-dim"
2026-10-06T11:22:33.6136327Z >                             >
2026-10-06T11:22:33.6136878Z                       ...
2026-10-06T11:22:33.6137488Z                 ...
2026-10-06T11:22:33.6137912Z             ...
2026-10-06T11:22:33.6138162Z 
2026-10-06T11:22:33.6138451Z <p> cannot contain a nested <p>.
2026-10-06T11:22:33.6139043Z See this log for the ancestor stack trace.
2026-10-06T11:22:33.6139352Z 
2026-10-06T11:22:33.7171914Z  ✓ tests/access-requests-page.test.tsx (12 tests) 1150ms
2026-10-06T11:22:33.7173690Z      ✓ a department request is sent as the route declares it and the reply is drawn as sent  339ms
2026-10-06T11:22:33.7186150Z      ✓ a request is marked handled only through its confirmation, and a handled one offers no mark  366ms
2026-10-06T11:22:34.1603396Z stderr | tests/service-accounts-page.test.tsx > the list > draws the reader's accounts by name, with no key handle, and each capability they cannot use marked
2026-10-06T11:22:34.1608340Z ⚠️ React Router Future Flag Warning: React Router will begin wrapping state updates in `React.startTransition` in v7. You can use the `v7_startTransition` future flag to opt-in early. For more information, see https://reactrouter.com/v6/upgrading/future#v7_starttransition.
2026-10-06T11:22:34.1610299Z 
2026-10-06T11:22:34.3256692Z stderr | tests/shell-navigation.test.tsx > the navigation > the navigation is identical for every session the API gives the same answer
2026-10-06T11:22:34.3344971Z ⚠️ React Router Future Flag Warning: React Router will begin wrapping state updates in `React.startTransition` in v7. You can use the `v7_startTransition` future flag to opt-in early. For more information, see https://reactrouter.com/v6/upgrading/future#v7_starttransition.
2026-10-06T11:22:34.3376917Z ⚠️ React Router Future Flag Warning: Relative route resolution within Splat routes is changing in v7. You can use the `v7_relativeSplatPath` future flag to opt-in early. For more information, see https://reactrouter.com/v6/upgrading/future#v7_relativesplatpath.
2026-10-06T11:22:34.3424887Z 
2026-10-06T11:22:35.7296577Z stderr | tests/second-factor.test.tsx > a failure that asks for a second factor > a screen refused for a sign-in with no second factor shows the API's sentence and a way to sign in again
2026-10-06T11:22:35.7298807Z ⚠️ React Router Future Flag Warning: React Router will begin wrapping state updates in `React.startTransition` in v7. You can use the `v7_startTransition` future flag to opt-in early. For more information, see https://reactrouter.com/v6/upgrading/future#v7_starttransition.
2026-10-06T11:22:35.7299771Z 
2026-10-06T11:22:36.0224660Z  ✓ tests/shell-navigation.test.tsx (9 tests) 1914ms
2026-10-06T11:22:36.0246281Z      ✓ the navigation is identical for every session the API gives the same answer  505ms
2026-10-06T11:22:36.0260231Z      ✓ the navigation lists the same sections on every page  370ms
2026-10-06T11:22:36.0752079Z  ✓ tests/service-accounts-page.test.tsx (8 tests) 2583ms
2026-10-06T11:22:36.0753796Z      ✓ draws the reader's accounts by name, with no key handle, and each capability they cannot use marked  695ms
2026-10-06T11:22:36.0756176Z      ✓ registering says what every field accepts first, refuses blanks beside them, and sends no owner  760ms
2026-10-06T11:22:36.0757729Z      ✓ an issued key is shown once in its drawer and is gone from the page once kept  333ms
2026-10-06T11:22:36.6421328Z  ✓ tests/second-factor.test.tsx (9 tests) 1483ms
2026-10-06T11:22:36.6424568Z      ✓ a sign-in the API says needs a second factor gets a banner naming what is withheld and a way to sign in again  346ms
2026-10-06T11:22:37.1805399Z  ✓ tests/api-errors.test.tsx (16 tests) 64ms
2026-10-06T11:22:38.4347653Z  ✓ tests/ui-controls.test.tsx (11 tests) 511ms
2026-10-06T11:22:38.7951598Z stderr | tests/agent-leash.test.tsx > the leash block > a rung is changed from the form only through its confirmation, which says a rise is judged
2026-10-06T11:22:38.7955302Z ⚠️ React Router Future Flag Warning: React Router will begin wrapping state updates in `React.startTransition` in v7. You can use the `v7_startTransition` future flag to opt-in early. For more information, see https://reactrouter.com/v6/upgrading/future#v7_starttransition.
2026-10-06T11:22:38.7965057Z 
2026-10-06T11:22:39.2964050Z stderr | tests/agent-automations.test.tsx > the installed automations on the Automations tab > each automation is drawn with what it runs as, when, its last run, and only the controls the API offered
2026-10-06T11:22:39.2987342Z ⚠️ React Router Future Flag Warning: React Router will begin wrapping state updates in `React.startTransition` in v7. You can use the `v7_startTransition` future flag to opt-in early. For more information, see https://reactrouter.com/v6/upgrading/future#v7_starttransition.
2026-10-06T11:22:39.3014900Z 
2026-10-06T11:22:40.0272159Z  ✓ tests/agent-automations.test.tsx (4 tests) 1684ms
2026-10-06T11:22:40.0274142Z      ✓ each automation is drawn with what it runs as, when, its last run, and only the controls the API offered  749ms
2026-10-06T11:22:40.0867884Z stderr | tests/field-problems.test.tsx > a hand-built form > a validation refusal draws each problem beside its own input and lists the rest under the notice
2026-10-06T11:22:40.0888343Z ⚠️ React Router Future Flag Warning: React Router will begin wrapping state updates in `React.startTransition` in v7. You can use the `v7_startTransition` future flag to opt-in early. For more information, see https://reactrouter.com/v6/upgrading/future#v7_starttransition.
2026-10-06T11:22:40.0890329Z 
2026-10-06T11:22:40.3308557Z  ✓ tests/agent-leash.test.tsx (7 tests) 2187ms
2026-10-06T11:22:40.3320275Z      ✓ a rung is changed from the form only through its confirmation, which says a rise is judged  992ms
2026-10-06T11:22:40.6022157Z  ✓ tests/field-problems.test.tsx (5 tests) 603ms
2026-10-06T11:22:40.6090462Z      ✓ a validation refusal draws each problem beside its own input and lists the rest under the notice  395ms
2026-10-06T11:22:42.1466642Z stderr | tests/agent-upgrade.test.tsx > a newer version on the Profile > it draws the three columns of a conflict and what else changes, marking what only the publisher sets
2026-10-06T11:22:42.1469522Z ⚠️ React Router Future Flag Warning: React Router will begin wrapping state updates in `React.startTransition` in v7. You can use the `v7_startTransition` future flag to opt-in early. For more information, see https://reactrouter.com/v6/upgrading/future#v7_starttransition.
2026-10-06T11:22:42.1514795Z 
2026-10-06T11:22:42.3079356Z stderr | tests/connector-consent.test.tsx > the page the vendor sends the person back to > hands the answer over once, says what it came to and offers the source's page
2026-10-06T11:22:42.3094755Z ⚠️ React Router Future Flag Warning: React Router will begin wrapping state updates in `React.startTransition` in v7. You can use the `v7_startTransition` future flag to opt-in early. For more information, see https://reactrouter.com/v6/upgrading/future#v7_starttransition.
2026-10-06T11:22:42.3114977Z 
2026-10-06T11:22:42.4086036Z  ✓ tests/connector-consent.test.tsx (10 tests) 475ms
2026-10-06T11:22:42.6316493Z stderr | tests/classification-upload.test.tsx > uploading a price list > the file goes to the table's own address as base64 and the table opens
2026-10-06T11:22:42.6319621Z ⚠️ React Router Future Flag Warning: React Router will begin wrapping state updates in `React.startTransition` in v7. You can use the `v7_startTransition` future flag to opt-in early. For more information, see https://reactrouter.com/v6/upgrading/future#v7_starttransition.
2026-10-06T11:22:42.6359841Z 
2026-10-06T11:22:43.2732642Z  ✓ tests/classification-upload.test.tsx (6 tests) 1283ms
2026-10-06T11:22:43.2744936Z      ✓ the file goes to the table's own address as base64 and the table opens  771ms
2026-10-06T11:22:43.2746896Z      ✓ a mark is reviewed, then applied exactly as reviewed, and the epoch it moved is shown  329ms
2026-10-06T11:22:43.9050809Z stderr | tests/my-workspace-page.test.tsx > what the workspace asks for > the request names nobody, because the route declares nothing that could
2026-10-06T11:22:43.9067417Z ⚠️ React Router Future Flag Warning: React Router will begin wrapping state updates in `React.startTransition` in v7. You can use the `v7_startTransition` future flag to opt-in early. For more information, see https://reactrouter.com/v6/upgrading/future#v7_starttransition.
2026-10-06T11:22:43.9069502Z 
2026-10-06T11:22:44.1785940Z  ✓ tests/agent-upgrade.test.tsx (7 tests) 2596ms
2026-10-06T11:22:44.1806251Z      ✓ it draws the three columns of a conflict and what else changes, marking what only the publisher sets  682ms
2026-10-06T11:22:44.1831736Z      ✓ a version nobody has said no to is a badge in the header, and one somebody turned away is not  429ms
2026-10-06T11:22:44.1833693Z      ✓ the upgrade waits until every conflict has an answer, says why, and sends the answers with what was drawn  456ms
2026-10-06T11:22:44.1835624Z      ✓ an agent on the newest version, a declined one the reader may not act on, and one with no install draw no card  463ms
2026-10-06T11:22:44.4076248Z  ✓ tests/my-workspace-page.test.tsx (6 tests) 574ms
2026-10-06T11:22:45.0222352Z  ✓ tests/listing.test.tsx (8 tests) 526ms
2026-10-06T11:22:46.1316568Z  ✓ tests/theme.test.ts (12 tests) 34ms
2026-10-06T11:22:46.2071722Z  ✓ tests/config.test.tsx (14 tests) 1008ms
2026-10-06T11:22:46.2097977Z      ✓ a misconfigured console names the setting on the screen  974ms
2026-10-06T11:22:46.4997103Z stderr | tests/data-steward-card.test.tsx > the data steward card > a reader the API refuses is shown no card, and an appointed steward is named with no control
2026-10-06T11:22:46.5000085Z ⚠️ React Router Future Flag Warning: React Router will begin wrapping state updates in `React.startTransition` in v7. You can use the `v7_startTransition` future flag to opt-in early. For more information, see https://reactrouter.com/v6/upgrading/future#v7_starttransition.
2026-10-06T11:22:46.5024757Z 
2026-10-06T11:22:47.6801406Z  ✓ tests/data-steward-card.test.tsx (6 tests) 2220ms
2026-10-06T11:22:47.6833598Z      ✓ a reader the API refuses is shown no card, and an appointed steward is named with no control  973ms
2026-10-06T11:22:47.7098882Z stderr | tests/rules-page.test.tsx > what the Quick answers screen draws > a rule by its words, where it answers and what it answers with, and its id in Advanced alone
2026-10-06T11:22:47.7102566Z ⚠️ React Router Future Flag Warning: React Router will begin wrapping state updates in `React.startTransition` in v7. You can use the `v7_startTransition` future flag to opt-in early. For more information, see https://reactrouter.com/v6/upgrading/future#v7_starttransition.
2026-10-06T11:22:47.7104657Z 
2026-10-06T11:22:48.2676464Z stderr | tests/agent-templates.test.tsx > the catalogue > lists each template by name with where it came from, and no publisher id
2026-10-06T11:22:48.2688756Z ⚠️ React Router Future Flag Warning: React Router will begin wrapping state updates in `React.startTransition` in v7. You can use the `v7_startTransition` future flag to opt-in early. For more information, see https://reactrouter.com/v6/upgrading/future#v7_starttransition.
2026-10-06T11:22:48.2715686Z 
2026-10-06T11:22:48.5202723Z  ✓ tests/rules-page.test.tsx (7 tests) 1214ms
2026-10-06T11:22:48.5204644Z      ✓ a rule by its words, where it answers and what it answers with, and its id in Advanced alone  478ms
2026-10-06T11:22:49.4056763Z  ✓ tests/agent-templates.test.tsx (7 tests) 1821ms
2026-10-06T11:22:49.4058431Z      ✓ lists each template by name with where it came from, and no publisher id  712ms
2026-10-06T11:22:49.4060350Z      ✓ installing sends the digest the page read, only from its confirmation, and opens the new agent  506ms
2026-10-06T11:22:49.8722415Z stderr | tests/agent-tools.test.tsx > the tools block > a carried tool is detached only through its confirmation, which says runs stop being handed it
2026-10-06T11:22:49.8727847Z ⚠️ React Router Future Flag Warning: React Router will begin wrapping state updates in `React.startTransition` in v7. You can use the `v7_startTransition` future flag to opt-in early. For more information, see https://reactrouter.com/v6/upgrading/future#v7_starttransition.
2026-10-06T11:22:49.8729715Z 
2026-10-06T11:22:50.8901438Z stderr | tests/tools-page.test.tsx > the list > every tool with its source, effect and status, and one sentence about what a switch is
2026-10-06T11:22:50.8904562Z ⚠️ React Router Future Flag Warning: React Router will begin wrapping state updates in `React.startTransition` in v7. You can use the `v7_startTransition` future flag to opt-in early. For more information, see https://reactrouter.com/v6/upgrading/future#v7_starttransition.
2026-10-06T11:22:50.8906229Z 
2026-10-06T11:22:50.9463692Z stderr | tests/routing.test.tsx > addresses behind the guard > the root address renders the overview
2026-10-06T11:22:50.9497218Z ⚠️ React Router Future Flag Warning: React Router will begin wrapping state updates in `React.startTransition` in v7. You can use the `v7_startTransition` future flag to opt-in early. For more information, see https://reactrouter.com/v6/upgrading/future#v7_starttransition.
2026-10-06T11:22:50.9498386Z 
2026-10-06T11:22:51.1926936Z  ✓ tests/agent-tools.test.tsx (6 tests) 1922ms
2026-10-06T11:22:51.1936469Z      ✓ a carried tool is detached only through its confirmation, which says runs stop being handed it  944ms
2026-10-06T11:22:51.1937772Z      ✓ a tool the API offered is attached from its confirmation  318ms
2026-10-06T11:22:51.5577525Z  ✓ tests/tools-page.test.tsx (8 tests) 728ms
2026-10-06T11:22:51.5579774Z      ✓ is confirmed, says what a reason must be before it is sent, posts the place and the note, and re-reads  302ms
2026-10-06T11:22:52.2963064Z  ✓ tests/api-client.test.ts (9 tests) 46ms
2026-10-06T11:22:52.5986335Z  ✓ tests/routing.test.tsx (10 tests) 2940ms
2026-10-06T11:22:52.6015906Z      ✓ the root address renders the overview  812ms
2026-10-06T11:22:52.6037231Z      ✓ every section in the navigation resolves to a page  644ms
2026-10-06T11:22:53.7345023Z stderr | tests/model-prices.test.tsx > the prices card > each model is drawn with its price in whole currency and whether its calls are costed
2026-10-06T11:22:53.7377705Z ⚠️ React Router Future Flag Warning: React Router will begin wrapping state updates in `React.startTransition` in v7. You can use the `v7_startTransition` future flag to opt-in early. For more information, see https://reactrouter.com/v6/upgrading/future#v7_starttransition.
2026-10-06T11:22:53.7409811Z 
2026-10-06T11:22:54.2017196Z  ✓ tests/model-prices.test.tsx (5 tests) 1440ms
2026-10-06T11:22:54.2019487Z      ✓ each model is drawn with its price in whole currency and whether its calls are costed  778ms
2026-10-06T11:22:54.2903489Z stderr | tests/walk-findings.test.tsx > the Platform screens' two profiles > Capacity calls the install's size its install size, and a size that declares nothing says so
2026-10-06T11:22:54.2917519Z ⚠️ React Router Future Flag Warning: React Router will begin wrapping state updates in `React.startTransition` in v7. You can use the `v7_startTransition` future flag to opt-in early. For more information, see https://reactrouter.com/v6/upgrading/future#v7_starttransition.
2026-10-06T11:22:54.2919092Z 
2026-10-06T11:22:54.3223936Z  ✓ tests/walk-findings.test.tsx (9 tests) 364ms
2026-10-06T11:22:55.0257204Z stderr | tests/screen-states.test.tsx > loading, empty, unreachable and failed on every registered page > /auth/callback sends no request when it is opened
2026-10-06T11:22:55.0277228Z ⚠️ React Router Future Flag Warning: React Router will begin wrapping state updates in `React.startTransition` in v7. You can use the `v7_startTransition` future flag to opt-in early. For more information, see https://reactrouter.com/v6/upgrading/future#v7_starttransition.
2026-10-06T11:22:55.0344633Z 
2026-10-06T11:22:55.4789243Z  ✓ tests/auth-pkce.test.ts (10 tests) 19ms
2026-10-06T11:22:55.5487050Z stderr | tests/prompts-page.test.tsx > what the Prompts screen draws > the system instructions with no control beside them, and an agent's saying whose they are with ids only in Advanced
2026-10-06T11:22:55.5491292Z ⚠️ React Router Future Flag Warning: React Router will begin wrapping state updates in `React.startTransition` in v7. You can use the `v7_startTransition` future flag to opt-in early. For more information, see https://reactrouter.com/v6/upgrading/future#v7_starttransition.
2026-10-06T11:22:55.5493425Z 
2026-10-06T11:22:55.9367655Z  ✓ tests/prompts-page.test.tsx (5 tests) 729ms
2026-10-06T11:22:55.9376260Z      ✓ the system instructions with no control beside them, and an agent's saying whose they are with ids only in Advanced  386ms
2026-10-06T11:22:56.9492966Z stderr | tests/custom-connectors-page.test.tsx > the Add an API page > the form sends every field the route declares and draws a refused ceiling by its field
2026-10-06T11:22:56.9498461Z ⚠️ React Router Future Flag Warning: React Router will begin wrapping state updates in `React.startTransition` in v7. You can use the `v7_startTransition` future flag to opt-in early. For more information, see https://reactrouter.com/v6/upgrading/future#v7_starttransition.
2026-10-06T11:22:56.9500035Z 
2026-10-06T11:22:57.2927046Z stderr | tests/features-page.test.tsx > what the Features screen draws > a feature with its sentences and that nobody has switched it, with its readers in Advanced
2026-10-06T11:22:57.2931445Z ⚠️ React Router Future Flag Warning: React Router will begin wrapping state updates in `React.startTransition` in v7. You can use the `v7_startTransition` future flag to opt-in early. For more information, see https://reactrouter.com/v6/upgrading/future#v7_starttransition.
2026-10-06T11:22:57.2974800Z 
2026-10-06T11:22:57.4576702Z  ✓ tests/custom-connectors-page.test.tsx (5 tests) 590ms
2026-10-06T11:22:57.6724513Z  ✓ tests/features-page.test.tsx (5 tests) 445ms
2026-10-06T11:22:58.4140253Z stderr | tests/screen-states.test.tsx > loading, empty, unreachable and failed on every registered page > /access-requests says loading, empty, unreachable and failed in four different sentences
2026-10-06T11:22:58.4142335Z In HTML, <p> cannot be a descendant of <p>.
2026-10-06T11:22:58.4143030Z This will cause a hydration error.
2026-10-06T11:22:58.4143430Z 
2026-10-06T11:22:58.4143816Z   ...
2026-10-06T11:22:58.4144563Z     <Suspense fallback={<p>}>
2026-10-06T11:22:58.4145178Z       <Outlet>
2026-10-06T11:22:58.4145878Z         <RenderedRoute match={{params:{}, ...}} routeContext={{outlet:null, ...}}>
2026-10-06T11:22:58.4146626Z           <AccessRequestsPage>
2026-10-06T11:22:58.4147549Z             <ListPage crumbs={[...]} title="Access req..." lede="Requests o..." primary={<Button>} notice={<Fragment>} ...>
2026-10-06T11:22:58.4148599Z               <div data-slot="list-page" className="flex min-w...">
2026-10-06T11:22:58.4149424Z                 <PageHeader>
2026-10-06T11:22:58.4149961Z                 <section>
2026-10-06T11:22:58.4150564Z                 <Note>
2026-10-06T11:22:58.4151130Z                 <HandedToAPersonSection>
2026-10-06T11:22:58.4151933Z                   <SectionCard title="Questions ..." lede={<Note>}>
2026-10-06T11:22:58.4153254Z                     <section data-slot="section-card" aria-labelledby="«r1m»" id={undefined} className="flex min-w...">
2026-10-06T11:22:58.4154427Z                       <div className="flex items...">
2026-10-06T11:22:58.4155218Z                         <div className="min-w-0">
2026-10-06T11:22:58.4155881Z                           <h2>
2026-10-06T11:22:58.4156724Z >                         <p className="m-0 mt-0.5 text-[12.5px] leading-snug text-dim">
2026-10-06T11:22:58.4157513Z                             <Note>
2026-10-06T11:22:58.4158140Z >                             <p
2026-10-06T11:22:58.4158866Z >                               data-slot="note"
2026-10-06T11:22:58.4159607Z >                               data-kind="info"
2026-10-06T11:22:58.4160622Z >                               className="m-0 flex items-start gap-1.5 text-[12px] leading-relaxed text-dim"
2026-10-06T11:22:58.4161471Z >                             >
2026-10-06T11:22:58.4162080Z                       ...
2026-10-06T11:22:58.4162596Z                 ...
2026-10-06T11:22:58.4163133Z             ...
2026-10-06T11:22:58.4163471Z 
2026-10-06T11:22:58.4163804Z <p> cannot contain a nested <p>.
2026-10-06T11:22:58.4164690Z See this log for the ancestor stack trace.
2026-10-06T11:22:58.4165156Z 
2026-10-06T11:22:58.5553116Z  ✓ tests/auth-realm.test.ts (9 tests) 17ms
2026-10-06T11:22:59.2351344Z stderr | tests/trace-page.test.tsx > reading a run's trace > a finished run is read with its reason and each step is drawn by name, never its payload
2026-10-06T11:22:59.2354664Z ⚠️ React Router Future Flag Warning: React Router will begin wrapping state updates in `React.startTransition` in v7. You can use the `v7_startTransition` future flag to opt-in early. For more information, see https://reactrouter.com/v6/upgrading/future#v7_starttransition.
2026-10-06T11:22:59.2356472Z 
2026-10-06T11:22:59.4087159Z  ✓ tests/trace-page.test.tsx (5 tests) 228ms
2026-10-06T11:23:00.5765114Z  ✓ tests/design-tokens.test.ts (5 tests) 23ms
2026-10-06T11:23:02.1546689Z  ✓ tests/bundle-split.test.ts (6 tests) 2176ms
2026-10-06T11:23:02.1548070Z      ✓ no heavy component library is reachable from the entry without a dynamic import  1030ms
2026-10-06T11:23:02.1549323Z      ✓ the entry still reaches the shell, the overview and the one place that fetches  642ms
2026-10-06T11:23:02.1550698Z      ✓ the walk follows the route registry's eager glob into every page's route file  468ms
2026-10-06T11:23:02.5321869Z stderr | tests/provider-register.test.tsx > an agent's pinned model > the profile draws the order a question tries, and pins a model chosen from the matrix only from the confirmation
2026-10-06T11:23:02.5325576Z ⚠️ React Router Future Flag Warning: React Router will begin wrapping state updates in `React.startTransition` in v7. You can use the `v7_startTransition` future flag to opt-in early. For more information, see https://reactrouter.com/v6/upgrading/future#v7_starttransition.
2026-10-06T11:23:02.5327416Z 
2026-10-06T11:23:02.7987251Z  ✓ tests/provider-register.test.tsx (2 tests) 1081ms
2026-10-06T11:23:02.8015858Z      ✓ the profile draws the order a question tries, and pins a model chosen from the matrix only from the confirmation  799ms
2026-10-06T11:23:03.4457052Z stderr | tests/vault-page.test.tsx > what the secrets vault screen shows > each source's leases are counted by how they ended, with the shipping beside them
2026-10-06T11:23:03.4460321Z ⚠️ React Router Future Flag Warning: React Router will begin wrapping state updates in `React.startTransition` in v7. You can use the `v7_startTransition` future flag to opt-in early. For more information, see https://reactrouter.com/v6/upgrading/future#v7_starttransition.
2026-10-06T11:23:03.4461886Z 
2026-10-06T11:23:03.5427343Z  ✓ tests/vault-page.test.tsx (3 tests) 149ms
2026-10-06T11:23:03.9941940Z  ✓ tests/lock.test.tsx (5 tests) 51ms
2026-10-06T11:23:05.4031815Z  ✓ tests/accent.test.ts (6 tests) 832ms
2026-10-06T11:23:05.4033865Z      ✓ the served accent is on the root element before anything renders  811ms
2026-10-06T11:23:06.0387304Z stderr | tests/agent-conversations.test.tsx > the conversations section > each of the reader's threads shows who took part, its first question and how the run ended, a failed one saying so
2026-10-06T11:23:06.0416562Z ⚠️ React Router Future Flag Warning: React Router will begin wrapping state updates in `React.startTransition` in v7. You can use the `v7_startTransition` future flag to opt-in early. For more information, see https://reactrouter.com/v6/upgrading/future#v7_starttransition.
2026-10-06T11:23:06.0418117Z 
2026-10-06T11:23:06.2796351Z  ✓ tests/agent-conversations.test.tsx (3 tests) 783ms
2026-10-06T11:23:06.2856112Z      ✓ each of the reader's threads shows who took part, its first question and how the run ended, a failed one saying so  603ms
2026-10-06T11:23:07.1817171Z stderr | tests/keyboard-access.test.tsx > getting round without a mouse > the first thing the tab key reaches is the skip link, and it goes somewhere
2026-10-06T11:23:07.1847401Z ⚠️ React Router Future Flag Warning: React Router will begin wrapping state updates in `React.startTransition` in v7. You can use the `v7_startTransition` future flag to opt-in early. For more information, see https://reactrouter.com/v6/upgrading/future#v7_starttransition.
2026-10-06T11:23:07.1876696Z ⚠️ React Router Future Flag Warning: Relative route resolution within Splat routes is changing in v7. You can use the `v7_relativeSplatPath` future flag to opt-in early. For more information, see https://reactrouter.com/v6/upgrading/future#v7_relativesplatpath.
2026-10-06T11:23:07.1897792Z 
2026-10-06T11:23:07.2520318Z  ✓ tests/keyboard-access.test.tsx (4 tests) 849ms
2026-10-06T11:23:07.2521383Z      ✓ the first thing the tab key reaches is the skip link, and it goes somewhere  804ms
2026-10-06T11:23:07.5699080Z stderr | tests/referrals-page.test.tsx > what has been referred to me > nothing referred is said in a sentence, not drawn as an empty table
2026-10-06T11:23:07.5703326Z ⚠️ React Router Future Flag Warning: React Router will begin wrapping state updates in `React.startTransition` in v7. You can use the `v7_startTransition` future flag to opt-in early. For more information, see https://reactrouter.com/v6/upgrading/future#v7_starttransition.
2026-10-06T11:23:07.5705433Z 
2026-10-06T11:23:07.9946344Z  ✓ tests/referrals-page.test.tsx (3 tests) 467ms
2026-10-06T11:23:09.3119372Z  ✓ tests/credential-field.test.tsx (4 tests) 184ms
2026-10-06T11:23:09.3151382Z stderr | tests/group-rules-and-notices.test.tsx > the break-glass notices on the elevation screen > a standing super admin sees who took emergency access, who allowed it and until when
2026-10-06T11:23:09.3155525Z ⚠️ React Router Future Flag Warning: React Router will begin wrapping state updates in `React.startTransition` in v7. You can use the `v7_startTransition` future flag to opt-in early. For more information, see https://reactrouter.com/v6/upgrading/future#v7_starttransition.
2026-10-06T11:23:09.3185223Z 
2026-10-06T11:23:09.5357282Z  ✓ tests/group-rules-and-notices.test.tsx (2 tests) 881ms
2026-10-06T11:23:09.5359288Z      ✓ a standing super admin sees who took emergency access, who allowed it and until when  710ms
2026-10-06T11:23:10.5956452Z  ✓ tests/installable-shell.test.ts (5 tests) 10ms
2026-10-06T11:23:11.8069058Z  ✓ tests/schema-form-door.test.ts (2 tests) 32ms
2026-10-06T11:23:11.8296443Z  ✓ tests/secret-inputs.test.ts (3 tests) 8ms
2026-10-06T11:23:13.0316403Z  ✓ tests/react-roots.test.tsx (3 tests) 32ms
2026-10-06T11:23:13.8016059Z stderr | tests/ask-limited.test.tsx > a question asked past the window > says in the API's words when the person may ask again, with its reference
2026-10-06T11:23:13.8019157Z ⚠️ React Router Future Flag Warning: React Router will begin wrapping state updates in `React.startTransition` in v7. You can use the `v7_startTransition` future flag to opt-in early. For more information, see https://reactrouter.com/v6/upgrading/future#v7_starttransition.
2026-10-06T11:23:13.8020758Z 
2026-10-06T11:23:13.8505652Z  ✓ tests/ask-limited.test.tsx (1 test) 585ms
2026-10-06T11:23:13.8515028Z      ✓ says in the API's words when the person may ask again, with its reference  583ms
2026-10-06T11:23:14.0626440Z  ✓ tests/brand.test.tsx (3 tests) 8ms
2026-10-06T11:23:15.2460532Z  ✓ tests/public-marking.test.ts (4 tests) 83ms
2026-10-06T11:23:16.3419343Z stderr | tests/screen-states-second.test.tsx > loading, empty, unreachable and failed on every registered page > /access_review says loading, empty, unreachable and failed in four different sentences
2026-10-06T11:23:16.3447210Z ⚠️ React Router Future Flag Warning: React Router will begin wrapping state updates in `React.startTransition` in v7. You can use the `v7_startTransition` future flag to opt-in early. For more information, see https://reactrouter.com/v6/upgrading/future#v7_starttransition.
2026-10-06T11:23:16.3448154Z 
2026-10-06T11:23:17.4906372Z stderr | tests/screen-states-third.test.tsx > loading, empty, unreachable and failed on every registered page > /access_review/:kind/:rowId says loading, empty, unreachable and failed in four different sentences
2026-10-06T11:23:17.4910928Z ⚠️ React Router Future Flag Warning: React Router will begin wrapping state updates in `React.startTransition` in v7. You can use the `v7_startTransition` future flag to opt-in early. For more information, see https://reactrouter.com/v6/upgrading/future#v7_starttransition.
2026-10-06T11:23:17.4912901Z 
2026-10-06T11:23:21.4664185Z stderr | tests/screen-states-third.test.tsx > loading, empty, unreachable and failed on every registered page > /agents/drafts/:draftId says loading, empty, unreachable and failed in four different sentences
2026-10-06T11:23:21.4666347Z UnreadableManifestForm [Error]: A builder form body carries its sections.
2026-10-06T11:23:21.4667289Z     at readManifestForm (/home/runner/work/Verz-OS-v2.0/Verz-OS-v2.0/console/src/components/manifestSections.ts:72:11)
2026-10-06T11:23:21.4668333Z     at /home/runner/work/Verz-OS-v2.0/Verz-OS-v2.0/console/src/pages/agents/DraftPage.tsx:386:61
2026-10-06T11:23:21.4669374Z     at updateMemo (/home/runner/work/Verz-OS-v2.0/Verz-OS-v2.0/console/node_modules/react-dom/cjs/react-dom-client.development.js:6621:19)
2026-10-06T11:23:21.4670948Z     at Object.useMemo (/home/runner/work/Verz-OS-v2.0/Verz-OS-v2.0/console/node_modules/react-dom/cjs/react-dom-client.development.js:23182:18)
2026-10-06T11:23:21.4672741Z     at process.env.NODE_ENV.exports.useMemo (/home/runner/work/Verz-OS-v2.0/Verz-OS-v2.0/console/node_modules/react/cjs/react.development.js:1209:34)
2026-10-06T11:23:21.4674521Z     at DraftAnswer (/home/runner/work/Verz-OS-v2.0/Verz-OS-v2.0/console/src/pages/agents/DraftPage.tsx:386:20)
2026-10-06T11:23:21.4676379Z     at Object.react-stack-bottom-frame (/home/runner/work/Verz-OS-v2.0/Verz-OS-v2.0/console/node_modules/react-dom/cjs/react-dom-client.development.js:23863:20)
2026-10-06T11:23:21.4678443Z     at renderWithHooks (/home/runner/work/Verz-OS-v2.0/Verz-OS-v2.0/console/node_modules/react-dom/cjs/react-dom-client.development.js:5529:22)
2026-10-06T11:23:21.4680345Z     at updateFunctionComponent (/home/runner/work/Verz-OS-v2.0/Verz-OS-v2.0/console/node_modules/react-dom/cjs/react-dom-client.development.js:8897:19)
2026-10-06T11:23:21.4682427Z     at beginWork (/home/runner/work/Verz-OS-v2.0/Verz-OS-v2.0/console/node_modules/react-dom/cjs/react-dom-client.development.js:10522:18) {
2026-10-06T11:23:21.4683612Z   [stack]: [Getter/Setter],
2026-10-06T11:23:21.4684627Z   [message]: 'A builder form body carries its sections.'
2026-10-06T11:23:21.4685676Z }
2026-10-06T11:23:21.4686001Z 
2026-10-06T11:23:21.4686431Z The above error occurred in the <DraftAnswer> component.
2026-10-06T11:23:21.4686807Z 
2026-10-06T11:23:21.4687452Z React will try to recreate this component tree from scratch using the error boundary you provided, RenderErrorBoundary.
2026-10-06T11:23:21.4688120Z 
2026-10-06T11:23:21.4688923Z React Router caught the following error during render UnreadableManifestForm [Error]: A builder form body carries its sections.
2026-10-06T11:23:21.4690634Z     at readManifestForm (/home/runner/work/Verz-OS-v2.0/Verz-OS-v2.0/console/src/components/manifestSections.ts:72:11)
2026-10-06T11:23:21.4691880Z     at /home/runner/work/Verz-OS-v2.0/Verz-OS-v2.0/console/src/pages/agents/DraftPage.tsx:386:61
2026-10-06T11:23:21.4693412Z     at updateMemo (/home/runner/work/Verz-OS-v2.0/Verz-OS-v2.0/console/node_modules/react-dom/cjs/react-dom-client.development.js:6621:19)
2026-10-06T11:23:21.4695381Z     at Object.useMemo (/home/runner/work/Verz-OS-v2.0/Verz-OS-v2.0/console/node_modules/react-dom/cjs/react-dom-client.development.js:23182:18)
2026-10-06T11:23:21.4697406Z     at process.env.NODE_ENV.exports.useMemo (/home/runner/work/Verz-OS-v2.0/Verz-OS-v2.0/console/node_modules/react/cjs/react.development.js:1209:34)
2026-10-06T11:23:21.4699015Z     at DraftAnswer (/home/runner/work/Verz-OS-v2.0/Verz-OS-v2.0/console/src/pages/agents/DraftPage.tsx:386:20)
2026-10-06T11:23:21.4700796Z     at Object.react-stack-bottom-frame (/home/runner/work/Verz-OS-v2.0/Verz-OS-v2.0/console/node_modules/react-dom/cjs/react-dom-client.development.js:23863:20)
2026-10-06T11:23:21.4702707Z     at renderWithHooks (/home/runner/work/Verz-OS-v2.0/Verz-OS-v2.0/console/node_modules/react-dom/cjs/react-dom-client.development.js:5529:22)
2026-10-06T11:23:21.4704895Z     at updateFunctionComponent (/home/runner/work/Verz-OS-v2.0/Verz-OS-v2.0/console/node_modules/react-dom/cjs/react-dom-client.development.js:8897:19)
2026-10-06T11:23:21.4706884Z     at beginWork (/home/runner/work/Verz-OS-v2.0/Verz-OS-v2.0/console/node_modules/react-dom/cjs/react-dom-client.development.js:10522:18) {
2026-10-06T11:23:21.4707988Z   componentStack: '\n' +
2026-10-06T11:23:21.4709148Z     '    at DraftAnswer (/home/runner/work/Verz-OS-v2.0/Verz-OS-v2.0/console/src/pages/agents/DraftPage.tsx:476:24)\n' +
2026-10-06T11:23:21.4710144Z     '    at div (<anonymous>)\n' +
2026-10-06T11:23:21.4711254Z     '    at DraftPage (/home/runner/work/Verz-OS-v2.0/Verz-OS-v2.0/console/src/pages/agents/DraftPage.tsx:1212:22)\n' +
2026-10-06T11:23:21.4712611Z     '    at AgentDraft (/home/runner/work/Verz-OS-v2.0/Verz-OS-v2.0/console/src/pages/AgentDraft.tsx:6:64)\n' +
2026-10-06T11:23:21.4714417Z     '    at RenderedRoute (/home/runner/work/Verz-OS-v2.0/Verz-OS-v2.0/console/node_modules/react-router/dist/umd/react-router.development.js:535:7)\n' +
2026-10-06T11:23:21.4716254Z     '    at Outlet (/home/runner/work/Verz-OS-v2.0/Verz-OS-v2.0/console/node_modules/react-router/dist/umd/react-router.development.js:1182:28)\n' +
2026-10-06T11:23:21.4717380Z     '    at Suspense (<anonymous>)\n' +
2026-10-06T11:23:21.4718061Z     '    at main (<anonymous>)\n' +
2026-10-06T11:23:21.4718643Z     '    at div (<anonymous>)\n' +
2026-10-06T11:23:21.4719306Z     '    at div (<anonymous>)\n' +
2026-10-06T11:23:21.4720344Z     '    at SidebarProvider (/home/runner/work/Verz-OS-v2.0/Verz-OS-v2.0/console/src/components/ui/sidebar.tsx:57:3)\n' +
2026-10-06T11:23:21.4721697Z     '    at Shell (/home/runner/work/Verz-OS-v2.0/Verz-OS-v2.0/console/src/layout/Shell.tsx:19:55)\n' +
2026-10-06T11:23:21.4723204Z     '    at RequireSession (/home/runner/work/Verz-OS-v2.0/Verz-OS-v2.0/console/src/auth/RequireSession.tsx:7:27)\n' +
2026-10-06T11:23:21.4725233Z     '    at RenderedRoute (/home/runner/work/Verz-OS-v2.0/Verz-OS-v2.0/console/node_modules/react-router/dist/umd/react-router.development.js:535:7)\n' +
2026-10-06T11:23:21.4726919Z     '    at RenderErrorBoundary (/home/runner/work/Verz-OS-v2.0/Verz-OS-v2.0/console/node_modules/react-router/dist/umd/react-router.development.js:482:7)\n' +
2026-10-06T11:23:21.4728753Z     '    at DataRoutes (/home/runner/work/Verz-OS-v2.0/Verz-OS-v2.0/console/node_modules/react-router-dom/dist/umd/react-router-dom.development.js:677:7)\n' +
2026-10-06T11:23:21.4730513Z     '    at Router (/home/runner/work/Verz-OS-v2.0/Verz-OS-v2.0/console/node_modules/react-router/dist/umd/react-router.development.js:1203:17)\n' +
2026-10-06T11:23:21.4732346Z     '    at RouterProvider (/home/runner/work/Verz-OS-v2.0/Verz-OS-v2.0/console/node_modules/react-router-dom/dist/umd/react-router-dom.development.js:448:7)'
2026-10-06T11:23:21.4733508Z }
2026-10-06T11:23:21.4733744Z 
2026-10-06T11:23:42.3690561Z  ✓ tests/screen-states.test.tsx (130 tests) 48668ms
2026-10-06T11:23:42.3697145Z      ✓ every route the console registers is a case, and every page excused for asking nothing is named with a reason  464ms
2026-10-06T11:23:42.3725886Z      ✓ /audit/trace sends no request when it is opened  539ms
2026-10-06T11:23:42.3746089Z      ✓ /access-requests says loading, empty, unreachable and failed in four different sentences  1108ms
2026-10-06T11:23:42.3747924Z      ✓ /adoption says loading, empty, unreachable and failed in four different sentences  959ms
2026-10-06T11:23:42.3749489Z      ✓ /agents says loading, empty, unreachable and failed in four different sentences  1048ms
2026-10-06T11:23:42.3751001Z      ✓ /agents/new says loading, empty, unreachable and failed in four different sentences  909ms
2026-10-06T11:23:42.3752705Z      ✓ /agents/drafts/:draftId/:step says loading, empty, unreachable and failed in four different sentences  967ms
2026-10-06T11:23:42.3754493Z      ✓ /artifacts says loading, empty, unreachable and failed in four different sentences  839ms
2026-10-06T11:23:42.3756065Z      ✓ /audit says loading, empty, unreachable and failed in four different sentences  920ms
2026-10-06T11:23:42.3757580Z      ✓ /automations says loading, empty, unreachable and failed in four different sentences  900ms
2026-10-06T11:23:42.3759116Z      ✓ /capabilities says loading, empty, unreachable and failed in four different sentences  805ms
2026-10-06T11:23:42.3760765Z      ✓ /channels/:name/:view says loading, empty, unreachable and failed in four different sentences  1277ms
2026-10-06T11:23:42.3762369Z      ✓ /compliance says loading, empty, unreachable and failed in four different sentences  813ms
2026-10-06T11:23:42.3763925Z      ✓ /connections says loading, empty, unreachable and failed in four different sentences  795ms
2026-10-06T11:23:42.3765529Z      ✓ /connectors/:connector/:view says loading, empty, unreachable and failed in four different sentences  1194ms
2026-10-06T11:23:42.3766985Z      ✓ /credentials says loading, empty, unreachable and failed in four different sentences  873ms
2026-10-06T11:23:42.3768323Z      ✓ /department says loading, empty, unreachable and failed in four different sentences  926ms
2026-10-06T11:23:42.3770416Z      ✓ /departments/:slug says loading, empty, unreachable and failed in four different sentences  906ms
2026-10-06T11:23:42.3771832Z      ✓ /elevation says loading, empty, unreachable and failed in four different sentences  874ms
2026-10-06T11:23:42.3773282Z      ✓ /features says loading, empty, unreachable and failed in four different sentences  749ms
2026-10-06T11:23:42.3775002Z      ✓ /install says loading, empty, unreachable and failed in four different sentences  853ms
2026-10-06T11:23:42.3776731Z      ✓ /jobs/:name/:view says loading, empty, unreachable and failed in four different sentences  1084ms
2026-10-06T11:23:42.3778185Z      ✓ /library says loading, empty, unreachable and failed in four different sentences  788ms
2026-10-06T11:23:42.3779604Z      ✓ /limits says loading, empty, unreachable and failed in four different sentences  759ms
2026-10-06T11:23:42.3780964Z      ✓ /memory/:subject says loading, empty, unreachable and failed in four different sentences  824ms
2026-10-06T11:23:42.3782411Z      ✓ /models/:provider says loading, empty, unreachable and failed in four different sentences  785ms
2026-10-06T11:23:42.3783806Z      ✓ / says loading, empty, unreachable and failed in four different sentences  664ms
2026-10-06T11:23:42.3791615Z      ✓ /people/:personId says loading, empty, unreachable and failed in four different sentences  753ms
2026-10-06T11:23:42.3793311Z      ✓ /quality says loading, empty, unreachable and failed in four different sentences  643ms
2026-10-06T11:23:42.3795038Z      ✓ /recovery says loading, empty, unreachable and failed in four different sentences  690ms
2026-10-06T11:23:42.3796657Z      ✓ /retention says loading, empty, unreachable and failed in four different sentences  688ms
2026-10-06T11:23:42.3798426Z      ✓ /retention/erasures/:requestId says loading, empty, unreachable and failed in four different sentences  710ms
2026-10-06T11:23:42.3800125Z      ✓ /routing/:rungId says loading, empty, unreachable and failed in four different sentences  888ms
2026-10-06T11:23:42.3801664Z      ✓ /scopes says loading, empty, unreachable and failed in four different sentences  723ms
2026-10-06T11:23:42.3803269Z      ✓ /service-levels says loading, empty, unreachable and failed in four different sentences  703ms
2026-10-06T11:23:42.3805180Z      ✓ /sign-in-links says loading, empty, unreachable and failed in four different sentences  680ms
2026-10-06T11:23:42.3806842Z      ✓ /skills/:name/:view says loading, empty, unreachable and failed in four different sentences  1059ms
2026-10-06T11:23:42.3808569Z      ✓ /staff_sources says loading, empty, unreachable and failed in four different sentences  706ms
2026-10-06T11:23:42.3810168Z      ✓ /tools says loading, empty, unreachable and failed in four different sentences  825ms
2026-10-06T11:23:42.3811659Z      ✓ /usage says loading, empty, unreachable and failed in four different sentences  688ms
2026-10-06T11:23:42.3813051Z      ✓ /webhooks/:id says loading, empty, unreachable and failed in four different sentences  1066ms
2026-10-06T11:23:42.3815131Z      ✓ /credentials says no reference came back when a proxy answered without one  329ms
2026-10-06T11:23:44.0720909Z  ✓ tests/startup.test.ts (2 tests) 778ms
2026-10-06T11:23:44.0722261Z      ✓ the stored theme is applied before anything renders  701ms
2026-10-06T11:23:45.7788963Z  ✓ tests/react-roots-entry.test.ts (1 test) 792ms
2026-10-06T11:23:45.7790146Z    ✓ the console's entry point is counted when imported after a module reset  791ms
2026-10-06T11:23:54.4622737Z  ❯ tests/screen-states-second.test.tsx (117 tests | 1 failed) 39262ms
2026-10-06T11:23:54.4624492Z      ✓ /access_review says loading, empty, unreachable and failed in four different sentences  1532ms
2026-10-06T11:23:54.4626117Z      ✓ /agent-templates says loading, empty, unreachable and failed in four different sentences  842ms
2026-10-06T11:23:54.4636460Z      × /agents/:agentId says loading, empty, unreachable and failed in four different sentences 742ms
2026-10-06T11:23:54.4637618Z      ✓ /agents/drafts says loading, empty, unreachable and failed in four different sentences  673ms
2026-10-06T11:23:54.4638663Z      ✓ /approvals says loading, empty, unreachable and failed in four different sentences  747ms
2026-10-06T11:23:54.4639595Z      ✓ /ask says loading, empty, unreachable and failed in four different sentences  516ms
2026-10-06T11:23:54.4640647Z      ✓ /audit/subject/:kind/:id says loading, empty, unreachable and failed in four different sentences  731ms
2026-10-06T11:23:54.4641791Z      ✓ /automations/:automationId says loading, empty, unreachable and failed in four different sentences  1063ms
2026-10-06T11:23:54.4642867Z      ✓ /channels says loading, empty, unreachable and failed in four different sentences  677ms
2026-10-06T11:23:54.4643880Z      ✓ /classification/:entity says loading, empty, unreachable and failed in four different sentences  687ms
2026-10-06T11:23:54.4645290Z      ✓ /compliance/:view says loading, empty, unreachable and failed in four different sentences  652ms
2026-10-06T11:23:54.4646715Z      ✓ /connectors says loading, empty, unreachable and failed in four different sentences  672ms
2026-10-06T11:23:54.4648361Z      ✓ /connectors/new-api says loading, empty, unreachable and failed in four different sentences  603ms
2026-10-06T11:23:54.4650002Z      ✓ /credentials/:family/:name says loading, empty, unreachable and failed in four different sentences  701ms
2026-10-06T11:23:54.4651651Z      ✓ /department/:view says loading, empty, unreachable and failed in four different sentences  630ms
2026-10-06T11:23:54.4653201Z      ✓ /departments/:slug/:view says loading, empty, unreachable and failed in four different sentences  713ms
2026-10-06T11:23:54.4654991Z      ✓ /elevation/:requestId says loading, empty, unreachable and failed in four different sentences  738ms
2026-10-06T11:23:54.4656807Z      ✓ /import-export says loading, empty, unreachable and failed in four different sentences  780ms
2026-10-06T11:23:54.4658297Z      ✓ /jobs says loading, empty, unreachable and failed in four different sentences  605ms
2026-10-06T11:23:54.4660241Z      ✓ /learning says loading, empty, unreachable and failed in four different sentences  578ms
2026-10-06T11:23:54.4662154Z      ✓ /library/:itemId says loading, empty, unreachable and failed in four different sentences  803ms
2026-10-06T11:23:54.4663750Z      ✓ /logs says loading, empty, unreachable and failed in four different sentences  648ms
2026-10-06T11:23:54.4665479Z      ✓ /memory/:subject/:view says loading, empty, unreachable and failed in four different sentences  657ms
2026-10-06T11:23:54.4667046Z      ✓ /models/:provider/:view says loading, empty, unreachable and failed in four different sentences  816ms
2026-10-06T11:23:54.4668548Z      ✓ /packs says loading, empty, unreachable and failed in four different sentences  685ms
2026-10-06T11:23:54.4670039Z      ✓ /people/:personId/:view says loading, empty, unreachable and failed in four different sentences  832ms
2026-10-06T11:23:54.4671757Z      ✓ /questions says loading, empty, unreachable and failed in four different sentences  595ms
2026-10-06T11:23:54.4672708Z      ✓ /referrals says loading, empty, unreachable and failed in four different sentences  591ms
2026-10-06T11:23:54.4673753Z      ✓ /retention/:view says loading, empty, unreachable and failed in four different sentences  772ms
2026-10-06T11:23:54.4674980Z      ✓ /roles says loading, empty, unreachable and failed in four different sentences  715ms
2026-10-06T11:23:54.4675947Z      ✓ /rules says loading, empty, unreachable and failed in four different sentences  625ms
2026-10-06T11:23:54.4676912Z      ✓ /service-accounts says loading, empty, unreachable and failed in four different sentences  711ms
2026-10-06T11:23:54.4677954Z      ✓ /sessions says loading, empty, unreachable and failed in four different sentences  706ms
2026-10-06T11:23:54.4678910Z      ✓ /skills says loading, empty, unreachable and failed in four different sentences  757ms
2026-10-06T11:23:54.4679876Z      ✓ /solutions says loading, empty, unreachable and failed in four different sentences  700ms
2026-10-06T11:23:54.4680860Z      ✓ /storage says loading, empty, unreachable and failed in four different sentences  674ms
2026-10-06T11:23:54.4681858Z      ✓ /tools/:name says loading, empty, unreachable and failed in four different sentences  1133ms
2026-10-06T11:23:54.4682892Z      ✓ /vault says loading, empty, unreachable and failed in four different sentences  764ms
2026-10-06T11:23:54.4683878Z      ✓ /webhooks/:id/:view says loading, empty, unreachable and failed in four different sentences  1101ms
2026-10-06T11:23:54.4685180Z      ✓ /access_review says no reference came back when a proxy answered without one 172ms
2026-10-06T11:23:54.4686057Z      ✓ /agent-templates says no reference came back when a proxy answered without one 145ms
2026-10-06T11:23:54.4686976Z      ✓ /agents/:agentId says no reference came back when a proxy answered without one 177ms
2026-10-06T11:23:54.4687889Z      ✓ /agents/drafts says no reference came back when a proxy answered without one 154ms
2026-10-06T11:23:54.4688729Z      ✓ /approvals says no reference came back when a proxy answered without one 148ms
2026-10-06T11:23:54.4689613Z      ✓ /ask says no reference came back when a proxy answered without one 192ms
2026-10-06T11:23:54.4690819Z      ✓ /audit/subject/:kind/:id says no reference came back when a proxy answered without one 120ms
2026-10-06T11:23:54.4691848Z      ✓ /automations/:automationId says no reference came back when a proxy answered without one 128ms
2026-10-06T11:23:54.4692715Z      ✓ /channels says no reference came back when a proxy answered without one 113ms
2026-10-06T11:23:54.4693641Z      ✓ /classification/:entity says no reference came back when a proxy answered without one 134ms
2026-10-06T11:23:54.4694730Z      ✓ /compliance/:view says no reference came back when a proxy answered without one 106ms
2026-10-06T11:23:54.4695682Z      ✓ /connectors says no reference came back when a proxy answered without one 111ms
2026-10-06T11:23:54.4696580Z      ✓ /connectors/new-api says no reference came back when a proxy answered without one 103ms
2026-10-06T11:23:54.4697507Z      ✓ /credentials/:family/:name says no reference came back when a proxy answered without one 114ms
2026-10-06T11:23:54.4698440Z      ✓ /department/:view says no reference came back when a proxy answered without one 113ms
2026-10-06T11:23:54.4699353Z      ✓ /departments/:slug/:view says no reference came back when a proxy answered without one 123ms
2026-10-06T11:23:54.4700340Z      ✓ /elevation/:requestId says no reference came back when a proxy answered without one  302ms
2026-10-06T11:23:54.4701223Z      ✓ /import-export says no reference came back when a proxy answered without one 113ms
2026-10-06T11:23:54.4702077Z      ✓ /jobs says no reference came back when a proxy answered without one 106ms
2026-10-06T11:23:54.4702886Z      ✓ /learning says no reference came back when a proxy answered without one 104ms
2026-10-06T11:23:54.4703801Z      ✓ /library/:itemId says no reference came back when a proxy answered without one 113ms
2026-10-06T11:23:54.4704882Z      ✓ /logs says no reference came back when a proxy answered without one 107ms
2026-10-06T11:23:54.4705735Z      ✓ /memory/:subject/:view says no reference came back when a proxy answered without one 117ms
2026-10-06T11:23:54.4706663Z      ✓ /models/:provider/:view says no reference came back when a proxy answered without one 128ms
2026-10-06T11:23:54.4707535Z      ✓ /packs says no reference came back when a proxy answered without one 108ms
2026-10-06T11:23:54.4708500Z      ✓ /people/:personId/:view says no reference came back when a proxy answered without one 136ms
2026-10-06T11:23:54.4709372Z      ✓ /questions says no reference came back when a proxy answered without one 108ms
2026-10-06T11:23:54.4710235Z      ✓ /referrals says no reference came back when a proxy answered without one 105ms
2026-10-06T11:23:54.4711097Z      ✓ /retention/:view says no reference came back when a proxy answered without one 105ms
2026-10-06T11:23:54.4711964Z      ✓ /roles says no reference came back when a proxy answered without one 114ms
2026-10-06T11:23:54.4712770Z      ✓ /rules says no reference came back when a proxy answered without one 106ms
2026-10-06T11:23:54.4713657Z      ✓ /service-accounts says no reference came back when a proxy answered without one 107ms
2026-10-06T11:23:54.4714837Z      ✓ /sessions says no reference came back when a proxy answered without one 107ms
2026-10-06T11:23:54.4715828Z      ✓ /skills says no reference came back when a proxy answered without one 113ms
2026-10-06T11:23:54.4716735Z      ✓ /solutions says no reference came back when a proxy answered without one 117ms
2026-10-06T11:23:54.4717573Z      ✓ /storage says no reference came back when a proxy answered without one 104ms
2026-10-06T11:23:54.4718450Z      ✓ /tools/:name says no reference came back when a proxy answered without one 124ms
2026-10-06T11:23:54.4719192Z      ✓ /vault says no reference came back when a proxy answered without one 103ms
2026-10-06T11:23:54.4720008Z      ✓ /webhooks/:id/:view says no reference came back when a proxy answered without one 120ms
2026-10-06T11:23:54.4720872Z      ✓ /access_review shows the API's sentence and a way to sign in again when a second factor is needed 112ms
2026-10-06T11:23:54.4721817Z      ✓ /agent-templates shows the API's sentence and a way to sign in again when a second factor is needed 257ms
2026-10-06T11:23:54.4722807Z      ✓ /agents/:agentId shows the API's sentence and a way to sign in again when a second factor is needed 149ms
2026-10-06T11:23:54.4723681Z      ✓ /agents/drafts shows the API's sentence and a way to sign in again when a second factor is needed 104ms
2026-10-06T11:23:54.4724823Z      ✓ /approvals shows the API's sentence and a way to sign in again when a second factor is needed 112ms
2026-10-06T11:23:54.4725671Z      ✓ /ask shows the API's sentence and a way to sign in again when a second factor is needed 146ms
2026-10-06T11:23:54.4726649Z      ✓ /audit/subject/:kind/:id shows the API's sentence and a way to sign in again when a second factor is needed 112ms
2026-10-06T11:23:54.4727661Z      ✓ /automations/:automationId shows the API's sentence and a way to sign in again when a second factor is needed 125ms
2026-10-06T11:23:54.4728628Z      ✓ /channels shows the API's sentence and a way to sign in again when a second factor is needed 112ms
2026-10-06T11:23:54.4729564Z      ✓ /classification/:entity shows the API's sentence and a way to sign in again when a second factor is needed 119ms
2026-10-06T11:23:54.4730496Z      ✓ /compliance/:view shows the API's sentence and a way to sign in again when a second factor is needed 105ms
2026-10-06T11:23:54.4731442Z      ✓ /connectors shows the API's sentence and a way to sign in again when a second factor is needed 133ms
2026-10-06T11:23:54.4732333Z      ✓ /connectors/new-api shows the API's sentence and a way to sign in again when a second factor is needed 108ms
2026-10-06T11:23:54.4733354Z      ✓ /credentials/:family/:name shows the API's sentence and a way to sign in again when a second factor is needed 118ms
2026-10-06T11:23:54.4734378Z      ✓ /department/:view shows the API's sentence and a way to sign in again when a second factor is needed 120ms
2026-10-06T11:23:54.4735387Z      ✓ /departments/:slug/:view shows the API's sentence and a way to sign in again when a second factor is needed 112ms
2026-10-06T11:23:54.4736351Z      ✓ /elevation/:requestId shows the API's sentence and a way to sign in again when a second factor is needed 128ms
2026-10-06T11:23:54.4737280Z      ✓ /import-export shows the API's sentence and a way to sign in again when a second factor is needed 108ms
2026-10-06T11:23:54.4738166Z      ✓ /jobs shows the API's sentence and a way to sign in again when a second factor is needed 103ms
2026-10-06T11:23:54.4739156Z      ✓ /learning shows the API's sentence and a way to sign in again when a second factor is needed 111ms
2026-10-06T11:23:54.4740080Z      ✓ /library/:itemId shows the API's sentence and a way to sign in again when a second factor is needed 112ms
2026-10-06T11:23:54.4740973Z      ✓ /logs shows the API's sentence and a way to sign in again when a second factor is needed 112ms
2026-10-06T11:23:54.4741901Z      ✓ /memory/:subject/:view shows the API's sentence and a way to sign in again when a second factor is needed 112ms
2026-10-06T11:23:54.4742913Z      ✓ /models/:provider/:view shows the API's sentence and a way to sign in again when a second factor is needed 128ms
2026-10-06T11:23:54.4743843Z      ✓ /packs shows the API's sentence and a way to sign in again when a second factor is needed 119ms
2026-10-06T11:23:54.4745020Z      ✓ /people/:personId/:view shows the API's sentence and a way to sign in again when a second factor is needed 129ms
2026-10-06T11:23:54.4745930Z      ✓ /questions shows the API's sentence and a way to sign in again when a second factor is needed 112ms
2026-10-06T11:23:54.4746843Z      ✓ /referrals shows the API's sentence and a way to sign in again when a second factor is needed 108ms
2026-10-06T11:23:54.4747756Z      ✓ /retention/:view shows the API's sentence and a way to sign in again when a second factor is needed 103ms
2026-10-06T11:23:54.4748609Z      ✓ /roles shows the API's sentence and a way to sign in again when a second factor is needed 115ms
2026-10-06T11:23:54.4749474Z      ✓ /rules shows the API's sentence and a way to sign in again when a second factor is needed 107ms
2026-10-06T11:23:54.4750369Z      ✓ /service-accounts shows the API's sentence and a way to sign in again when a second factor is needed 108ms
2026-10-06T11:23:54.4751308Z      ✓ /sessions shows the API's sentence and a way to sign in again when a second factor is needed 108ms
2026-10-06T11:23:54.4752169Z      ✓ /skills shows the API's sentence and a way to sign in again when a second factor is needed 105ms
2026-10-06T11:23:54.4753054Z      ✓ /solutions shows the API's sentence and a way to sign in again when a second factor is needed 102ms
2026-10-06T11:23:54.4753965Z      ✓ /storage shows the API's sentence and a way to sign in again when a second factor is needed 104ms
2026-10-06T11:23:54.4755021Z      ✓ /tools/:name shows the API's sentence and a way to sign in again when a second factor is needed 122ms
2026-10-06T11:23:54.4755911Z      ✓ /vault shows the API's sentence and a way to sign in again when a second factor is needed 106ms
2026-10-06T11:23:54.4756796Z      ✓ /webhooks/:id/:view shows the API's sentence and a way to sign in again when a second factor is needed 122ms
2026-10-06T11:23:56.3291065Z  ✓ tests/screen-states-third.test.tsx (114 tests) 40056ms
2026-10-06T11:23:56.3292476Z      ✓ /access_review/:kind/:rowId says loading, empty, unreachable and failed in four different sentences  1481ms
2026-10-06T11:23:56.3294471Z      ✓ /agent-templates/:templateId says loading, empty, unreachable and failed in four different sentences  1121ms
2026-10-06T11:23:56.3295757Z      ✓ /agents/:agentId/:tab says loading, empty, unreachable and failed in four different sentences  785ms
2026-10-06T11:23:56.3297129Z      ✓ /agents/drafts/:draftId says loading, empty, unreachable and failed in four different sentences  1160ms
2026-10-06T11:23:56.3298273Z      ✓ /approvals/:suspensionId says loading, empty, unreachable and failed in four different sentences  609ms
2026-10-06T11:23:56.3299271Z      ✓ /ask/documents/:documentId says loading, empty, unreachable and failed in four different sentences  644ms
2026-10-06T11:23:56.3300284Z      ✓ /audit/subject/:kind/:id/:view says loading, empty, unreachable and failed in four different sentences  817ms
2026-10-06T11:23:56.3301285Z      ✓ /automations/:automationId/:view says loading, empty, unreachable and failed in four different sentences  1103ms
2026-10-06T11:23:56.3302296Z      ✓ /channels/:name says loading, empty, unreachable and failed in four different sentences  1077ms
2026-10-06T11:23:56.3303298Z      ✓ /classification/:entity/:column says loading, empty, unreachable and failed in four different sentences  749ms
2026-10-06T11:23:56.3304454Z      ✓ /compliance/breaches/:caseId says loading, empty, unreachable and failed in four different sentences  649ms
2026-10-06T11:23:56.3305463Z      ✓ /connectors/:connector says loading, empty, unreachable and failed in four different sentences  1130ms
2026-10-06T11:23:56.3306448Z      ✓ /corrections says loading, empty, unreachable and failed in four different sentences  763ms
2026-10-06T11:23:56.3307479Z      ✓ /credentials/:family/:name/:view says loading, empty, unreachable and failed in four different sentences  693ms
2026-10-06T11:23:56.3308919Z      ✓ /departments says loading, empty, unreachable and failed in four different sentences  640ms
2026-10-06T11:23:56.3310240Z      ✓ /duplicates says loading, empty, unreachable and failed in four different sentences  697ms
2026-10-06T11:23:56.3311685Z      ✓ /errors says loading, empty, unreachable and failed in four different sentences  809ms
2026-10-06T11:23:56.3312967Z      ✓ /incidents says loading, empty, unreachable and failed in four different sentences  667ms
2026-10-06T11:23:56.3314544Z      ✓ /jobs/:name says loading, empty, unreachable and failed in four different sentences  1143ms
2026-10-06T11:23:56.3315910Z      ✓ /learning/:view says loading, empty, unreachable and failed in four different sentences  611ms
2026-10-06T11:23:56.3317354Z      ✓ /library/:itemId/:view says loading, empty, unreachable and failed in four different sentences  652ms
2026-10-06T11:23:56.3318885Z      ✓ /me says loading, empty, unreachable and failed in four different sentences  669ms
2026-10-06T11:23:56.3320162Z      ✓ /models says loading, empty, unreachable and failed in four different sentences  712ms
2026-10-06T11:23:56.3321604Z      ✓ /notifications says loading, empty, unreachable and failed in four different sentences  629ms
2026-10-06T11:23:56.3322978Z      ✓ /people says loading, empty, unreachable and failed in four different sentences  796ms
2026-10-06T11:23:56.3324591Z      ✓ /prompts says loading, empty, unreachable and failed in four different sentences  652ms
2026-10-06T11:23:56.3325963Z      ✓ /records/:entity says loading, empty, unreachable and failed in four different sentences  702ms
2026-10-06T11:23:56.3327714Z      ✓ /requirement-checks says loading, empty, unreachable and failed in four different sentences  655ms
2026-10-06T11:23:56.3329321Z      ✓ /retention/holds/:holdId says loading, empty, unreachable and failed in four different sentences  754ms
2026-10-06T11:23:56.3330669Z      ✓ /routing says loading, empty, unreachable and failed in four different sentences  810ms
2026-10-06T11:23:56.3332046Z      ✓ /runs says loading, empty, unreachable and failed in four different sentences  623ms
2026-10-06T11:23:56.3333409Z      ✓ /service-accounts/:clientId says loading, empty, unreachable and failed in four different sentences  1005ms
2026-10-06T11:23:56.3334576Z      ✓ /settings says loading, empty, unreachable and failed in four different sentences  756ms
2026-10-06T11:23:56.3335529Z      ✓ /skills/:name says loading, empty, unreachable and failed in four different sentences  1042ms
2026-10-06T11:23:56.3336864Z      ✓ /spend says loading, empty, unreachable and failed in four different sentences  751ms
2026-10-06T11:23:56.3337780Z      ✓ /subscribers says loading, empty, unreachable and failed in four different sentences  622ms
2026-10-06T11:23:56.3338647Z      ✓ /updates says loading, empty, unreachable and failed in four different sentences  560ms
2026-10-06T11:23:56.3339569Z      ✓ /webhooks says loading, empty, unreachable and failed in four different sentences  691ms
2026-10-06T11:23:56.3351234Z 
2026-10-06T11:23:56.3351672Z ⎯⎯⎯⎯⎯⎯⎯ Failed Tests 3 ⎯⎯⎯⎯⎯⎯⎯
2026-10-06T11:23:56.3352082Z 
2026-10-06T11:23:56.3355109Z  FAIL  tests/console-audit.test.ts > the console audit > every table, installation value, route and address is claimed by an area or excused, and nothing else is
2026-10-06T11:23:56.3359969Z AssertionError: expected { unclaimedTables: [ …(2) ], …(3) } to deeply equal { unclaimedTables: [], …(3) }
2026-10-06T11:23:56.3360373Z 
2026-10-06T11:23:56.3360645Z - Expected
2026-10-06T11:23:56.3361161Z + Received
2026-10-06T11:23:56.3361328Z 
2026-10-06T11:23:56.3361506Z   {
2026-10-06T11:23:56.3361899Z     "unclaimedRoutes": [],
2026-10-06T11:23:56.3362317Z     "unclaimedScreens": [],
2026-10-06T11:23:56.3362762Z -   "unclaimedTables": [],
2026-10-06T11:23:56.3363149Z +   "unclaimedTables": [
2026-10-06T11:23:56.3363603Z +     "obs.elevation_entry",
2026-10-06T11:23:56.3364004Z +     "ops.budget_stop",
2026-10-06T11:23:56.3364463Z +   ],
2026-10-06T11:23:56.3364867Z     "unclaimedValues": [],
2026-10-06T11:23:56.3365210Z   }
2026-10-06T11:23:56.3365391Z 
2026-10-06T11:23:56.3365729Z  ❯ tests/console-audit.test.ts:191:85
2026-10-06T11:23:56.3420400Z     189|     const unclaimedRoutes = measured.routes.filter((one) => !excused.h…
2026-10-06T11:23:56.3421848Z     190|     const unclaimedScreens = measured.screens.filter((one) => !excused…
2026-10-06T11:23:56.3422929Z     191|     expect({ unclaimedTables, unclaimedValues, unclaimedRoutes, unclai…
2026-10-06T11:23:56.3424176Z        |                                                                                     ^
2026-10-06T11:23:56.3425144Z     192|       unclaimedTables: [],
2026-10-06T11:23:56.3426002Z     193|       unclaimedValues: [],
2026-10-06T11:23:56.3426407Z 
2026-10-06T11:23:56.3426838Z ⎯⎯⎯⎯⎯⎯⎯⎯⎯⎯⎯⎯⎯⎯⎯⎯⎯⎯⎯⎯⎯⎯⎯⎯[1/3]⎯
2026-10-06T11:23:56.3427217Z 
2026-10-06T11:23:56.3428893Z  FAIL  tests/destructive-confirmed.test.ts > a destructive write is confirmed > every write sent without a confirmation is recorded as not destructive, with its reason
2026-10-06T11:23:56.3430421Z AssertionError: expected [ …(2) ] to deeply equal []
2026-10-06T11:23:56.3430884Z 
2026-10-06T11:23:56.3431211Z - Expected
2026-10-06T11:23:56.3431803Z + Received
2026-10-06T11:23:56.3432094Z 
2026-10-06T11:23:56.3432282Z - []
2026-10-06T11:23:56.3432850Z + [
2026-10-06T11:23:56.3433984Z +   "src/pages/roles/RoleDrawers.tsx nominating ? NOMINATIONS_API_PATH : APPOINTMENT_API_PATH <- onSubmit on <form>",
2026-10-06T11:23:56.3435813Z +   "src/pages/roles/RoleDrawers.tsx nominationDecisionApiPath(nomination.id) <- onClick on <Button> | onSubmit on <form>",
2026-10-06T11:23:56.3436716Z + ]
2026-10-06T11:23:56.3436940Z 
2026-10-06T11:23:56.3437518Z  ❯ tests/destructive-confirmed.test.ts:312:7
2026-10-06T11:23:56.3445711Z     310|     expect(
2026-10-06T11:23:56.3446702Z     311|       unconfirmed.filter((write) => !excused.includes(write.key)).map(…
2026-10-06T11:23:56.3447516Z     312|     ).toEqual([]);
2026-10-06T11:23:56.3448113Z        |       ^
2026-10-06T11:23:56.3449008Z     313|     expect(excused.filter((key) => !unconfirmed.some((write) => write.…
2026-10-06T11:23:56.3450481Z     314|     for (const [key, reason] of Object.entries(NOT_DESTRUCTIVE)) {
2026-10-06T11:23:56.3451338Z 
2026-10-06T11:23:56.3451850Z ⎯⎯⎯⎯⎯⎯⎯⎯⎯⎯⎯⎯⎯⎯⎯⎯⎯⎯⎯⎯⎯⎯⎯⎯[2/3]⎯
2026-10-06T11:23:56.3452277Z 
2026-10-06T11:23:56.3453780Z  FAIL  tests/screen-states-second.test.tsx > loading, empty, unreachable and failed on every registered page > /agents/:agentId says loading, empty, unreachable and failed in four different sentences
2026-10-06T11:23:56.3456116Z AssertionError: /agents/:agentId asked for something its case does not answer: expected [ Array(1) ] to deeply equal []
2026-10-06T11:23:56.3456716Z 
2026-10-06T11:23:56.3457069Z - Expected
2026-10-06T11:23:56.3457611Z + Received
2026-10-06T11:23:56.3457914Z 
2026-10-06T11:23:56.3458182Z - []
2026-10-06T11:23:56.3458626Z + [
2026-10-06T11:23:56.3459310Z +   "/api/v1/agents/quote-helper/upgrade",
2026-10-06T11:23:56.3459890Z + ]
2026-10-06T11:23:56.3460225Z 
2026-10-06T11:23:56.3460851Z  ❯ readingOf tests/support/screenStateRules.tsx:178:91
2026-10-06T11:23:56.3474728Z     176|   const mounted = await mountIn(pattern, page.address, state, state.ki…
2026-10-06T11:23:56.3476043Z     177|   if (state.kind === "answered") {
2026-10-06T11:23:56.3477252Z     178|     expect(mounted.unanswered, `${pattern} asked for something its cas…
2026-10-06T11:23:56.3478430Z        |                                                                                           ^
2026-10-06T11:23:56.3478956Z 
2026-10-06T11:23:56.3479265Z     179|   }
2026-10-06T11:23:56.3479999Z     180|   if (act === undefined) {
2026-10-06T11:23:56.3481163Z  ❯ reading tests/support/screenStateRules.tsx:188:20
2026-10-06T11:23:56.3482322Z  ❯ holdsFourSentences tests/support/screenStateRules.tsx:226:46
2026-10-06T11:23:56.3483515Z  ❯ tests/screen-states-second.test.tsx:34:5
2026-10-06T11:23:56.3484063Z 
2026-10-06T11:23:56.3484690Z ⎯⎯⎯⎯⎯⎯⎯⎯⎯⎯⎯⎯⎯⎯⎯⎯⎯⎯⎯⎯⎯⎯⎯⎯[3/3]⎯
2026-10-06T11:23:56.3485167Z 
2026-10-06T11:23:56.3516026Z  Test Files  3 failed | 114 passed (117)
2026-10-06T11:23:56.3546137Z       Tests  3 failed | 2087 passed | 1 expected fail (2091)
2026-10-06T11:23:56.3575318Z    Start at  11:20:20
2026-10-06T11:23:56.3576453Z    Duration  215.62s (transform 12.46s, setup 17.87s, import 56.73s, tests 452.77s, environment 89.25s)
2026-10-06T11:23:56.3594800Z 
2026-10-06T11:23:56.3594905Z 
2026-10-06T11:23:56.3619407Z ##[error]AssertionError: expected { unclaimedTables: [ …(2) ], …(3) } to deeply equal { unclaimedTables: [], …(3) }

- Expected
+ Received

  {
    "unclaimedRoutes": [],
    "unclaimedScreens": [],
-   "unclaimedTables": [],
+   "unclaimedTables": [
+     "obs.elevation_entry",
+     "ops.budget_stop",
+   ],
    "unclaimedValues": [],
  }

 ❯ tests/console-audit.test.ts:191:85


2026-10-06T11:23:56.3627768Z 
2026-10-06T11:23:56.3630882Z ##[error]AssertionError: expected [ …(2) ] to deeply equal []

- Expected
+ Received

- []
+ [
+   "src/pages/roles/RoleDrawers.tsx nominating ? NOMINATIONS_API_PATH : APPOINTMENT_API_PATH <- onSubmit on <form>",
+   "src/pages/roles/RoleDrawers.tsx nominationDecisionApiPath(nomination.id) <- onClick on <Button> | onSubmit on <form>",
+ ]

 ❯ tests/destructive-confirmed.test.ts:312:7


2026-10-06T11:23:56.3632494Z 
2026-10-06T11:23:56.3635688Z ##[error]AssertionError: /agents/:agentId asked for something its case does not answer: expected [ Array(1) ] to deeply equal []

- Expected
+ Received

- []
+ [
+   "/api/v1/agents/quote-helper/upgrade",
+ ]

 ❯ readingOf tests/support/screenStateRules.tsx:178:91
 ❯ reading tests/support/screenStateRules.tsx:188:20
 ❯ holdsFourSentences tests/support/screenStateRules.tsx:226:46
 ❯ tests/screen-states-second.test.tsx:34:5


2026-10-06T11:23:56.4446342Z ##[error]Process completed with exit code 1.
2026-10-06T11:23:56.4733657Z Post job cleanup.
2026-10-06T11:23:56.5494140Z [command]/usr/bin/git version
2026-10-06T11:23:56.5525653Z git version 2.55.0
2026-10-06T11:23:56.5554790Z Temporarily overriding HOME='/home/runner/work/_temp/544c07d7-edd5-4e61-aef4-099d7c3c8780' before making global git config changes
2026-10-06T11:23:56.5556120Z Adding repository directory to the temporary git global config as a safe directory
2026-10-06T11:23:56.5559549Z [command]/usr/bin/git config --global --add safe.directory /home/runner/work/Verz-OS-v2.0/Verz-OS-v2.0
2026-10-06T11:23:56.5595261Z [command]/usr/bin/git config --local --name-only --get-regexp core\.sshCommand
2026-10-06T11:23:56.5640831Z [command]/usr/bin/git submodule foreach --recursive sh -c "git config --local --name-only --get-regexp 'core\.sshCommand' && git config --local --unset-all 'core.sshCommand' || :"
2026-10-06T11:23:56.5820326Z [command]/usr/bin/git config --local --name-only --get-regexp http\.https\:\/\/github\.com\/\.extraheader
2026-10-06T11:23:56.5845784Z http.https://github.com/.extraheader
2026-10-06T11:23:56.5855811Z [command]/usr/bin/git config --local --unset-all http.https://github.com/.extraheader
2026-10-06T11:23:56.5891304Z [command]/usr/bin/git submodule foreach --recursive sh -c "git config --local --name-only --get-regexp 'http\.https\:\/\/github\.com\/\.extraheader' && git config --local --unset-all 'http.https://github.com/.extraheader' || :"
2026-10-06T11:23:56.6109045Z [command]/usr/bin/git config --local --name-only --get-regexp ^includeIf\.gitdir:
2026-10-06T11:23:56.6153504Z [command]/usr/bin/git submodule foreach --recursive git config --local --show-origin --name-only --get-regexp remote.origin.url
2026-10-06T11:23:56.6528401Z Cleaning up orphan processes
2026-10-06T11:23:56.6806208Z ##[warning]Node.js 20 is deprecated. The following actions target Node.js 20 but are being forced to run on Node.js 24: actions/checkout@v4, actions/setup-node@v4, astral-sh/setup-uv@v5. For more information see: https://github.blog/changelog/2025-09-19-deprecation-of-node-20-on-github-actions-runners/
