2026-10-06T11:39:30.7849516Z Current runner version: '2.337.0'
2026-10-06T11:39:30.7866958Z ##[group]Runner Image Provisioner
2026-10-06T11:39:30.7867618Z Hosted Compute Agent
2026-10-06T11:39:30.7868136Z Version: 20260901.588
2026-10-06T11:39:30.7868514Z Commit: f88ec8081b781fac6c440065ac7ff9e710ce3d0b
2026-10-06T11:39:30.7868990Z Build Date: 2026-09-01T19:56:44Z
2026-10-06T11:39:30.7869391Z Worker ID: {631bafbf-58dd-49ca-b978-890230a7583a}
2026-10-06T11:39:30.7869859Z Azure Region: westus3
2026-10-06T11:39:30.7870232Z ##[endgroup]
2026-10-06T11:39:30.7871023Z ##[group]Operating System
2026-10-06T11:39:30.7871431Z Ubuntu
2026-10-06T11:39:30.7871760Z 24.04.5
2026-10-06T11:39:30.7872121Z LTS
2026-10-06T11:39:30.7872438Z ##[endgroup]
2026-10-06T11:39:30.7872764Z ##[group]Runner Image
2026-10-06T11:39:30.7873162Z Image: ubuntu-24.04
2026-10-06T11:39:30.7873500Z Version: 20260927.320.1
2026-10-06T11:39:30.7874308Z Included Software: https://github.com/actions/runner-images/blob/ubuntu24/20260927.320/images/ubuntu/Ubuntu2404-Readme.md
2026-10-06T11:39:30.7875159Z Image Release: https://github.com/actions/runner-images/releases/tag/ubuntu24%2F20260927.320
2026-10-06T11:39:30.7875735Z ##[endgroup]
2026-10-06T11:39:30.7876478Z ##[group]GITHUB_TOKEN Permissions
2026-10-06T11:39:30.7877745Z Contents: read
2026-10-06T11:39:30.7878354Z Metadata: read
2026-10-06T11:39:30.7878735Z Packages: read
2026-10-06T11:39:30.7879080Z ##[endgroup]
2026-10-06T11:39:30.7880437Z Secret source: Actions
2026-10-06T11:39:30.7881020Z Cache mode: write
2026-10-06T11:39:30.7881459Z Prepare workflow directory
2026-10-06T11:39:30.8234566Z Prepare all required actions
2026-10-06T11:39:30.8266554Z Getting action download info
2026-10-06T11:39:31.1411889Z Download action repository 'actions/checkout@v4' (SHA:11d5960a326750d5838078e36cf38b85af677262)
2026-10-06T11:39:31.2382605Z Download action repository 'astral-sh/setup-uv@v5' (SHA:d4b2f3b6ecc6e67c4457f6d3e41ec42d3d0fcb86)
2026-10-06T11:39:32.1381779Z Download action repository 'actions/setup-node@v4' (SHA:49933ea5288caeca8642d1e84afbd3f7d6820020)
2026-10-06T11:39:32.2827791Z Download action repository 'actions/upload-artifact@v4' (SHA:ea165f8d65b6e75b540449e92b4886f43607fa02)
2026-10-06T11:39:32.5238082Z Complete job name: Unit tests, shard 1
2026-10-06T11:39:32.5581945Z ##[group]Checking docker version
2026-10-06T11:39:32.5590486Z ##[command]/usr/bin/docker version --format '{{.Server.APIVersion}}'
2026-10-06T11:39:33.4611795Z '1.48'
2026-10-06T11:39:33.4623148Z Docker daemon API version: '1.48'
2026-10-06T11:39:33.4623455Z ##[command]/usr/bin/docker version --format '{{.Client.APIVersion}}'
2026-10-06T11:39:33.4775304Z '1.48'
2026-10-06T11:39:33.4800555Z Docker client API version: '1.48'
2026-10-06T11:39:33.4807435Z ##[endgroup]
2026-10-06T11:39:33.4809756Z ##[group]Clean up resources from previous jobs
2026-10-06T11:39:33.4813535Z ##[command]/usr/bin/docker ps --all --quiet --no-trunc --filter "label=171de1"
2026-10-06T11:39:33.5102428Z ##[command]/usr/bin/docker network prune --force --filter "label=171de1"
2026-10-06T11:39:33.5255860Z ##[endgroup]
2026-10-06T11:39:33.5256118Z ##[group]Create local container network
2026-10-06T11:39:33.5263030Z ##[command]/usr/bin/docker network create --label 171de1 github_network_50a5abf91ff94a76946f01732f9d6e88
2026-10-06T11:39:33.5968917Z 040152361f243af5d9e2586342818e32ce71beccf79a0c376f3b9e7d15a15d80
2026-10-06T11:39:33.5981911Z ##[endgroup]
2026-10-06T11:39:33.5999133Z ##[group]Starting postgres service container
2026-10-06T11:39:33.6012558Z ##[command]/usr/bin/docker pull pgvector/pgvector:pg18
2026-10-06T11:39:34.4014464Z pg18: Pulling from pgvector/pgvector
2026-10-06T11:39:34.6523270Z 774043ccc8cc: Pulling fs layer
2026-10-06T11:39:34.6523660Z 211cec8da20e: Pulling fs layer
2026-10-06T11:39:34.6523820Z c56d732b49fe: Pulling fs layer
2026-10-06T11:39:34.6524085Z a9bacfc8d232: Pulling fs layer
2026-10-06T11:39:34.6524412Z c043c1caa591: Pulling fs layer
2026-10-06T11:39:34.6524674Z 6bd876b3b38f: Pulling fs layer
2026-10-06T11:39:34.6525006Z bdbb8057313b: Pulling fs layer
2026-10-06T11:39:34.6525610Z d1c18bcbca3a: Pulling fs layer
2026-10-06T11:39:34.6525873Z 0e6c3beb32b1: Pulling fs layer
2026-10-06T11:39:34.6526643Z 980abddbe295: Pulling fs layer
2026-10-06T11:39:34.6526881Z 5178c10d12ba: Pulling fs layer
2026-10-06T11:39:34.6528343Z 9dd6e8795674: Pulling fs layer
2026-10-06T11:39:34.6528508Z ddda533f81f8: Pulling fs layer
2026-10-06T11:39:34.6528658Z aac640d5ec42: Pulling fs layer
2026-10-06T11:39:34.6528843Z de9ba41de9ee: Pulling fs layer
2026-10-06T11:39:34.6529218Z 0e6c3beb32b1: Waiting
2026-10-06T11:39:34.6529398Z 980abddbe295: Waiting
2026-10-06T11:39:34.6529515Z 5178c10d12ba: Waiting
2026-10-06T11:39:34.6529628Z a9bacfc8d232: Waiting
2026-10-06T11:39:34.6529739Z c043c1caa591: Waiting
2026-10-06T11:39:34.6529879Z d1c18bcbca3a: Waiting
2026-10-06T11:39:34.6530057Z 9dd6e8795674: Waiting
2026-10-06T11:39:34.6530225Z ddda533f81f8: Waiting
2026-10-06T11:39:34.6530394Z de9ba41de9ee: Waiting
2026-10-06T11:39:34.6530569Z aac640d5ec42: Waiting
2026-10-06T11:39:34.6590029Z bdbb8057313b: Waiting
2026-10-06T11:39:34.6590270Z 6bd876b3b38f: Waiting
2026-10-06T11:39:34.8574280Z 211cec8da20e: Verifying Checksum
2026-10-06T11:39:34.8574977Z 211cec8da20e: Download complete
2026-10-06T11:39:34.8780472Z c56d732b49fe: Download complete
2026-10-06T11:39:34.9809199Z 774043ccc8cc: Verifying Checksum
2026-10-06T11:39:34.9809966Z 774043ccc8cc: Download complete
2026-10-06T11:39:35.0436496Z a9bacfc8d232: Verifying Checksum
2026-10-06T11:39:35.0437451Z a9bacfc8d232: Download complete
2026-10-06T11:39:35.0934776Z c043c1caa591: Verifying Checksum
2026-10-06T11:39:35.0935376Z c043c1caa591: Download complete
2026-10-06T11:39:35.1711596Z 6bd876b3b38f: Verifying Checksum
2026-10-06T11:39:35.1712419Z 6bd876b3b38f: Download complete
2026-10-06T11:39:35.2267307Z bdbb8057313b: Verifying Checksum
2026-10-06T11:39:35.2268176Z bdbb8057313b: Download complete
2026-10-06T11:39:35.2753800Z d1c18bcbca3a: Verifying Checksum
2026-10-06T11:39:35.2754494Z d1c18bcbca3a: Download complete
2026-10-06T11:39:35.4060569Z 980abddbe295: Verifying Checksum
2026-10-06T11:39:35.4061326Z 980abddbe295: Download complete
2026-10-06T11:39:35.4595825Z 5178c10d12ba: Verifying Checksum
2026-10-06T11:39:35.4596684Z 5178c10d12ba: Download complete
2026-10-06T11:39:35.5784074Z 9dd6e8795674: Verifying Checksum
2026-10-06T11:39:35.5784685Z 9dd6e8795674: Download complete
2026-10-06T11:39:35.6466814Z ddda533f81f8: Verifying Checksum
2026-10-06T11:39:35.6470302Z ddda533f81f8: Download complete
2026-10-06T11:39:35.7142332Z 774043ccc8cc: Pull complete
2026-10-06T11:39:35.7619189Z aac640d5ec42: Download complete
2026-10-06T11:39:35.8376476Z 0e6c3beb32b1: Verifying Checksum
2026-10-06T11:39:35.8376861Z 0e6c3beb32b1: Download complete
2026-10-06T11:39:35.8439882Z de9ba41de9ee: Verifying Checksum
2026-10-06T11:39:35.8440147Z de9ba41de9ee: Download complete
2026-10-06T11:39:37.0066530Z 211cec8da20e: Pull complete
2026-10-06T11:39:37.1396285Z c56d732b49fe: Pull complete
2026-10-06T11:39:37.1785279Z a9bacfc8d232: Pull complete
2026-10-06T11:39:37.5507231Z c043c1caa591: Pull complete
2026-10-06T11:39:37.6195289Z 6bd876b3b38f: Pull complete
2026-10-06T11:39:37.6251355Z bdbb8057313b: Pull complete
2026-10-06T11:39:37.6330508Z d1c18bcbca3a: Pull complete
2026-10-06T11:39:40.9387593Z 0e6c3beb32b1: Pull complete
2026-10-06T11:39:40.9493916Z 980abddbe295: Pull complete
2026-10-06T11:39:40.9562132Z 5178c10d12ba: Pull complete
2026-10-06T11:39:40.9655253Z 9dd6e8795674: Pull complete
2026-10-06T11:39:40.9714523Z ddda533f81f8: Pull complete
2026-10-06T11:39:41.0037770Z aac640d5ec42: Pull complete
2026-10-06T11:39:41.1500971Z de9ba41de9ee: Pull complete
2026-10-06T11:39:41.1533375Z Digest: sha256:2358fcba361ed2233a5ed81b5fe4ca779ccb304120ce531a3bf51c0ed7e2bc11
2026-10-06T11:39:41.1543328Z Status: Downloaded newer image for pgvector/pgvector:pg18
2026-10-06T11:39:41.1551693Z docker.io/pgvector/pgvector:pg18
2026-10-06T11:39:41.1599351Z ##[command]/usr/bin/docker create --name 1367f188937942bc945bcbd52bc232f3_pgvectorpgvectorpg18_eb58aa --label 171de1 --network github_network_50a5abf91ff94a76946f01732f9d6e88 --network-alias postgres -p 5432:5432 --health-cmd pg_isready --health-interval 5s --health-timeout 5s --health-retries 10 -e "POSTGRES_PASSWORD=postgres" -e "POSTGRES_DB=brain_test" -e GITHUB_ACTIONS=true -e CI=true pgvector/pgvector:pg18
2026-10-06T11:39:41.1794491Z 3c68478695679388beecbc8bed1945fe77c76131257615e7417b28ab675f30d7
2026-10-06T11:39:41.1815320Z ##[command]/usr/bin/docker start 3c68478695679388beecbc8bed1945fe77c76131257615e7417b28ab675f30d7
2026-10-06T11:39:41.4364633Z 3c68478695679388beecbc8bed1945fe77c76131257615e7417b28ab675f30d7
2026-10-06T11:39:41.4383323Z ##[command]/usr/bin/docker ps --all --filter id=3c68478695679388beecbc8bed1945fe77c76131257615e7417b28ab675f30d7 --filter status=running --no-trunc --format "{{.ID}} {{.Status}}"
2026-10-06T11:39:41.4481895Z 3c68478695679388beecbc8bed1945fe77c76131257615e7417b28ab675f30d7 Up Less than a second (health: starting)
2026-10-06T11:39:41.4506451Z ##[command]/usr/bin/docker port 3c68478695679388beecbc8bed1945fe77c76131257615e7417b28ab675f30d7
2026-10-06T11:39:41.4617252Z 5432/tcp -> 0.0.0.0:5432
2026-10-06T11:39:41.4618474Z 5432/tcp -> [::]:5432
2026-10-06T11:39:41.4685045Z ##[endgroup]
2026-10-06T11:39:41.4692718Z ##[group]Waiting for all services to be ready
2026-10-06T11:39:41.4702025Z ##[command]/usr/bin/docker inspect --format="{{if .Config.Healthcheck}}{{print .State.Health.Status}}{{end}}" 3c68478695679388beecbc8bed1945fe77c76131257615e7417b28ab675f30d7
2026-10-06T11:39:41.4805964Z starting
2026-10-06T11:39:41.4829353Z postgres service is starting, waiting 2 seconds before checking again.
2026-10-06T11:39:43.4841102Z ##[command]/usr/bin/docker inspect --format="{{if .Config.Healthcheck}}{{print .State.Health.Status}}{{end}}" 3c68478695679388beecbc8bed1945fe77c76131257615e7417b28ab675f30d7
2026-10-06T11:39:43.4931219Z starting
2026-10-06T11:39:43.4941886Z postgres service is starting, waiting 3 seconds before checking again.
2026-10-06T11:39:47.3241063Z ##[command]/usr/bin/docker inspect --format="{{if .Config.Healthcheck}}{{print .State.Health.Status}}{{end}}" 3c68478695679388beecbc8bed1945fe77c76131257615e7417b28ab675f30d7
2026-10-06T11:39:47.3332244Z healthy
2026-10-06T11:39:47.3345434Z postgres service is healthy.
2026-10-06T11:39:47.3346233Z ##[endgroup]
2026-10-06T11:39:47.3508351Z ##[group]Run actions/checkout@v4
2026-10-06T11:39:47.3508621Z with:
2026-10-06T11:39:47.3508730Z   fetch-depth: 0
2026-10-06T11:39:47.3508863Z   repository: rpsj2230/Verz-OS-v2.0
2026-10-06T11:39:47.3510177Z   token: ***
2026-10-06T11:39:47.3510287Z   ssh-strict: true
2026-10-06T11:39:47.3510398Z   ssh-user: git
2026-10-06T11:39:47.3510516Z   persist-credentials: true
2026-10-06T11:39:47.3510644Z   clean: true
2026-10-06T11:39:47.3510760Z   sparse-checkout-cone-mode: true
2026-10-06T11:39:47.3510894Z   fetch-tags: false
2026-10-06T11:39:47.3511004Z   show-progress: true
2026-10-06T11:39:47.3511114Z   lfs: false
2026-10-06T11:39:47.3511214Z   submodules: false
2026-10-06T11:39:47.3511328Z   set-safe-directory: true
2026-10-06T11:39:47.3511460Z   allow-unsafe-pr-checkout: false
2026-10-06T11:39:47.3511668Z env:
2026-10-06T11:39:47.3511766Z   UV_VERSION: 0.12.9
2026-10-06T11:39:47.3512007Z   DATABASE_URL: ***localhost:5432/brain_test
2026-10-06T11:39:47.3512257Z   COVERAGE_FILE: /home/runner/work/Verz-OS-v2.0/Verz-OS-v2.0/coverage-shard-1
2026-10-06T11:39:47.3512459Z ##[endgroup]
2026-10-06T11:39:47.4147493Z Syncing repository: rpsj2230/Verz-OS-v2.0
2026-10-06T11:39:47.4148912Z ##[group]Getting Git version info
2026-10-06T11:39:47.4149258Z Working directory is '/home/runner/work/Verz-OS-v2.0/Verz-OS-v2.0'
2026-10-06T11:39:47.4149748Z [command]/usr/bin/git version
2026-10-06T11:39:47.4196511Z git version 2.55.0
2026-10-06T11:39:47.4216776Z ##[endgroup]
2026-10-06T11:39:47.4224383Z Temporarily overriding HOME='/home/runner/work/_temp/26dbc8a5-3379-46d5-bcc9-04cb447fe82b' before making global git config changes
2026-10-06T11:39:47.4225053Z Adding repository directory to the temporary git global config as a safe directory
2026-10-06T11:39:47.4229515Z [command]/usr/bin/git config --global --add safe.directory /home/runner/work/Verz-OS-v2.0/Verz-OS-v2.0
2026-10-06T11:39:47.4283338Z Deleting the contents of '/home/runner/work/Verz-OS-v2.0/Verz-OS-v2.0'
2026-10-06T11:39:47.4284119Z ##[group]Initializing the repository
2026-10-06T11:39:47.4284456Z [command]/usr/bin/git init /home/runner/work/Verz-OS-v2.0/Verz-OS-v2.0
2026-10-06T11:39:47.4392210Z hint: Using 'master' as the name for the initial branch. This default branch name
2026-10-06T11:39:47.4392723Z hint: will change to "main" in Git 3.0. To configure the initial branch name
2026-10-06T11:39:47.4393144Z hint: to use in all of your new repositories, which will suppress this warning,
2026-10-06T11:39:47.4393465Z hint: call:
2026-10-06T11:39:47.4393655Z hint:
2026-10-06T11:39:47.4393906Z hint: 	git config --global init.defaultBranch <name>
2026-10-06T11:39:47.4394166Z hint:
2026-10-06T11:39:47.4394424Z hint: Names commonly chosen instead of 'master' are 'main', 'trunk' and
2026-10-06T11:39:47.4394862Z hint: 'development'. The just-created branch can be renamed via this command:
2026-10-06T11:39:47.4395200Z hint:
2026-10-06T11:39:47.4395374Z hint: 	git branch -m <name>
2026-10-06T11:39:47.4395576Z hint:
2026-10-06T11:39:47.4395866Z hint: Disable this message with "git config set advice.defaultBranchName false"
2026-10-06T11:39:47.4396335Z Initialized empty Git repository in /home/runner/work/Verz-OS-v2.0/Verz-OS-v2.0/.git/
2026-10-06T11:39:47.4401444Z [command]/usr/bin/git remote add origin https://github.com/rpsj2230/Verz-OS-v2.0
2026-10-06T11:39:47.4451237Z ##[endgroup]
2026-10-06T11:39:47.4451589Z ##[group]Disabling automatic garbage collection
2026-10-06T11:39:47.4455375Z [command]/usr/bin/git config --local gc.auto 0
2026-10-06T11:39:47.4486540Z ##[endgroup]
2026-10-06T11:39:47.4486855Z ##[group]Setting up auth
2026-10-06T11:39:47.4492225Z [command]/usr/bin/git config --local --name-only --get-regexp core\.sshCommand
2026-10-06T11:39:47.4525652Z [command]/usr/bin/git submodule foreach --recursive sh -c "git config --local --name-only --get-regexp 'core\.sshCommand' && git config --local --unset-all 'core.sshCommand' || :"
2026-10-06T11:39:47.4822890Z [command]/usr/bin/git config --local --name-only --get-regexp http\.https\:\/\/github\.com\/\.extraheader
2026-10-06T11:39:47.4851237Z [command]/usr/bin/git submodule foreach --recursive sh -c "git config --local --name-only --get-regexp 'http\.https\:\/\/github\.com\/\.extraheader' && git config --local --unset-all 'http.https://github.com/.extraheader' || :"
2026-10-06T11:39:47.5019830Z [command]/usr/bin/git config --local --name-only --get-regexp ^includeIf\.gitdir:
2026-10-06T11:39:47.5046352Z [command]/usr/bin/git submodule foreach --recursive git config --local --show-origin --name-only --get-regexp remote.origin.url
2026-10-06T11:39:47.5213299Z [command]/usr/bin/git config --local http.https://github.com/.extraheader AUTHORIZATION: basic ***
2026-10-06T11:39:47.5303597Z ##[endgroup]
2026-10-06T11:39:47.5303956Z ##[group]Fetching the repository
2026-10-06T11:39:47.5310901Z [command]/usr/bin/git -c protocol.version=2 fetch --prune --no-recurse-submodules origin +refs/heads/*:refs/remotes/origin/* +refs/tags/*:refs/tags/* +78b336aadb4fe72b6a03683ec8421e3764c47a1c:refs/remotes/pull/465/merge
2026-10-06T11:39:50.5133516Z From https://github.com/rpsj2230/Verz-OS-v2.0
2026-10-06T11:39:50.5134024Z  * [new branch]        M0/keycloak-first-start-memory           -> origin/M0/keycloak-first-start-memory
2026-10-06T11:39:50.5134585Z  * [new branch]        M0/keycloak-fixed-heap                   -> origin/M0/keycloak-fixed-heap
2026-10-06T11:39:50.5135043Z  * [new branch]        M0/w2-ci-path-filters                    -> origin/M0/w2-ci-path-filters
2026-10-06T11:39:50.5135511Z  * [new branch]        M0/w2-test-selection-shadow              -> origin/M0/w2-test-selection-shadow
2026-10-06T11:39:50.5135983Z  * [new branch]        M1/add-work-email                        -> origin/M1/add-work-email
2026-10-06T11:39:50.5136398Z  * [new branch]        M1/console-token-scope                   -> origin/M1/console-token-scope
2026-10-06T11:39:50.5137109Z  * [new branch]        M1/departments-from                      -> origin/M1/departments-from
2026-10-06T11:39:50.5137565Z  * [new branch]        M1/departments-from-relanded             -> origin/M1/departments-from-relanded
2026-10-06T11:39:50.5138268Z  * [new branch]        M1/group-sync-break-glass-notice         -> origin/M1/group-sync-break-glass-notice
2026-10-06T11:39:50.5138754Z  * [new branch]        M1/head-audit-reads                      -> origin/M1/head-audit-reads
2026-10-06T11:39:50.5139214Z  * [new branch]        M1/ldap-staff-source                     -> origin/M1/ldap-staff-source
2026-10-06T11:39:50.5139724Z  * [new branch]        M1/people-status                         -> origin/M1/people-status
2026-10-06T11:39:50.5140162Z  * [new branch]        M1/relay-to-sign-in                      -> origin/M1/relay-to-sign-in
2026-10-06T11:39:50.5140629Z  * [new branch]        M1/role-grants-deputies-floor            -> origin/M1/role-grants-deputies-floor
2026-10-06T11:39:50.5141270Z  * [new branch]        M1/role-grants-deputies-floor-r225625    -> origin/M1/role-grants-deputies-floor-r225625
2026-10-06T11:39:50.5141817Z  * [new branch]        M1/staff-accounts                        -> origin/M1/staff-accounts
2026-10-06T11:39:50.5142304Z  * [new branch]        M1/staff-adapters-gws-entra-lark         -> origin/M1/staff-adapters-gws-entra-lark
2026-10-06T11:39:50.5142802Z  * [new branch]        M1/staff-are-people                      -> origin/M1/staff-are-people
2026-10-06T11:39:50.5143319Z  * [new branch]        M1/staff-source-connect-leaver-stop      -> origin/M1/staff-source-connect-leaver-stop
2026-10-06T11:39:50.5143835Z  * [new branch]        M1/staff-sync-diagnostics                -> origin/M1/staff-sync-diagnostics
2026-10-06T11:39:50.5144357Z  * [new branch]        M1/starter-pack-per-department           -> origin/M1/starter-pack-per-department
2026-10-06T11:39:50.5144834Z  * [new branch]        M10/channel-email                        -> origin/M10/channel-email
2026-10-06T11:39:50.5145271Z  * [new branch]        M10/channel-email-mailbox                -> origin/M10/channel-email-mailbox
2026-10-06T11:39:50.5145968Z  * [new branch]        M10/channel-pipeline                     -> origin/M10/channel-pipeline
2026-10-06T11:39:50.5146390Z  * [new branch]        M10/channel-slack                        -> origin/M10/channel-slack
2026-10-06T11:39:50.5146775Z  * [new branch]        M10/channel-teams                        -> origin/M10/channel-teams
2026-10-06T11:39:50.5147048Z  * [new branch]        M10/channel-telegram                     -> origin/M10/channel-telegram
2026-10-06T11:39:50.5147497Z  * [new branch]        M10/channel-whatsapp                     -> origin/M10/channel-whatsapp
2026-10-06T11:39:50.5148157Z  * [new branch]        M10/channels-screen-binding              -> origin/M10/channels-screen-binding
2026-10-06T11:39:50.5148619Z  * [new branch]        M10/lark-chat-channel                    -> origin/M10/lark-chat-channel
2026-10-06T11:39:50.5149095Z  * [new branch]        M10/w2-approval-cards                    -> origin/M10/w2-approval-cards
2026-10-06T11:39:50.5149561Z  * [new branch]        M10/w2-card-on-raise                     -> origin/M10/w2-card-on-raise
2026-10-06T11:39:50.5150003Z  * [new branch]        M10/w2-channel-checks                    -> origin/M10/w2-channel-checks
2026-10-06T11:39:50.5150472Z  * [new branch]        M10/w2-widget-public                     -> origin/M10/w2-widget-public
2026-10-06T11:39:50.5150913Z  * [new branch]        M10/w2-widget-session                    -> origin/M10/w2-widget-session
2026-10-06T11:39:50.5151376Z  * [new branch]        M10/widget-test-clock                    -> origin/M10/widget-test-clock
2026-10-06T11:39:50.5151849Z  * [new branch]        M11/ceilings-discovery                   -> origin/M11/ceilings-discovery
2026-10-06T11:39:50.5152387Z  * [new branch]        M11/connector-discovery                  -> origin/M11/connector-discovery
2026-10-06T11:39:50.5153109Z  * [new branch]        M11/connector-registries-minimal-index   -> origin/M11/connector-registries-minimal-index
2026-10-06T11:39:50.5153692Z  * [new branch]        M11/freshdesk-connector                  -> origin/M11/freshdesk-connector
2026-10-06T11:39:50.5154211Z  * [new branch]        M11/lark-wiki-base-connectors            -> origin/M11/lark-wiki-base-connectors
2026-10-06T11:39:50.5154741Z  * [new branch]        M11/live-read-speed-budget               -> origin/M11/live-read-speed-budget
2026-10-06T11:39:50.5155267Z  * [new branch]        M11/live-read-speed-budget-r2            -> origin/M11/live-read-speed-budget-r2
2026-10-06T11:39:50.5155769Z  * [new branch]        M11/w2-change-signals                    -> origin/M11/w2-change-signals
2026-10-06T11:39:50.5156245Z  * [new branch]        M11/w2-cloudflare                        -> origin/M11/w2-cloudflare
2026-10-06T11:39:50.5156728Z  * [new branch]        M11/w2-connect-drive-laravel             -> origin/M11/w2-connect-drive-laravel
2026-10-06T11:39:50.5157246Z  * [new branch]        M11/w2-connector-checks                  -> origin/M11/w2-connector-checks
2026-10-06T11:39:50.5157745Z  * [new branch]        M11/w2-connector-lifecycle               -> origin/M11/w2-connector-lifecycle
2026-10-06T11:39:50.5158468Z  * [new branch]        M11/w2-connector-metrics                 -> origin/M11/w2-connector-metrics
2026-10-06T11:39:50.5158955Z  * [new branch]        M11/w2-connectors-tools                  -> origin/M11/w2-connectors-tools
2026-10-06T11:39:50.5159473Z  * [new branch]        M11/w2-connectors-tools-2                -> origin/M11/w2-connectors-tools-2
2026-10-06T11:39:50.5159946Z  * [new branch]        M11/w2-domains                           -> origin/M11/w2-domains
2026-10-06T11:39:50.5160424Z  * [new branch]        M11/w2-drive-depth-first                 -> origin/M11/w2-drive-depth-first
2026-10-06T11:39:50.5160883Z  * [new branch]        M11/w2-drive-read                        -> origin/M11/w2-drive-read
2026-10-06T11:39:50.5161372Z  * [new branch]        M11/w2-framework-checks                  -> origin/M11/w2-framework-checks
2026-10-06T11:39:50.5162017Z  * [new branch]        M11/w2-freshdesk-live                    -> origin/M11/w2-freshdesk-live
2026-10-06T11:39:50.5162490Z  * [new branch]        M11/w2-freshdesk-reply                   -> origin/M11/w2-freshdesk-reply
2026-10-06T11:39:50.5162935Z  * [new branch]        M11/w2-google-analytics                  -> origin/M11/w2-google-analytics
2026-10-06T11:39:50.5163395Z  * [new branch]        M11/w2-google-workspace                  -> origin/M11/w2-google-workspace
2026-10-06T11:39:50.5163833Z  * [new branch]        M11/w2-hubspot-live                      -> origin/M11/w2-hubspot-live
2026-10-06T11:39:50.5164251Z  * [new branch]        M11/w2-laravel-read                      -> origin/M11/w2-laravel-read
2026-10-06T11:39:50.5164676Z  * [new branch]        M11/w2-lark-base                         -> origin/M11/w2-lark-base
2026-10-06T11:39:50.5165077Z  * [new branch]        M11/w2-oauth                             -> origin/M11/w2-oauth
2026-10-06T11:39:50.5165522Z  * [new branch]        M11/w2-requirement-areas                 -> origin/M11/w2-requirement-areas
2026-10-06T11:39:50.5166005Z  * [new branch]        M11/w2-schema-drift                      -> origin/M11/w2-schema-drift
2026-10-06T11:39:50.5166450Z  * [new branch]        M11/w2-search-console                    -> origin/M11/w2-search-console
2026-10-06T11:39:50.5166898Z  * [new branch]        M11/w2-slack-source                      -> origin/M11/w2-slack-source
2026-10-06T11:39:50.5167354Z  * [new branch]        M11/w2-spec-connector                    -> origin/M11/w2-spec-connector
2026-10-06T11:39:50.5167773Z  * [new branch]        M11/w2-staleness                         -> origin/M11/w2-staleness
2026-10-06T11:39:50.5168310Z  * [new branch]        M11/w2-transports                        -> origin/M11/w2-transports
2026-10-06T11:39:50.5168715Z  * [new branch]        M11/w2-write-tools                       -> origin/M11/w2-write-tools
2026-10-06T11:39:50.5169307Z  * [new branch]        M11/w3-connectable-checks                -> origin/M11/w3-connectable-checks
2026-10-06T11:39:50.5169770Z  * [new branch]        M11/w3-live-answers                      -> origin/M11/w3-live-answers
2026-10-06T11:39:50.5170243Z  * [new branch]        M11/w3-ready-from-console                -> origin/M11/w3-ready-from-console
2026-10-06T11:39:50.5170716Z  * [new branch]        M11/w3-write-proved                      -> origin/M11/w3-write-proved
2026-10-06T11:39:50.5171195Z  * [new branch]        M11/wave2-acceptance                     -> origin/M11/wave2-acceptance
2026-10-06T11:39:50.5171675Z  * [new branch]        M12/skill-import-review                  -> origin/M12/skill-import-review
2026-10-06T11:39:50.5172172Z  * [new branch]        M12/tool-catalogue-switch                -> origin/M12/tool-catalogue-switch
2026-10-06T11:39:50.5172706Z  * [new branch]        M12/tool-catalogue-switch-r195618        -> origin/M12/tool-catalogue-switch-r195618
2026-10-06T11:39:50.5173260Z  * [new branch]        M12/w2-chat-attach-control               -> origin/M12/w2-chat-attach-control
2026-10-06T11:39:50.5173764Z  * [new branch]        M12/w2-chat-attachments                  -> origin/M12/w2-chat-attachments
2026-10-06T11:39:50.5174249Z  * [new branch]        M12/w2-default-leash                     -> origin/M12/w2-default-leash
2026-10-06T11:39:50.5174720Z  * [new branch]        M12/w2-skill-packages                    -> origin/M12/w2-skill-packages
2026-10-06T11:39:50.5175222Z  * [new branch]        M12/w2-skill-script-digest               -> origin/M12/w2-skill-script-digest
2026-10-06T11:39:50.5175733Z  * [new branch]        M12/w2-sop-import                        -> origin/M12/w2-sop-import
2026-10-06T11:39:50.5176169Z  * [new branch]        M12/w2-website-check                     -> origin/M12/w2-website-check
2026-10-06T11:39:50.5176652Z  * [new branch]        M12/w3-skill-export-rehearsal            -> origin/M12/w3-skill-export-rehearsal
2026-10-06T11:39:50.5177152Z  * [new branch]        M12/w3-skill-pin-checks                  -> origin/M12/w3-skill-pin-checks
2026-10-06T11:39:50.5177789Z  * [new branch]        M12/w3-skill-pins-wired                  -> origin/M12/w3-skill-pins-wired
2026-10-06T11:39:50.5178423Z  * [new branch]        M12/website-check-tool                   -> origin/M12/website-check-tool
2026-10-06T11:39:50.5178854Z  * [new branch]        M13/halt-agent                           -> origin/M13/halt-agent
2026-10-06T11:39:50.5179306Z  * [new branch]        M13/install-checks-agents                -> origin/M13/install-checks-agents
2026-10-06T11:39:50.5179709Z  * [new branch]        M13/template-signing-key                 -> origin/M13/template-signing-key
2026-10-06T11:39:50.5179997Z  * [new branch]        M13/w2-template-key                      -> origin/M13/w2-template-key
2026-10-06T11:39:50.5180276Z  * [new branch]        M13/w3-actions-stack                     -> origin/M13/w3-actions-stack
2026-10-06T11:39:50.5180570Z  * [new branch]        M13/w3-agent-channels-edit               -> origin/M13/w3-agent-channels-edit
2026-10-06T11:39:50.5180861Z  * [new branch]        M13/w3-agent-reach                       -> origin/M13/w3-agent-reach
2026-10-06T11:39:50.5181131Z  * [new branch]        M13/w3-agent-runtime                     -> origin/M13/w3-agent-runtime
2026-10-06T11:39:50.5181420Z  * [new branch]        M13/w3-approved-runs-once                -> origin/M13/w3-approved-runs-once
2026-10-06T11:39:50.5181710Z  * [new branch]        M13/w3-builder-checks                    -> origin/M13/w3-builder-checks
2026-10-06T11:39:50.5181995Z  * [new branch]        M13/w3-connector-binding                 -> origin/M13/w3-connector-binding
2026-10-06T11:39:50.5182299Z  * [new branch]        M13/w3-runtime-side-effects              -> origin/M13/w3-runtime-side-effects
2026-10-06T11:39:50.5182596Z  * [new branch]        M13/w3-template-checks                   -> origin/M13/w3-template-checks
2026-10-06T11:39:50.5182997Z  * [new branch]        M13/w3-wiki-page-read                    -> origin/M13/w3-wiki-page-read
2026-10-06T11:39:50.5183283Z  * [new branch]        M13/wire-agent-upgrade                   -> origin/M13/wire-agent-upgrade
2026-10-06T11:39:50.5183563Z  * [new branch]        M13/wire-answer-key                      -> origin/M13/wire-answer-key
2026-10-06T11:39:50.5183844Z  * [new branch]        M13/wire-publish-gate                    -> origin/M13/wire-publish-gate
2026-10-06T11:39:50.5184120Z  * [new branch]        M14/w3-calibration                       -> origin/M14/w3-calibration
2026-10-06T11:39:50.5184572Z  * [new branch]        M14/w3-entity-resolution                 -> origin/M14/w3-entity-resolution
2026-10-06T11:39:50.5185121Z  * [new branch]        M14/w3-pepper                            -> origin/M14/w3-pepper
2026-10-06T11:39:50.5185659Z  * [new branch]        M14/w3-register-decisions                -> origin/M14/w3-register-decisions
2026-10-06T11:39:50.5186136Z  * [new branch]        M14/w3-unresolved                        -> origin/M14/w3-unresolved
2026-10-06T11:39:50.5186587Z  * [new branch]        M15/retrieval-log-replay                 -> origin/M15/retrieval-log-replay
2026-10-06T11:39:50.5187133Z  * [new branch]        M15/typed-rows-department-scope          -> origin/M15/typed-rows-department-scope
2026-10-06T11:39:50.5187666Z  * [new branch]        M15/w2-narrow-reader-scan                -> origin/M15/w2-narrow-reader-scan
2026-10-06T11:39:50.5188332Z  * [new branch]        M16/needs-memory-items                   -> origin/M16/needs-memory-items
2026-10-06T11:39:50.5188796Z  * [new branch]        M16/w3-channel-marks                     -> origin/M16/w3-channel-marks
2026-10-06T11:39:50.5189263Z  * [new branch]        M16/w3-confirmed                         -> origin/M16/w3-confirmed
2026-10-06T11:39:50.5189711Z  * [new branch]        M16/w3-context                           -> origin/M16/w3-context
2026-10-06T11:39:50.5190211Z  * [new branch]        M16/w3-learning-candidates               -> origin/M16/w3-learning-candidates
2026-10-06T11:39:50.5190737Z  * [new branch]        M16/w3-learning-tables                   -> origin/M16/w3-learning-tables
2026-10-06T11:39:50.5191320Z  * [new branch]        M16/w3-marks                             -> origin/M16/w3-marks
2026-10-06T11:39:50.5191763Z  * [new branch]        M16/w3-memory-learning                   -> origin/M16/w3-memory-learning
2026-10-06T11:39:50.5192215Z  * [new branch]        M16/w3-signal-log                        -> origin/M16/w3-signal-log
2026-10-06T11:39:50.5192643Z  * [new branch]        M16/w3-waiting                           -> origin/M16/w3-waiting
2026-10-06T11:39:50.5193081Z  * [new branch]        M16/w3-weekly-digest                     -> origin/M16/w3-weekly-digest
2026-10-06T11:39:50.5193530Z  * [new branch]        M20/draft-forms-fix                      -> origin/M20/draft-forms-fix
2026-10-06T11:39:50.5194002Z  * [new branch]        M20/w3-publish-record                    -> origin/M20/w3-publish-record
2026-10-06T11:39:50.5194495Z  * [new branch]        M20/wire-builder-sections                -> origin/M20/wire-builder-sections
2026-10-06T11:39:50.5194975Z  * [new branch]        M20/wire-coauthor                        -> origin/M20/wire-coauthor
2026-10-06T11:39:50.5195419Z  * [new branch]        M21/budget-stops                         -> origin/M21/budget-stops
2026-10-06T11:39:50.5195895Z  * [new branch]        M21/record-usage-for-stats               -> origin/M21/record-usage-for-stats
2026-10-06T11:39:50.5196398Z  * [new branch]        M22/w2-admission-classes                 -> origin/M22/w2-admission-classes
2026-10-06T11:39:50.5196944Z  * [new branch]        M22/w2-capacity-trace-pii-checks         -> origin/M22/w2-capacity-trace-pii-checks
2026-10-06T11:39:50.5197460Z  * [new branch]        M22/w2-class-pools                       -> origin/M22/w2-class-pools
2026-10-06T11:39:50.5197901Z  * [new branch]        M22/w2-pool-limits                       -> origin/M22/w2-pool-limits
2026-10-06T11:39:50.5198747Z  * [new branch]        M22/w2-ready-probe                       -> origin/M22/w2-ready-probe
2026-10-06T11:39:50.5199201Z  * [new branch]        M23/rate-limits-live                     -> origin/M23/rate-limits-live
2026-10-06T11:39:50.5199675Z  * [new branch]        M23/w2-proof-recovery                    -> origin/M23/w2-proof-recovery
2026-10-06T11:39:50.5200115Z  * [new branch]        M23/w2-redrive                           -> origin/M23/w2-redrive
2026-10-06T11:39:50.5200610Z  * [new branch]        M24/decisions-compliance-breach          -> origin/M24/decisions-compliance-breach
2026-10-06T11:39:50.5201158Z  * [new branch]        M24/trace-and-session-audit              -> origin/M24/trace-and-session-audit
2026-10-06T11:39:50.5201644Z  * [new branch]        M27/agent-builder                        -> origin/M27/agent-builder
2026-10-06T11:39:50.5202099Z  * [new branch]        M27/connect-wizards                      -> origin/M27/connect-wizards
2026-10-06T11:39:50.5202580Z  * [new branch]        M27/connect-wizards-2                    -> origin/M27/connect-wizards-2
2026-10-06T11:39:50.5203061Z  * [new branch]        M27/connect-wizards-3                    -> origin/M27/connect-wizards-3
2026-10-06T11:39:50.5203541Z  * [new branch]        M27/connect-wizards-4                    -> origin/M27/connect-wizards-4
2026-10-06T11:39:50.5203998Z  * [new branch]        M27/connector-drift                      -> origin/M27/connector-drift
2026-10-06T11:39:50.5204479Z  * [new branch]        M27/connector-test-probe                 -> origin/M27/connector-test-probe
2026-10-06T11:39:50.5204980Z  * [new branch]        M27/console-automations                  -> origin/M27/console-automations
2026-10-06T11:39:50.5205465Z  * [new branch]        M27/console-batch-0928                   -> origin/M27/console-batch-0928
2026-10-06T11:39:50.5205923Z  * [new branch]        M27/console-channels                     -> origin/M27/console-channels
2026-10-06T11:39:50.5206436Z  * [new branch]        M27/console-connectors                   -> origin/M27/console-connectors
2026-10-06T11:39:50.5207108Z  * [new branch]        M27/console-credentials                  -> origin/M27/console-credentials
2026-10-06T11:39:50.5207626Z  * [new branch]        M27/console-credentials-r2               -> origin/M27/console-credentials-r2
2026-10-06T11:39:50.5208274Z  * [new branch]        M27/console-governance                   -> origin/M27/console-governance
2026-10-06T11:39:50.5208748Z  * [new branch]        M27/console-knowledge                    -> origin/M27/console-knowledge
2026-10-06T11:39:50.5209224Z  * [new branch]        M27/console-knowledge-r2                 -> origin/M27/console-knowledge-r2
2026-10-06T11:39:50.5209716Z  * [new branch]        M27/console-knowledge-r3                 -> origin/M27/console-knowledge-r3
2026-10-06T11:39:50.5210195Z  * [new branch]        M27/console-last-pages                   -> origin/M27/console-last-pages
2026-10-06T11:39:50.5210704Z  * [new branch]        M27/console-models-routing               -> origin/M27/console-models-routing
2026-10-06T11:39:50.5211239Z  * [new branch]        M27/console-navigation-groups            -> origin/M27/console-navigation-groups
2026-10-06T11:39:50.5211756Z  * [new branch]        M27/console-operations                   -> origin/M27/console-operations
2026-10-06T11:39:50.5212248Z  * [new branch]        M27/console-overview-home                -> origin/M27/console-overview-home
2026-10-06T11:39:50.5212760Z  * [new branch]        M27/console-page-kit-agents              -> origin/M27/console-page-kit-agents
2026-10-06T11:39:50.5213247Z  * [new branch]        M27/console-people-org                   -> origin/M27/console-people-org
2026-10-06T11:39:50.5213740Z  * [new branch]        M27/console-platform                     -> origin/M27/console-platform
2026-10-06T11:39:50.5214259Z  * [new branch]        M27/console-registries-per-module        -> origin/M27/console-registries-per-module
2026-10-06T11:39:50.5214948Z  * [new branch]        M27/console-reports                      -> origin/M27/console-reports
2026-10-06T11:39:50.5215274Z  * [new branch]        M27/console-skills                       -> origin/M27/console-skills
2026-10-06T11:39:50.5215569Z  * [new branch]        M27/console-stats-overview               -> origin/M27/console-stats-overview
2026-10-06T11:39:50.5215883Z  * [new branch]        M27/console-stats-overview-r2            -> origin/M27/console-stats-overview-r2
2026-10-06T11:39:50.5216200Z  * [new branch]        M27/console-stats-overview-r3            -> origin/M27/console-stats-overview-r3
2026-10-06T11:39:50.5216514Z  * [new branch]        M27/console-stats-overview-r4            -> origin/M27/console-stats-overview-r4
2026-10-06T11:39:50.5216824Z  * [new branch]        M27/console-stats-overview-r5            -> origin/M27/console-stats-overview-r5
2026-10-06T11:39:50.5217136Z  * [new branch]        M27/console-stats-overview-r6            -> origin/M27/console-stats-overview-r6
2026-10-06T11:39:50.5217447Z  * [new branch]        M27/console-teardown-flake               -> origin/M27/console-teardown-flake
2026-10-06T11:39:50.5217754Z  * [new branch]        M27/department-about-flake               -> origin/M27/department-about-flake
2026-10-06T11:39:50.5218241Z  * [new branch]        M27/departments-page-writes              -> origin/M27/departments-page-writes
2026-10-06T11:39:50.5218517Z  * [new branch]        M27/halt                                 -> origin/M27/halt
2026-10-06T11:39:50.5218798Z  * [new branch]        M27/halt-and-agent-lifecycle             -> origin/M27/halt-and-agent-lifecycle
2026-10-06T11:39:50.5219088Z  * [new branch]        M27/halt-screen                          -> origin/M27/halt-screen
2026-10-06T11:39:50.5219344Z  * [new branch]        M27/halt-store                           -> origin/M27/halt-store
2026-10-06T11:39:50.5219625Z  * [new branch]        M27/harness-console-proofs               -> origin/M27/harness-console-proofs
2026-10-06T11:39:50.5219921Z  * [new branch]        M27/incidents-screen                     -> origin/M27/incidents-screen
2026-10-06T11:39:50.5220192Z  * [new branch]        M27/models-matrix                        -> origin/M27/models-matrix
2026-10-06T11:39:50.5220874Z  * [new branch]        M27/models-routing-plain                 -> origin/M27/models-routing-plain
2026-10-06T11:39:50.5221359Z  * [new branch]        M27/models-screen-matrix                 -> origin/M27/models-screen-matrix
2026-10-06T11:39:50.5221890Z  * [new branch]        M27/money-figures-carry-currency         -> origin/M27/money-figures-carry-currency
2026-10-06T11:39:50.5222409Z  * [new branch]        M27/people-grant-controls                -> origin/M27/people-grant-controls
2026-10-06T11:39:50.5222896Z  * [new branch]        M27/service-accounts-page                -> origin/M27/service-accounts-page
2026-10-06T11:39:50.5223422Z  * [new branch]        M27/stats-live-reads-skill-runs          -> origin/M27/stats-live-reads-skill-runs
2026-10-06T11:39:50.5223929Z  * [new branch]        M27/w3-browser-e2e                       -> origin/M27/w3-browser-e2e
2026-10-06T11:39:50.5224366Z  * [new branch]        M27/w3-browser-harness                   -> origin/M27/w3-browser-harness
2026-10-06T11:39:50.5224845Z  * [new branch]        M27/w3-credentials-checks                -> origin/M27/w3-credentials-checks
2026-10-06T11:39:50.5225344Z  * [new branch]        M27/w3-harness-app-memory                -> origin/M27/w3-harness-app-memory
2026-10-06T11:39:50.5225861Z  * [new branch]        M27/w3-harness-console-proofs            -> origin/M27/w3-harness-console-proofs
2026-10-06T11:39:50.5246248Z  * [new branch]        M27/w3-ops-screen-checks-a               -> origin/M27/w3-ops-screen-checks-a
2026-10-06T11:39:50.5246854Z  * [new branch]        M27/w3b-ops-1                            -> origin/M27/w3b-ops-1
2026-10-06T11:39:50.5247227Z  * [new branch]        M27/w3b-ops-2                            -> origin/M27/w3b-ops-2
2026-10-06T11:39:50.5247595Z  * [new branch]        M27/w3b-ops-3                            -> origin/M27/w3b-ops-3
2026-10-06T11:39:50.5248257Z  * [new branch]        M27/w3b-ops-4                            -> origin/M27/w3b-ops-4
2026-10-06T11:39:50.5248644Z  * [new branch]        M27/w3b-people-1                         -> origin/M27/w3b-people-1
2026-10-06T11:39:50.5248974Z  * [new branch]        M27/w3b-people-2                         -> origin/M27/w3b-people-2
2026-10-06T11:39:50.5249230Z  * [new branch]        M27/w3b-people-3                         -> origin/M27/w3b-people-3
2026-10-06T11:39:50.5249494Z  * [new branch]        M27/walk-defects                         -> origin/M27/walk-defects
2026-10-06T11:39:50.5249808Z  * [new branch]        M27/webhook-switch-on-and-replay         -> origin/M27/webhook-switch-on-and-replay
2026-10-06T11:39:50.5250150Z  * [new branch]        M28/golden-corpus-blocks-merge           -> origin/M28/golden-corpus-blocks-merge
2026-10-06T11:39:50.5250470Z  * [new branch]        M3/risk-and-route-on-row                 -> origin/M3/risk-and-route-on-row
2026-10-06T11:39:50.5250794Z  * [new branch]        M30/compat-permissive-policy             -> origin/M30/compat-permissive-policy
2026-10-06T11:39:50.5251099Z  * [new branch]        M31/apps-are-freed                       -> origin/M31/apps-are-freed
2026-10-06T11:39:50.5251368Z  * [new branch]        M31/fork-workers                         -> origin/M31/fork-workers
2026-10-06T11:39:50.5251632Z  * [new branch]        M31/simple-vault                         -> origin/M31/simple-vault
2026-10-06T11:39:50.5251938Z  * [new branch]        M31/worker-loads-saved-settings          -> origin/M31/worker-loads-saved-settings
2026-10-06T11:39:50.5252258Z  * [new branch]        M31/worker-mb-measured                   -> origin/M31/worker-mb-measured
2026-10-06T11:39:50.5252670Z  * [new branch]        M32/proof-sweep-module                   -> origin/M32/proof-sweep-module
2026-10-06T11:39:50.5253124Z  * [new branch]        M32/w2-deploy-proof                      -> origin/M32/w2-deploy-proof
2026-10-06T11:39:50.5253578Z  * [new branch]        M32/w2-deploy-proof-2                    -> origin/M32/w2-deploy-proof-2
2026-10-06T11:39:50.5254151Z  * [new branch]        M32/w2-deploy-proof-3                    -> origin/M32/w2-deploy-proof-3
2026-10-06T11:39:50.5254590Z  * [new branch]        M32/w2-egress-scrub                      -> origin/M32/w2-egress-scrub
2026-10-06T11:39:50.5255024Z  * [new branch]        M32/w2-overlay-langfuse                  -> origin/M32/w2-overlay-langfuse
2026-10-06T11:39:50.5255487Z  * [new branch]        M32/w2-overlay-presidio                  -> origin/M32/w2-overlay-presidio
2026-10-06T11:39:50.5255950Z  * [new branch]        M32/w2-payload-role                      -> origin/M32/w2-payload-role
2026-10-06T11:39:50.5256401Z  * [new branch]        M32/w2-proof-records                     -> origin/M32/w2-proof-records
2026-10-06T11:39:50.5256877Z  * [new branch]        M32/w2-proof-sweep-1005                  -> origin/M32/w2-proof-sweep-1005
2026-10-06T11:39:50.5257351Z  * [new branch]        M32/w2-proof-sweep-1006                  -> origin/M32/w2-proof-sweep-1006
2026-10-06T11:39:50.5257793Z  * [new branch]        M32/w2-sandbox-pr                        -> origin/M32/w2-sandbox-pr
2026-10-06T11:39:50.5258377Z  * [new branch]        M32/w2-scrub-cpu-clock                   -> origin/M32/w2-scrub-cpu-clock
2026-10-06T11:39:50.5258820Z  * [new branch]        M32/w2-trace-export                      -> origin/M32/w2-trace-export
2026-10-06T11:39:50.5259285Z  * [new branch]        M32/w2-trace-graph-page                  -> origin/M32/w2-trace-graph-page
2026-10-06T11:39:50.5259785Z  * [new branch]        M32/w2-trace-retention-proof             -> origin/M32/w2-trace-retention-proof
2026-10-06T11:39:50.5260267Z  * [new branch]        M32/w3-proof-sweep-1006b                 -> origin/M32/w3-proof-sweep-1006b
2026-10-06T11:39:50.5260708Z  * [new branch]        M33/approval-reach                       -> origin/M33/approval-reach
2026-10-06T11:39:50.5261294Z  * [new branch]        M33/audit-statistics                     -> origin/M33/audit-statistics
2026-10-06T11:39:50.5261732Z  * [new branch]        M33/company-views                        -> origin/M33/company-views
2026-10-06T11:39:50.5262204Z  * [new branch]        M33/department-activity-check            -> origin/M33/department-activity-check
2026-10-06T11:39:50.5262754Z  * [new branch]        M33/department-views                     -> origin/M33/department-views
2026-10-06T11:39:50.5263183Z  * [new branch]        M33/elevation-chain                      -> origin/M33/elevation-chain
2026-10-06T11:39:50.5263637Z  * [new branch]        M33/install-checks-console               -> origin/M33/install-checks-console
2026-10-06T11:39:50.5264123Z  * [new branch]        M33/my-conversation-export               -> origin/M33/my-conversation-export
2026-10-06T11:39:50.5264608Z  * [new branch]        M33/people-history-grants                -> origin/M33/people-history-grants
2026-10-06T11:39:50.5265218Z  * [new branch]        M33/permission-sync-decision             -> origin/M33/permission-sync-decision
2026-10-06T11:39:50.5265764Z  * [new branch]        M33/role-nominations                     -> origin/M33/role-nominations
2026-10-06T11:39:50.5266167Z  * [new branch]        M33/train-0200                           -> origin/M33/train-0200
2026-10-06T11:39:50.5266498Z  * [new branch]        M33/w3-global-publish                    -> origin/M33/w3-global-publish
2026-10-06T11:39:50.5266787Z  * [new branch]        M33/w3-governance-checks                 -> origin/M33/w3-governance-checks
2026-10-06T11:39:50.5267081Z  * [new branch]        M33/w3-governance-checks-2               -> origin/M33/w3-governance-checks-2
2026-10-06T11:39:50.5267397Z  * [new branch]        M38/acceptance-chat-and-skills           -> origin/M38/acceptance-chat-and-skills
2026-10-06T11:39:50.5267734Z  * [new branch]        M38/acceptance-chat-and-skills-r2        -> origin/M38/acceptance-chat-and-skills-r2
2026-10-06T11:39:50.5268254Z  * [new branch]        M38/acceptance-counts-derived            -> origin/M38/acceptance-counts-derived
2026-10-06T11:39:50.5268685Z  * [new branch]        M38/acceptance-modules-discovered        -> origin/M38/acceptance-modules-discovered
2026-10-06T11:39:50.5269013Z  * [new branch]        M38/channel-send-every-wire              -> origin/M38/channel-send-every-wire
2026-10-06T11:39:50.5269317Z  * [new branch]        M38/ci-task-list-fast-path               -> origin/M38/ci-task-list-fast-path
2026-10-06T11:39:50.5269627Z  * [new branch]        M38/console-enterprise-tasks             -> origin/M38/console-enterprise-tasks
2026-10-06T11:39:50.5269943Z  * [new branch]        M38/install-acceptance-checks            -> origin/M38/install-acceptance-checks
2026-10-06T11:39:50.5270278Z  * [new branch]        M38/install-acceptance-checks-r2         -> origin/M38/install-acceptance-checks-r2
2026-10-06T11:39:50.5270611Z  * [new branch]        M38/install-acceptance-checks-r3         -> origin/M38/install-acceptance-checks-r3
2026-10-06T11:39:50.5270943Z  * [new branch]        M38/install-acceptance-checks-r4         -> origin/M38/install-acceptance-checks-r4
2026-10-06T11:39:50.5271238Z  * [new branch]        M38/m571-wave5                           -> origin/M38/m571-wave5
2026-10-06T11:39:50.5271512Z  * [new branch]        M38/merge-duplicates-w3-5                -> origin/M38/merge-duplicates-w3-5
2026-10-06T11:39:50.5271834Z  * [new branch]        M38/migration-train-0118-0138-0139       -> origin/M38/migration-train-0118-0138-0139
2026-10-06T11:39:50.5272224Z  * [new branch]        M38/migration-train-0190-0207            -> origin/M38/migration-train-0190-0207
2026-10-06T11:39:50.5272715Z  * [new branch]        M38/migration-train-0204-0211            -> origin/M38/migration-train-0204-0211
2026-10-06T11:39:50.5273192Z  * [new branch]        M38/migration-train-2                    -> origin/M38/migration-train-2
2026-10-06T11:39:50.5273643Z  * [new branch]        M38/migration-train-r2                   -> origin/M38/migration-train-r2
2026-10-06T11:39:50.5274027Z  * [new branch]        M38/needs-115-118                        -> origin/M38/needs-115-118
2026-10-06T11:39:50.5274305Z  * [new branch]        M38/needs-117-decided                    -> origin/M38/needs-117-decided
2026-10-06T11:39:50.5274599Z  * [new branch]        M38/needs-121-conversations              -> origin/M38/needs-121-conversations
2026-10-06T11:39:50.5274880Z  * [new branch]        M38/needs-122-125                        -> origin/M38/needs-122-125
2026-10-06T11:39:50.5275153Z  * [new branch]        M38/needs-125-chat-use                   -> origin/M38/needs-125-chat-use
2026-10-06T11:39:50.5275429Z  * [new branch]        M38/needs-125-decided                    -> origin/M38/needs-125-decided
2026-10-06T11:39:50.5275727Z  * [new branch]        M38/needs-126-decided                    -> origin/M38/needs-126-decided
2026-10-06T11:39:50.5276002Z  * [new branch]        M38/needs-126-services                   -> origin/M38/needs-126-services
2026-10-06T11:39:50.5276280Z  * [new branch]        M38/needs-126-steps                      -> origin/M38/needs-126-steps
2026-10-06T11:39:50.5276547Z  * [new branch]        M38/needs-127-129                        -> origin/M38/needs-127-129
2026-10-06T11:39:50.5276814Z  * [new branch]        M38/needs-131-accounts                   -> origin/M38/needs-131-accounts
2026-10-06T11:39:50.5277101Z  * [new branch]        M38/needs-131-relay-once                 -> origin/M38/needs-131-relay-once
2026-10-06T11:39:50.5277378Z  * [new branch]        M38/needs-132-email                      -> origin/M38/needs-132-email
2026-10-06T11:39:50.5277646Z  * [new branch]        M38/needs-132-mailbox                    -> origin/M38/needs-132-mailbox
2026-10-06T11:39:50.5277928Z  * [new branch]        M38/needs-132-no-address                 -> origin/M38/needs-132-no-address
2026-10-06T11:39:50.5278344Z  * [new branch]        M38/needs-133-indexing                   -> origin/M38/needs-133-indexing
2026-10-06T11:39:50.5278621Z  * [new branch]        M38/needs-134-slack                      -> origin/M38/needs-134-slack
2026-10-06T11:39:50.5278991Z  * [new branch]        M38/needs-135-drive-sharing              -> origin/M38/needs-135-drive-sharing
2026-10-06T11:39:50.5279294Z  * [new branch]        M38/needs-138-laravel-rule               -> origin/M38/needs-138-laravel-rule
2026-10-06T11:39:50.5279579Z  * [new branch]        M38/needs-14-reopened                    -> origin/M38/needs-14-reopened
2026-10-06T11:39:50.5279855Z  * [new branch]        M38/needs-143-sources                    -> origin/M38/needs-143-sources
2026-10-06T11:39:50.5280126Z  * [new branch]        M38/needs-148-laravel                    -> origin/M38/needs-148-laravel
2026-10-06T11:39:50.5280394Z  * [new branch]        M38/needs-150-drive                      -> origin/M38/needs-150-drive
2026-10-06T11:39:50.5280678Z  * [new branch]        M38/needs-151-slack-hubspot              -> origin/M38/needs-151-slack-hubspot
2026-10-06T11:39:50.5280966Z  * [new branch]        M38/needs-153-chinese                    -> origin/M38/needs-153-chinese
2026-10-06T11:39:50.5281240Z  * [new branch]        M38/needs-154-reload                     -> origin/M38/needs-154-reload
2026-10-06T11:39:50.5281514Z  * [new branch]        M38/needs-154-sandbox                    -> origin/M38/needs-154-sandbox
2026-10-06T11:39:50.5281778Z  * [new branch]        M38/needs-157-158                        -> origin/M38/needs-157-158
2026-10-06T11:39:50.5282028Z  * [new branch]        M38/needs-162                            -> origin/M38/needs-162
2026-10-06T11:39:50.5282279Z  * [new branch]        M38/needs-163-164                        -> origin/M38/needs-163-164
2026-10-06T11:39:50.5282528Z  * [new branch]        M38/needs-165                            -> origin/M38/needs-165
2026-10-06T11:39:50.5282776Z  * [new branch]        M38/needs-166-167                        -> origin/M38/needs-166-167
2026-10-06T11:39:50.5283023Z  * [new branch]        M38/needs-168                            -> origin/M38/needs-168
2026-10-06T11:39:50.5283359Z  * [new branch]        M38/needs-168-decided                    -> origin/M38/needs-168-decided
2026-10-06T11:39:50.5283620Z  * [new branch]        M38/needs-169                            -> origin/M38/needs-169
2026-10-06T11:39:50.5283860Z  * [new branch]        M38/needs-170                            -> origin/M38/needs-170
2026-10-06T11:39:50.5284123Z  * [new branch]        M38/needs-decided-0929                   -> origin/M38/needs-decided-0929
2026-10-06T11:39:50.5284403Z  * [new branch]        M38/owner-answers-83                     -> origin/M38/owner-answers-83
2026-10-06T11:39:50.5284695Z  * [new branch]        M38/owner-answers-83-r224134             -> origin/M38/owner-answers-83-r224134
2026-10-06T11:39:50.5284993Z  * [new branch]        M38/owner-answers-85-97                  -> origin/M38/owner-answers-85-97
2026-10-06T11:39:50.5285282Z  * [new branch]        M38/owner-answers-99-106                 -> origin/M38/owner-answers-99-106
2026-10-06T11:39:50.5285588Z  * [new branch]        M38/owner-architecture-tasks             -> origin/M38/owner-architecture-tasks
2026-10-06T11:39:50.5285896Z  * [new branch]        M38/owner-decisions-tasks                -> origin/M38/owner-decisions-tasks
2026-10-06T11:39:50.5286220Z  * [new branch]        M38/postdeploy-proof-needs-three         -> origin/M38/postdeploy-proof-needs-three
2026-10-06T11:39:50.5286528Z  * [new branch]        M38/proof-required                       -> origin/M38/proof-required
2026-10-06T11:39:50.5286796Z  * [new branch]        M38/proof-to-close                       -> origin/M38/proof-to-close
2026-10-06T11:39:50.5287061Z  * [new branch]        M38/proofs-0929a                         -> origin/M38/proofs-0929a
2026-10-06T11:39:50.5287319Z  * [new branch]        M38/proofs-0929b                         -> origin/M38/proofs-0929b
2026-10-06T11:39:50.5287570Z  * [new branch]        M38/proofs-0929c                         -> origin/M38/proofs-0929c
2026-10-06T11:39:50.5287821Z  * [new branch]        M38/proofs-0929d                         -> origin/M38/proofs-0929d
2026-10-06T11:39:50.5288308Z  * [new branch]        M38/proofs-0929e                         -> origin/M38/proofs-0929e
2026-10-06T11:39:50.5288559Z  * [new branch]        M38/proofs-0929f                         -> origin/M38/proofs-0929f
2026-10-06T11:39:50.5288806Z  * [new branch]        M38/proofs-0929g                         -> origin/M38/proofs-0929g
2026-10-06T11:39:50.5289059Z  * [new branch]        M38/proofs-0929h                         -> origin/M38/proofs-0929h
2026-10-06T11:39:50.5289305Z  * [new branch]        M38/proofs-0929i                         -> origin/M38/proofs-0929i
2026-10-06T11:39:50.5289569Z  * [new branch]        M38/proofs-2026-09-28                    -> origin/M38/proofs-2026-09-28
2026-10-06T11:39:50.5289845Z  * [new branch]        M38/proofs-2026-09-28b                   -> origin/M38/proofs-2026-09-28b
2026-10-06T11:39:50.5290117Z  * [new branch]        M38/proofs-2026-09-28c                   -> origin/M38/proofs-2026-09-28c
2026-10-06T11:39:50.5290391Z  * [new branch]        M38/proofs-2026-09-28d                   -> origin/M38/proofs-2026-09-28d
2026-10-06T11:39:50.5290663Z  * [new branch]        M38/proofs-2026-09-29a                   -> origin/M38/proofs-2026-09-29a
2026-10-06T11:39:50.5290945Z  * [new branch]        M38/proofs-rate-limits                   -> origin/M38/proofs-rate-limits
2026-10-06T11:39:50.5291245Z  * [new branch]        M38/recovery-consolidation               -> origin/M38/recovery-consolidation
2026-10-06T11:39:50.5291550Z  * [new branch]        M38/requirements-register                -> origin/M38/requirements-register
2026-10-06T11:39:50.5291839Z  * [new branch]        M38/reuse-first-rule                     -> origin/M38/reuse-first-rule
2026-10-06T11:39:50.5292124Z  * [new branch]        M38/screens-agent-detail                 -> origin/M38/screens-agent-detail
2026-10-06T11:39:50.5292416Z  * [new branch]        M38/task-notes-prior-work                -> origin/M38/task-notes-prior-work
2026-10-06T11:39:50.5292788Z  * [new branch]        M38/traceability-fix                     -> origin/M38/traceability-fix
2026-10-06T11:39:50.5293067Z  * [new branch]        M38/tracker-2026-09-28                   -> origin/M38/tracker-2026-09-28
2026-10-06T11:39:50.5293348Z  * [new branch]        M38/tracker-batch1-landed                -> origin/M38/tracker-batch1-landed
2026-10-06T11:39:50.5293641Z  * [new branch]        M38/tracker-install-audit                -> origin/M38/tracker-install-audit
2026-10-06T11:39:50.5293933Z  * [new branch]        M38/tracker-wave1-landed                 -> origin/M38/tracker-wave1-landed
2026-10-06T11:39:50.5294211Z  * [new branch]        M38/w2-digest-body                       -> origin/M38/w2-digest-body
2026-10-06T11:39:50.5294489Z  * [new branch]        M38/w2-digest-destination                -> origin/M38/w2-digest-destination
2026-10-06T11:39:50.5294780Z  * [new branch]        M38/w2-digest-send-final                 -> origin/M38/w2-digest-send-final
2026-10-06T11:39:50.5295059Z  * [new branch]        M38/wave0-record                         -> origin/M38/wave0-record
2026-10-06T11:39:50.5295326Z  * [new branch]        M38/wave2-questions                      -> origin/M38/wave2-questions
2026-10-06T11:39:50.5295604Z  * [new branch]        M38/worker-ready-fast                    -> origin/M38/worker-ready-fast
2026-10-06T11:39:50.5295880Z  * [new branch]        M39/agent-deep-links                     -> origin/M39/agent-deep-links
2026-10-06T11:39:50.5296171Z  * [new branch]        M39/automation-paused-told               -> origin/M39/automation-paused-told
2026-10-06T11:39:50.5296451Z  * [new branch]        M39/channel-rows                         -> origin/M39/channel-rows
2026-10-06T11:39:50.5296711Z  * [new branch]        M39/group-install                        -> origin/M39/group-install
2026-10-06T11:39:50.5297009Z  * [new branch]        M39/install-checks-workspace             -> origin/M39/install-checks-workspace
2026-10-06T11:39:50.5297307Z  * [new branch]        M39/train-0191-0195                      -> origin/M39/train-0191-0195
2026-10-06T11:39:50.5297626Z  * [new branch]        M39/train-0196                           -> origin/M39/train-0196
2026-10-06T11:39:50.5297914Z  * [new branch]        M39/w3-agent-artifacts-replay            -> origin/M39/w3-agent-artifacts-replay
2026-10-06T11:39:50.5298359Z  * [new branch]        M39/w3-agent-attachments-replay          -> origin/M39/w3-agent-attachments-replay
2026-10-06T11:39:50.5298676Z  * [new branch]        M39/w3-agent-conversations               -> origin/M39/w3-agent-conversations
2026-10-06T11:39:50.5298999Z  * [new branch]        M39/w3-agent-conversations-replay        -> origin/M39/w3-agent-conversations-replay
2026-10-06T11:39:50.5299318Z  * [new branch]        M39/w3-agent-leash-replay                -> origin/M39/w3-agent-leash-replay
2026-10-06T11:39:50.5299608Z  * [new branch]        M39/w3-agent-workspace                   -> origin/M39/w3-agent-workspace
2026-10-06T11:39:50.5299898Z  * [new branch]        M39/w3-agent-workspace-2                 -> origin/M39/w3-agent-workspace-2
2026-10-06T11:39:50.5300188Z  * [new branch]        M39/w3-agent-workspace-3                 -> origin/M39/w3-agent-workspace-3
2026-10-06T11:39:50.5300471Z  * [new branch]        M39/w3-agent-workspace-4                 -> origin/M39/w3-agent-workspace-4
2026-10-06T11:39:50.5300751Z  * [new branch]        M39/w3-agent-workspace-5                 -> origin/M39/w3-agent-workspace-5
2026-10-06T11:39:50.5301030Z  * [new branch]        M39/w3-agent-workspace-6                 -> origin/M39/w3-agent-workspace-6
2026-10-06T11:39:50.5301313Z  * [new branch]        M39/w3-agent-workspace-7                 -> origin/M39/w3-agent-workspace-7
2026-10-06T11:39:50.5301594Z  * [new branch]        M39/w3-agent-workspace-8                 -> origin/M39/w3-agent-workspace-8
2026-10-06T11:39:50.5301860Z  * [new branch]        M39/w3b-agent-1                          -> origin/M39/w3b-agent-1
2026-10-06T11:39:50.5302229Z  * [new branch]        M39/w3b-agent-2                          -> origin/M39/w3b-agent-2
2026-10-06T11:39:50.5302492Z  * [new branch]        M41/ci-eight-shards                      -> origin/M41/ci-eight-shards
2026-10-06T11:39:50.5302772Z  * [new branch]        M41/ci-main-run-finishes                 -> origin/M41/ci-main-run-finishes
2026-10-06T11:39:50.5303081Z  * [new branch]        M41/ci-main-runs-deploy-gates            -> origin/M41/ci-main-runs-deploy-gates
2026-10-06T11:39:50.5303401Z  * [new branch]        M41/worker-gets-cache-address            -> origin/M41/worker-gets-cache-address
2026-10-06T11:39:50.5303701Z  * [new branch]        M42/realm-volume-owner                   -> origin/M42/realm-volume-owner
2026-10-06T11:39:50.5303979Z  * [new branch]        M5/last-step-budget                      -> origin/M5/last-step-budget
2026-10-06T11:39:50.5304290Z  * [new branch]        M5/model-health-routing-residency        -> origin/M5/model-health-routing-residency
2026-10-06T11:39:50.5304606Z  * [new branch]        M5/moonshot-end-to-end                   -> origin/M5/moonshot-end-to-end
2026-10-06T11:39:50.5304890Z  * [new branch]        M5/provider-acceptance                   -> origin/M5/provider-acceptance
2026-10-06T11:39:50.5305175Z  * [new branch]        M5/routing-proof-rest                    -> origin/M5/routing-proof-rest
2026-10-06T11:39:50.5305445Z  * [new branch]        M6/w3-caches-wired                       -> origin/M6/w3-caches-wired
2026-10-06T11:39:50.5305711Z  * [new branch]        M6/w3-fastlane-role                      -> origin/M6/w3-fastlane-role
2026-10-06T11:39:50.5305993Z  * [new branch]        M6/w3-source-epochs-cache                -> origin/M6/w3-source-epochs-cache
2026-10-06T11:39:50.5306259Z  * [new branch]        M6/w3-speed                              -> origin/M6/w3-speed
2026-10-06T11:39:50.5306533Z  * [new branch]        M7/classification-read-scope             -> origin/M7/classification-read-scope
2026-10-06T11:39:50.5306829Z  * [new branch]        M7/classified-tables                     -> origin/M7/classified-tables
2026-10-06T11:39:50.5307201Z  * [new branch]        M7/classified-tables-r191711             -> origin/M7/classified-tables-r191711
2026-10-06T11:39:50.5307497Z  * [new branch]        M7/knowledge-lifecycle                   -> origin/M7/knowledge-lifecycle
2026-10-06T11:39:50.5307785Z  * [new branch]        M7/knowledge-upload-text                 -> origin/M7/knowledge-upload-text
2026-10-06T11:39:50.5308223Z  * [new branch]        M7/links-scanning-queue                  -> origin/M7/links-scanning-queue
2026-10-06T11:39:50.5308503Z  * [new branch]        M7/price-list-fixes                      -> origin/M7/price-list-fixes
2026-10-06T11:39:50.5308782Z  * [new branch]        M7/text-path-app-budget                  -> origin/M7/text-path-app-budget
2026-10-06T11:39:50.5309057Z  * [new branch]        M7/w2-knowledge                          -> origin/M7/w2-knowledge
2026-10-06T11:39:50.5309322Z  * [new branch]        M7/w2-knowledge-2                        -> origin/M7/w2-knowledge-2
2026-10-06T11:39:50.5309580Z  * [new branch]        M7/w2-knowledge-3                        -> origin/M7/w2-knowledge-3
2026-10-06T11:39:50.5309841Z  * [new branch]        M7/w2-knowledge-4                        -> origin/M7/w2-knowledge-4
2026-10-06T11:39:50.5310092Z  * [new branch]        M7/w2-knowledge-5                        -> origin/M7/w2-knowledge-5
2026-10-06T11:39:50.5310342Z  * [new branch]        M7/w2-knowledge-6                        -> origin/M7/w2-knowledge-6
2026-10-06T11:39:50.5310593Z  * [new branch]        M7/w2-knowledge-7                        -> origin/M7/w2-knowledge-7
2026-10-06T11:39:50.5310844Z  * [new branch]        M7/w2-knowledge-8                        -> origin/M7/w2-knowledge-8
2026-10-06T11:39:50.5311128Z  * [new branch]        M7/w2-knowledge-checks-area              -> origin/M7/w2-knowledge-checks-area
2026-10-06T11:39:50.5311420Z  * [new branch]        M7/w2-knowledge-needs                    -> origin/M7/w2-knowledge-needs
2026-10-06T11:39:50.5311794Z  * [new branch]        M7/w2-knowledge-stewards                 -> origin/M7/w2-knowledge-stewards
2026-10-06T11:39:50.5312067Z  * [new branch]        M7/w2-queue-url                          -> origin/M7/w2-queue-url
2026-10-06T11:39:50.5312367Z  * [new branch]        M8/citations-freshness-abstention        -> origin/M8/citations-freshness-abstention
2026-10-06T11:39:50.5312729Z  * [new branch]        M8/citations-freshness-abstention-r2     -> origin/M8/citations-freshness-abstention-r2
2026-10-06T11:39:50.5313089Z  * [new branch]        M8/citations-freshness-abstention-r3     -> origin/M8/citations-freshness-abstention-r3
2026-10-06T11:39:50.5313443Z  * [new branch]        M8/citations-freshness-abstention-r4     -> origin/M8/citations-freshness-abstention-r4
2026-10-06T11:39:50.5313795Z  * [new branch]        M8/citations-freshness-abstention-r5     -> origin/M8/citations-freshness-abstention-r5
2026-10-06T11:39:50.5314105Z  * [new branch]        M8/w2-escalation                         -> origin/M8/w2-escalation
2026-10-06T11:39:50.5314379Z  * [new branch]        M8/w2-escalation-direct                  -> origin/M8/w2-escalation-direct
2026-10-06T11:39:50.5314649Z  * [new branch]        M8/w2-takeover                           -> origin/M8/w2-takeover
2026-10-06T11:39:50.5314913Z  * [new branch]        M8/w2-tell-the-asker                     -> origin/M8/w2-tell-the-asker
2026-10-06T11:39:50.5315160Z  * [new branch]        main                                     -> origin/main
2026-10-06T11:39:50.5315434Z  * [new branch]        recovery/from-windows-20260928           -> origin/recovery/from-windows-20260928
2026-10-06T11:39:50.5315833Z  * [new branch]        recovery/from-windows-20260928-branch-M38-needs-95-96 -> origin/recovery/from-windows-20260928-branch-M38-needs-95-96
2026-10-06T11:39:50.5316247Z  * [new branch]        recovery/from-windows-20260928-gate_wt   -> origin/recovery/from-windows-20260928-gate_wt
2026-10-06T11:39:50.5316626Z  * [new branch]        recovery/from-windows-20260928-wt-agent-api -> origin/recovery/from-windows-20260928-wt-agent-api
2026-10-06T11:39:50.5317147Z  * [new branch]        recovery/from-windows-20260928-wt-agent-lifecycle -> origin/recovery/from-windows-20260928-wt-agent-lifecycle
2026-10-06T11:39:50.5317540Z  * [new branch]        recovery/from-windows-20260928-wt-amr    -> origin/recovery/from-windows-20260928-wt-amr
2026-10-06T11:39:50.5317889Z  * [new branch]        recovery/from-windows-20260928-wt-ans    -> origin/recovery/from-windows-20260928-wt-ans
2026-10-06T11:39:50.5318411Z  * [new branch]        recovery/from-windows-20260928-wt-automation-memory -> origin/recovery/from-windows-20260928-wt-automation-memory
2026-10-06T11:39:50.5318831Z  * [new branch]        recovery/from-windows-20260928-wt-ci-shards -> origin/recovery/from-windows-20260928-wt-ci-shards
2026-10-06T11:39:50.5319212Z  * [new branch]        recovery/from-windows-20260928-wt-close2 -> origin/recovery/from-windows-20260928-wt-close2
2026-10-06T11:39:50.5319577Z  * [new branch]        recovery/from-windows-20260928-wt-close3 -> origin/recovery/from-windows-20260928-wt-close3
2026-10-06T11:39:50.5319944Z  * [new branch]        recovery/from-windows-20260928-wt-close4 -> origin/recovery/from-windows-20260928-wt-close4
2026-10-06T11:39:50.5320306Z  * [new branch]        recovery/from-windows-20260928-wt-close5 -> origin/recovery/from-windows-20260928-wt-close5
2026-10-06T11:39:50.5320663Z  * [new branch]        recovery/from-windows-20260928-wt-close6 -> origin/recovery/from-windows-20260928-wt-close6
2026-10-06T11:39:50.5321020Z  * [new branch]        recovery/from-windows-20260928-wt-close7 -> origin/recovery/from-windows-20260928-wt-close7
2026-10-06T11:39:50.5321381Z  * [new branch]        recovery/from-windows-20260928-wt-close8 -> origin/recovery/from-windows-20260928-wt-close8
2026-10-06T11:39:50.5321738Z  * [new branch]        recovery/from-windows-20260928-wt-close9 -> origin/recovery/from-windows-20260928-wt-close9
2026-10-06T11:39:50.5322172Z  * [new branch]        recovery/from-windows-20260928-wt-dec    -> origin/recovery/from-windows-20260928-wt-dec
2026-10-06T11:39:50.5322540Z  * [new branch]        recovery/from-windows-20260928-wt-deploy2 -> origin/recovery/from-windows-20260928-wt-deploy2
2026-10-06T11:39:50.5322930Z  * [new branch]        recovery/from-windows-20260928-wt-deployfix -> origin/recovery/from-windows-20260928-wt-deployfix
2026-10-06T11:39:50.5323317Z  * [new branch]        recovery/from-windows-20260928-wt-downgrade -> origin/recovery/from-windows-20260928-wt-downgrade
2026-10-06T11:39:50.5323694Z  * [new branch]        recovery/from-windows-20260928-wt-dsnleak -> origin/recovery/from-windows-20260928-wt-dsnleak
2026-10-06T11:39:50.5324056Z  * [new branch]        recovery/from-windows-20260928-wt-fast   -> origin/recovery/from-windows-20260928-wt-fast
2026-10-06T11:39:50.5324415Z  * [new branch]        recovery/from-windows-20260928-wt-flaky  -> origin/recovery/from-windows-20260928-wt-flaky
2026-10-06T11:39:50.5324774Z  * [new branch]        recovery/from-windows-20260928-wt-g1     -> origin/recovery/from-windows-20260928-wt-g1
2026-10-06T11:39:50.5325119Z  * [new branch]        recovery/from-windows-20260928-wt-g2     -> origin/recovery/from-windows-20260928-wt-g2
2026-10-06T11:39:50.5325457Z  * [new branch]        recovery/from-windows-20260928-wt-g3     -> origin/recovery/from-windows-20260928-wt-g3
2026-10-06T11:39:50.5325795Z  * [new branch]        recovery/from-windows-20260928-wt-g4     -> origin/recovery/from-windows-20260928-wt-g4
2026-10-06T11:39:50.5326142Z  * [new branch]        recovery/from-windows-20260928-wt-gate   -> origin/recovery/from-windows-20260928-wt-gate
2026-10-06T11:39:50.5326495Z  * [new branch]        recovery/from-windows-20260928-wt-halt   -> origin/recovery/from-windows-20260928-wt-halt
2026-10-06T11:39:50.5326873Z  * [new branch]        recovery/from-windows-20260928-wt-integrate2 -> origin/recovery/from-windows-20260928-wt-integrate2
2026-10-06T11:39:50.5327248Z  * [new branch]        recovery/from-windows-20260928-wt-kc     -> origin/recovery/from-windows-20260928-wt-kc
2026-10-06T11:39:50.5327717Z  * [new branch]        recovery/from-windows-20260928-wt-kcaccount -> origin/recovery/from-windows-20260928-wt-kcaccount
2026-10-06T11:39:50.5328215Z  * [new branch]        recovery/from-windows-20260928-wt-kcactions -> origin/recovery/from-windows-20260928-wt-kcactions
2026-10-06T11:39:50.5328605Z  * [new branch]        recovery/from-windows-20260928-wt-keyfield -> origin/recovery/from-windows-20260928-wt-keyfield
2026-10-06T11:39:50.5329004Z  * [new branch]        recovery/from-windows-20260928-wt-larkconnect -> origin/recovery/from-windows-20260928-wt-larkconnect
2026-10-06T11:39:50.5329379Z  * [new branch]        recovery/from-windows-20260928-wt-n81    -> origin/recovery/from-windows-20260928-wt-n81
2026-10-06T11:39:50.5329722Z  * [new branch]        recovery/from-windows-20260928-wt-n91    -> origin/recovery/from-windows-20260928-wt-n91
2026-10-06T11:39:50.5330068Z  * [new branch]        recovery/from-windows-20260928-wt-n96    -> origin/recovery/from-windows-20260928-wt-n96
2026-10-06T11:39:50.5330421Z  * [new branch]        recovery/from-windows-20260928-wt-needs  -> origin/recovery/from-windows-20260928-wt-needs
2026-10-06T11:39:50.5330842Z  * [new branch]        recovery/from-windows-20260928-wt-needs2 -> origin/recovery/from-windows-20260928-wt-needs2
2026-10-06T11:39:50.5331206Z  * [new branch]        recovery/from-windows-20260928-wt-needs3 -> origin/recovery/from-windows-20260928-wt-needs3
2026-10-06T11:39:50.5331558Z  * [new branch]        recovery/from-windows-20260928-wt-org    -> origin/recovery/from-windows-20260928-wt-org
2026-10-06T11:39:50.5331923Z  * [new branch]        recovery/from-windows-20260928-wt-overview -> origin/recovery/from-windows-20260928-wt-overview
2026-10-06T11:39:50.5332287Z  * [new branch]        recovery/from-windows-20260928-wt-own    -> origin/recovery/from-windows-20260928-wt-own
2026-10-06T11:39:50.5332639Z  * [new branch]        recovery/from-windows-20260928-wt-owner1 -> origin/recovery/from-windows-20260928-wt-owner1
2026-10-06T11:39:50.5333100Z  * [new branch]        recovery/from-windows-20260928-wt-profiles -> origin/recovery/from-windows-20260928-wt-profiles
2026-10-06T11:39:50.5333463Z  * [new branch]        recovery/from-windows-20260928-wt-reg    -> origin/recovery/from-windows-20260928-wt-reg
2026-10-06T11:39:50.5333814Z  * [new branch]        recovery/from-windows-20260928-wt-shell  -> origin/recovery/from-windows-20260928-wt-shell
2026-10-06T11:39:50.5334197Z  * [new branch]        recovery/from-windows-20260928-wt-skills-life -> origin/recovery/from-windows-20260928-wt-skills-life
2026-10-06T11:39:50.5334599Z  * [new branch]        recovery/from-windows-20260928-wt-skills-run -> origin/recovery/from-windows-20260928-wt-skills-run
2026-10-06T11:39:50.5334987Z  * [new branch]        recovery/from-windows-20260928-wt-staffsrc -> origin/recovery/from-windows-20260928-wt-staffsrc
2026-10-06T11:39:50.5335362Z  * [new branch]        recovery/from-windows-20260928-wt-steward -> origin/recovery/from-windows-20260928-wt-steward
2026-10-06T11:39:50.5335764Z  * [new branch]        recovery/from-windows-20260928-wt-ui-foundation -> origin/recovery/from-windows-20260928-wt-ui-foundation
2026-10-06T11:39:50.5336162Z  * [new branch]        recovery/from-windows-20260928-wt-vaultfix -> origin/recovery/from-windows-20260928-wt-vaultfix
2026-10-06T11:39:50.5336520Z  * [new branch]        recovery/from-windows-20260928-wt-w03    -> origin/recovery/from-windows-20260928-wt-w03
2026-10-06T11:39:50.5336861Z  * [new branch]        recovery/from-windows-20260928-wt-w04    -> origin/recovery/from-windows-20260928-wt-w04
2026-10-06T11:39:50.5337209Z  * [new branch]        recovery/from-windows-20260928-wt-w04b   -> origin/recovery/from-windows-20260928-wt-w04b
2026-10-06T11:39:50.5337555Z  * [new branch]        recovery/from-windows-20260928-wt-w05c   -> origin/recovery/from-windows-20260928-wt-w05c
2026-10-06T11:39:50.5337900Z  * [new branch]        recovery/from-windows-20260928-wt-w0a    -> origin/recovery/from-windows-20260928-wt-w0a
2026-10-06T11:39:50.5338443Z  * [new branch]        recovery/from-windows-20260928-wt-w0b    -> origin/recovery/from-windows-20260928-wt-w0b
2026-10-06T11:39:50.5338786Z  * [new branch]        recovery/from-windows-20260928-wt-w0c    -> origin/recovery/from-windows-20260928-wt-w0c
2026-10-06T11:39:50.5339130Z  * [new branch]        recovery/from-windows-20260928-wt-w0d    -> origin/recovery/from-windows-20260928-wt-w0d
2026-10-06T11:39:50.5339471Z  * [new branch]        recovery/from-windows-20260928-wt-w0e    -> origin/recovery/from-windows-20260928-wt-w0e
2026-10-06T11:39:50.5339809Z  * [new branch]        recovery/from-windows-20260928-wt-w0f    -> origin/recovery/from-windows-20260928-wt-w0f
2026-10-06T11:39:50.5340151Z  * [new branch]        recovery/from-windows-20260928-wt-w0g    -> origin/recovery/from-windows-20260928-wt-w0g
2026-10-06T11:39:50.5340489Z  * [new branch]        recovery/from-windows-20260928-wt-w0h    -> origin/recovery/from-windows-20260928-wt-w0h
2026-10-06T11:39:50.5340829Z  * [new branch]        recovery/from-windows-20260928-wt-w0i    -> origin/recovery/from-windows-20260928-wt-w0i
2026-10-06T11:39:50.5341180Z  * [new branch]        recovery/from-windows-20260928-wt-w0j    -> origin/recovery/from-windows-20260928-wt-w0j
2026-10-06T11:39:50.5341519Z  * [new branch]        recovery/from-windows-20260928-wt-w0k    -> origin/recovery/from-windows-20260928-wt-w0k
2026-10-06T11:39:50.5341858Z  * [new branch]        recovery/from-windows-20260928-wt-w0l    -> origin/recovery/from-windows-20260928-wt-w0l
2026-10-06T11:39:50.5342200Z  * [new branch]        recovery/from-windows-20260928-wt-w0m    -> origin/recovery/from-windows-20260928-wt-w0m
2026-10-06T11:39:50.5342535Z  * [new branch]        recovery/from-windows-20260928-wt-w0n    -> origin/recovery/from-windows-20260928-wt-w0n
2026-10-06T11:39:50.5342876Z  * [new branch]        recovery/from-windows-20260928-wt-w1-1   -> origin/recovery/from-windows-20260928-wt-w1-1
2026-10-06T11:39:50.5343303Z  * [new branch]        recovery/from-windows-20260928-wt-w1-2   -> origin/recovery/from-windows-20260928-wt-w1-2
2026-10-06T11:39:50.5343653Z  * [new branch]        recovery/from-windows-20260928-wt-w1-2a  -> origin/recovery/from-windows-20260928-wt-w1-2a
2026-10-06T11:39:50.5344008Z  * [new branch]        recovery/from-windows-20260928-wt-w1-2b  -> origin/recovery/from-windows-20260928-wt-w1-2b
2026-10-06T11:39:50.5344362Z  * [new branch]        recovery/from-windows-20260928-wt-w1-3   -> origin/recovery/from-windows-20260928-wt-w1-3
2026-10-06T11:39:50.5344706Z  * [new branch]        recovery/from-windows-20260928-wt-w1-4   -> origin/recovery/from-windows-20260928-wt-w1-4
2026-10-06T11:39:50.5345049Z  * [new branch]        recovery/from-windows-20260928-wt-w1-5   -> origin/recovery/from-windows-20260928-wt-w1-5
2026-10-06T11:39:50.5345396Z  * [new branch]        recovery/from-windows-20260928-wt-w1-5b  -> origin/recovery/from-windows-20260928-wt-w1-5b
2026-10-06T11:39:50.5345750Z  * [new branch]        recovery/from-windows-20260928-wt-w1-5c  -> origin/recovery/from-windows-20260928-wt-w1-5c
2026-10-06T11:39:50.5346101Z  * [new branch]        recovery/from-windows-20260928-wt-w1-6   -> origin/recovery/from-windows-20260928-wt-w1-6
2026-10-06T11:39:50.5346447Z  * [new branch]        recovery/from-windows-20260928-wt-w1-7   -> origin/recovery/from-windows-20260928-wt-w1-7
2026-10-06T11:39:50.5346786Z  * [new branch]        recovery/from-windows-20260928-wt-w1-8   -> origin/recovery/from-windows-20260928-wt-w1-8
2026-10-06T11:39:50.5347129Z  * [new branch]        recovery/from-windows-20260928-wt-w1-9   -> origin/recovery/from-windows-20260928-wt-w1-9
2026-10-06T11:39:50.5347498Z  * [new branch]        recovery/from-windows-20260928-wt-workerfix -> origin/recovery/from-windows-20260928-wt-workerfix
2026-10-06T11:39:50.5347806Z  * [new branch]        status                                   -> origin/status
2026-10-06T11:39:50.5348195Z  * [new branch]        train/migrations-0190-0207               -> origin/train/migrations-0190-0207
2026-10-06T11:39:50.5348496Z  * [new branch]        wip/0928/acceptance                      -> origin/wip/0928/acceptance
2026-10-06T11:39:50.5348888Z  * [new branch]        wip/0928/crud-departments-writes         -> origin/wip/0928/crud-departments-writes
2026-10-06T11:39:50.5349209Z  * [new branch]        wip/0928/crud-people-grants              -> origin/wip/0928/crud-people-grants
2026-10-06T11:39:50.5349523Z  * [new branch]        wip/0928/crud-service-accounts           -> origin/wip/0928/crud-service-accounts
2026-10-06T11:39:50.5349837Z  * [new branch]        wip/0928/land-agent-lifecycle            -> origin/wip/0928/land-agent-lifecycle
2026-10-06T11:39:50.5350125Z  * [new branch]        wip/0928/land-halt                       -> origin/wip/0928/land-halt
2026-10-06T11:39:50.5350407Z  * [new branch]        wip/0928/land-overview                   -> origin/wip/0928/land-overview
2026-10-06T11:39:50.5350677Z  * [new branch]        wip/0928/land-shell                      -> origin/wip/0928/land-shell
2026-10-06T11:39:50.5350936Z  * [new branch]        wip/0928/models                          -> origin/wip/0928/models
2026-10-06T11:39:50.5351207Z  * [new branch]        wip/0928/models-polish                   -> origin/wip/0928/models-polish
2026-10-06T11:39:50.5351471Z  * [new branch]        wip/0928/shell                           -> origin/wip/0928/shell
2026-10-06T11:39:50.5351715Z  * [new branch]        wip/0928/w2-ch2                          -> origin/wip/0928/w2-ch2
2026-10-06T11:39:50.5351957Z  * [new branch]        wip/0928/w2-k2                           -> origin/wip/0928/w2-k2
2026-10-06T11:39:50.5352195Z  * [new branch]        wip/0928/w2-k3                           -> origin/wip/0928/w2-k3
2026-10-06T11:39:50.5352427Z  * [new branch]        wip/0928/w2-k6                           -> origin/wip/0928/w2-k6
2026-10-06T11:39:50.5352656Z  * [new branch]        wip/0928/w2-t1                           -> origin/wip/0928/w2-t1
2026-10-06T11:39:50.5352967Z  * [new branch]        wip/0929/wt-b-answer                     -> origin/wip/0929/wt-b-answer
2026-10-06T11:39:50.5353246Z  * [new branch]        wip/0929/wt-b-knowledge                  -> origin/wip/0929/wt-b-knowledge
2026-10-06T11:39:50.5353518Z  * [new branch]        wip/0929/wt-b-memory                     -> origin/wip/0929/wt-b-memory
2026-10-06T11:39:50.5353781Z  * [new branch]        wip/0929/wt-b-tools                      -> origin/wip/0929/wt-b-tools
2026-10-06T11:39:50.5354054Z  * [new branch]        wip/0929/wt-b-workspace                  -> origin/wip/0929/wt-b-workspace
2026-10-06T11:39:50.5354344Z  * [new branch]        wip/0929/wt-connect-wizards              -> origin/wip/0929/wt-connect-wizards
2026-10-06T11:39:50.5354633Z  * [new branch]        wip/0929/wt-staff-diag                   -> origin/wip/0929/wt-staff-diag
2026-10-06T11:39:50.5354904Z  * [new branch]        wip/0930/wt-a-caches                     -> origin/wip/0930/wt-a-caches
2026-10-06T11:39:50.5355170Z  * [new branch]        wip/0930/wt-b-drive                      -> origin/wip/0930/wt-b-drive
2026-10-06T11:39:50.5355439Z  * [new branch]        wip/0930/wt-b-headers                    -> origin/wip/0930/wt-b-headers
2026-10-06T11:39:50.5355711Z  * [new branch]        wip/0930/wt-b-laravel                    -> origin/wip/0930/wt-b-laravel
2026-10-06T11:39:50.5355981Z  * [new branch]        wip/0930/wt-b-schema                     -> origin/wip/0930/wt-b-schema
2026-10-06T11:39:50.5356268Z  * [new branch]        wip/0930/wt-channel-telegram             -> origin/wip/0930/wt-channel-telegram
2026-10-06T11:39:50.5356575Z  * [new branch]        wip/0930/wt-channel-whatsapp             -> origin/wip/0930/wt-channel-whatsapp
2026-10-06T11:39:50.5356856Z  * [new branch]        wip/0930/wt-chk-b                        -> origin/wip/0930/wt-chk-b
2026-10-06T11:39:50.5357112Z  * [new branch]        wip/0930/wt-chk-c                        -> origin/wip/0930/wt-chk-c
2026-10-06T11:39:50.5357381Z  * [new branch]        wip/0930/wt-cm-models                    -> origin/wip/0930/wt-cm-models
2026-10-06T11:39:50.5357655Z  * [new branch]        wip/0930/wt-cm-overview                  -> origin/wip/0930/wt-cm-overview
2026-10-06T11:39:50.5358138Z  * [new branch]        wip/0930/wt-cm-people                    -> origin/wip/0930/wt-cm-people
2026-10-06T11:39:50.5358404Z  * [new branch]        wip/0930/wt-depts                        -> origin/wip/0930/wt-depts
2026-10-06T11:39:50.5358667Z  * [new branch]        wip/0930/wt-land-halt                    -> origin/wip/0930/wt-land-halt
2026-10-06T11:39:50.5358938Z  * [new branch]        wip/0930/wt-land-shell                   -> origin/wip/0930/wt-land-shell
2026-10-06T11:39:50.5359206Z  * [new branch]        wip/0930/wt-land308                      -> origin/wip/0930/wt-land308
2026-10-06T11:39:50.5359477Z  * [new branch]        wip/0930/wt-relay-realm                  -> origin/wip/0930/wt-relay-realm
2026-10-06T11:39:50.5359744Z  * [new branch]        wip/0930/wt-w2-ch2                       -> origin/wip/0930/wt-w2-ch2
2026-10-06T11:39:50.5359999Z  * [new branch]        wip/0930/wtc                             -> origin/wip/0930/wtc
2026-10-06T11:39:50.5360242Z  * [new branch]        wip/0930/wtt                             -> origin/wip/0930/wtt
2026-10-06T11:39:50.5360482Z  * [new branch]        wip/1006/wrows                           -> origin/wip/1006/wrows
2026-10-06T11:39:50.5360738Z  * [new branch]        wip/1006/wt-b-p4c                        -> origin/wip/1006/wt-b-p4c
2026-10-06T11:39:50.5360972Z  * [new tag]           v0.1.0                                   -> v0.1.0
2026-10-06T11:39:50.5361202Z  * [new ref]           78b336aadb4fe72b6a03683ec8421e3764c47a1c -> pull/465/merge
2026-10-06T11:39:50.5361961Z ##[endgroup]
2026-10-06T11:39:50.5362166Z ##[group]Determining the checkout info
2026-10-06T11:39:50.5362375Z ##[endgroup]
2026-10-06T11:39:50.5362500Z [command]/usr/bin/git sparse-checkout disable
2026-10-06T11:39:50.5362862Z [command]/usr/bin/git config --local --unset-all extensions.worktreeConfig
2026-10-06T11:39:50.5363363Z ##[group]Checking out the ref
2026-10-06T11:39:50.5363557Z [command]/usr/bin/git checkout --progress --force refs/remotes/pull/465/merge
2026-10-06T11:39:50.8089201Z Note: switching to 'refs/remotes/pull/465/merge'.
2026-10-06T11:39:50.8089473Z 
2026-10-06T11:39:50.8089644Z You are in 'detached HEAD' state. You can look around, make experimental
2026-10-06T11:39:50.8090049Z changes and commit them, and you can discard any commits you make in this
2026-10-06T11:39:50.8090446Z state without impacting any branches by switching back to a branch.
2026-10-06T11:39:50.8090670Z 
2026-10-06T11:39:50.8090822Z If you want to create a new branch to retain commits you create, you may
2026-10-06T11:39:50.8091167Z do so (now or later) by using -c with the switch command. Example:
2026-10-06T11:39:50.8091362Z 
2026-10-06T11:39:50.8091454Z   git switch -c <new-branch-name>
2026-10-06T11:39:50.8091592Z 
2026-10-06T11:39:50.8091673Z Or undo this operation with:
2026-10-06T11:39:50.8091813Z 
2026-10-06T11:39:50.8091879Z   git switch -
2026-10-06T11:39:50.8091977Z 
2026-10-06T11:39:50.8092144Z Turn off this advice by setting config variable advice.detachedHead to false
2026-10-06T11:39:50.8092391Z 
2026-10-06T11:39:50.8092674Z HEAD is now at 78b336aa Merge 6149fe543eccc8decd37dc27dd8c1d800fa541bb into bef3f9f5006f104f15a6dfbb2ea9821b7e1c5caf
2026-10-06T11:39:50.8115862Z ##[endgroup]
2026-10-06T11:39:50.8163022Z [command]/usr/bin/git log -1 --format=%H
2026-10-06T11:39:50.8192359Z 78b336aadb4fe72b6a03683ec8421e3764c47a1c
2026-10-06T11:39:50.8364710Z ##[group]Run astral-sh/setup-uv@v5
2026-10-06T11:39:50.8364865Z with:
2026-10-06T11:39:50.8364975Z   version: 0.12.9
2026-10-06T11:39:50.8365088Z   enable-cache: true
2026-10-06T11:39:50.8366275Z   github-token: ***
2026-10-06T11:39:50.8366425Z   cache-dependency-glob: **/uv.lock
**/requirements*.txt

2026-10-06T11:39:50.8366599Z   prune-cache: true
2026-10-06T11:39:50.8366724Z   ignore-nothing-to-cache: false
2026-10-06T11:39:50.8366880Z   ignore-empty-workdir: false
2026-10-06T11:39:50.8367011Z env:
2026-10-06T11:39:50.8367111Z   UV_VERSION: 0.12.9
2026-10-06T11:39:50.8367338Z   DATABASE_URL: ***localhost:5432/brain_test
2026-10-06T11:39:50.8367553Z   COVERAGE_FILE: /home/runner/work/Verz-OS-v2.0/Verz-OS-v2.0/coverage-shard-1
2026-10-06T11:39:50.8367757Z ##[endgroup]
2026-10-06T11:39:50.9477826Z (node:2581) [DEP0040] DeprecationWarning: The `punycode` module is deprecated. Please use a userland alternative instead.
2026-10-06T11:39:50.9478431Z (Use `node --trace-deprecation ...` to show where the warning was created)
2026-10-06T11:39:50.9557845Z Downloading uv from "https://github.com/astral-sh/uv/releases/download/0.12.9/uv-x86_64-unknown-linux-gnu.tar.gz" ...
2026-10-06T11:39:51.6430931Z [command]/usr/bin/tar xz --warning=no-unknown-keyword --overwrite -C /home/runner/work/_temp/5f779222-f2ab-4b2a-8d03-6259044b1a4c -f /home/runner/work/_temp/ac67d544-f3d5-49a4-86c7-d1da26a3fb98
2026-10-06T11:39:52.0216538Z Added /home/runner/.local/bin to the path
2026-10-06T11:39:52.0218328Z Added /opt/hostedtoolcache/uv/0.12.9/x86_64 to the path
2026-10-06T11:39:52.0235903Z Set UV_CACHE_DIR to /home/runner/work/_temp/setup-uv-cache
2026-10-06T11:39:52.0236126Z Successfully installed uv version 0.12.9
2026-10-06T11:39:52.0236342Z Searching files using cache dependency glob: **/uv.lock,**/requirements*.txt
2026-10-06T11:39:52.1267145Z /home/runner/work/Verz-OS-v2.0/Verz-OS-v2.0/matcher/uv.lock
2026-10-06T11:39:52.1994600Z /home/runner/work/Verz-OS-v2.0/Verz-OS-v2.0/uv.lock
2026-10-06T11:39:52.2004851Z Found 2 files to hash.
2026-10-06T11:39:52.2742742Z Trying to restore uv cache from GitHub Actions cache with key: setup-uv-1-x86_64-unknown-linux-gnu-unknown-4fa71487548199487345489e1f4ab912cdc9b009220d8b57baa546f1323899d3
2026-10-06T11:39:52.4725641Z Cache hit for: setup-uv-1-x86_64-unknown-linux-gnu-unknown-4fa71487548199487345489e1f4ab912cdc9b009220d8b57baa546f1323899d3
2026-10-06T11:39:52.4792236Z (node:2581) [DEP0169] DeprecationWarning: `url.parse()` behavior is not standardized and prone to errors that have security implications. Use the WHATWG URL API instead. CVEs are not issued for `url.parse()` vulnerabilities.
2026-10-06T11:39:52.7552213Z Received 1118 of 1118 (100.0%), 0.0 MBs/sec
2026-10-06T11:39:52.7552551Z Cache Size: ~0 MB (1118 B)
2026-10-06T11:39:52.7569569Z [command]/usr/bin/tar -xf /home/runner/work/_temp/8cd53698-c285-475d-94c6-323499647931/cache.tzst -P -C /home/runner/work/Verz-OS-v2.0/Verz-OS-v2.0 --use-compress-program unzstd
2026-10-06T11:39:52.7643275Z Cache restored successfully
2026-10-06T11:39:52.7647174Z uv cache restored from GitHub Actions cache with key: setup-uv-1-x86_64-unknown-linux-gnu-unknown-4fa71487548199487345489e1f4ab912cdc9b009220d8b57baa546f1323899d3
2026-10-06T11:39:52.7774747Z ##[group]Run uv sync --locked
2026-10-06T11:39:52.7774941Z uv sync --locked
2026-10-06T11:39:52.7951729Z shell: /usr/bin/bash -e {0}
2026-10-06T11:39:52.7951888Z env:
2026-10-06T11:39:52.7952003Z   UV_VERSION: 0.12.9
2026-10-06T11:39:52.7952405Z   DATABASE_URL: ***localhost:5432/brain_test
2026-10-06T11:39:52.7952640Z   COVERAGE_FILE: /home/runner/work/Verz-OS-v2.0/Verz-OS-v2.0/coverage-shard-1
2026-10-06T11:39:52.7952881Z   UV_CACHE_DIR: /home/runner/work/_temp/setup-uv-cache
2026-10-06T11:39:52.7953051Z ##[endgroup]
2026-10-06T11:39:52.9102885Z Downloading cpython-3.13.15-linux-x86_64-gnu (download) (33.2MiB)
2026-10-06T11:39:53.4943126Z  Downloaded cpython-3.13.15-linux-x86_64-gnu (download)
2026-10-06T11:39:53.6032245Z Using CPython 3.13.15
2026-10-06T11:39:53.6032927Z Creating virtual environment at: .venv
2026-10-06T11:39:53.6056094Z Resolved 124 packages in 0.49ms
2026-10-06T11:39:53.6135879Z    Building verz-brain @ file:///home/runner/work/Verz-OS-v2.0/Verz-OS-v2.0
2026-10-06T11:39:53.6337434Z Downloading pydantic-core (2.0MiB)
2026-10-06T11:39:53.6393803Z Downloading hypothesis (1.1MiB)
2026-10-06T11:39:53.6444999Z Downloading ast-serialize (1.2MiB)
2026-10-06T11:39:53.6447211Z Downloading cryptography (4.5MiB)
2026-10-06T11:39:53.6449593Z Downloading lxml (5.0MiB)
2026-10-06T11:39:53.6450695Z Downloading sqlalchemy (3.2MiB)
2026-10-06T11:39:53.6452030Z Downloading mypy (14.5MiB)
2026-10-06T11:39:53.6454658Z Downloading pygments (1.2MiB)
2026-10-06T11:39:53.6458909Z Downloading zstandard (5.3MiB)
2026-10-06T11:39:53.6459282Z Downloading ruff (9.8MiB)
2026-10-06T11:39:53.6460397Z Downloading psycopg-binary (5.0MiB)
2026-10-06T11:39:53.6461296Z Downloading uvloop (4.2MiB)
2026-10-06T11:39:53.7886968Z  Downloaded pygments
2026-10-06T11:39:53.7890931Z  Downloaded ast-serialize
2026-10-06T11:39:53.7891161Z  Downloaded hypothesis
2026-10-06T11:39:53.8034336Z  Downloaded pydantic-core
2026-10-06T11:39:53.8360304Z  Downloaded sqlalchemy
2026-10-06T11:39:53.8589347Z  Downloaded uvloop
2026-10-06T11:39:53.8589831Z  Downloaded cryptography
2026-10-06T11:39:53.8641974Z  Downloaded zstandard
2026-10-06T11:39:53.8644927Z  Downloaded psycopg-binary
2026-10-06T11:39:53.8677274Z  Downloaded lxml
2026-10-06T11:39:53.8930396Z  Downloaded ruff
2026-10-06T11:39:53.9484542Z  Downloaded mypy
2026-10-06T11:39:54.2723014Z       Built verz-brain @ file:///home/runner/work/Verz-OS-v2.0/Verz-OS-v2.0
2026-10-06T11:39:54.2729644Z Prepared 91 packages in 666ms
2026-10-06T11:39:54.3453129Z Installed 91 packages in 72ms
2026-10-06T11:39:54.3453697Z  + alembic==1.19.1
2026-10-06T11:39:54.3454065Z  + annotated-doc==0.0.5
2026-10-06T11:39:54.3454348Z  + annotated-types==0.8.0
2026-10-06T11:39:54.3454572Z  + anyio==4.15.0
2026-10-06T11:39:54.3454770Z  + asgiref==3.12.1
2026-10-06T11:39:54.3454978Z  + ast-serialize==0.9.0
2026-10-06T11:39:54.3455182Z  + attrs==26.1.0
2026-10-06T11:39:54.3455375Z  + certifi==2026.7.22
2026-10-06T11:39:54.3455571Z  + cffi==2.1.1
2026-10-06T11:39:54.3455853Z  + charset-normalizer==3.5.1
2026-10-06T11:39:54.3456074Z  + click==8.5.0
2026-10-06T11:39:54.3456251Z  + coverage==7.16.0
2026-10-06T11:39:54.3456457Z  + croniter==6.2.4
2026-10-06T11:39:54.3456667Z  + cryptography==50.0.1
2026-10-06T11:39:54.3457068Z  + distro==1.9.0
2026-10-06T11:39:54.3457242Z  + fastapi==0.141.1
2026-10-06T11:39:54.3457430Z  + greenlet==3.5.5
2026-10-06T11:39:54.3457607Z  + h11==0.16.0
2026-10-06T11:39:54.3457802Z  + httpcore==1.0.9
2026-10-06T11:39:54.3458163Z  + httpcore2==2.13.0
2026-10-06T11:39:54.3458363Z  + httptools==0.8.0
2026-10-06T11:39:54.3458625Z  + httpx==0.28.1
2026-10-06T11:39:54.3458941Z  + httpx2==2.13.0
2026-10-06T11:39:54.3459126Z  + hypothesis==6.167.1
2026-10-06T11:39:54.3466543Z  + idna==3.19
2026-10-06T11:39:54.3466720Z  + iniconfig==2.3.0
2026-10-06T11:39:54.3466925Z  + jsonpatch==1.33
2026-10-06T11:39:54.3467110Z  + jsonpointer==3.1.1
2026-10-06T11:39:54.3467303Z  + langchain-core==1.6.3
2026-10-06T11:39:54.3467523Z  + langchain-protocol==0.0.19
2026-10-06T11:39:54.3468060Z  + langgraph==1.2.11
2026-10-06T11:39:54.3468264Z  + langgraph-checkpoint==4.2.0
2026-10-06T11:39:54.3468521Z  + langgraph-checkpoint-postgres==3.1.2
2026-10-06T11:39:54.3468771Z  + langgraph-prebuilt==1.1.0
2026-10-06T11:39:54.3468988Z  + langgraph-sdk==0.4.4
2026-10-06T11:39:54.3469193Z  + langsmith==0.12.4
2026-10-06T11:39:54.3469385Z  + ldap3==2.9.1
2026-10-06T11:39:54.3469563Z  + librt==0.15.0
2026-10-06T11:39:54.3469730Z  + lxml==6.1.3
2026-10-06T11:39:54.3469888Z  + mako==1.4.1
2026-10-06T11:39:54.3470058Z  + markupsafe==3.0.3
2026-10-06T11:39:54.3470237Z  + mypy==2.3.1
2026-10-06T11:39:54.3470435Z  + mypy-extensions==1.1.0
2026-10-06T11:39:54.3470726Z  + orjson==3.12.0
2026-10-06T11:39:54.3470996Z  + ormsgpack==1.12.2
2026-10-06T11:39:54.3471230Z  + packaging==26.3
2026-10-06T11:39:54.3471413Z  + pathspec==1.1.1
2026-10-06T11:39:54.3471595Z  + pluggy==1.6.0
2026-10-06T11:39:54.3471783Z  + procrastinate==3.9.0
2026-10-06T11:39:54.3471981Z  + psycopg==3.3.5
2026-10-06T11:39:54.3472181Z  + psycopg-binary==3.3.5
2026-10-06T11:39:54.3472385Z  + psycopg-pool==3.3.1
2026-10-06T11:39:54.3472564Z  + pyasn1==0.6.4
2026-10-06T11:39:54.3472727Z  + pycparser==3.0
2026-10-06T11:39:54.3472903Z  + pydantic==2.13.5
2026-10-06T11:39:54.3473080Z  + pydantic-core==2.46.5
2026-10-06T11:39:54.3473292Z  + pydantic-settings==2.15.0
2026-10-06T11:39:54.3473492Z  + pygments==2.21.0
2026-10-06T11:39:54.3473665Z  + pymysql==1.2.3
2026-10-06T11:39:54.3473842Z  + pypdf==6.19.0
2026-10-06T11:39:54.3474017Z  + pytest==9.1.1
2026-10-06T11:39:54.3474191Z  + pytest-cov==7.1.0
2026-10-06T11:39:54.3474395Z  + python-dateutil==2.9.0.post0
2026-10-06T11:39:54.3474615Z  + python-docx==1.2.0
2026-10-06T11:39:54.3474815Z  + python-dotenv==1.2.3
2026-10-06T11:39:54.3475004Z  + pyyaml==6.0.3
2026-10-06T11:39:54.3475171Z  + redis==8.1.0
2026-10-06T11:39:54.3475337Z  + requests==2.34.2
2026-10-06T11:39:54.3475517Z  + requests-toolbelt==1.0.0
2026-10-06T11:39:54.3475712Z  + ruff==0.16.6
2026-10-06T11:39:54.3475876Z  + six==1.17.0
2026-10-06T11:39:54.3476045Z  + sniffio==1.3.1
2026-10-06T11:39:54.3476220Z  + sortedcontainers==2.4.0
2026-10-06T11:39:54.3476422Z  + sqlalchemy==2.0.52
2026-10-06T11:39:54.3476602Z  + starlette==1.6.0
2026-10-06T11:39:54.3476778Z  + structlog==26.1.0
2026-10-06T11:39:54.3476959Z  + tenacity==9.1.4
2026-10-06T11:39:54.3477133Z  + truststore==0.10.4
2026-10-06T11:39:54.3477330Z  + types-pymysql==1.2.0.20260923
2026-10-06T11:39:54.3477545Z  + types-pyyaml==6.0.12.20260815
2026-10-06T11:39:54.3477772Z  + typing-extensions==4.16.0
2026-10-06T11:39:54.3478097Z  + typing-inspection==0.4.4
2026-10-06T11:39:54.3478296Z  + urllib3==2.7.0
2026-10-06T11:39:54.3478469Z  + uuid-utils==0.17.1
2026-10-06T11:39:54.3478624Z  + uvicorn==0.52.4
2026-10-06T11:39:54.3478735Z  + uvloop==0.22.1
2026-10-06T11:39:54.3478937Z  + verz-brain==0.1.0 (from file:///home/runner/work/Verz-OS-v2.0/Verz-OS-v2.0)
2026-10-06T11:39:54.3479276Z  + watchfiles==1.2.0
2026-10-06T11:39:54.3479462Z  + websockets==16.1.1
2026-10-06T11:39:54.3479606Z  + xxhash==4.0.1
2026-10-06T11:39:54.3479724Z  + zstandard==0.25.0
2026-10-06T11:39:54.3650197Z ##[group]Run actions/setup-node@v4
2026-10-06T11:39:54.3650356Z with:
2026-10-06T11:39:54.3650475Z   node-version: 22
2026-10-06T11:39:54.3650591Z   cache: npm
2026-10-06T11:39:54.3650903Z   cache-dependency-path: ops/automation/piece/package-lock.json
2026-10-06T11:39:54.3651103Z   always-auth: false
2026-10-06T11:39:54.3651228Z   check-latest: false
2026-10-06T11:39:54.3652433Z   token: ***
2026-10-06T11:39:54.3652541Z env:
2026-10-06T11:39:54.3652651Z   UV_VERSION: 0.12.9
2026-10-06T11:39:54.3652867Z   DATABASE_URL: ***localhost:5432/brain_test
2026-10-06T11:39:54.3653092Z   COVERAGE_FILE: /home/runner/work/Verz-OS-v2.0/Verz-OS-v2.0/coverage-shard-1
2026-10-06T11:39:54.3653336Z   UV_CACHE_DIR: /home/runner/work/_temp/setup-uv-cache
2026-10-06T11:39:54.3653505Z ##[endgroup]
2026-10-06T11:39:54.4559689Z Found in cache @ /opt/hostedtoolcache/node/22.23.3/x64
2026-10-06T11:39:54.4562790Z (node:2702) [DEP0040] DeprecationWarning: The `punycode` module is deprecated. Please use a userland alternative instead.
2026-10-06T11:39:54.4563288Z (Use `node --trace-deprecation ...` to show where the warning was created)
2026-10-06T11:39:54.4564814Z ##[group]Environment details
2026-10-06T11:39:56.8304791Z node: v22.23.3
2026-10-06T11:39:56.8305061Z npm: 10.9.9
2026-10-06T11:39:56.8305178Z yarn: 1.22.22
2026-10-06T11:39:56.8305537Z ##[endgroup]
2026-10-06T11:39:56.8316741Z [command]/opt/hostedtoolcache/node/22.23.3/x64/bin/npm config get cache
2026-10-06T11:39:57.0477886Z /home/runner/.npm
2026-10-06T11:39:57.2506128Z Cache hit for: node-cache-Linux-x64-npm-00f69f0a9962b4706237ac11ce343b8faf403ef0be0e9808fc4256ca2e86efc1
2026-10-06T11:39:57.2572642Z (node:2702) [DEP0169] DeprecationWarning: `url.parse()` behavior is not standardized and prone to errors that have security implications. Use the WHATWG URL API instead. CVEs are not issued for `url.parse()` vulnerabilities.
2026-10-06T11:39:58.2018712Z Received 8391544 of 8391544 (100.0%), 10.8 MBs/sec
2026-10-06T11:39:58.2019076Z Cache Size: ~8 MB (8391544 B)
2026-10-06T11:39:58.2035255Z [command]/usr/bin/tar -xf /home/runner/work/_temp/667ceff6-fb84-45f2-94fe-1c5a47a2530b/cache.tzst -P -C /home/runner/work/Verz-OS-v2.0/Verz-OS-v2.0 --use-compress-program unzstd
2026-10-06T11:39:58.2273705Z Cache restored successfully
2026-10-06T11:39:58.2280325Z Cache restored from key: node-cache-Linux-x64-npm-00f69f0a9962b4706237ac11ce343b8faf403ef0be0e9808fc4256ca2e86efc1
2026-10-06T11:39:58.2401084Z ##[group]Run npm ci --ignore-scripts
2026-10-06T11:39:58.2401271Z npm ci --ignore-scripts
2026-10-06T11:39:58.2495387Z shell: /usr/bin/bash -e {0}
2026-10-06T11:39:58.2495533Z env:
2026-10-06T11:39:58.2495644Z   UV_VERSION: 0.12.9
2026-10-06T11:39:58.2496090Z   DATABASE_URL: ***localhost:5432/brain_test
2026-10-06T11:39:58.2496321Z   COVERAGE_FILE: /home/runner/work/Verz-OS-v2.0/Verz-OS-v2.0/coverage-shard-1
2026-10-06T11:39:58.2496568Z   UV_CACHE_DIR: /home/runner/work/_temp/setup-uv-cache
2026-10-06T11:39:58.2496739Z ##[endgroup]
2026-10-06T11:40:00.2055586Z 
2026-10-06T11:40:00.2062065Z added 12 packages, and audited 13 packages in 2s
2026-10-06T11:40:00.2062282Z 
2026-10-06T11:40:00.2062407Z 1 package is looking for funding
2026-10-06T11:40:00.2062621Z   run `npm fund` for details
2026-10-06T11:40:00.2087250Z 
2026-10-06T11:40:00.2087639Z 3 vulnerabilities (2 moderate, 1 high)
2026-10-06T11:40:00.2087789Z 
2026-10-06T11:40:00.2088065Z To address issues that do not require attention, run:
2026-10-06T11:40:00.2088271Z   npm audit fix
2026-10-06T11:40:00.2088349Z 
2026-10-06T11:40:00.2088420Z To address all issues, run:
2026-10-06T11:40:00.2088591Z   npm audit fix --force
2026-10-06T11:40:00.2088673Z 
2026-10-06T11:40:00.2088742Z Run `npm audit` for details.
2026-10-06T11:40:00.2469204Z ##[group]Run files=$(uv run python -m brain.ops.test_shards --shard 1 --of 8)
2026-10-06T11:40:00.2469540Z files=$(uv run python -m brain.ops.test_shards --shard 1 --of 8)
2026-10-06T11:40:00.2469822Z [ -n "$files" ] || { echo "::error::shard 1 has no test files"; exit 1; }
2026-10-06T11:40:00.2470077Z echo "shard 1 of 8: $(echo "$files" | wc -l) file(s)"
2026-10-06T11:40:00.2470411Z uv run pytest --cov --cov-report= --cov-fail-under=0 --junitxml="$GITHUB_WORKSPACE/junit/shard-1.xml" $files
2026-10-06T11:40:00.2525074Z shell: /usr/bin/bash -e {0}
2026-10-06T11:40:00.2525227Z env:
2026-10-06T11:40:00.2525342Z   UV_VERSION: 0.12.9
2026-10-06T11:40:00.2525687Z   DATABASE_URL: ***localhost:5432/brain_test
2026-10-06T11:40:00.2525926Z   COVERAGE_FILE: /home/runner/work/Verz-OS-v2.0/Verz-OS-v2.0/coverage-shard-1
2026-10-06T11:40:00.2526180Z   UV_CACHE_DIR: /home/runner/work/_temp/setup-uv-cache
2026-10-06T11:40:00.2526357Z ##[endgroup]
2026-10-06T11:40:00.3858409Z shard 1 of 8: 119 file(s)
2026-10-06T11:40:31.2888252Z ........................................................................ [  2%]
2026-10-06T11:40:31.3817063Z ........................................................................ [  4%]
2026-10-06T11:40:31.4638536Z ........................................................................ [  6%]
2026-10-06T11:40:31.5631735Z ........................................................................ [  9%]
2026-10-06T11:40:31.9424200Z ........................................................................ [ 11%]
2026-10-06T11:41:03.1509356Z ........................................................................ [ 13%]
2026-10-06T11:41:22.0452617Z ........................................................................ [ 15%]
2026-10-06T11:42:47.9382782Z ........................................................................ [ 18%]
2026-10-06T11:43:09.3864012Z ........................................................................ [ 20%]
2026-10-06T11:43:17.0827861Z ........................................................................ [ 22%]
2026-10-06T11:43:17.2243565Z ........................................................................ [ 25%]
2026-10-06T11:43:33.9800755Z ........................................................................ [ 27%]
2026-10-06T11:44:14.1828969Z ........................................................................ [ 29%]
2026-10-06T11:44:14.5421771Z ........................................................................ [ 31%]
2026-10-06T11:44:17.0629362Z ........................................................................ [ 34%]
2026-10-06T11:44:20.9759441Z ....................................................................FF.. [ 36%]
2026-10-06T11:44:22.7228580Z ........................................................................ [ 38%]
2026-10-06T11:44:33.2730966Z ........................................................................ [ 41%]
2026-10-06T11:44:41.9159030Z ........................................................................ [ 43%]
2026-10-06T11:45:04.5623738Z ........................................................................ [ 45%]
2026-10-06T11:45:21.0135544Z ........................................................................ [ 47%]
2026-10-06T11:45:43.4033761Z ........................................................................ [ 50%]
2026-10-06T11:45:45.9325031Z ........................................................................ [ 52%]
2026-10-06T11:45:55.1255759Z ........................................................................ [ 54%]
2026-10-06T11:46:09.6203580Z ........................................................................ [ 56%]
2026-10-06T11:46:09.6739147Z ........................................................................ [ 59%]
2026-10-06T11:46:15.2352301Z ........................................................................ [ 61%]
2026-10-06T11:46:52.0075061Z ........................................................................ [ 63%]
2026-10-06T11:46:52.0777516Z ........................................................................ [ 66%]
2026-10-06T11:46:56.8115448Z ........................................................................ [ 68%]
2026-10-06T11:47:00.9734916Z ........................................................................ [ 70%]
2026-10-06T11:47:03.2249769Z ........................................................................ [ 72%]
2026-10-06T11:47:13.1269885Z ........................................................................ [ 75%]
2026-10-06T11:47:13.6715321Z ........................................................................ [ 77%]
2026-10-06T11:47:13.8712387Z ........................................................................ [ 79%]
2026-10-06T11:47:32.8241314Z ........................................................................ [ 82%]
2026-10-06T11:47:32.8814229Z ........................................................................ [ 84%]
2026-10-06T11:47:54.1011669Z ........................................................................ [ 86%]
2026-10-06T11:48:16.7545909Z ........................................................................ [ 88%]
2026-10-06T11:48:22.9473414Z ........................................................................ [ 91%]
2026-10-06T11:48:23.0885269Z ........................................................................ [ 93%]
2026-10-06T11:48:23.2117044Z ........................................................................ [ 95%]
2026-10-06T11:48:27.0432253Z ........................................................................ [ 98%]
2026-10-06T11:48:59.4799352Z ...............................................................          [100%]
2026-10-06T11:48:59.4800822Z =================================== FAILURES ===================================
2026-10-06T11:48:59.4801393Z _ test_on_postgres_a_used_up_budget_is_said_once_while_off_and_stops_once_switched_on _
2026-10-06T11:48:59.4801631Z 
2026-10-06T11:48:59.4801937Z self = <sqlalchemy.engine.base.Connection object at 0x7f5eb910dfd0>
2026-10-06T11:48:59.4802555Z dialect = <sqlalchemy.dialects.postgresql.psycopg.PGDialectAsync_psycopg object at 0x7f5ec5403610>
2026-10-06T11:48:59.4803319Z context = <sqlalchemy.dialects.postgresql.psycopg.PGExecutionContext_psycopg object at 0x7f5eb9601590>
2026-10-06T11:48:59.4804013Z statement = <sqlalchemy.dialects.postgresql.psycopg.PGCompiler_psycopg object at 0x7f5ebbdd7820>
2026-10-06T11:48:59.4804691Z parameters = [{'level': 'department', 'subject': 'finance', 'period': 'month', 'ceiling_minor': 1000, ...}]
2026-10-06T11:48:59.4805016Z 
2026-10-06T11:48:59.4805118Z     def _exec_single_context(
2026-10-06T11:48:59.4805341Z         self,
2026-10-06T11:48:59.4805530Z         dialect: Dialect,
2026-10-06T11:48:59.4805771Z         context: ExecutionContext,
2026-10-06T11:48:59.4805998Z         statement: Union[str, Compiled],
2026-10-06T11:48:59.4806201Z         parameters: Optional[_AnyMultiExecuteParams],
2026-10-06T11:48:59.4806395Z     ) -> CursorResult[Any]:
2026-10-06T11:48:59.4806603Z         """continue the _execute_context() method for a single DBAPI
2026-10-06T11:48:59.4808355Z         cursor.execute() or cursor.executemany() call.
2026-10-06T11:48:59.4808613Z     
2026-10-06T11:48:59.4808772Z         """
2026-10-06T11:48:59.4809026Z         if dialect.bind_typing is BindTyping.SETINPUTSIZES:
2026-10-06T11:48:59.4809396Z             generic_setinputsizes = context._prepare_set_input_sizes()
2026-10-06T11:48:59.4809703Z     
2026-10-06T11:48:59.4809902Z             if generic_setinputsizes:
2026-10-06T11:48:59.4810149Z                 try:
2026-10-06T11:48:59.4810384Z                     dialect.do_set_input_sizes(
2026-10-06T11:48:59.4810712Z                         context.cursor, generic_setinputsizes, context
2026-10-06T11:48:59.4810998Z                     )
2026-10-06T11:48:59.4811233Z                 except BaseException as e:
2026-10-06T11:48:59.4811531Z                     self._handle_dbapi_exception(
2026-10-06T11:48:59.4812172Z                         e, str(statement), parameters, None, context
2026-10-06T11:48:59.4812483Z                     )
2026-10-06T11:48:59.4812678Z     
2026-10-06T11:48:59.4812904Z         cursor, str_statement, parameters = (
2026-10-06T11:48:59.4813191Z             context.cursor,
2026-10-06T11:48:59.4813434Z             context.statement,
2026-10-06T11:48:59.4813677Z             context.parameters,
2026-10-06T11:48:59.4813896Z         )
2026-10-06T11:48:59.4814061Z     
2026-10-06T11:48:59.4814486Z         effective_parameters: Optional[_AnyExecuteParams]
2026-10-06T11:48:59.4814765Z     
2026-10-06T11:48:59.4814969Z         if not context.executemany:
2026-10-06T11:48:59.4815255Z             effective_parameters = parameters[0]
2026-10-06T11:48:59.4815516Z         else:
2026-10-06T11:48:59.4815746Z             effective_parameters = parameters
2026-10-06T11:48:59.4815988Z     
2026-10-06T11:48:59.4816214Z         if self._has_events or self.engine._has_events:
2026-10-06T11:48:59.4816560Z             for fn in self.dispatch.before_cursor_execute:
2026-10-06T11:48:59.4816917Z                 str_statement, effective_parameters = fn(
2026-10-06T11:48:59.4817199Z                     self,
2026-10-06T11:48:59.4817410Z                     cursor,
2026-10-06T11:48:59.4817646Z                     str_statement,
2026-10-06T11:48:59.4817912Z                     effective_parameters,
2026-10-06T11:48:59.4818315Z                     context,
2026-10-06T11:48:59.4818564Z                     context.executemany,
2026-10-06T11:48:59.4818803Z                 )
2026-10-06T11:48:59.4818986Z     
2026-10-06T11:48:59.4819156Z         if self._echo:
2026-10-06T11:48:59.4819395Z             self._log_info(str_statement)
2026-10-06T11:48:59.4819625Z     
2026-10-06T11:48:59.4819834Z             stats = context._get_cache_stats()
2026-10-06T11:48:59.4820083Z     
2026-10-06T11:48:59.4820301Z             if not self.engine.hide_parameters:
2026-10-06T11:48:59.4820588Z                 self._log_info(
2026-10-06T11:48:59.4820826Z                     "[%s] %r",
2026-10-06T11:48:59.4821035Z                     stats,
2026-10-06T11:48:59.4821276Z                     sql_util._repr_params(
2026-10-06T11:48:59.4821566Z                         effective_parameters,
2026-10-06T11:48:59.4821831Z                         batches=10,
2026-10-06T11:48:59.4822121Z                         ismulti=context.executemany,
2026-10-06T11:48:59.4822385Z                     ),
2026-10-06T11:48:59.4822569Z                 )
2026-10-06T11:48:59.4822757Z             else:
2026-10-06T11:48:59.4822957Z                 self._log_info(
2026-10-06T11:48:59.4823281Z                     "[%s] [SQL parameters hidden due to hide_parameters=True]",
2026-10-06T11:48:59.4823568Z                     stats,
2026-10-06T11:48:59.4823765Z                 )
2026-10-06T11:48:59.4823933Z     
2026-10-06T11:48:59.4824122Z         evt_handled: bool = False
2026-10-06T11:48:59.4824383Z         try:
2026-10-06T11:48:59.4824692Z             if context.execute_style is ExecuteStyle.EXECUTEMANY:
2026-10-06T11:48:59.4825026Z                 effective_parameters = cast(
2026-10-06T11:48:59.4825382Z                     "_CoreMultiExecuteParams", effective_parameters
2026-10-06T11:48:59.4825684Z                 )
2026-10-06T11:48:59.4825948Z                 if self.dialect._has_events:
2026-10-06T11:48:59.4826158Z                     for fn in self.dialect.dispatch.do_executemany:
2026-10-06T11:48:59.4826350Z                         if fn(
2026-10-06T11:48:59.4826502Z                             cursor,
2026-10-06T11:48:59.4826663Z                             str_statement,
2026-10-06T11:48:59.4826836Z                             effective_parameters,
2026-10-06T11:48:59.4827006Z                             context,
2026-10-06T11:48:59.4827150Z                         ):
2026-10-06T11:48:59.4827303Z                             evt_handled = True
2026-10-06T11:48:59.4827469Z                             break
2026-10-06T11:48:59.4827642Z                 if not evt_handled:
2026-10-06T11:48:59.4828111Z                     self.dialect.do_executemany(
2026-10-06T11:48:59.4828312Z                         cursor,
2026-10-06T11:48:59.4828462Z                         str_statement,
2026-10-06T11:48:59.4828628Z                         effective_parameters,
2026-10-06T11:48:59.4828793Z                         context,
2026-10-06T11:48:59.4828930Z                     )
2026-10-06T11:48:59.4829114Z             elif not effective_parameters and context.no_parameters:
2026-10-06T11:48:59.4829569Z                 if self.dialect._has_events:
2026-10-06T11:48:59.4829910Z                     for fn in self.dialect.dispatch.do_execute_no_params:
2026-10-06T11:48:59.4830266Z                         if fn(cursor, str_statement, context):
2026-10-06T11:48:59.4830567Z                             evt_handled = True
2026-10-06T11:48:59.4830833Z                             break
2026-10-06T11:48:59.4831495Z                 if not evt_handled:
2026-10-06T11:48:59.4831781Z                     self.dialect.do_execute_no_params(
2026-10-06T11:48:59.4832087Z                         cursor, str_statement, context
2026-10-06T11:48:59.4832334Z                     )
2026-10-06T11:48:59.4832523Z             else:
2026-10-06T11:48:59.4832743Z                 effective_parameters = cast(
2026-10-06T11:48:59.4833070Z                     "_CoreSingleExecuteParams", effective_parameters
2026-10-06T11:48:59.4833349Z                 )
2026-10-06T11:48:59.4833567Z                 if self.dialect._has_events:
2026-10-06T11:48:59.4833889Z                     for fn in self.dialect.dispatch.do_execute:
2026-10-06T11:48:59.4834098Z                         if fn(
2026-10-06T11:48:59.4834247Z                             cursor,
2026-10-06T11:48:59.4834404Z                             str_statement,
2026-10-06T11:48:59.4834578Z                             effective_parameters,
2026-10-06T11:48:59.4834747Z                             context,
2026-10-06T11:48:59.4834893Z                         ):
2026-10-06T11:48:59.4835047Z                             evt_handled = True
2026-10-06T11:48:59.4835210Z                             break
2026-10-06T11:48:59.4835361Z                 if not evt_handled:
2026-10-06T11:48:59.4835538Z >                   self.dialect.do_execute(
2026-10-06T11:48:59.4835751Z                         cursor, str_statement, effective_parameters, context
2026-10-06T11:48:59.4835936Z                     )
2026-10-06T11:48:59.4836018Z 
2026-10-06T11:48:59.4836176Z .venv/lib/python3.13/site-packages/sqlalchemy/engine/base.py:1969: 
2026-10-06T11:48:59.4836454Z _ _ _ _ _ _ _ _ _ _ _ _ _ _ _ _ _ _ _ _ _ _ _ _ _ _ _ _ _ _ _ _ _ _ _ _ _ _ _ _ 
2026-10-06T11:48:59.4836760Z .venv/lib/python3.13/site-packages/sqlalchemy/engine/default.py:952: in do_execute
2026-10-06T11:48:59.4837009Z     cursor.execute(statement, parameters)
2026-10-06T11:48:59.4837307Z .venv/lib/python3.13/site-packages/sqlalchemy/dialects/postgresql/psycopg.py:642: in execute
2026-10-06T11:48:59.4837619Z     result = self.await_(self._cursor.execute(query, params, **kw))
2026-10-06T11:48:59.4837843Z              ^^^^^^^^^^^^^^^^^^^^^^^^^^^^^^^^^^^^^^^^^^^^^^^^^^^^^^
2026-10-06T11:48:59.4839609Z .venv/lib/python3.13/site-packages/sqlalchemy/util/_concurrency_py3k.py:132: in await_only
2026-10-06T11:48:59.4840202Z     return current.parent.switch(awaitable)  # type: ignore[no-any-return,attr-defined] # noqa: E501
2026-10-06T11:48:59.4840621Z            ^^^^^^^^^^^^^^^^^^^^^^^^^^^^^^^^
2026-10-06T11:48:59.4841095Z .venv/lib/python3.13/site-packages/sqlalchemy/util/_concurrency_py3k.py:196: in greenlet_spawn
2026-10-06T11:48:59.4841455Z     value = await result
2026-10-06T11:48:59.4841589Z             ^^^^^^^^^^^^
2026-10-06T11:48:59.4841786Z _ _ _ _ _ _ _ _ _ _ _ _ _ _ _ _ _ _ _ _ _ _ _ _ _ _ _ _ _ _ _ _ _ _ _ _ _ _ _ _ 
2026-10-06T11:48:59.4841919Z 
2026-10-06T11:48:59.4842048Z self = <psycopg.AsyncCursor [closed] [BAD] at 0x7f5eb9793110>
2026-10-06T11:48:59.4842874Z query = 'INSERT INTO ops.budget_version (level, subject, period, ceiling_minor, version, author, effective_from, reason, alert...n)s::VARCHAR, %(alert_fractions)s::DOUBLE PRECISION[]) RETURNING ops.budget_version.id, ops.budget_version.recorded_at'
2026-10-06T11:48:59.4843529Z params = {'level': 'department', 'subject': 'finance', 'period': 'month', 'ceiling_minor': 1000, ...}
2026-10-06T11:48:59.4843780Z prepare = None, binary = None
2026-10-06T11:48:59.4843877Z 
2026-10-06T11:48:59.4843932Z     async def execute(
2026-10-06T11:48:59.4844059Z         self,
2026-10-06T11:48:59.4844179Z         query: Query,
2026-10-06T11:48:59.4844406Z         params: Params | None = None,
2026-10-06T11:48:59.4844555Z         *,
2026-10-06T11:48:59.4844685Z         prepare: bool | None = None,
2026-10-06T11:48:59.4844847Z         binary: bool | None = None,
2026-10-06T11:48:59.4844995Z     ) -> Self:
2026-10-06T11:48:59.4845109Z         """
2026-10-06T11:48:59.4845258Z         Execute a query or command to the database.
2026-10-06T11:48:59.4845417Z         """
2026-10-06T11:48:59.4845525Z         try:
2026-10-06T11:48:59.4845663Z             async with self._conn.lock:
2026-10-06T11:48:59.4845832Z                 await self._conn.wait(
2026-10-06T11:48:59.4846056Z                     self._execute_gen(query, params, prepare=prepare, binary=binary)
2026-10-06T11:48:59.4846260Z                 )
2026-10-06T11:48:59.4846397Z         except e._NO_TRACEBACK as ex:
2026-10-06T11:48:59.4846576Z >           raise ex.with_traceback(None)
2026-10-06T11:48:59.4846954Z E           psycopg.errors.CheckViolation: new row for relation "audit_entry" violates check constraint "ck_audit_entry_ent_hash_shape"
2026-10-06T11:48:59.4847333Z E           CONTEXT:  SQL statement "MERGE INTO obs.audit_entry AS t
2026-10-06T11:48:59.4847569Z E                   USING (SELECT v_seq AS seq) AS s
2026-10-06T11:48:59.4847752Z E                      ON t.seq = s.seq
2026-10-06T11:48:59.4847928Z E                   WHEN NOT MATCHED THEN
2026-10-06T11:48:59.4848319Z E                       INSERT (seq, at, actor_id, action, subject, ent_hash, trace_id,
2026-10-06T11:48:59.4848580Z E                               details, prev_hash, entry_hash)
2026-10-06T11:48:59.4848819Z E                       VALUES (v_seq, v_at, v_actor, 'setting', v_subject,
2026-10-06T11:48:59.4849081Z E                               v_ent_hash, v_trace, v_details, v_prev, v_entry)"
2026-10-06T11:48:59.4849370Z E           PL/pgSQL function ops.record_budget_version() line 38 at SQL statement
2026-10-06T11:48:59.4849530Z 
2026-10-06T11:48:59.4849696Z .venv/lib/python3.13/site-packages/psycopg/cursor_async.py:117: CheckViolation
2026-10-06T11:48:59.4849862Z 
2026-10-06T11:48:59.4850002Z The above exception was the direct cause of the following exception:
2026-10-06T11:48:59.4850150Z 
2026-10-06T11:48:59.4850210Z     @pytest.mark.needs_db
2026-10-06T11:48:59.4850470Z     def test_on_postgres_a_used_up_budget_is_said_once_while_off_and_stops_once_switched_on() -> None:
2026-10-06T11:48:59.4850815Z         """**The store end to end.** A department's monthly ceiling, spend reaching it, and two
2026-10-06T11:48:59.4851158Z         questions while the switch is off: both answered, one row saying it would have stopped. Then
2026-10-06T11:48:59.4851510Z         the switch on: refused, and one enforced row beside it. Delete this and the policy, the unique
2026-10-06T11:48:59.4851828Z         key or the switch's read can be wrong with every value-level test green."""
2026-10-06T11:48:59.4852074Z         from tests.unit.test_acceptance import at_head
2026-10-06T11:48:59.4852237Z     
2026-10-06T11:48:59.4852389Z         with at_head("brain_budget_stop_store") as url:
2026-10-06T11:48:59.4852549Z     
2026-10-06T11:48:59.4852728Z             async def work(sessions: async_sessionmaker[AsyncSession]) -> Any:
2026-10-06T11:48:59.4852990Z                 from brain.ops.features import BUDGET_ENFORCEMENT, switch
2026-10-06T11:48:59.4853172Z     
2026-10-06T11:48:59.4853317Z                 await _ceiling_and_spend(sessions, 1000)
2026-10-06T11:48:59.4853641Z                 asker = Asker(principal_id="u_asker", department="finance")
2026-10-06T11:48:59.4853852Z                 now = datetime.now(UTC)
2026-10-06T11:48:59.4854001Z                 off = [
2026-10-06T11:48:59.4854214Z                     await budget_refusal_for(sessions, asker, at=now, trace_id=f"t-{n}")
2026-10-06T11:48:59.4854438Z                     for n in range(2)
2026-10-06T11:48:59.4854581Z                 ]
2026-10-06T11:48:59.4854724Z                 said = await _stops(sessions)
2026-10-06T11:48:59.4854933Z                 async with sessions() as session, session.begin():
2026-10-06T11:48:59.4855261Z                     await switch(session, BUDGET_ENFORCEMENT, on=True, by="u_owner")
2026-10-06T11:48:59.4855570Z                 on = await budget_refusal_for(sessions, asker, at=datetime.now(UTC), trace_id="t-3")
2026-10-06T11:48:59.4855839Z                 return off, said, on, await _stops(sessions)
2026-10-06T11:48:59.4856002Z     
2026-10-06T11:48:59.4856399Z >           off, said, on, after = _as_app(url, work)
2026-10-06T11:48:59.4857522Z                                    ^^^^^^^^^^^^^^^^^^
2026-10-06T11:48:59.4859626Z 
2026-10-06T11:48:59.4859900Z tests/unit/test_budget_stop_store.py:413: 
2026-10-06T11:48:59.4860265Z _ _ _ _ _ _ _ _ _ _ _ _ _ _ _ _ _ _ _ _ _ _ _ _ _ _ _ _ _ _ _ _ _ _ _ _ _ _ _ _ 
2026-10-06T11:48:59.4860581Z tests/unit/test_budget_stop_store.py:336: in _as_app
2026-10-06T11:48:59.4860758Z     return asyncio.run(go())
2026-10-06T11:48:59.4860899Z            ^^^^^^^^^^^^^^^^^
2026-10-06T11:48:59.4861208Z ../../../.local/share/uv/python/cpython-3.13.15-linux-x86_64-gnu/lib/python3.13/asyncio/runners.py:196: in run
2026-10-06T11:48:59.4861482Z     return runner.run(main)
2026-10-06T11:48:59.4861621Z            ^^^^^^^^^^^^^^^^
2026-10-06T11:48:59.4861922Z ../../../.local/share/uv/python/cpython-3.13.15-linux-x86_64-gnu/lib/python3.13/asyncio/runners.py:119: in run
2026-10-06T11:48:59.4862209Z     return self._loop.run_until_complete(task)
2026-10-06T11:48:59.4862400Z            ^^^^^^^^^^^^^^^^^^^^^^^^^^^^^^^^^^^
2026-10-06T11:48:59.4862766Z ../../../.local/share/uv/python/cpython-3.13.15-linux-x86_64-gnu/lib/python3.13/asyncio/base_events.py:726: in run_until_complete
2026-10-06T11:48:59.4863066Z     return future.result()
2026-10-06T11:48:59.4863204Z            ^^^^^^^^^^^^^^^
2026-10-06T11:48:59.4863378Z tests/unit/test_budget_stop_store.py:330: in go
2026-10-06T11:48:59.4863617Z     return await work(async_sessionmaker(engine, class_=AsyncSession))
2026-10-06T11:48:59.4863849Z            ^^^^^^^^^^^^^^^^^^^^^^^^^^^^^^^^^^^^^^^^^^^^^^^^^^^^^^^^^^^
2026-10-06T11:48:59.4864069Z tests/unit/test_budget_stop_store.py:400: in work
2026-10-06T11:48:59.4864261Z     await _ceiling_and_spend(sessions, 1000)
2026-10-06T11:48:59.4864497Z tests/unit/test_budget_stop_store.py:346: in _ceiling_and_spend
2026-10-06T11:48:59.4864687Z     await append(
2026-10-06T11:48:59.4864850Z src/brain/ops/budget_store.py:114: in append
2026-10-06T11:48:59.4865014Z     await session.flush()
2026-10-06T11:48:59.4865275Z .venv/lib/python3.13/site-packages/sqlalchemy/ext/asyncio/session.py:786: in flush
2026-10-06T11:48:59.4865563Z     await greenlet_spawn(self.sync_session.flush, objects=objects)
2026-10-06T11:48:59.4865896Z .venv/lib/python3.13/site-packages/sqlalchemy/util/_concurrency_py3k.py:203: in greenlet_spawn
2026-10-06T11:48:59.4866157Z     result = context.switch(value)
2026-10-06T11:48:59.4866315Z              ^^^^^^^^^^^^^^^^^^^^^
2026-10-06T11:48:59.4866552Z .venv/lib/python3.13/site-packages/sqlalchemy/orm/session.py:4353: in flush
2026-10-06T11:48:59.4866775Z     self._flush(objects)
2026-10-06T11:48:59.4867006Z .venv/lib/python3.13/site-packages/sqlalchemy/orm/session.py:4488: in _flush
2026-10-06T11:48:59.4867219Z     with util.safe_reraise():
2026-10-06T11:48:59.4867364Z          ^^^^^^^^^^^^^^^^^^^
2026-10-06T11:48:59.4867610Z .venv/lib/python3.13/site-packages/sqlalchemy/util/langhelpers.py:122: in __exit__
2026-10-06T11:48:59.4867855Z     raise exc_value.with_traceback(exc_tb)
2026-10-06T11:48:59.4868441Z .venv/lib/python3.13/site-packages/sqlalchemy/orm/session.py:4449: in _flush
2026-10-06T11:48:59.4868773Z     flush_context.execute()
2026-10-06T11:48:59.4869050Z .venv/lib/python3.13/site-packages/sqlalchemy/orm/unitofwork.py:465: in execute
2026-10-06T11:48:59.4869266Z     rec.execute(self)
2026-10-06T11:48:59.4869498Z .venv/lib/python3.13/site-packages/sqlalchemy/orm/unitofwork.py:641: in execute
2026-10-06T11:48:59.4869742Z     util.preloaded.orm_persistence.save_obj(
2026-10-06T11:48:59.4870007Z .venv/lib/python3.13/site-packages/sqlalchemy/orm/persistence.py:94: in save_obj
2026-10-06T11:48:59.4870308Z     _emit_insert_statements(
2026-10-06T11:48:59.4870596Z .venv/lib/python3.13/site-packages/sqlalchemy/orm/persistence.py:1234: in _emit_insert_statements
2026-10-06T11:48:59.4870859Z     result = connection.execute(
2026-10-06T11:48:59.4871106Z .venv/lib/python3.13/site-packages/sqlalchemy/engine/base.py:1421: in execute
2026-10-06T11:48:59.4871311Z     return meth(
2026-10-06T11:48:59.4871572Z .venv/lib/python3.13/site-packages/sqlalchemy/sql/elements.py:526: in _execute_on_connection
2026-10-06T11:48:59.4871836Z     return connection._execute_clauseelement(
2026-10-06T11:48:59.4872129Z .venv/lib/python3.13/site-packages/sqlalchemy/engine/base.py:1643: in _execute_clauseelement
2026-10-06T11:48:59.4872378Z     ret = self._execute_context(
2026-10-06T11:48:59.4872642Z .venv/lib/python3.13/site-packages/sqlalchemy/engine/base.py:1848: in _execute_context
2026-10-06T11:48:59.4872887Z     return self._exec_single_context(
2026-10-06T11:48:59.4873171Z .venv/lib/python3.13/site-packages/sqlalchemy/engine/base.py:1988: in _exec_single_context
2026-10-06T11:48:59.4873421Z     self._handle_dbapi_exception(
2026-10-06T11:48:59.4873703Z .venv/lib/python3.13/site-packages/sqlalchemy/engine/base.py:2365: in _handle_dbapi_exception
2026-10-06T11:48:59.4874003Z     raise sqlalchemy_exception.with_traceback(exc_info[2]) from e
2026-10-06T11:48:59.4874320Z .venv/lib/python3.13/site-packages/sqlalchemy/engine/base.py:1969: in _exec_single_context
2026-10-06T11:48:59.4874560Z     self.dialect.do_execute(
2026-10-06T11:48:59.4874811Z .venv/lib/python3.13/site-packages/sqlalchemy/engine/default.py:952: in do_execute
2026-10-06T11:48:59.4875053Z     cursor.execute(statement, parameters)
2026-10-06T11:48:59.4875345Z .venv/lib/python3.13/site-packages/sqlalchemy/dialects/postgresql/psycopg.py:642: in execute
2026-10-06T11:48:59.4875647Z     result = self.await_(self._cursor.execute(query, params, **kw))
2026-10-06T11:48:59.4875877Z              ^^^^^^^^^^^^^^^^^^^^^^^^^^^^^^^^^^^^^^^^^^^^^^^^^^^^^^
2026-10-06T11:48:59.4876171Z .venv/lib/python3.13/site-packages/sqlalchemy/util/_concurrency_py3k.py:132: in await_only
2026-10-06T11:48:59.4876535Z     return current.parent.switch(awaitable)  # type: ignore[no-any-return,attr-defined] # noqa: E501
2026-10-06T11:48:59.4876804Z            ^^^^^^^^^^^^^^^^^^^^^^^^^^^^^^^^
2026-10-06T11:48:59.4877094Z .venv/lib/python3.13/site-packages/sqlalchemy/util/_concurrency_py3k.py:196: in greenlet_spawn
2026-10-06T11:48:59.4877343Z     value = await result
2026-10-06T11:48:59.4877477Z             ^^^^^^^^^^^^
2026-10-06T11:48:59.4877675Z _ _ _ _ _ _ _ _ _ _ _ _ _ _ _ _ _ _ _ _ _ _ _ _ _ _ _ _ _ _ _ _ _ _ _ _ _ _ _ _ 
2026-10-06T11:48:59.4877806Z 
2026-10-06T11:48:59.4877926Z self = <psycopg.AsyncCursor [closed] [BAD] at 0x7f5eb9793110>
2026-10-06T11:48:59.4878771Z query = 'INSERT INTO ops.budget_version (level, subject, period, ceiling_minor, version, author, effective_from, reason, alert...n)s::VARCHAR, %(alert_fractions)s::DOUBLE PRECISION[]) RETURNING ops.budget_version.id, ops.budget_version.recorded_at'
2026-10-06T11:48:59.4879408Z params = {'level': 'department', 'subject': 'finance', 'period': 'month', 'ceiling_minor': 1000, ...}
2026-10-06T11:48:59.4879661Z prepare = None, binary = None
2026-10-06T11:48:59.4879754Z 
2026-10-06T11:48:59.4879806Z     async def execute(
2026-10-06T11:48:59.4879934Z         self,
2026-10-06T11:48:59.4880049Z         query: Query,
2026-10-06T11:48:59.4880196Z         params: Params | None = None,
2026-10-06T11:48:59.4880436Z         *,
2026-10-06T11:48:59.4880568Z         prepare: bool | None = None,
2026-10-06T11:48:59.4880731Z         binary: bool | None = None,
2026-10-06T11:48:59.4880875Z     ) -> Self:
2026-10-06T11:48:59.4880989Z         """
2026-10-06T11:48:59.4881133Z         Execute a query or command to the database.
2026-10-06T11:48:59.4881295Z         """
2026-10-06T11:48:59.4881402Z         try:
2026-10-06T11:48:59.4881536Z             async with self._conn.lock:
2026-10-06T11:48:59.4881784Z                 await self._conn.wait(
2026-10-06T11:48:59.4882009Z                     self._execute_gen(query, params, prepare=prepare, binary=binary)
2026-10-06T11:48:59.4882211Z                 )
2026-10-06T11:48:59.4882350Z         except e._NO_TRACEBACK as ex:
2026-10-06T11:48:59.4882531Z >           raise ex.with_traceback(None)
2026-10-06T11:48:59.4882992Z E           sqlalchemy.exc.IntegrityError: (psycopg.errors.CheckViolation) new row for relation "audit_entry" violates check constraint "ck_audit_entry_ent_hash_shape"
2026-10-06T11:48:59.4883423Z E           CONTEXT:  SQL statement "MERGE INTO obs.audit_entry AS t
2026-10-06T11:48:59.4883651Z E                   USING (SELECT v_seq AS seq) AS s
2026-10-06T11:48:59.4883835Z E                      ON t.seq = s.seq
2026-10-06T11:48:59.4884006Z E                   WHEN NOT MATCHED THEN
2026-10-06T11:48:59.4884247Z E                       INSERT (seq, at, actor_id, action, subject, ent_hash, trace_id,
2026-10-06T11:48:59.4884503Z E                               details, prev_hash, entry_hash)
2026-10-06T11:48:59.4884750Z E                       VALUES (v_seq, v_at, v_actor, 'setting', v_subject,
2026-10-06T11:48:59.4885006Z E                               v_ent_hash, v_trace, v_details, v_prev, v_entry)"
2026-10-06T11:48:59.4885294Z E           PL/pgSQL function ops.record_budget_version() line 38 at SQL statement
2026-10-06T11:48:59.4886395Z E           [SQL: INSERT INTO ops.budget_version (level, subject, period, ceiling_minor, version, author, effective_from, reason, alert_fractions) VALUES (%(level)s::VARCHAR, %(subject)s::VARCHAR, %(period)s::VARCHAR, %(ceiling_minor)s::BIGINT, %(version)s::INTEGER, %(author)s::VARCHAR, %(effective_from)s::TIMESTAMP WITH TIME ZONE, %(reason)s::VARCHAR, %(alert_fractions)s::DOUBLE PRECISION[]) RETURNING ops.budget_version.id, ops.budget_version.recorded_at]
2026-10-06T11:48:59.4887732Z E           [parameters: {'level': 'department', 'subject': 'finance', 'period': 'month', 'ceiling_minor': 1000, 'version': 1, 'author': 'u_setter', 'effective_from': datetime.datetime(2025, 9, 1, 11, 44, 18, 571837, tzinfo=datetime.timezone.utc), 'reason': "the test's ceiling", 'alert_fractions': []}]
2026-10-06T11:48:59.4888721Z E           (Background on this error at: https://sqlalche.me/e/20/gkpj)
2026-10-06T11:48:59.4888903Z 
2026-10-06T11:48:59.4889067Z .venv/lib/python3.13/site-packages/psycopg/cursor_async.py:117: IntegrityError
2026-10-06T11:48:59.4889381Z ----------------------------- Captured stderr call -----------------------------
2026-10-06T11:48:59.4889665Z INFO  [alembic.runtime.migration] Context impl PostgresqlImpl.
2026-10-06T11:48:59.4889937Z INFO  [alembic.runtime.migration] Will assume transactional DDL.
2026-10-06T11:48:59.4890210Z INFO  [alembic.runtime.migration] Running stamp_revision  -> 0001
2026-10-06T11:48:59.4890478Z INFO  [alembic.runtime.migration] Context impl PostgresqlImpl.
2026-10-06T11:48:59.4890743Z INFO  [alembic.runtime.migration] Will assume transactional DDL.
2026-10-06T11:48:59.4891191Z INFO  [alembic.runtime.migration] Running upgrade 0001 -> 0002, The core tables: principals, channel identities, grants, packs, field policy, ledger.
2026-10-06T11:48:59.4891757Z INFO  [alembic.runtime.migration] Running upgrade 0002 -> 0003, The entitlement resolver, and the tables the rest of the model was waiting on.
2026-10-06T11:48:59.4892304Z INFO  [alembic.runtime.migration] Running upgrade 0003 -> 0004, The capability registry, and the settings an operator tunes without a deploy.
2026-10-06T11:48:59.4892935Z INFO  [alembic.runtime.migration] Running upgrade 0004 -> 0005, Conversations and the messages in them, restricted to the person who asked.
2026-10-06T11:48:59.4893476Z INFO  [alembic.runtime.migration] Running upgrade 0005 -> 0006, Role grants a directory asserted, in a table the directory sync owns outright.
2026-10-06T11:48:59.4894041Z INFO  [alembic.runtime.migration] Running upgrade 0006 -> 0007, Widen the channel check constraints so `Channel.WIDGET` is a value the database accepts.
2026-10-06T11:48:59.4894702Z INFO  [alembic.runtime.migration] Running upgrade 0007 -> 0008, The Projected tier gets somewhere to live, with the twelve-field cap written into it.
2026-10-06T11:48:59.4895285Z INFO  [alembic.runtime.migration] Running upgrade 0008 -> 0009, The document plane gets somewhere to live, and two indexes that answer different questions.
2026-10-06T11:48:59.4895885Z INFO  [alembic.runtime.migration] Running upgrade 0009 -> 0010, Record which model produced each vector, so a query cannot reach across a model change.
2026-10-06T11:48:59.4896466Z INFO  [alembic.runtime.migration] Running upgrade 0010 -> 0011, Widen the channel check constraints so `Channel.SLACK` is a value the database accepts.
2026-10-06T11:48:59.4897012Z INFO  [alembic.runtime.migration] Running upgrade 0011 -> 0012, Widen the channel check constraints once more, for `Channel.TELEGRAM`.
2026-10-06T11:48:59.4897522Z INFO  [alembic.runtime.migration] Running upgrade 0012 -> 0013, Widen the channel check constraints once more, for `Channel.TEAMS`.
2026-10-06T11:48:59.4898199Z INFO  [alembic.runtime.migration] Running upgrade 0013 -> 0014, The agent table: one row per configured agent, with audience and authority kept apart.
2026-10-06T11:48:59.4898729Z INFO  [alembic.runtime.migration] Running upgrade 0014 -> 0015, The slug grammar reaches PostgreSQL as the pattern Python enforces.
2026-10-06T11:48:59.4899262Z INFO  [alembic.runtime.migration] Running upgrade 0015 -> 0016, The template pair: a manifest nobody may amend, and the install that pins one.
2026-10-06T11:48:59.4899752Z INFO  [alembic.runtime.migration] Running upgrade 0016 -> 0017, The row that makes a declined upgrade stay declined.
2026-10-06T11:48:59.4900200Z INFO  [alembic.runtime.migration] Running upgrade 0017 -> 0018, The two memory tables, and the schema they live in.
2026-10-06T11:48:59.4900705Z INFO  [alembic.runtime.migration] Running upgrade 0018 -> 0019, A fast-lane question shape becomes a row, and the fast lane is handed nothing new.
2026-10-06T11:48:59.4901266Z INFO  [alembic.runtime.migration] Running upgrade 0019 -> 0020, The `er` schema stops being empty: four tables and the view that forwards a merge.
2026-10-06T11:48:59.4901832Z INFO  [alembic.runtime.migration] Running upgrade 0020 -> 0021, The accent fold becomes something an index can be built on, which needs one function.
2026-10-06T11:48:59.4902379Z INFO  [alembic.runtime.migration] Running upgrade 0021 -> 0022, Widen the audit action check constraint for `AuditAction.COMPOSE_CHANGE`.
2026-10-06T11:48:59.4902906Z INFO  [alembic.runtime.migration] Running upgrade 0022 -> 0023, Widen the audit action check constraint for `AuditAction.APPROVAL`.
2026-10-06T11:48:59.4903458Z INFO  [alembic.runtime.migration] Running upgrade 0023 -> 0024, The Han bigram column, its generated tsvector and its index, plus the language column.
2026-10-06T11:48:59.4904009Z INFO  [alembic.runtime.migration] Running upgrade 0024 -> 0025, One row per attempt to run a scheduled control, with row-level security on.
2026-10-06T11:48:59.4904538Z INFO  [alembic.runtime.migration] Running upgrade 0025 -> 0026, Widen the audit action check constraint for `AuditAction.RECORD_READ`.
2026-10-06T11:48:59.4905091Z INFO  [alembic.runtime.migration] Running upgrade 0026 -> 0027, The corpus column is set to the vector width this install declared, and refuses to move.
2026-10-06T11:48:59.4905666Z INFO  [alembic.runtime.migration] Running upgrade 0027 -> 0028, The child grant computed in SQL, and a trigger refusing any row that is not a subset.
2026-10-06T11:48:59.4906321Z INFO  [alembic.runtime.migration] Running upgrade 0028 -> 0029, The SQL twin of the run reach narrows a parent's wildcard instead of dropping it.
2026-10-06T11:48:59.4906903Z INFO  [alembic.runtime.migration] Running upgrade 0029 -> 0030, The webhook outbox: subscribers, events and deliveries, with row-level security on all three.
2026-10-06T11:48:59.4907505Z INFO  [alembic.runtime.migration] Running upgrade 0030 -> 0031, Budget ceilings at every level, as versions nobody may edit, with row-level security on.
2026-10-06T11:48:59.4908247Z INFO  [alembic.runtime.migration] Running upgrade 0031 -> 0032, The plugin registry tables, with row-level security on both.
2026-10-06T11:48:59.4908799Z INFO  [alembic.runtime.migration] Running upgrade 0032 -> 0033, The database copy of the delegation containment rule asks both sides, as the Python does.
2026-10-06T11:48:59.4909338Z INFO  [alembic.runtime.migration] Running upgrade 0033 -> 0034, What runs actually cost gets a table, with row-level security on.
2026-10-06T11:48:59.4909888Z INFO  [alembic.runtime.migration] Running upgrade 0034 -> 0035, The spend report is materialised per day, keyed by department, with its age on record.
2026-10-06T11:48:59.4910463Z INFO  [alembic.runtime.migration] Running upgrade 0035 -> 0036, The function that rebuilds the materialised spend report and records when it did.
2026-10-06T11:48:59.4910986Z INFO  [alembic.runtime.migration] Running upgrade 0036 -> 0037, The control-run name constraint admits the spend report refresh.
2026-10-06T11:48:59.4911517Z INFO  [alembic.runtime.migration] Running upgrade 0037 -> 0038, Who asked a question gets a table, one row per trace, with row-level security on.
2026-10-06T11:48:59.4912089Z INFO  [alembic.runtime.migration] Running upgrade 0038 -> 0039, The metadata ledger gets a table, partitioned by arrival, with row-level security on.
2026-10-06T11:48:59.4912683Z INFO  [alembic.runtime.migration] Running upgrade 0039 -> 0040, Knowledge items get a table, with the corpus's reach as its policy and one named read past it.
2026-10-06T11:48:59.4913294Z INFO  [alembic.runtime.migration] Running upgrade 0040 -> 0041, A sealed browser envelope gets a table the approval queue reads and only its asker writes.
2026-10-06T11:48:59.4913892Z INFO  [alembic.runtime.migration] Running upgrade 0041 -> 0042, A suspended action gets a table an approver reads through row-level security and decides once.
2026-10-06T11:48:59.4914507Z INFO  [alembic.runtime.migration] Running upgrade 0042 -> 0043, A recorded cost can name the request it paid for, by trace id, with row-level security unchanged.
2026-10-06T11:48:59.4915124Z INFO  [alembic.runtime.migration] Running upgrade 0043 -> 0044, An automation gets a table naming its owner, read through row-level security by id or by owner.
2026-10-06T11:48:59.4915744Z INFO  [alembic.runtime.migration] Running upgrade 0044 -> 0045, The application role can retire a soft-deleted row, and a retired row stays hidden and retired.
2026-10-06T11:48:59.4916355Z INFO  [alembic.runtime.migration] Running upgrade 0045 -> 0046, A chunk can be retired by the application role, and a retired chunk stays hidden and retired.
2026-10-06T11:48:59.4916959Z INFO  [alembic.runtime.migration] Running upgrade 0046 -> 0047, Record every sign-in binding and every retirement of one in the audit ledger, from the database.
2026-10-06T11:48:59.4917583Z INFO  [alembic.runtime.migration] Running upgrade 0047 -> 0048, The resolver says when the reach it returned stops being true, so a cache cannot outlive a grant.
2026-10-06T11:48:59.4918334Z INFO  [alembic.runtime.migration] Running upgrade 0048 -> 0049, Legal holds, retention reports and the sweep's release get tables, with row-level security on.
2026-10-06T11:48:59.4918929Z INFO  [alembic.runtime.migration] Running upgrade 0049 -> 0050, Record every session ended before it lapsed in the audit ledger, from the database.
2026-10-06T11:48:59.4919648Z INFO  [alembic.runtime.migration] Running upgrade 0050 -> 0051, Every side-effecting operation gets a row, unique on its key, with row-level security on.
2026-10-06T11:48:59.4920261Z INFO  [alembic.runtime.migration] Running upgrade 0051 -> 0052, An access review's decisions get a table, and each decision reaches the ledger from the database.
2026-10-06T11:48:59.4920865Z INFO  [alembic.runtime.migration] Running upgrade 0052 -> 0053, Two console writes get the record they need: who changed a webhook subscriber, and every export.
2026-10-06T11:48:59.4921470Z INFO  [alembic.runtime.migration] Running upgrade 0053 -> 0054, Credential writes, retention releases and legal holds reach the ledger from the database.
2026-10-06T11:48:59.4922137Z INFO  [alembic.runtime.migration] Running upgrade 0054 -> 0055, An automation installed onto an agent gets a row, and the row reaches the ledger from the
2026-10-06T11:48:59.4922465Z database.
2026-10-06T11:48:59.4922852Z INFO  [alembic.runtime.migration] Running upgrade 0055 -> 0056, The skill library gets its tables, and every import, decision and assignment reaches the ledger.
2026-10-06T11:48:59.4923475Z INFO  [alembic.runtime.migration] Running upgrade 0056 -> 0057, A source connected from the console gets a row, and connecting or disconnecting one is audited.
2026-10-06T11:48:59.4924088Z INFO  [alembic.runtime.migration] Running upgrade 0057 -> 0058, What an agent produced gets a table: one row per artifact, pointing at bytes in the object store.
2026-10-06T11:48:59.4924705Z INFO  [alembic.runtime.migration] Running upgrade 0058 -> 0059, Feature switches, job controls, instructions, rung saves and webhook changes reach the ledger.
2026-10-06T11:48:59.4925317Z INFO  [alembic.runtime.migration] Running upgrade 0059 -> 0060, A request to erase somebody's data gets a table, its ledger entries, and a place on the schedule.
2026-10-06T11:48:59.4925953Z INFO  [alembic.runtime.migration] Running upgrade 0060 -> 0061, What a learning proposed and replaced gets a row, and so does every correction, which is audited.
2026-10-06T11:48:59.4926541Z INFO  [alembic.runtime.migration] Running upgrade 0061 -> 0062, Who is in each team, who leads each department, and elevation requests, each audited.
2026-10-06T11:48:59.4927141Z INFO  [alembic.runtime.migration] Running upgrade 0062 -> 0063, The application's warnings and errors get a table the Logs screen reads, row-level security on.
2026-10-06T11:48:59.4927751Z INFO  [alembic.runtime.migration] Running upgrade 0063 -> 0064, A question no connected source covers gets a table, one row per trace, row-level security on.
2026-10-06T11:48:59.4928497Z INFO  [alembic.runtime.migration] Running upgrade 0064 -> 0066, The vault token renewal joins the control-run names, so the worker's schedule can record it.
2026-10-06T11:48:59.4929098Z INFO  [alembic.runtime.migration] Running upgrade 0066 -> 0067, An installed automation runs: its runs, its schedule changes and their ledger entries, and a
2026-10-06T11:48:59.4929460Z place on the worker's schedule.
2026-10-06T11:48:59.4929872Z INFO  [alembic.runtime.migration] Running upgrade 0067 -> 0068, The worker's reads of a connected source get a table, and the schedule a control to run them.
2026-10-06T11:48:59.4930472Z INFO  [alembic.runtime.migration] Running upgrade 0068 -> 0069, The application role is granted the run record it reads, and two item reads its policy withheld.
2026-10-06T11:48:59.4931076Z INFO  [alembic.runtime.migration] Running upgrade 0069 -> 0082, An export of the audit entries a reader may read can be recorded, without a window or a verdict.
2026-10-06T11:48:59.4931683Z INFO  [alembic.runtime.migration] Running upgrade 0082 -> 0083, A decided suspension carries its verdict and reason, and the database writes its approval entry.
2026-10-06T11:48:59.4932284Z INFO  [alembic.runtime.migration] Running upgrade 0083 -> 0086, Departments, teams and scopes are audited: created, renamed, changed by hand and retired.
2026-10-06T11:48:59.4932893Z INFO  [alembic.runtime.migration] Running upgrade 0086 -> 0091, The deployment history: one row per deploy, chained, readable by the Version and updates screen.
2026-10-06T11:48:59.4933582Z INFO  [alembic.runtime.migration] Running upgrade 0091 -> 0093, A connector run's lease is kept with its attempt, and the vault's audit log reaches the ledger.
2026-10-06T11:48:59.4934151Z INFO  [alembic.runtime.migration] Running upgrade 0093 -> 0096, The staff roster the scheduled sync applies, and one row for each of its runs.
2026-10-06T11:48:59.4934718Z INFO  [alembic.runtime.migration] Running upgrade 0096 -> 0095, Service accounts and their keys get tables, and a partner's standing grants stop counting.
2026-10-06T11:48:59.4935381Z INFO  [alembic.runtime.migration] Running upgrade 0095 -> 0095b, Disabling somebody and enabling them again each leave one entry in the audit ledger.
2026-10-06T11:48:59.4936039Z INFO  [alembic.runtime.migration] Running upgrade 0095b -> 0097, The provider registry, the matrix gate's two tables, an agent's model pin, and a derived role.
2026-10-06T11:48:59.4936853Z INFO  [alembic.runtime.migration] Running upgrade 0097 -> 0100, The request row records what the gate's front half decided, and a redelivered message is refused.
2026-10-06T11:48:59.4937519Z INFO  [alembic.runtime.migration] Running upgrade 0100 -> 0101, A request for access is stored and addressed to the person who can decide it.
2026-10-06T11:48:59.4950677Z INFO  [alembic.runtime.migration] Running upgrade 0101 -> 0098, A sensitive read reaches the ledger, and so does every budget version.
2026-10-06T11:48:59.4951303Z INFO  [alembic.runtime.migration] Running upgrade 0098 -> 0099, A person's check of a requirement on this install is kept, one row per check.
2026-10-06T11:48:59.4951913Z INFO  [alembic.runtime.migration] Running upgrade 0099 -> 0102, Who holds a platform role, and a team as the subject of a capability grant.
2026-10-06T11:48:59.4952547Z INFO  [alembic.runtime.migration] Running upgrade 0102 -> 0104, Five decisions nothing recorded now write their ledger entries, and compliance gets two tables.
2026-10-06T11:48:59.4953122Z INFO  [alembic.runtime.migration] Running upgrade 0104 -> 0105, An agent changing owner leaves one entry in the audit ledger.
2026-10-06T11:48:59.4953735Z INFO  [alembic.runtime.migration] Running upgrade 0105 -> 0109, Which directory group confers which role, the sync's ledger entries, and break-glass notices.
2026-10-06T11:48:59.4954406Z INFO  [alembic.runtime.migration] Running upgrade 0109 -> 0108, Provider health rings, chain-depth alerts, and residency constraints attached to a scope.
2026-10-06T11:48:59.4955064Z INFO  [alembic.runtime.migration] Running upgrade 0108 -> 0113, The request row records the whole routing decision: why the lane, and where the model call went.
2026-10-06T11:48:59.4955713Z INFO  [alembic.runtime.migration] Running upgrade 0113 -> 0114, Each channel is its own record on the install, and every delivery in or out is recorded.
2026-10-06T11:48:59.4956347Z INFO  [alembic.runtime.migration] Running upgrade 0114 -> 0115, Every knowledge item records its kind, from a closed list, and the library can say which.
2026-10-06T11:48:59.4956962Z INFO  [alembic.runtime.migration] Running upgrade 0115 -> 0116, A price list held as classified rows: the table, its classification, and its rows.
2026-10-06T11:48:59.4957539Z INFO  [alembic.runtime.migration] Running upgrade 0116 -> 0117, The tool catalogue as the database holds it, and the switch that stops a tool.
2026-10-06T11:48:59.4958271Z INFO  [alembic.runtime.migration] Running upgrade 0117 -> 0121, A skill comes from a commit or an address, an edit is a version, a self-approval says so, and
2026-10-06T11:48:59.4958628Z categories are kept.
2026-10-06T11:48:59.4959041Z INFO  [alembic.runtime.migration] Running upgrade 0121 -> 0120, A stored document is verified, handed over, replaced and published, and each act tells somebody.
2026-10-06T11:48:59.4959674Z INFO  [alembic.runtime.migration] Running upgrade 0120 -> 0133, Install acceptance results get a table, and the acceptance run joins the control-run names.
2026-10-06T11:48:59.4960456Z INFO  [alembic.runtime.migration] Running upgrade 0133 -> 0136, A halt and its resume are rows, so a stop survives the restart that usually follows it.
2026-10-06T11:48:59.4961020Z INFO  [alembic.runtime.migration] Running upgrade 0136 -> 0137, An agent created, enabled, disabled, archived or published reaches the ledger.
2026-10-06T11:48:59.4961609Z INFO  [alembic.runtime.migration] Running upgrade 0137 -> 0118, A person binds a chat account with a one-time code, and every bind and unbind is audited.
2026-10-06T11:48:59.4962213Z INFO  [alembic.runtime.migration] Running upgrade 0118 -> 0138, Each skill a run used is recorded, by digest, with the request, the person, the agent and when.
2026-10-06T11:48:59.4962908Z INFO  [alembic.runtime.migration] Running upgrade 0138 -> 0139, A skill version can be retired and reinstated, and a skill detached from an agent, each as a row.
2026-10-06T11:48:59.4963517Z INFO  [alembic.runtime.migration] Running upgrade 0139 -> 0140, A provider's registry row reaches the ledger, and a routing change may retire or move a step.
2026-10-06T11:48:59.4964130Z INFO  [alembic.runtime.migration] Running upgrade 0140 -> 0141, A pack is versioned and audited, a person's creation is audited, and a scope's label is a rename.
2026-10-06T11:48:59.4964742Z INFO  [alembic.runtime.migration] Running upgrade 0141 -> 0142, A test of one connection is an attempt of its own: `ops.connector_sync.outcome` gains `probed`.
2026-10-06T11:48:59.4965352Z INFO  [alembic.runtime.migration] Running upgrade 0142 -> 0145, An installed automation is paused, resumed, rescheduled, removed and adopted as change rows, each
2026-10-06T11:48:59.4965739Z reaching the ledger from the database.
2026-10-06T11:48:59.4966119Z INFO  [alembic.runtime.migration] Running upgrade 0145 -> 0148, A service account's key revoked, or the account retired, reaches the ledger.
2026-10-06T11:48:59.4966688Z INFO  [alembic.runtime.migration] Running upgrade 0148 -> 0149, An agent's drafts, their revisions and what was done to each, every one of them on the ledger.
2026-10-06T11:48:59.4967280Z INFO  [alembic.runtime.migration] Running upgrade 0149 -> 0146, An access request is marked handled by its owner, and a certification report is an export.
2026-10-06T11:48:59.4967873Z INFO  [alembic.runtime.migration] Running upgrade 0146 -> 0150, A run's trace graph is stored masked behind a role of its own, and a browser session is audited.
2026-10-06T11:48:59.4968616Z INFO  [alembic.runtime.migration] Running upgrade 0150 -> 0157, A connection keeps the declaration it agreed to, and its ledger entries name the digest.
2026-10-06T11:48:59.4969159Z INFO  [alembic.runtime.migration] Running upgrade 0157 -> 0155, A staff sync says what it read, and a trial read is a run of its own.
2026-10-06T11:48:59.4969689Z INFO  [alembic.runtime.migration] Running upgrade 0155 -> 0156, A roster row says where somebody stands and what kind of employment they have.
2026-10-06T11:48:59.4970262Z INFO  [alembic.runtime.migration] Running upgrade 0156 -> 0168, A skill says where an unanswered question goes, and the handoff is kept until it expires.
2026-10-06T11:48:59.4970857Z INFO  [alembic.runtime.migration] Running upgrade 0168 -> 0169, The evening digest joins the control-run names, so the worker can record its scheduled run.
2026-10-06T11:48:59.4971452Z INFO  [alembic.runtime.migration] Running upgrade 0169 -> 0166, A chat binding can keep the person's Lark address beside its fingerprint, as personal data.
2026-10-06T11:48:59.4972041Z INFO  [alembic.runtime.migration] Running upgrade 0166 -> 0172, The autonomy breaker reads when an agent's work was taken over, and nothing else about it.
2026-10-06T11:48:59.4972638Z INFO  [alembic.runtime.migration] Running upgrade 0172 -> 0177, The web process reads which handed-on questions expired, so each asker is told in their own chat.
2026-10-06T11:48:59.4973251Z INFO  [alembic.runtime.migration] Running upgrade 0177 -> 0171, Knowledge can be marked public, and a stranger's read runs as a role that reaches nothing else.
2026-10-06T11:48:59.4973957Z INFO  [alembic.runtime.migration] Running upgrade 0171 -> 0167, A connected source names its steward, and every grant somebody makes to themselves is recorded.
2026-10-06T11:48:59.4974561Z INFO  [alembic.runtime.migration] Running upgrade 0167 -> 0154, A helpful or unhelpful mark on an answer, and a switch that pauses what an agent's runs teach.
2026-10-06T11:48:59.4975192Z INFO  [alembic.runtime.migration] Running upgrade 0154 -> 0179, A retired record is remembered, a returned one serves again, a source has an epoch, a read keeps its place.
2026-10-06T11:48:59.4975908Z INFO  [alembic.runtime.migration] Running upgrade 0179 -> 0178, A stored skill keeps the bytes of every script it carries, and the database checks their sha256.
2026-10-06T11:48:59.4976496Z INFO  [alembic.runtime.migration] Running upgrade 0178 -> 0163, An inference a person says again is confirmed on its own row, and the ledger says when.
2026-10-06T11:48:59.4977093Z INFO  [alembic.runtime.migration] Running upgrade 0163 -> 0162, The fast lane reads an uploaded table's rows as its own role, and that role reads nothing else.
2026-10-06T11:48:59.4977661Z INFO  [alembic.runtime.migration] Running upgrade 0162 -> 0182, Each source record's comparison keys, and the join keys this install blocks.
2026-10-06T11:48:59.4978441Z INFO  [alembic.runtime.migration] Running upgrade 0182 -> 0183, A merge is recorded with who, when, its evidence and its pre-image, and an unmerge is audited.
2026-10-06T11:48:59.4979005Z INFO  [alembic.runtime.migration] Running upgrade 0183 -> 0184, A pair of records the cascade could not settle, kept until a person decides it.
2026-10-06T11:48:59.4979563Z INFO  [alembic.runtime.migration] Running upgrade 0184 -> 0170, A person moved to another department is on the ledger, under whoever moved them.
2026-10-06T11:48:59.4980145Z INFO  [alembic.runtime.migration] Running upgrade 0170 -> 0186, An agent keeps the connectors it is bound to, and three shared entity names become one source's.
2026-10-06T11:48:59.4980733Z INFO  [alembic.runtime.migration] Running upgrade 0186 -> 0187, A Lark Wiki page has a read of its own, and everybody who reads the library is given it.
2026-10-06T11:48:59.4981332Z INFO  [alembic.runtime.migration] Running upgrade 0187 -> 0188, Every agent run is recorded when it ends: who it was for, which agent, why it stopped, its counts.
2026-10-06T11:48:59.4981939Z INFO  [alembic.runtime.migration] Running upgrade 0188 -> 0189, An agent answers only on the channels enabled for it, and a run's two bounds have a column each.
2026-10-06T11:48:59.4982527Z INFO  [alembic.runtime.migration] Running upgrade 0189 -> 0190, An agent's channels switched by its steward or an administrator reach the ledger.
2026-10-06T11:48:59.4983084Z INFO  [alembic.runtime.migration] Running upgrade 0190 -> 0201, The worker finds approved actions that have not run, and nothing else about them.
2026-10-06T11:48:59.4983675Z INFO  [alembic.runtime.migration] Running upgrade 0201 -> 0202, A consent a person starts at a vendor is held here until the vendor answers, once, for them alone.
2026-10-06T11:48:59.4984281Z INFO  [alembic.runtime.migration] Running upgrade 0202 -> 0203, A connector for a new API is a reviewed row, and every submission and decision is on the ledger.
2026-10-06T11:48:59.4984892Z INFO  [alembic.runtime.migration] Running upgrade 0203 -> 0191, A skill version's export and a rehearsal of its examples are each a row, with a ledger entry.
2026-10-06T11:48:59.4985489Z INFO  [alembic.runtime.migration] Running upgrade 0191 -> 0192, An answer in a thread names the agent that gave it, the request it answered and how it ended.
2026-10-06T11:48:59.4986102Z INFO  [alembic.runtime.migration] Running upgrade 0192 -> 0193, A retrieval a person was answered from is logged for the learning signal, and nothing else of it.
2026-10-06T11:48:59.4986704Z INFO  [alembic.runtime.migration] Running upgrade 0193 -> 0194, An artifact names the client it was produced for and the grants it drew on, and is superseded
2026-10-06T11:48:59.4987076Z or archived as a row of its own.
2026-10-06T11:48:59.4987584Z INFO  [alembic.runtime.migration] Running upgrade 0194 -> 0195, An agent's rungs move on the install, with their evidence, and its supervision is reviewed.
2026-10-06T11:48:59.4988322Z INFO  [alembic.runtime.migration] Running upgrade 0195 -> 0196, A tool or a connector is attached to an agent, or detached, and each reaches the ledger.
2026-10-06T11:48:59.4988892Z INFO  [alembic.runtime.migration] Running upgrade 0196 -> 0197, The learning signal's log: what was noticed about each answer, by id and never in words.
2026-10-06T11:48:59.4989577Z INFO  [alembic.runtime.migration] Running upgrade 0197 -> 0198, A correction carrying the right answer is held as a candidate, and decided as a new version is.
2026-10-06T11:48:59.4990174Z INFO  [alembic.runtime.migration] Running upgrade 0198 -> 0199, A fast-lane rule may belong to a department, and a rule is written in its writer's name.
2026-10-06T11:48:59.4990765Z INFO  [alembic.runtime.migration] Running upgrade 0199 -> 0206, A learned fast-lane rule is held until people promote it, and every question it would have
2026-10-06T11:48:59.4991131Z answered is counted (M39.4.2.3).
2026-10-06T11:48:59.4991558Z INFO  [alembic.runtime.migration] Running upgrade 0206 -> 0200, A person's History reads which grants were theirs, removed ones included, through one function.
2026-10-06T11:48:59.4992170Z INFO  [alembic.runtime.migration] Running upgrade 0200 -> 0207, A person's export of their own conversation is recorded as an export, as every other one is.
2026-10-06T11:48:59.4992793Z INFO  [alembic.runtime.migration] Running upgrade 0207 -> 0204, An agent moved to a newer template version, and a version somebody turned away, reach the ledger.
2026-10-06T11:48:59.4993408Z INFO  [alembic.runtime.migration] Running upgrade 0204 -> 0205, The conversations the bot is in, and an agent installed into one of them, on the ledger.
2026-10-06T11:48:59.4993942Z INFO  [alembic.runtime.migration] Running upgrade 0205 -> 0208, A person proposed for a role, kept until somebody else decides it.
2026-10-06T11:48:59.4994493Z INFO  [alembic.runtime.migration] Running upgrade 0208 -> 0209, An approved elevation is also an entry in a second chain of its own, anchored on its own.
2026-10-06T11:48:59.4995087Z INFO  [alembic.runtime.migration] Running upgrade 0209 -> 0210, A webhook subscriber can be switched back on and an exhausted delivery replayed once, recorded.
2026-10-06T11:48:59.4995690Z INFO  [alembic.runtime.migration] Running upgrade 0210 -> 0211, Every budget that was used up, and whether the install stopped it or only said it would have.
2026-10-06T11:48:59.4996137Z _____ test_on_postgres_a_budget_with_room_left_answers_and_records_nothing _____
2026-10-06T11:48:59.4996312Z 
2026-10-06T11:48:59.4996464Z self = <sqlalchemy.engine.base.Connection object at 0x7f5ebe04fc50>
2026-10-06T11:48:59.4996835Z dialect = <sqlalchemy.dialects.postgresql.psycopg.PGDialectAsync_psycopg object at 0x7f5eb8b28410>
2026-10-06T11:48:59.4997286Z context = <sqlalchemy.dialects.postgresql.psycopg.PGExecutionContext_psycopg object at 0x7f5eb9966ad0>
2026-10-06T11:48:59.4997725Z statement = <sqlalchemy.dialects.postgresql.psycopg.PGCompiler_psycopg object at 0x7f5ebfd00fc0>
2026-10-06T11:48:59.4998309Z parameters = [{'level': 'department', 'subject': 'finance', 'period': 'month', 'ceiling_minor': 1000, ...}]
2026-10-06T11:48:59.4998526Z 
2026-10-06T11:48:59.4998590Z     def _exec_single_context(
2026-10-06T11:48:59.4998746Z         self,
2026-10-06T11:48:59.4998877Z         dialect: Dialect,
2026-10-06T11:48:59.4999039Z         context: ExecutionContext,
2026-10-06T11:48:59.4999222Z         statement: Union[str, Compiled],
2026-10-06T11:48:59.4999435Z         parameters: Optional[_AnyMultiExecuteParams],
2026-10-06T11:48:59.4999625Z     ) -> CursorResult[Any]:
2026-10-06T11:48:59.4999829Z         """continue the _execute_context() method for a single DBAPI
2026-10-06T11:48:59.5000063Z         cursor.execute() or cursor.executemany() call.
2026-10-06T11:48:59.5000234Z     
2026-10-06T11:48:59.5000347Z         """
2026-10-06T11:48:59.5000612Z         if dialect.bind_typing is BindTyping.SETINPUTSIZES:
2026-10-06T11:48:59.5000867Z             generic_setinputsizes = context._prepare_set_input_sizes()
2026-10-06T11:48:59.5001055Z     
2026-10-06T11:48:59.5001192Z             if generic_setinputsizes:
2026-10-06T11:48:59.5001347Z                 try:
2026-10-06T11:48:59.5001507Z                     dialect.do_set_input_sizes(
2026-10-06T11:48:59.5001726Z                         context.cursor, generic_setinputsizes, context
2026-10-06T11:48:59.5001986Z                     )
2026-10-06T11:48:59.5002139Z                 except BaseException as e:
2026-10-06T11:48:59.5002332Z                     self._handle_dbapi_exception(
2026-10-06T11:48:59.5002545Z                         e, str(statement), parameters, None, context
2026-10-06T11:48:59.5002722Z                     )
2026-10-06T11:48:59.5002844Z     
2026-10-06T11:48:59.5002984Z         cursor, str_statement, parameters = (
2026-10-06T11:48:59.5003157Z             context.cursor,
2026-10-06T11:48:59.5003314Z             context.statement,
2026-10-06T11:48:59.5003478Z             context.parameters,
2026-10-06T11:48:59.5003620Z         )
2026-10-06T11:48:59.5003726Z     
2026-10-06T11:48:59.5003886Z         effective_parameters: Optional[_AnyExecuteParams]
2026-10-06T11:48:59.5004056Z     
2026-10-06T11:48:59.5004183Z         if not context.executemany:
2026-10-06T11:48:59.5004392Z             effective_parameters = parameters[0]
2026-10-06T11:48:59.5004559Z         else:
2026-10-06T11:48:59.5004705Z             effective_parameters = parameters
2026-10-06T11:48:59.5004855Z     
2026-10-06T11:48:59.5005000Z         if self._has_events or self.engine._has_events:
2026-10-06T11:48:59.5005210Z             for fn in self.dispatch.before_cursor_execute:
2026-10-06T11:48:59.5005424Z                 str_statement, effective_parameters = fn(
2026-10-06T11:48:59.5005590Z                     self,
2026-10-06T11:48:59.5005720Z                     cursor,
2026-10-06T11:48:59.5005873Z                     str_statement,
2026-10-06T11:48:59.5006042Z                     effective_parameters,
2026-10-06T11:48:59.5006200Z                     context,
2026-10-06T11:48:59.5006361Z                     context.executemany,
2026-10-06T11:48:59.5006520Z                 )
2026-10-06T11:48:59.5006634Z     
2026-10-06T11:48:59.5006743Z         if self._echo:
2026-10-06T11:48:59.5006891Z             self._log_info(str_statement)
2026-10-06T11:48:59.5007038Z     
2026-10-06T11:48:59.5007171Z             stats = context._get_cache_stats()
2026-10-06T11:48:59.5007326Z     
2026-10-06T11:48:59.5007461Z             if not self.engine.hide_parameters:
2026-10-06T11:48:59.5007631Z                 self._log_info(
2026-10-06T11:48:59.5007782Z                     "[%s] %r",
2026-10-06T11:48:59.5007930Z                     stats,
2026-10-06T11:48:59.5008232Z                     sql_util._repr_params(
2026-10-06T11:48:59.5008404Z                         effective_parameters,
2026-10-06T11:48:59.5008573Z                         batches=10,
2026-10-06T11:48:59.5008751Z                         ismulti=context.executemany,
2026-10-06T11:48:59.5008911Z                     ),
2026-10-06T11:48:59.5009034Z                 )
2026-10-06T11:48:59.5009150Z             else:
2026-10-06T11:48:59.5009278Z                 self._log_info(
2026-10-06T11:48:59.5009485Z                     "[%s] [SQL parameters hidden due to hide_parameters=True]",
2026-10-06T11:48:59.5009683Z                     stats,
2026-10-06T11:48:59.5009808Z                 )
2026-10-06T11:48:59.5009927Z     
2026-10-06T11:48:59.5010049Z         evt_handled: bool = False
2026-10-06T11:48:59.5010191Z         try:
2026-10-06T11:48:59.5010360Z             if context.execute_style is ExecuteStyle.EXECUTEMANY:
2026-10-06T11:48:59.5010570Z                 effective_parameters = cast(
2026-10-06T11:48:59.5010778Z                     "_CoreMultiExecuteParams", effective_parameters
2026-10-06T11:48:59.5010951Z                 )
2026-10-06T11:48:59.5011195Z                 if self.dialect._has_events:
2026-10-06T11:48:59.5011409Z                     for fn in self.dialect.dispatch.do_executemany:
2026-10-06T11:48:59.5011605Z                         if fn(
2026-10-06T11:48:59.5011758Z                             cursor,
2026-10-06T11:48:59.5011925Z                             str_statement,
2026-10-06T11:48:59.5012102Z                             effective_parameters,
2026-10-06T11:48:59.5012276Z                             context,
2026-10-06T11:48:59.5012420Z                         ):
2026-10-06T11:48:59.5012661Z                             evt_handled = True
2026-10-06T11:48:59.5012824Z                             break
2026-10-06T11:48:59.5012978Z                 if not evt_handled:
2026-10-06T11:48:59.5013150Z                     self.dialect.do_executemany(
2026-10-06T11:48:59.5013316Z                         cursor,
2026-10-06T11:48:59.5013468Z                         str_statement,
2026-10-06T11:48:59.5013634Z                         effective_parameters,
2026-10-06T11:48:59.5013804Z                         context,
2026-10-06T11:48:59.5013940Z                     )
2026-10-06T11:48:59.5014123Z             elif not effective_parameters and context.no_parameters:
2026-10-06T11:48:59.5014336Z                 if self.dialect._has_events:
2026-10-06T11:48:59.5014549Z                     for fn in self.dialect.dispatch.do_execute_no_params:
2026-10-06T11:48:59.5014779Z                         if fn(cursor, str_statement, context):
2026-10-06T11:48:59.5014978Z                             evt_handled = True
2026-10-06T11:48:59.5015144Z                             break
2026-10-06T11:48:59.5015296Z                 if not evt_handled:
2026-10-06T11:48:59.5015470Z                     self.dialect.do_execute_no_params(
2026-10-06T11:48:59.5015662Z                         cursor, str_statement, context
2026-10-06T11:48:59.5015822Z                     )
2026-10-06T11:48:59.5015941Z             else:
2026-10-06T11:48:59.5016083Z                 effective_parameters = cast(
2026-10-06T11:48:59.5016299Z                     "_CoreSingleExecuteParams", effective_parameters
2026-10-06T11:48:59.5016482Z                 )
2026-10-06T11:48:59.5016622Z                 if self.dialect._has_events:
2026-10-06T11:48:59.5016821Z                     for fn in self.dialect.dispatch.do_execute:
2026-10-06T11:48:59.5017007Z                         if fn(
2026-10-06T11:48:59.5017155Z                             cursor,
2026-10-06T11:48:59.5017313Z                             str_statement,
2026-10-06T11:48:59.5017487Z                             effective_parameters,
2026-10-06T11:48:59.5017659Z                             context,
2026-10-06T11:48:59.5017801Z                         ):
2026-10-06T11:48:59.5018067Z                             evt_handled = True
2026-10-06T11:48:59.5018286Z                             break
2026-10-06T11:48:59.5018445Z                 if not evt_handled:
2026-10-06T11:48:59.5018619Z >                   self.dialect.do_execute(
2026-10-06T11:48:59.5018834Z                         cursor, str_statement, effective_parameters, context
2026-10-06T11:48:59.5019021Z                     )
2026-10-06T11:48:59.5019096Z 
2026-10-06T11:48:59.5019242Z .venv/lib/python3.13/site-packages/sqlalchemy/engine/base.py:1969: 
2026-10-06T11:48:59.5019508Z _ _ _ _ _ _ _ _ _ _ _ _ _ _ _ _ _ _ _ _ _ _ _ _ _ _ _ _ _ _ _ _ _ _ _ _ _ _ _ _ 
2026-10-06T11:48:59.5019809Z .venv/lib/python3.13/site-packages/sqlalchemy/engine/default.py:952: in do_execute
2026-10-06T11:48:59.5020056Z     cursor.execute(statement, parameters)
2026-10-06T11:48:59.5020353Z .venv/lib/python3.13/site-packages/sqlalchemy/dialects/postgresql/psycopg.py:642: in execute
2026-10-06T11:48:59.5020657Z     result = self.await_(self._cursor.execute(query, params, **kw))
2026-10-06T11:48:59.5020882Z              ^^^^^^^^^^^^^^^^^^^^^^^^^^^^^^^^^^^^^^^^^^^^^^^^^^^^^^
2026-10-06T11:48:59.5021179Z .venv/lib/python3.13/site-packages/sqlalchemy/util/_concurrency_py3k.py:132: in await_only
2026-10-06T11:48:59.5021644Z     return current.parent.switch(awaitable)  # type: ignore[no-any-return,attr-defined] # noqa: E501
2026-10-06T11:48:59.5021914Z            ^^^^^^^^^^^^^^^^^^^^^^^^^^^^^^^^
2026-10-06T11:48:59.5022209Z .venv/lib/python3.13/site-packages/sqlalchemy/util/_concurrency_py3k.py:196: in greenlet_spawn
2026-10-06T11:48:59.5022454Z     value = await result
2026-10-06T11:48:59.5022588Z             ^^^^^^^^^^^^
2026-10-06T11:48:59.5022787Z _ _ _ _ _ _ _ _ _ _ _ _ _ _ _ _ _ _ _ _ _ _ _ _ _ _ _ _ _ _ _ _ _ _ _ _ _ _ _ _ 
2026-10-06T11:48:59.5022920Z 
2026-10-06T11:48:59.5023126Z self = <psycopg.AsyncCursor [closed] [BAD] at 0x7f5ebe04d910>
2026-10-06T11:48:59.5023809Z query = 'INSERT INTO ops.budget_version (level, subject, period, ceiling_minor, version, author, effective_from, reason, alert...n)s::VARCHAR, %(alert_fractions)s::DOUBLE PRECISION[]) RETURNING ops.budget_version.id, ops.budget_version.recorded_at'
2026-10-06T11:48:59.5024451Z params = {'level': 'department', 'subject': 'finance', 'period': 'month', 'ceiling_minor': 1000, ...}
2026-10-06T11:48:59.5024708Z prepare = None, binary = None
2026-10-06T11:48:59.5024804Z 
2026-10-06T11:48:59.5024856Z     async def execute(
2026-10-06T11:48:59.5024983Z         self,
2026-10-06T11:48:59.5025098Z         query: Query,
2026-10-06T11:48:59.5025247Z         params: Params | None = None,
2026-10-06T11:48:59.5025392Z         *,
2026-10-06T11:48:59.5025526Z         prepare: bool | None = None,
2026-10-06T11:48:59.5025687Z         binary: bool | None = None,
2026-10-06T11:48:59.5025855Z     ) -> Self:
2026-10-06T11:48:59.5025973Z         """
2026-10-06T11:48:59.5026117Z         Execute a query or command to the database.
2026-10-06T11:48:59.5026281Z         """
2026-10-06T11:48:59.5026388Z         try:
2026-10-06T11:48:59.5026522Z             async with self._conn.lock:
2026-10-06T11:48:59.5026691Z                 await self._conn.wait(
2026-10-06T11:48:59.5026917Z                     self._execute_gen(query, params, prepare=prepare, binary=binary)
2026-10-06T11:48:59.5027124Z                 )
2026-10-06T11:48:59.5027266Z         except e._NO_TRACEBACK as ex:
2026-10-06T11:48:59.5027441Z >           raise ex.with_traceback(None)
2026-10-06T11:48:59.5027817Z E           psycopg.errors.CheckViolation: new row for relation "audit_entry" violates check constraint "ck_audit_entry_ent_hash_shape"
2026-10-06T11:48:59.5028266Z E           CONTEXT:  SQL statement "MERGE INTO obs.audit_entry AS t
2026-10-06T11:48:59.5028495Z E                   USING (SELECT v_seq AS seq) AS s
2026-10-06T11:48:59.5028680Z E                      ON t.seq = s.seq
2026-10-06T11:48:59.5028862Z E                   WHEN NOT MATCHED THEN
2026-10-06T11:48:59.5029107Z E                       INSERT (seq, at, actor_id, action, subject, ent_hash, trace_id,
2026-10-06T11:48:59.5029364Z E                               details, prev_hash, entry_hash)
2026-10-06T11:48:59.5029603Z E                       VALUES (v_seq, v_at, v_actor, 'setting', v_subject,
2026-10-06T11:48:59.5029861Z E                               v_ent_hash, v_trace, v_details, v_prev, v_entry)"
2026-10-06T11:48:59.5030146Z E           PL/pgSQL function ops.record_budget_version() line 38 at SQL statement
2026-10-06T11:48:59.5030305Z 
2026-10-06T11:48:59.5030467Z .venv/lib/python3.13/site-packages/psycopg/cursor_async.py:117: CheckViolation
2026-10-06T11:48:59.5030634Z 
2026-10-06T11:48:59.5030769Z The above exception was the direct cause of the following exception:
2026-10-06T11:48:59.5030920Z 
2026-10-06T11:48:59.5030979Z     @pytest.mark.needs_db
2026-10-06T11:48:59.5031212Z     def test_on_postgres_a_budget_with_room_left_answers_and_records_nothing() -> None:
2026-10-06T11:48:59.5031560Z         """The positive sibling against the real tables: spend under the ceiling, the switch on, the
2026-10-06T11:48:59.5031913Z         question answered and no row written. Delete this and a store refusing everybody passes the
2026-10-06T11:48:59.5032156Z         test above."""
2026-10-06T11:48:59.5032331Z         from tests.unit.test_acceptance import at_head
2026-10-06T11:48:59.5032495Z     
2026-10-06T11:48:59.5032734Z         with at_head("brain_budget_stop_room") as url:
2026-10-06T11:48:59.5032896Z     
2026-10-06T11:48:59.5033077Z             async def work(sessions: async_sessionmaker[AsyncSession]) -> Any:
2026-10-06T11:48:59.5033339Z                 from brain.ops.features import BUDGET_ENFORCEMENT, switch
2026-10-06T11:48:59.5033527Z     
2026-10-06T11:48:59.5033672Z                 await _ceiling_and_spend(sessions, 10)
2026-10-06T11:48:59.5033890Z                 async with sessions() as session, session.begin():
2026-10-06T11:48:59.5034295Z                     await switch(session, BUDGET_ENFORCEMENT, on=True, by="u_owner")
2026-10-06T11:48:59.5034539Z                 told = await budget_refusal_for(
2026-10-06T11:48:59.5034701Z                     sessions,
2026-10-06T11:48:59.5034899Z                     Asker(principal_id="u_asker", department="finance"),
2026-10-06T11:48:59.5035110Z                     at=datetime.now(UTC),
2026-10-06T11:48:59.5035276Z                     trace_id="t-1",
2026-10-06T11:48:59.5035427Z                 )
2026-10-06T11:48:59.5035575Z                 return told, await _stops(sessions)
2026-10-06T11:48:59.5035729Z     
2026-10-06T11:48:59.5035868Z >           told, stops = _as_app(url, work)
2026-10-06T11:48:59.5036040Z                           ^^^^^^^^^^^^^^^^^^
2026-10-06T11:48:59.5036135Z 
2026-10-06T11:48:59.5036226Z tests/unit/test_budget_stop_store.py:444: 
2026-10-06T11:48:59.5036449Z _ _ _ _ _ _ _ _ _ _ _ _ _ _ _ _ _ _ _ _ _ _ _ _ _ _ _ _ _ _ _ _ _ _ _ _ _ _ _ _ 
2026-10-06T11:48:59.5036689Z tests/unit/test_budget_stop_store.py:336: in _as_app
2026-10-06T11:48:59.5036867Z     return asyncio.run(go())
2026-10-06T11:48:59.5037006Z            ^^^^^^^^^^^^^^^^^
2026-10-06T11:48:59.5037310Z ../../../.local/share/uv/python/cpython-3.13.15-linux-x86_64-gnu/lib/python3.13/asyncio/runners.py:196: in run
2026-10-06T11:48:59.5037575Z     return runner.run(main)
2026-10-06T11:48:59.5037711Z            ^^^^^^^^^^^^^^^^
2026-10-06T11:48:59.5038138Z ../../../.local/share/uv/python/cpython-3.13.15-linux-x86_64-gnu/lib/python3.13/asyncio/runners.py:119: in run
2026-10-06T11:48:59.5038429Z     return self._loop.run_until_complete(task)
2026-10-06T11:48:59.5038611Z            ^^^^^^^^^^^^^^^^^^^^^^^^^^^^^^^^^^^
2026-10-06T11:48:59.5038965Z ../../../.local/share/uv/python/cpython-3.13.15-linux-x86_64-gnu/lib/python3.13/asyncio/base_events.py:726: in run_until_complete
2026-10-06T11:48:59.5039261Z     return future.result()
2026-10-06T11:48:59.5039399Z            ^^^^^^^^^^^^^^^
2026-10-06T11:48:59.5039583Z tests/unit/test_budget_stop_store.py:330: in go
2026-10-06T11:48:59.5039818Z     return await work(async_sessionmaker(engine, class_=AsyncSession))
2026-10-06T11:48:59.5040049Z            ^^^^^^^^^^^^^^^^^^^^^^^^^^^^^^^^^^^^^^^^^^^^^^^^^^^^^^^^^^^
2026-10-06T11:48:59.5040258Z tests/unit/test_budget_stop_store.py:433: in work
2026-10-06T11:48:59.5040448Z     await _ceiling_and_spend(sessions, 10)
2026-10-06T11:48:59.5040676Z tests/unit/test_budget_stop_store.py:346: in _ceiling_and_spend
2026-10-06T11:48:59.5040869Z     await append(
2026-10-06T11:48:59.5041028Z src/brain/ops/budget_store.py:114: in append
2026-10-06T11:48:59.5041187Z     await session.flush()
2026-10-06T11:48:59.5041438Z .venv/lib/python3.13/site-packages/sqlalchemy/ext/asyncio/session.py:786: in flush
2026-10-06T11:48:59.5041722Z     await greenlet_spawn(self.sync_session.flush, objects=objects)
2026-10-06T11:48:59.5042053Z .venv/lib/python3.13/site-packages/sqlalchemy/util/_concurrency_py3k.py:203: in greenlet_spawn
2026-10-06T11:48:59.5042322Z     result = context.switch(value)
2026-10-06T11:48:59.5042479Z              ^^^^^^^^^^^^^^^^^^^^^
2026-10-06T11:48:59.5042714Z .venv/lib/python3.13/site-packages/sqlalchemy/orm/session.py:4353: in flush
2026-10-06T11:48:59.5042926Z     self._flush(objects)
2026-10-06T11:48:59.5043158Z .venv/lib/python3.13/site-packages/sqlalchemy/orm/session.py:4488: in _flush
2026-10-06T11:48:59.5043373Z     with util.safe_reraise():
2026-10-06T11:48:59.5043513Z          ^^^^^^^^^^^^^^^^^^^
2026-10-06T11:48:59.5043860Z .venv/lib/python3.13/site-packages/sqlalchemy/util/langhelpers.py:122: in __exit__
2026-10-06T11:48:59.5044103Z     raise exc_value.with_traceback(exc_tb)
2026-10-06T11:48:59.5044354Z .venv/lib/python3.13/site-packages/sqlalchemy/orm/session.py:4449: in _flush
2026-10-06T11:48:59.5044569Z     flush_context.execute()
2026-10-06T11:48:59.5044820Z .venv/lib/python3.13/site-packages/sqlalchemy/orm/unitofwork.py:465: in execute
2026-10-06T11:48:59.5045042Z     rec.execute(self)
2026-10-06T11:48:59.5045362Z .venv/lib/python3.13/site-packages/sqlalchemy/orm/unitofwork.py:641: in execute
2026-10-06T11:48:59.5045612Z     util.preloaded.orm_persistence.save_obj(
2026-10-06T11:48:59.5045909Z .venv/lib/python3.13/site-packages/sqlalchemy/orm/persistence.py:94: in save_obj
2026-10-06T11:48:59.5046152Z     _emit_insert_statements(
2026-10-06T11:48:59.5046450Z .venv/lib/python3.13/site-packages/sqlalchemy/orm/persistence.py:1234: in _emit_insert_statements
2026-10-06T11:48:59.5046724Z     result = connection.execute(
2026-10-06T11:48:59.5046968Z .venv/lib/python3.13/site-packages/sqlalchemy/engine/base.py:1421: in execute
2026-10-06T11:48:59.5047175Z     return meth(
2026-10-06T11:48:59.5047431Z .venv/lib/python3.13/site-packages/sqlalchemy/sql/elements.py:526: in _execute_on_connection
2026-10-06T11:48:59.5047699Z     return connection._execute_clauseelement(
2026-10-06T11:48:59.5048123Z .venv/lib/python3.13/site-packages/sqlalchemy/engine/base.py:1643: in _execute_clauseelement
2026-10-06T11:48:59.5048387Z     ret = self._execute_context(
2026-10-06T11:48:59.5048668Z .venv/lib/python3.13/site-packages/sqlalchemy/engine/base.py:1848: in _execute_context
2026-10-06T11:48:59.5048919Z     return self._exec_single_context(
2026-10-06T11:48:59.5049206Z .venv/lib/python3.13/site-packages/sqlalchemy/engine/base.py:1988: in _exec_single_context
2026-10-06T11:48:59.5049458Z     self._handle_dbapi_exception(
2026-10-06T11:48:59.5049749Z .venv/lib/python3.13/site-packages/sqlalchemy/engine/base.py:2365: in _handle_dbapi_exception
2026-10-06T11:48:59.5050051Z     raise sqlalchemy_exception.with_traceback(exc_info[2]) from e
2026-10-06T11:48:59.5050370Z .venv/lib/python3.13/site-packages/sqlalchemy/engine/base.py:1969: in _exec_single_context
2026-10-06T11:48:59.5050608Z     self.dialect.do_execute(
2026-10-06T11:48:59.5050860Z .venv/lib/python3.13/site-packages/sqlalchemy/engine/default.py:952: in do_execute
2026-10-06T11:48:59.5051104Z     cursor.execute(statement, parameters)
2026-10-06T11:48:59.5051393Z .venv/lib/python3.13/site-packages/sqlalchemy/dialects/postgresql/psycopg.py:642: in execute
2026-10-06T11:48:59.5051695Z     result = self.await_(self._cursor.execute(query, params, **kw))
2026-10-06T11:48:59.5051920Z              ^^^^^^^^^^^^^^^^^^^^^^^^^^^^^^^^^^^^^^^^^^^^^^^^^^^^^^
2026-10-06T11:48:59.5052216Z .venv/lib/python3.13/site-packages/sqlalchemy/util/_concurrency_py3k.py:132: in await_only
2026-10-06T11:48:59.5052578Z     return current.parent.switch(awaitable)  # type: ignore[no-any-return,attr-defined] # noqa: E501
2026-10-06T11:48:59.5052844Z            ^^^^^^^^^^^^^^^^^^^^^^^^^^^^^^^^
2026-10-06T11:48:59.5053134Z .venv/lib/python3.13/site-packages/sqlalchemy/util/_concurrency_py3k.py:196: in greenlet_spawn
2026-10-06T11:48:59.5053374Z     value = await result
2026-10-06T11:48:59.5053508Z             ^^^^^^^^^^^^
2026-10-06T11:48:59.5053703Z _ _ _ _ _ _ _ _ _ _ _ _ _ _ _ _ _ _ _ _ _ _ _ _ _ _ _ _ _ _ _ _ _ _ _ _ _ _ _ _ 
2026-10-06T11:48:59.5053832Z 
2026-10-06T11:48:59.5053959Z self = <psycopg.AsyncCursor [closed] [BAD] at 0x7f5ebe04d910>
2026-10-06T11:48:59.5054614Z query = 'INSERT INTO ops.budget_version (level, subject, period, ceiling_minor, version, author, effective_from, reason, alert...n)s::VARCHAR, %(alert_fractions)s::DOUBLE PRECISION[]) RETURNING ops.budget_version.id, ops.budget_version.recorded_at'
2026-10-06T11:48:59.5055246Z params = {'level': 'department', 'subject': 'finance', 'period': 'month', 'ceiling_minor': 1000, ...}
2026-10-06T11:48:59.5055498Z prepare = None, binary = None
2026-10-06T11:48:59.5055689Z 
2026-10-06T11:48:59.5055744Z     async def execute(
2026-10-06T11:48:59.5055868Z         self,
2026-10-06T11:48:59.5055985Z         query: Query,
2026-10-06T11:48:59.5056132Z         params: Params | None = None,
2026-10-06T11:48:59.5056276Z         *,
2026-10-06T11:48:59.5056412Z         prepare: bool | None = None,
2026-10-06T11:48:59.5056577Z         binary: bool | None = None,
2026-10-06T11:48:59.5056722Z     ) -> Self:
2026-10-06T11:48:59.5056835Z         """
2026-10-06T11:48:59.5057058Z         Execute a query or command to the database.
2026-10-06T11:48:59.5057215Z         """
2026-10-06T11:48:59.5057324Z         try:
2026-10-06T11:48:59.5057455Z             async with self._conn.lock:
2026-10-06T11:48:59.5057621Z                 await self._conn.wait(
2026-10-06T11:48:59.5057846Z                     self._execute_gen(query, params, prepare=prepare, binary=binary)
2026-10-06T11:48:59.5058140Z                 )
2026-10-06T11:48:59.5058344Z         except e._NO_TRACEBACK as ex:
2026-10-06T11:48:59.5058526Z >           raise ex.with_traceback(None)
2026-10-06T11:48:59.5058992Z E           sqlalchemy.exc.IntegrityError: (psycopg.errors.CheckViolation) new row for relation "audit_entry" violates check constraint "ck_audit_entry_ent_hash_shape"
2026-10-06T11:48:59.5059421Z E           CONTEXT:  SQL statement "MERGE INTO obs.audit_entry AS t
2026-10-06T11:48:59.5059654Z E                   USING (SELECT v_seq AS seq) AS s
2026-10-06T11:48:59.5059838Z E                      ON t.seq = s.seq
2026-10-06T11:48:59.5060016Z E                   WHEN NOT MATCHED THEN
2026-10-06T11:48:59.5060255Z E                       INSERT (seq, at, actor_id, action, subject, ent_hash, trace_id,
2026-10-06T11:48:59.5060516Z E                               details, prev_hash, entry_hash)
2026-10-06T11:48:59.5060757Z E                       VALUES (v_seq, v_at, v_actor, 'setting', v_subject,
2026-10-06T11:48:59.5061018Z E                               v_ent_hash, v_trace, v_details, v_prev, v_entry)"
2026-10-06T11:48:59.5061310Z E           PL/pgSQL function ops.record_budget_version() line 38 at SQL statement
2026-10-06T11:48:59.5062438Z E           [SQL: INSERT INTO ops.budget_version (level, subject, period, ceiling_minor, version, author, effective_from, reason, alert_fractions) VALUES (%(level)s::VARCHAR, %(subject)s::VARCHAR, %(period)s::VARCHAR, %(ceiling_minor)s::BIGINT, %(version)s::INTEGER, %(author)s::VARCHAR, %(effective_from)s::TIMESTAMP WITH TIME ZONE, %(reason)s::VARCHAR, %(alert_fractions)s::DOUBLE PRECISION[]) RETURNING ops.budget_version.id, ops.budget_version.recorded_at]
2026-10-06T11:48:59.5063793Z E           [parameters: {'level': 'department', 'subject': 'finance', 'period': 'month', 'ceiling_minor': 1000, 'version': 1, 'author': 'u_setter', 'effective_from': datetime.datetime(2025, 9, 1, 11, 44, 20, 465036, tzinfo=datetime.timezone.utc), 'reason': "the test's ceiling", 'alert_fractions': []}]
2026-10-06T11:48:59.5064418Z E           (Background on this error at: https://sqlalche.me/e/20/gkpj)
2026-10-06T11:48:59.5064572Z 
2026-10-06T11:48:59.5064731Z .venv/lib/python3.13/site-packages/psycopg/cursor_async.py:117: IntegrityError
2026-10-06T11:48:59.5065041Z ----------------------------- Captured stderr call -----------------------------
2026-10-06T11:48:59.5065319Z INFO  [alembic.runtime.migration] Context impl PostgresqlImpl.
2026-10-06T11:48:59.5065591Z INFO  [alembic.runtime.migration] Will assume transactional DDL.
2026-10-06T11:48:59.5065862Z INFO  [alembic.runtime.migration] Running stamp_revision  -> 0001
2026-10-06T11:48:59.5066133Z INFO  [alembic.runtime.migration] Context impl PostgresqlImpl.
2026-10-06T11:48:59.5066398Z INFO  [alembic.runtime.migration] Will assume transactional DDL.
2026-10-06T11:48:59.5066857Z INFO  [alembic.runtime.migration] Running upgrade 0001 -> 0002, The core tables: principals, channel identities, grants, packs, field policy, ledger.
2026-10-06T11:48:59.5067538Z INFO  [alembic.runtime.migration] Running upgrade 0002 -> 0003, The entitlement resolver, and the tables the rest of the model was waiting on.
2026-10-06T11:48:59.5068233Z INFO  [alembic.runtime.migration] Running upgrade 0003 -> 0004, The capability registry, and the settings an operator tunes without a deploy.
2026-10-06T11:48:59.5068771Z INFO  [alembic.runtime.migration] Running upgrade 0004 -> 0005, Conversations and the messages in them, restricted to the person who asked.
2026-10-06T11:48:59.5069313Z INFO  [alembic.runtime.migration] Running upgrade 0005 -> 0006, Role grants a directory asserted, in a table the directory sync owns outright.
2026-10-06T11:48:59.5069961Z INFO  [alembic.runtime.migration] Running upgrade 0006 -> 0007, Widen the channel check constraints so `Channel.WIDGET` is a value the database accepts.
2026-10-06T11:48:59.5070566Z INFO  [alembic.runtime.migration] Running upgrade 0007 -> 0008, The Projected tier gets somewhere to live, with the twelve-field cap written into it.
2026-10-06T11:48:59.5071176Z INFO  [alembic.runtime.migration] Running upgrade 0008 -> 0009, The document plane gets somewhere to live, and two indexes that answer different questions.
2026-10-06T11:48:59.5071779Z INFO  [alembic.runtime.migration] Running upgrade 0009 -> 0010, Record which model produced each vector, so a query cannot reach across a model change.
2026-10-06T11:48:59.5072398Z INFO  [alembic.runtime.migration] Running upgrade 0010 -> 0011, Widen the channel check constraints so `Channel.SLACK` is a value the database accepts.
2026-10-06T11:48:59.5072957Z INFO  [alembic.runtime.migration] Running upgrade 0011 -> 0012, Widen the channel check constraints once more, for `Channel.TELEGRAM`.
2026-10-06T11:48:59.5073486Z INFO  [alembic.runtime.migration] Running upgrade 0012 -> 0013, Widen the channel check constraints once more, for `Channel.TEAMS`.
2026-10-06T11:48:59.5074025Z INFO  [alembic.runtime.migration] Running upgrade 0013 -> 0014, The agent table: one row per configured agent, with audience and authority kept apart.
2026-10-06T11:48:59.5074556Z INFO  [alembic.runtime.migration] Running upgrade 0014 -> 0015, The slug grammar reaches PostgreSQL as the pattern Python enforces.
2026-10-06T11:48:59.5075083Z INFO  [alembic.runtime.migration] Running upgrade 0015 -> 0016, The template pair: a manifest nobody may amend, and the install that pins one.
2026-10-06T11:48:59.5075573Z INFO  [alembic.runtime.migration] Running upgrade 0016 -> 0017, The row that makes a declined upgrade stay declined.
2026-10-06T11:48:59.5076019Z INFO  [alembic.runtime.migration] Running upgrade 0017 -> 0018, The two memory tables, and the schema they live in.
2026-10-06T11:48:59.5076534Z INFO  [alembic.runtime.migration] Running upgrade 0018 -> 0019, A fast-lane question shape becomes a row, and the fast lane is handed nothing new.
2026-10-06T11:48:59.5077093Z INFO  [alembic.runtime.migration] Running upgrade 0019 -> 0020, The `er` schema stops being empty: four tables and the view that forwards a merge.
2026-10-06T11:48:59.5077654Z INFO  [alembic.runtime.migration] Running upgrade 0020 -> 0021, The accent fold becomes something an index can be built on, which needs one function.
2026-10-06T11:48:59.5078340Z INFO  [alembic.runtime.migration] Running upgrade 0021 -> 0022, Widen the audit action check constraint for `AuditAction.COMPOSE_CHANGE`.
2026-10-06T11:48:59.5078861Z INFO  [alembic.runtime.migration] Running upgrade 0022 -> 0023, Widen the audit action check constraint for `AuditAction.APPROVAL`.
2026-10-06T11:48:59.5079401Z INFO  [alembic.runtime.migration] Running upgrade 0023 -> 0024, The Han bigram column, its generated tsvector and its index, plus the language column.
2026-10-06T11:48:59.5079951Z INFO  [alembic.runtime.migration] Running upgrade 0024 -> 0025, One row per attempt to run a scheduled control, with row-level security on.
2026-10-06T11:48:59.5080466Z INFO  [alembic.runtime.migration] Running upgrade 0025 -> 0026, Widen the audit action check constraint for `AuditAction.RECORD_READ`.
2026-10-06T11:48:59.5081124Z INFO  [alembic.runtime.migration] Running upgrade 0026 -> 0027, The corpus column is set to the vector width this install declared, and refuses to move.
2026-10-06T11:48:59.5081711Z INFO  [alembic.runtime.migration] Running upgrade 0027 -> 0028, The child grant computed in SQL, and a trigger refusing any row that is not a subset.
2026-10-06T11:48:59.5082285Z INFO  [alembic.runtime.migration] Running upgrade 0028 -> 0029, The SQL twin of the run reach narrows a parent's wildcard instead of dropping it.
2026-10-06T11:48:59.5082880Z INFO  [alembic.runtime.migration] Running upgrade 0029 -> 0030, The webhook outbox: subscribers, events and deliveries, with row-level security on all three.
2026-10-06T11:48:59.5083567Z INFO  [alembic.runtime.migration] Running upgrade 0030 -> 0031, Budget ceilings at every level, as versions nobody may edit, with row-level security on.
2026-10-06T11:48:59.5084107Z INFO  [alembic.runtime.migration] Running upgrade 0031 -> 0032, The plugin registry tables, with row-level security on both.
2026-10-06T11:48:59.5084660Z INFO  [alembic.runtime.migration] Running upgrade 0032 -> 0033, The database copy of the delegation containment rule asks both sides, as the Python does.
2026-10-06T11:48:59.5085200Z INFO  [alembic.runtime.migration] Running upgrade 0033 -> 0034, What runs actually cost gets a table, with row-level security on.
2026-10-06T11:48:59.5085762Z INFO  [alembic.runtime.migration] Running upgrade 0034 -> 0035, The spend report is materialised per day, keyed by department, with its age on record.
2026-10-06T11:48:59.5086334Z INFO  [alembic.runtime.migration] Running upgrade 0035 -> 0036, The function that rebuilds the materialised spend report and records when it did.
2026-10-06T11:48:59.5086852Z INFO  [alembic.runtime.migration] Running upgrade 0036 -> 0037, The control-run name constraint admits the spend report refresh.
2026-10-06T11:48:59.5087376Z INFO  [alembic.runtime.migration] Running upgrade 0037 -> 0038, Who asked a question gets a table, one row per trace, with row-level security on.
2026-10-06T11:48:59.5087931Z INFO  [alembic.runtime.migration] Running upgrade 0038 -> 0039, The metadata ledger gets a table, partitioned by arrival, with row-level security on.
2026-10-06T11:48:59.5088671Z INFO  [alembic.runtime.migration] Running upgrade 0039 -> 0040, Knowledge items get a table, with the corpus's reach as its policy and one named read past it.
2026-10-06T11:48:59.5089258Z INFO  [alembic.runtime.migration] Running upgrade 0040 -> 0041, A sealed browser envelope gets a table the approval queue reads and only its asker writes.
2026-10-06T11:48:59.5089855Z INFO  [alembic.runtime.migration] Running upgrade 0041 -> 0042, A suspended action gets a table an approver reads through row-level security and decides once.
2026-10-06T11:48:59.5090458Z INFO  [alembic.runtime.migration] Running upgrade 0042 -> 0043, A recorded cost can name the request it paid for, by trace id, with row-level security unchanged.
2026-10-06T11:48:59.5091080Z INFO  [alembic.runtime.migration] Running upgrade 0043 -> 0044, An automation gets a table naming its owner, read through row-level security by id or by owner.
2026-10-06T11:48:59.5091696Z INFO  [alembic.runtime.migration] Running upgrade 0044 -> 0045, The application role can retire a soft-deleted row, and a retired row stays hidden and retired.
2026-10-06T11:48:59.5092303Z INFO  [alembic.runtime.migration] Running upgrade 0045 -> 0046, A chunk can be retired by the application role, and a retired chunk stays hidden and retired.
2026-10-06T11:48:59.5092908Z INFO  [alembic.runtime.migration] Running upgrade 0046 -> 0047, Record every sign-in binding and every retirement of one in the audit ledger, from the database.
2026-10-06T11:48:59.5093523Z INFO  [alembic.runtime.migration] Running upgrade 0047 -> 0048, The resolver says when the reach it returned stops being true, so a cache cannot outlive a grant.
2026-10-06T11:48:59.5094137Z INFO  [alembic.runtime.migration] Running upgrade 0048 -> 0049, Legal holds, retention reports and the sweep's release get tables, with row-level security on.
2026-10-06T11:48:59.5094801Z INFO  [alembic.runtime.migration] Running upgrade 0049 -> 0050, Record every session ended before it lapsed in the audit ledger, from the database.
2026-10-06T11:48:59.5095382Z INFO  [alembic.runtime.migration] Running upgrade 0050 -> 0051, Every side-effecting operation gets a row, unique on its key, with row-level security on.
2026-10-06T11:48:59.5095979Z INFO  [alembic.runtime.migration] Running upgrade 0051 -> 0052, An access review's decisions get a table, and each decision reaches the ledger from the database.
2026-10-06T11:48:59.5096591Z INFO  [alembic.runtime.migration] Running upgrade 0052 -> 0053, Two console writes get the record they need: who changed a webhook subscriber, and every export.
2026-10-06T11:48:59.5097268Z INFO  [alembic.runtime.migration] Running upgrade 0053 -> 0054, Credential writes, retention releases and legal holds reach the ledger from the database.
2026-10-06T11:48:59.5097855Z INFO  [alembic.runtime.migration] Running upgrade 0054 -> 0055, An automation installed onto an agent gets a row, and the row reaches the ledger from the
2026-10-06T11:48:59.5098379Z database.
2026-10-06T11:48:59.5098773Z INFO  [alembic.runtime.migration] Running upgrade 0055 -> 0056, The skill library gets its tables, and every import, decision and assignment reaches the ledger.
2026-10-06T11:48:59.5099380Z INFO  [alembic.runtime.migration] Running upgrade 0056 -> 0057, A source connected from the console gets a row, and connecting or disconnecting one is audited.
2026-10-06T11:48:59.5099996Z INFO  [alembic.runtime.migration] Running upgrade 0057 -> 0058, What an agent produced gets a table: one row per artifact, pointing at bytes in the object store.
2026-10-06T11:48:59.5100602Z INFO  [alembic.runtime.migration] Running upgrade 0058 -> 0059, Feature switches, job controls, instructions, rung saves and webhook changes reach the ledger.
2026-10-06T11:48:59.5101208Z INFO  [alembic.runtime.migration] Running upgrade 0059 -> 0060, A request to erase somebody's data gets a table, its ledger entries, and a place on the schedule.
2026-10-06T11:48:59.5101833Z INFO  [alembic.runtime.migration] Running upgrade 0060 -> 0061, What a learning proposed and replaced gets a row, and so does every correction, which is audited.
2026-10-06T11:48:59.5102432Z INFO  [alembic.runtime.migration] Running upgrade 0061 -> 0062, Who is in each team, who leads each department, and elevation requests, each audited.
2026-10-06T11:48:59.5103157Z INFO  [alembic.runtime.migration] Running upgrade 0062 -> 0063, The application's warnings and errors get a table the Logs screen reads, row-level security on.
2026-10-06T11:48:59.5103828Z INFO  [alembic.runtime.migration] Running upgrade 0063 -> 0064, A question no connected source covers gets a table, one row per trace, row-level security on.
2026-10-06T11:48:59.5104432Z INFO  [alembic.runtime.migration] Running upgrade 0064 -> 0066, The vault token renewal joins the control-run names, so the worker's schedule can record it.
2026-10-06T11:48:59.5105022Z INFO  [alembic.runtime.migration] Running upgrade 0066 -> 0067, An installed automation runs: its runs, its schedule changes and their ledger entries, and a
2026-10-06T11:48:59.5105381Z place on the worker's schedule.
2026-10-06T11:48:59.5105785Z INFO  [alembic.runtime.migration] Running upgrade 0067 -> 0068, The worker's reads of a connected source get a table, and the schedule a control to run them.
2026-10-06T11:48:59.5106377Z INFO  [alembic.runtime.migration] Running upgrade 0068 -> 0069, The application role is granted the run record it reads, and two item reads its policy withheld.
2026-10-06T11:48:59.5106975Z INFO  [alembic.runtime.migration] Running upgrade 0069 -> 0082, An export of the audit entries a reader may read can be recorded, without a window or a verdict.
2026-10-06T11:48:59.5107575Z INFO  [alembic.runtime.migration] Running upgrade 0082 -> 0083, A decided suspension carries its verdict and reason, and the database writes its approval entry.
2026-10-06T11:48:59.5108413Z INFO  [alembic.runtime.migration] Running upgrade 0083 -> 0086, Departments, teams and scopes are audited: created, renamed, changed by hand and retired.
2026-10-06T11:48:59.5109017Z INFO  [alembic.runtime.migration] Running upgrade 0086 -> 0091, The deployment history: one row per deploy, chained, readable by the Version and updates screen.
2026-10-06T11:48:59.5109613Z INFO  [alembic.runtime.migration] Running upgrade 0091 -> 0093, A connector run's lease is kept with its attempt, and the vault's audit log reaches the ledger.
2026-10-06T11:48:59.5110181Z INFO  [alembic.runtime.migration] Running upgrade 0093 -> 0096, The staff roster the scheduled sync applies, and one row for each of its runs.
2026-10-06T11:48:59.5110829Z INFO  [alembic.runtime.migration] Running upgrade 0096 -> 0095, Service accounts and their keys get tables, and a partner's standing grants stop counting.
2026-10-06T11:48:59.5111415Z INFO  [alembic.runtime.migration] Running upgrade 0095 -> 0095b, Disabling somebody and enabling them again each leave one entry in the audit ledger.
2026-10-06T11:48:59.5112013Z INFO  [alembic.runtime.migration] Running upgrade 0095b -> 0097, The provider registry, the matrix gate's two tables, an agent's model pin, and a derived role.
2026-10-06T11:48:59.5112627Z INFO  [alembic.runtime.migration] Running upgrade 0097 -> 0100, The request row records what the gate's front half decided, and a redelivered message is refused.
2026-10-06T11:48:59.5113205Z INFO  [alembic.runtime.migration] Running upgrade 0100 -> 0101, A request for access is stored and addressed to the person who can decide it.
2026-10-06T11:48:59.5113722Z INFO  [alembic.runtime.migration] Running upgrade 0101 -> 0098, A sensitive read reaches the ledger, and so does every budget version.
2026-10-06T11:48:59.5114245Z INFO  [alembic.runtime.migration] Running upgrade 0098 -> 0099, A person's check of a requirement on this install is kept, one row per check.
2026-10-06T11:48:59.5114774Z INFO  [alembic.runtime.migration] Running upgrade 0099 -> 0102, Who holds a platform role, and a team as the subject of a capability grant.
2026-10-06T11:48:59.5115352Z INFO  [alembic.runtime.migration] Running upgrade 0102 -> 0104, Five decisions nothing recorded now write their ledger entries, and compliance gets two tables.
2026-10-06T11:48:59.5115902Z INFO  [alembic.runtime.migration] Running upgrade 0104 -> 0105, An agent changing owner leaves one entry in the audit ledger.
2026-10-06T11:48:59.5116451Z INFO  [alembic.runtime.migration] Running upgrade 0105 -> 0109, Which directory group confers which role, the sync's ledger entries, and break-glass notices.
2026-10-06T11:48:59.5117044Z INFO  [alembic.runtime.migration] Running upgrade 0109 -> 0108, Provider health rings, chain-depth alerts, and residency constraints attached to a scope.
2026-10-06T11:48:59.5117643Z INFO  [alembic.runtime.migration] Running upgrade 0108 -> 0113, The request row records the whole routing decision: why the lane, and where the model call went.
2026-10-06T11:48:59.5118363Z INFO  [alembic.runtime.migration] Running upgrade 0113 -> 0114, Each channel is its own record on the install, and every delivery in or out is recorded.
2026-10-06T11:48:59.5118942Z INFO  [alembic.runtime.migration] Running upgrade 0114 -> 0115, Every knowledge item records its kind, from a closed list, and the library can say which.
2026-10-06T11:48:59.5119502Z INFO  [alembic.runtime.migration] Running upgrade 0115 -> 0116, A price list held as classified rows: the table, its classification, and its rows.
2026-10-06T11:48:59.5120051Z INFO  [alembic.runtime.migration] Running upgrade 0116 -> 0117, The tool catalogue as the database holds it, and the switch that stops a tool.
2026-10-06T11:48:59.5120617Z INFO  [alembic.runtime.migration] Running upgrade 0117 -> 0121, A skill comes from a commit or an address, an edit is a version, a self-approval says so, and
2026-10-06T11:48:59.5120954Z categories are kept.
2026-10-06T11:48:59.5121351Z INFO  [alembic.runtime.migration] Running upgrade 0121 -> 0120, A stored document is verified, handed over, replaced and published, and each act tells somebody.
2026-10-06T11:48:59.5122041Z INFO  [alembic.runtime.migration] Running upgrade 0120 -> 0133, Install acceptance results get a table, and the acceptance run joins the control-run names.
2026-10-06T11:48:59.5122617Z INFO  [alembic.runtime.migration] Running upgrade 0133 -> 0136, A halt and its resume are rows, so a stop survives the restart that usually follows it.
2026-10-06T11:48:59.5123165Z INFO  [alembic.runtime.migration] Running upgrade 0136 -> 0137, An agent created, enabled, disabled, archived or published reaches the ledger.
2026-10-06T11:48:59.5123810Z INFO  [alembic.runtime.migration] Running upgrade 0137 -> 0118, A person binds a chat account with a one-time code, and every bind and unbind is audited.
2026-10-06T11:48:59.5124396Z INFO  [alembic.runtime.migration] Running upgrade 0118 -> 0138, Each skill a run used is recorded, by digest, with the request, the person, the agent and when.
2026-10-06T11:48:59.5124998Z INFO  [alembic.runtime.migration] Running upgrade 0138 -> 0139, A skill version can be retired and reinstated, and a skill detached from an agent, each as a row.
2026-10-06T11:48:59.5125599Z INFO  [alembic.runtime.migration] Running upgrade 0139 -> 0140, A provider's registry row reaches the ledger, and a routing change may retire or move a step.
2026-10-06T11:48:59.5126221Z INFO  [alembic.runtime.migration] Running upgrade 0140 -> 0141, A pack is versioned and audited, a person's creation is audited, and a scope's label is a rename.
2026-10-06T11:48:59.5126833Z INFO  [alembic.runtime.migration] Running upgrade 0141 -> 0142, A test of one connection is an attempt of its own: `ops.connector_sync.outcome` gains `probed`.
2026-10-06T11:48:59.5127446Z INFO  [alembic.runtime.migration] Running upgrade 0142 -> 0145, An installed automation is paused, resumed, rescheduled, removed and adopted as change rows, each
2026-10-06T11:48:59.5127812Z reaching the ledger from the database.
2026-10-06T11:48:59.5128328Z INFO  [alembic.runtime.migration] Running upgrade 0145 -> 0148, A service account's key revoked, or the account retired, reaches the ledger.
2026-10-06T11:48:59.5128893Z INFO  [alembic.runtime.migration] Running upgrade 0148 -> 0149, An agent's drafts, their revisions and what was done to each, every one of them on the ledger.
2026-10-06T11:48:59.5129486Z INFO  [alembic.runtime.migration] Running upgrade 0149 -> 0146, An access request is marked handled by its owner, and a certification report is an export.
2026-10-06T11:48:59.5130074Z INFO  [alembic.runtime.migration] Running upgrade 0146 -> 0150, A run's trace graph is stored masked behind a role of its own, and a browser session is audited.
2026-10-06T11:48:59.5130667Z INFO  [alembic.runtime.migration] Running upgrade 0150 -> 0157, A connection keeps the declaration it agreed to, and its ledger entries name the digest.
2026-10-06T11:48:59.5131204Z INFO  [alembic.runtime.migration] Running upgrade 0157 -> 0155, A staff sync says what it read, and a trial read is a run of its own.
2026-10-06T11:48:59.5131725Z INFO  [alembic.runtime.migration] Running upgrade 0155 -> 0156, A roster row says where somebody stands and what kind of employment they have.
2026-10-06T11:48:59.5132281Z INFO  [alembic.runtime.migration] Running upgrade 0156 -> 0168, A skill says where an unanswered question goes, and the handoff is kept until it expires.
2026-10-06T11:48:59.5132864Z INFO  [alembic.runtime.migration] Running upgrade 0168 -> 0169, The evening digest joins the control-run names, so the worker can record its scheduled run.
2026-10-06T11:48:59.5133456Z INFO  [alembic.runtime.migration] Running upgrade 0169 -> 0166, A chat binding can keep the person's Lark address beside its fingerprint, as personal data.
2026-10-06T11:48:59.5134037Z INFO  [alembic.runtime.migration] Running upgrade 0166 -> 0172, The autonomy breaker reads when an agent's work was taken over, and nothing else about it.
2026-10-06T11:48:59.5134635Z INFO  [alembic.runtime.migration] Running upgrade 0172 -> 0177, The web process reads which handed-on questions expired, so each asker is told in their own chat.
2026-10-06T11:48:59.5135381Z INFO  [alembic.runtime.migration] Running upgrade 0177 -> 0171, Knowledge can be marked public, and a stranger's read runs as a role that reaches nothing else.
2026-10-06T11:48:59.5135980Z INFO  [alembic.runtime.migration] Running upgrade 0171 -> 0167, A connected source names its steward, and every grant somebody makes to themselves is recorded.
2026-10-06T11:48:59.5136569Z INFO  [alembic.runtime.migration] Running upgrade 0167 -> 0154, A helpful or unhelpful mark on an answer, and a switch that pauses what an agent's runs teach.
2026-10-06T11:48:59.5137270Z INFO  [alembic.runtime.migration] Running upgrade 0154 -> 0179, A retired record is remembered, a returned one serves again, a source has an epoch, a read keeps its place.
2026-10-06T11:48:59.5137885Z INFO  [alembic.runtime.migration] Running upgrade 0179 -> 0178, A stored skill keeps the bytes of every script it carries, and the database checks their sha256.
2026-10-06T11:48:59.5138532Z INFO  [alembic.runtime.migration] Running upgrade 0178 -> 0163, An inference a person says again is confirmed on its own row, and the ledger says when.
2026-10-06T11:48:59.5139116Z INFO  [alembic.runtime.migration] Running upgrade 0163 -> 0162, The fast lane reads an uploaded table's rows as its own role, and that role reads nothing else.
2026-10-06T11:48:59.5139673Z INFO  [alembic.runtime.migration] Running upgrade 0162 -> 0182, Each source record's comparison keys, and the join keys this install blocks.
2026-10-06T11:48:59.5140231Z INFO  [alembic.runtime.migration] Running upgrade 0182 -> 0183, A merge is recorded with who, when, its evidence and its pre-image, and an unmerge is audited.
2026-10-06T11:48:59.5140790Z INFO  [alembic.runtime.migration] Running upgrade 0183 -> 0184, A pair of records the cascade could not settle, kept until a person decides it.
2026-10-06T11:48:59.5141331Z INFO  [alembic.runtime.migration] Running upgrade 0184 -> 0170, A person moved to another department is on the ledger, under whoever moved them.
2026-10-06T11:48:59.5141913Z INFO  [alembic.runtime.migration] Running upgrade 0170 -> 0186, An agent keeps the connectors it is bound to, and three shared entity names become one source's.
2026-10-06T11:48:59.5142493Z INFO  [alembic.runtime.migration] Running upgrade 0186 -> 0187, A Lark Wiki page has a read of its own, and everybody who reads the library is given it.
2026-10-06T11:48:59.5143107Z INFO  [alembic.runtime.migration] Running upgrade 0187 -> 0188, Every agent run is recorded when it ends: who it was for, which agent, why it stopped, its counts.
2026-10-06T11:48:59.5143705Z INFO  [alembic.runtime.migration] Running upgrade 0188 -> 0189, An agent answers only on the channels enabled for it, and a run's two bounds have a column each.
2026-10-06T11:48:59.5144270Z INFO  [alembic.runtime.migration] Running upgrade 0189 -> 0190, An agent's channels switched by its steward or an administrator reach the ledger.
2026-10-06T11:48:59.5144826Z INFO  [alembic.runtime.migration] Running upgrade 0190 -> 0201, The worker finds approved actions that have not run, and nothing else about them.
2026-10-06T11:48:59.5145407Z INFO  [alembic.runtime.migration] Running upgrade 0201 -> 0202, A consent a person starts at a vendor is held here until the vendor answers, once, for them alone.
2026-10-06T11:48:59.5146002Z INFO  [alembic.runtime.migration] Running upgrade 0202 -> 0203, A connector for a new API is a reviewed row, and every submission and decision is on the ledger.
2026-10-06T11:48:59.5146582Z INFO  [alembic.runtime.migration] Running upgrade 0203 -> 0191, A skill version's export and a rehearsal of its examples are each a row, with a ledger entry.
2026-10-06T11:48:59.5147173Z INFO  [alembic.runtime.migration] Running upgrade 0191 -> 0192, An answer in a thread names the agent that gave it, the request it answered and how it ended.
2026-10-06T11:48:59.5147760Z INFO  [alembic.runtime.migration] Running upgrade 0192 -> 0193, A retrieval a person was answered from is logged for the learning signal, and nothing else of it.
2026-10-06T11:48:59.5148617Z INFO  [alembic.runtime.migration] Running upgrade 0193 -> 0194, An artifact names the client it was produced for and the grants it drew on, and is superseded
2026-10-06T11:48:59.5148973Z or archived as a row of its own.
2026-10-06T11:48:59.5149376Z INFO  [alembic.runtime.migration] Running upgrade 0194 -> 0195, An agent's rungs move on the install, with their evidence, and its supervision is reviewed.
2026-10-06T11:48:59.5149946Z INFO  [alembic.runtime.migration] Running upgrade 0195 -> 0196, A tool or a connector is attached to an agent, or detached, and each reaches the ledger.
2026-10-06T11:48:59.5150595Z INFO  [alembic.runtime.migration] Running upgrade 0196 -> 0197, The learning signal's log: what was noticed about each answer, by id and never in words.
2026-10-06T11:48:59.5151179Z INFO  [alembic.runtime.migration] Running upgrade 0197 -> 0198, A correction carrying the right answer is held as a candidate, and decided as a new version is.
2026-10-06T11:48:59.5151762Z INFO  [alembic.runtime.migration] Running upgrade 0198 -> 0199, A fast-lane rule may belong to a department, and a rule is written in its writer's name.
2026-10-06T11:48:59.5152333Z INFO  [alembic.runtime.migration] Running upgrade 0199 -> 0206, A learned fast-lane rule is held until people promote it, and every question it would have
2026-10-06T11:48:59.5152682Z answered is counted (M39.4.2.3).
2026-10-06T11:48:59.5153091Z INFO  [alembic.runtime.migration] Running upgrade 0206 -> 0200, A person's History reads which grants were theirs, removed ones included, through one function.
2026-10-06T11:48:59.5153691Z INFO  [alembic.runtime.migration] Running upgrade 0200 -> 0207, A person's export of their own conversation is recorded as an export, as every other one is.
2026-10-06T11:48:59.5154284Z INFO  [alembic.runtime.migration] Running upgrade 0207 -> 0204, An agent moved to a newer template version, and a version somebody turned away, reach the ledger.
2026-10-06T11:48:59.5154861Z INFO  [alembic.runtime.migration] Running upgrade 0204 -> 0205, The conversations the bot is in, and an agent installed into one of them, on the ledger.
2026-10-06T11:48:59.5155395Z INFO  [alembic.runtime.migration] Running upgrade 0205 -> 0208, A person proposed for a role, kept until somebody else decides it.
2026-10-06T11:48:59.5155950Z INFO  [alembic.runtime.migration] Running upgrade 0208 -> 0209, An approved elevation is also an entry in a second chain of its own, anchored on its own.
2026-10-06T11:48:59.5156547Z INFO  [alembic.runtime.migration] Running upgrade 0209 -> 0210, A webhook subscriber can be switched back on and an exhausted delivery replayed once, recorded.
2026-10-06T11:49:06.5734952Z INFO  [alembic.runtime.migration] Running upgrade 0210 -> 0211, Every budget that was used up, and whether the install stopped it or only said it would have.
2026-10-06T11:49:06.5735701Z =============================== warnings summary ===============================
2026-10-06T11:49:06.5736136Z .venv/lib/python3.13/site-packages/starlette/testclient.py:53
2026-10-06T11:49:06.5737072Z   /home/runner/work/Verz-OS-v2.0/Verz-OS-v2.0/.venv/lib/python3.13/site-packages/starlette/testclient.py:53: DeprecationWarning: The anyio.abc.BlockingPortal alias is deprecated, use anyio.from_thread.BlockingPortal instead.
2026-10-06T11:49:06.5737639Z     _PortalFactoryType = Callable[[], AbstractContextManager[anyio.abc.BlockingPortal]]
2026-10-06T11:49:06.5737835Z 
2026-10-06T11:49:06.5738153Z tests/unit/test_acceptance_attachments.py: 8 warnings
2026-10-06T11:49:06.5738442Z tests/unit/test_acceptance_binding.py: 6 warnings
2026-10-06T11:49:06.5738668Z tests/unit/test_acceptance_channels.py: 48 warnings
2026-10-06T11:49:06.5738908Z tests/unit/test_acceptance_people_console.py: 2 warnings
2026-10-06T11:49:06.5739160Z tests/unit/test_acceptance_promotion.py: 14 warnings
2026-10-06T11:49:06.5739392Z tests/unit/test_acceptance_review.py: 20 warnings
2026-10-06T11:49:06.5739614Z tests/unit/test_acceptance_search_console.py: 14 warnings
2026-10-06T11:49:06.5739830Z tests/unit/test_acceptance_skills.py: 4 warnings
2026-10-06T11:49:06.5740402Z tests/unit/test_acceptance_slack.py: 10 warnings
2026-10-06T11:49:06.5740636Z tests/unit/test_administration_reconciliation.py: 13 warnings
2026-10-06T11:49:06.5740859Z tests/unit/test_agent_draft_store.py: 12 warnings
2026-10-06T11:49:06.5741057Z tests/unit/test_api_routes.py: 39 warnings
2026-10-06T11:49:06.5741241Z tests/unit/test_app_wiring.py: 6 warnings
2026-10-06T11:49:06.5741432Z tests/unit/test_artifact_routes.py: 5 warnings
2026-10-06T11:49:06.5741633Z tests/unit/test_break_glass_notice.py: 4 warnings
2026-10-06T11:49:06.5741956Z tests/unit/test_budget_stop_store.py: 4 warnings
2026-10-06T11:49:06.5742152Z tests/unit/test_budget_store.py: 10 warnings
2026-10-06T11:49:06.5742338Z tests/unit/test_canary_run.py: 16 warnings
2026-10-06T11:49:06.5742562Z tests/unit/test_console_overview_figures_routes.py: 20 warnings
2026-10-06T11:49:06.5742788Z tests/unit/test_credential_routes.py: 17 warnings
2026-10-06T11:49:06.5742991Z tests/unit/test_data_export_store.py: 10 warnings
2026-10-06T11:49:06.5743192Z tests/unit/test_decision_entries.py: 16 warnings
2026-10-06T11:49:06.5743392Z tests/unit/test_erasure_routes.py: 11 warnings
2026-10-06T11:49:06.5743581Z tests/unit/test_error_routes.py: 8 warnings
2026-10-06T11:49:06.5743769Z tests/unit/test_features.py: 9 warnings
2026-10-06T11:49:06.5743970Z tests/unit/test_govern_people_routes.py: 35 warnings
2026-10-06T11:49:06.5744176Z tests/unit/test_install_settings.py: 14 warnings
2026-10-06T11:49:06.5744363Z tests/unit/test_item_store.py: 122 warnings
2026-10-06T11:49:06.5744555Z tests/unit/test_limits_screen.py: 8 warnings
2026-10-06T11:49:06.5744742Z tests/unit/test_log_routes.py: 21 warnings
2026-10-06T11:49:06.5744929Z tests/unit/test_matching_store.py: 20 warnings
2026-10-06T11:49:06.5745121Z tests/unit/test_merge_store.py: 2 warnings
2026-10-06T11:49:06.5745306Z tests/unit/test_migration_0187.py: 8 warnings
2026-10-06T11:49:06.5745530Z tests/unit/test_organisation_store.py: 6 warnings
2026-10-06T11:49:06.5745729Z tests/unit/test_outbox_store.py: 10 warnings
2026-10-06T11:49:06.5745932Z tests/unit/test_public_knowledge_db.py: 10 warnings
2026-10-06T11:49:06.5746134Z tests/unit/test_retention_audit.py: 6 warnings
2026-10-06T11:49:06.5746337Z tests/unit/test_reviewed_connectors.py: 2 warnings
2026-10-06T11:49:06.5746540Z tests/unit/test_service_accounts.py: 7 warnings
2026-10-06T11:49:06.5746744Z tests/unit/test_settings_routes.py: 24 warnings
2026-10-06T11:49:06.5746946Z tests/unit/test_staff_accounts_run.py: 6 warnings
2026-10-06T11:49:06.5747161Z tests/unit/test_stewardship_routes_db.py: 4 warnings
2026-10-06T11:49:06.5747363Z tests/unit/test_takeover_store.py: 42 warnings
2026-10-06T11:49:06.5747552Z tests/unit/test_thread_runs.py: 18 warnings
2026-10-06T11:49:06.5747737Z tests/unit/test_trace_routes.py: 4 warnings
2026-10-06T11:49:06.5747928Z tests/unit/test_upload_admission.py: 8 warnings
2026-10-06T11:49:06.5748205Z tests/unit/test_webhook_store.py: 6 warnings
2026-10-06T11:49:06.5748869Z   /home/runner/work/Verz-OS-v2.0/Verz-OS-v2.0/.venv/lib/python3.13/site-packages/alembic/config.py:604: DeprecationWarning: No path_separator found in configuration; falling back to legacy splitting on spaces, commas, and colons for prepend_sys_path.  Consider adding path_separator=os to Alembic config.
2026-10-06T11:49:06.5749465Z     util.warn_deprecated(
2026-10-06T11:49:06.5749554Z 
2026-10-06T11:49:06.5749794Z tests/unit/test_ldap_directory.py::test_a_declined_starttls_refuses_before_the_account_is_sent
2026-10-06T11:49:06.5750293Z   /home/runner/work/Verz-OS-v2.0/Verz-OS-v2.0/.venv/lib/python3.13/site-packages/ldap3/utils/asn1.py:50: DeprecationWarning: tagMap is deprecated. Please use TAG_MAP instead.
2026-10-06T11:49:06.5750741Z     from pyasn1.codec.ber.encoder import tagMap, typeMap, AbstractItemEncoder
2026-10-06T11:49:06.5750905Z 
2026-10-06T11:49:06.5751089Z tests/unit/test_ldap_directory.py::test_a_declined_starttls_refuses_before_the_account_is_sent
2026-10-06T11:49:06.5751680Z   /home/runner/work/Verz-OS-v2.0/Verz-OS-v2.0/.venv/lib/python3.13/site-packages/ldap3/utils/asn1.py:50: DeprecationWarning: typeMap is deprecated. Please use TYPE_MAP instead.
2026-10-06T11:49:06.5752121Z     from pyasn1.codec.ber.encoder import tagMap, typeMap, AbstractItemEncoder
2026-10-06T11:49:06.5752280Z 
2026-10-06T11:49:06.5752434Z -- Docs: https://docs.pytest.org/en/stable/how-to/capture-warnings.html
2026-10-06T11:49:06.5752709Z =========================== short test summary info ============================
2026-10-06T11:49:06.5753446Z FAILED tests/unit/test_budget_stop_store.py::test_on_postgres_a_used_up_budget_is_said_once_while_off_and_stops_once_switched_on - sqlalchemy.exc.IntegrityError: (psycopg.errors.CheckViolation) new row for relation "audit_entry" violates check constraint "ck_audit_entry_ent_hash_shape"
2026-10-06T11:49:06.5754128Z CONTEXT:  SQL statement "MERGE INTO obs.audit_entry AS t
2026-10-06T11:49:06.5754324Z         USING (SELECT v_seq AS seq) AS s
2026-10-06T11:49:06.5754476Z            ON t.seq = s.seq
2026-10-06T11:49:06.5754617Z         WHEN NOT MATCHED THEN
2026-10-06T11:49:06.5754818Z             INSERT (seq, at, actor_id, action, subject, ent_hash, trace_id,
2026-10-06T11:49:06.5755034Z                     details, prev_hash, entry_hash)
2026-10-06T11:49:06.5755238Z             VALUES (v_seq, v_at, v_actor, 'setting', v_subject,
2026-10-06T11:49:06.5755454Z                     v_ent_hash, v_trace, v_details, v_prev, v_entry)"
2026-10-06T11:49:06.5755715Z PL/pgSQL function ops.record_budget_version() line 38 at SQL statement
2026-10-06T11:49:06.5756756Z [SQL: INSERT INTO ops.budget_version (level, subject, period, ceiling_minor, version, author, effective_from, reason, alert_fractions) VALUES (%(level)s::VARCHAR, %(subject)s::VARCHAR, %(period)s::VARCHAR, %(ceiling_minor)s::BIGINT, %(version)s::INTEGER, %(author)s::VARCHAR, %(effective_from)s::TIMESTAMP WITH TIME ZONE, %(reason)s::VARCHAR, %(alert_fractions)s::DOUBLE PRECISION[]) RETURNING ops.budget_version.id, ops.budget_version.recorded_at]
2026-10-06T11:49:06.5758100Z [parameters: {'level': 'department', 'subject': 'finance', 'period': 'month', 'ceiling_minor': 1000, 'version': 1, 'author': 'u_setter', 'effective_from': datetime.datetime(2025, 9, 1, 11, 44, 18, 571837, tzinfo=datetime.timezone.utc), 'reason': "the test's ceiling", 'alert_fractions': []}]
2026-10-06T11:49:06.5758680Z (Background on this error at: https://sqlalche.me/e/20/gkpj)
2026-10-06T11:49:06.5759370Z FAILED tests/unit/test_budget_stop_store.py::test_on_postgres_a_budget_with_room_left_answers_and_records_nothing - sqlalchemy.exc.IntegrityError: (psycopg.errors.CheckViolation) new row for relation "audit_entry" violates check constraint "ck_audit_entry_ent_hash_shape"
2026-10-06T11:49:06.5759952Z CONTEXT:  SQL statement "MERGE INTO obs.audit_entry AS t
2026-10-06T11:49:06.5760145Z         USING (SELECT v_seq AS seq) AS s
2026-10-06T11:49:06.5760297Z            ON t.seq = s.seq
2026-10-06T11:49:06.5760433Z         WHEN NOT MATCHED THEN
2026-10-06T11:49:06.5760633Z             INSERT (seq, at, actor_id, action, subject, ent_hash, trace_id,
2026-10-06T11:49:06.5760848Z                     details, prev_hash, entry_hash)
2026-10-06T11:49:06.5761047Z             VALUES (v_seq, v_at, v_actor, 'setting', v_subject,
2026-10-06T11:49:06.5761262Z                     v_ent_hash, v_trace, v_details, v_prev, v_entry)"
2026-10-06T11:49:06.5761518Z PL/pgSQL function ops.record_budget_version() line 38 at SQL statement
2026-10-06T11:49:06.5762543Z [SQL: INSERT INTO ops.budget_version (level, subject, period, ceiling_minor, version, author, effective_from, reason, alert_fractions) VALUES (%(level)s::VARCHAR, %(subject)s::VARCHAR, %(period)s::VARCHAR, %(ceiling_minor)s::BIGINT, %(version)s::INTEGER, %(author)s::VARCHAR, %(effective_from)s::TIMESTAMP WITH TIME ZONE, %(reason)s::VARCHAR, %(alert_fractions)s::DOUBLE PRECISION[]) RETURNING ops.budget_version.id, ops.budget_version.recorded_at]
2026-10-06T11:49:06.5763883Z [parameters: {'level': 'department', 'subject': 'finance', 'period': 'month', 'ceiling_minor': 1000, 'version': 1, 'author': 'u_setter', 'effective_from': datetime.datetime(2025, 9, 1, 11, 44, 20, 465036, tzinfo=datetime.timezone.utc), 'reason': "the test's ceiling", 'alert_fractions': []}]
2026-10-06T11:49:06.5764455Z (Background on this error at: https://sqlalche.me/e/20/gkpj)
2026-10-06T11:49:06.5764705Z 2 failed, 3157 passed, 712 warnings in 538.28s (0:08:58)
2026-10-06T11:49:17.8643741Z ##[error]Process completed with exit code 1.
2026-10-06T11:49:17.8704205Z ##[group]Run actions/upload-artifact@v4
2026-10-06T11:49:17.8704374Z with:
2026-10-06T11:49:17.8704667Z   name: junit-shard-1
2026-10-06T11:49:17.8704837Z   path: /home/runner/work/Verz-OS-v2.0/Verz-OS-v2.0/junit
2026-10-06T11:49:17.8705027Z   if-no-files-found: ignore
2026-10-06T11:49:17.8705163Z   overwrite: true
2026-10-06T11:49:17.8705279Z   retention-days: 7
2026-10-06T11:49:17.8705401Z   compression-level: 6
2026-10-06T11:49:17.8705535Z   include-hidden-files: false
2026-10-06T11:49:17.8705671Z env:
2026-10-06T11:49:17.8705777Z   UV_VERSION: 0.12.9
2026-10-06T11:49:17.8706140Z   DATABASE_URL: ***localhost:5432/brain_test
2026-10-06T11:49:17.8706372Z   COVERAGE_FILE: /home/runner/work/Verz-OS-v2.0/Verz-OS-v2.0/coverage-shard-1
2026-10-06T11:49:17.8706614Z   UV_CACHE_DIR: /home/runner/work/_temp/setup-uv-cache
2026-10-06T11:49:17.8706788Z ##[endgroup]
2026-10-06T11:49:17.9881473Z (node:17368) [DEP0040] DeprecationWarning: The `punycode` module is deprecated. Please use a userland alternative instead.
2026-10-06T11:49:17.9882192Z (Use `node --trace-deprecation ...` to show where the warning was created)
2026-10-06T11:49:17.9919652Z With the provided path, there will be 1 file uploaded
2026-10-06T11:49:18.2316706Z Artifact name is valid!
2026-10-06T11:49:18.2317096Z Root directory input is valid!
2026-10-06T11:49:18.4353894Z Beginning upload of artifact content to blob storage
2026-10-06T11:49:18.4536473Z (node:17368) [DEP0169] DeprecationWarning: `url.parse()` behavior is not standardized and prone to errors that have security implications. Use the WHATWG URL API instead. CVEs are not issued for `url.parse()` vulnerabilities.
2026-10-06T11:49:18.7885375Z Uploaded bytes 70986
2026-10-06T11:49:18.8495595Z Finished uploading artifact content to blob storage!
2026-10-06T11:49:18.8496090Z SHA256 digest of uploaded artifact zip is 5404b5506edc1b5fd09797cebf9e9b6c21e886ab5fd073ff416d3b7967d409c0
2026-10-06T11:49:18.8496397Z Finalizing artifact upload
2026-10-06T11:49:19.1165675Z Artifact junit-shard-1.zip successfully finalized. Artifact ID 11410972644
2026-10-06T11:49:19.1166394Z Artifact junit-shard-1 has been successfully uploaded! Final size is 70986 bytes. Artifact ID is 11410972644
2026-10-06T11:49:19.1171100Z Artifact download URL: https://github.com/rpsj2230/Verz-OS-v2.0/actions/runs/37457802338/artifacts/11410972644
2026-10-06T11:49:19.1322508Z Post job cleanup.
2026-10-06T11:49:19.1920853Z [command]/usr/bin/git version
2026-10-06T11:49:19.1955164Z git version 2.55.0
2026-10-06T11:49:19.1981134Z Temporarily overriding HOME='/home/runner/work/_temp/e9bc2b2e-eeae-4f82-b1e8-30e75f667edd' before making global git config changes
2026-10-06T11:49:19.1981914Z Adding repository directory to the temporary git global config as a safe directory
2026-10-06T11:49:19.1986065Z [command]/usr/bin/git config --global --add safe.directory /home/runner/work/Verz-OS-v2.0/Verz-OS-v2.0
2026-10-06T11:49:19.2022907Z [command]/usr/bin/git config --local --name-only --get-regexp core\.sshCommand
2026-10-06T11:49:19.2051569Z [command]/usr/bin/git submodule foreach --recursive sh -c "git config --local --name-only --get-regexp 'core\.sshCommand' && git config --local --unset-all 'core.sshCommand' || :"
2026-10-06T11:49:19.2259584Z [command]/usr/bin/git config --local --name-only --get-regexp http\.https\:\/\/github\.com\/\.extraheader
2026-10-06T11:49:19.2291066Z http.https://github.com/.extraheader
2026-10-06T11:49:19.2311358Z [command]/usr/bin/git config --local --unset-all http.https://github.com/.extraheader
2026-10-06T11:49:19.2341372Z [command]/usr/bin/git submodule foreach --recursive sh -c "git config --local --name-only --get-regexp 'http\.https\:\/\/github\.com\/\.extraheader' && git config --local --unset-all 'http.https://github.com/.extraheader' || :"
2026-10-06T11:49:19.2543381Z [command]/usr/bin/git config --local --name-only --get-regexp ^includeIf\.gitdir:
2026-10-06T11:49:19.2575448Z [command]/usr/bin/git submodule foreach --recursive git config --local --show-origin --name-only --get-regexp remote.origin.url
2026-10-06T11:49:19.2852930Z Print service container logs: 1367f188937942bc945bcbd52bc232f3_pgvectorpgvectorpg18_eb58aa
2026-10-06T11:49:19.2855839Z ##[command]/usr/bin/docker logs --details 3c68478695679388beecbc8bed1945fe77c76131257615e7417b28ab675f30d7
2026-10-06T11:49:19.2955571Z  The files belonging to this database system will be owned by user "postgres".
2026-10-06T11:49:19.2959900Z  initdb: warning: enabling "trust" authentication for local connections
2026-10-06T11:49:19.2960360Z  This user must also own the server process.
2026-10-06T11:49:19.2961014Z  
2026-10-06T11:49:19.2961750Z  The database cluster will be initialized with locale "en_US.utf8".
2026-10-06T11:49:19.2962506Z  The default database encoding has accordingly been set to "UTF8".
2026-10-06T11:49:19.2963122Z  The default text search configuration will be set to "english".
2026-10-06T11:49:19.2963684Z  
2026-10-06T11:49:19.2964067Z  Data page checksums are enabled.
2026-10-06T11:49:19.2964547Z  
2026-10-06T11:49:19.2965130Z  fixing permissions on existing directory /var/lib/postgresql/18/docker ... ok
2026-10-06T11:49:19.2965722Z  creating subdirectories ... ok
2026-10-06T11:49:19.2966172Z  selecting dynamic shared memory implementation ... posix
2026-10-06T11:49:19.2966910Z  initdb: hint: You can change this by editing pg_hba.conf or using the option -A, or --auth-local and --auth-host, the next time you run initdb.
2026-10-06T11:49:19.2967892Z  2026-10-06 11:39:42.490 UTC [1] LOG:  starting PostgreSQL 18.6 (Debian 18.6-1.pgdg12+2) on x86_64-pc-linux-gnu, compiled by gcc (Debian 12.2.0-14+deb12u1) 12.2.0, 64-bit
2026-10-06T11:49:19.2968698Z  2026-10-06 11:39:42.490 UTC [1] LOG:  listening on IPv4 address "0.0.0.0", port 5432
2026-10-06T11:49:19.2969142Z  2026-10-06 11:39:42.490 UTC [1] LOG:  listening on IPv6 address "::", port 5432
2026-10-06T11:49:19.2969637Z  2026-10-06 11:39:42.491 UTC [1] LOG:  listening on Unix socket "/var/run/postgresql/.s.PGSQL.5432"
2026-10-06T11:49:19.2970143Z  2026-10-06 11:39:42.494 UTC [75] LOG:  database system was shut down at 2026-10-06 11:39:42 UTC
2026-10-06T11:49:19.2970627Z  2026-10-06 11:39:42.497 UTC [1] LOG:  database system is ready to accept connections
2026-10-06T11:49:19.2971075Z  2026-10-06 11:39:46.476 UTC [86] FATAL:  role "root" does not exist
2026-10-06T11:49:19.2971474Z  2026-10-06 11:39:51.516 UTC [94] FATAL:  role "root" does not exist
2026-10-06T11:49:19.2971839Z  2026-10-06 11:39:56.557 UTC [102] FATAL:  role "root" does not exist
2026-10-06T11:49:19.2972313Z  2026-10-06 11:40:01.602 UTC [110] FATAL:  role "root" does not exist
2026-10-06T11:49:19.2972974Z  2026-10-06 11:40:06.654 UTC [118] FATAL:  role "root" does not exist
2026-10-06T11:49:19.2973546Z  2026-10-06 11:40:11.695 UTC [126] FATAL:  role "root" does not exist
2026-10-06T11:49:19.2974022Z  2026-10-06 11:40:16.738 UTC [135] FATAL:  role "root" does not exist
2026-10-06T11:49:19.2974578Z  2026-10-06 11:40:21.784 UTC [143] FATAL:  role "root" does not exist
2026-10-06T11:49:19.2975039Z  2026-10-06 11:40:26.828 UTC [151] FATAL:  role "root" does not exist
2026-10-06T11:49:19.2993356Z  2026-10-06 11:40:31.871 UTC [158] FATAL:  role "root" does not exist
2026-10-06T11:49:19.2993714Z  2026-10-06 11:40:36.918 UTC [166] FATAL:  role "root" does not exist
2026-10-06T11:49:19.2994046Z  2026-10-06 11:40:41.962 UTC [174] FATAL:  role "root" does not exist
2026-10-06T11:49:19.2994370Z  2026-10-06 11:40:47.006 UTC [182] FATAL:  role "root" does not exist
2026-10-06T11:49:19.2994777Z  2026-10-06 11:40:52.052 UTC [190] FATAL:  role "root" does not exist
2026-10-06T11:49:19.2995106Z  2026-10-06 11:40:57.094 UTC [198] FATAL:  role "root" does not exist
2026-10-06T11:49:19.2995436Z  2026-10-06 11:41:02.137 UTC [206] FATAL:  role "root" does not exist
2026-10-06T11:49:19.2995965Z  2026-10-06 11:41:05.707 UTC [73] LOG:  checkpoint starting: immediate force wait
2026-10-06T11:49:19.2996943Z  2026-10-06 11:41:05.711 UTC [73] LOG:  checkpoint complete: wrote 64 buffers (0.4%), wrote 3 SLRU buffers; 0 WAL file(s) added, 0 removed, 1 recycled; write=0.002 s, sync=0.001 s, total=0.004 s; sync files=28, longest=0.001 s, average=0.001 s; distance=13390 kB, estimate=13390 kB; lsn=0/28A8910, redo lsn=0/28A88B8
2026-10-06T11:49:19.2997683Z  2026-10-06 11:41:07.079 UTC [73] LOG:  checkpoint starting: immediate force wait
2026-10-06T11:49:19.2998465Z  2026-10-06 11:41:07.081 UTC [73] LOG:  checkpoint complete: wrote 18 buffers (0.1%), wrote 2 SLRU buffers; 0 WAL file(s) added, 0 removed, 1 recycled; write=0.001 s, sync=0.001 s, total=0.003 s; sync files=8, longest=0.001 s, average=0.001 s; distance=13087 kB, estimate=13360 kB; lsn=0/35708C0, redo lsn=0/3570868
2026-10-06T11:49:19.2999057Z  2026-10-06 11:41:07.184 UTC [444] FATAL:  role "root" does not exist
2026-10-06T11:49:19.2999310Z  2026-10-06 11:41:08.394 UTC [73] LOG:  checkpoint starting: immediate force wait
2026-10-06T11:49:19.2999895Z  2026-10-06 11:41:08.397 UTC [73] LOG:  checkpoint complete: wrote 20 buffers (0.1%), wrote 2 SLRU buffers; 0 WAL file(s) added, 0 removed, 1 recycled; write=0.001 s, sync=0.001 s, total=0.004 s; sync files=7, longest=0.001 s, average=0.001 s; distance=13073 kB, estimate=13331 kB; lsn=0/4234D38, redo lsn=0/4234CE0
2026-10-06T11:49:19.3000500Z  2026-10-06 11:41:09.759 UTC [73] LOG:  checkpoint starting: immediate force wait
2026-10-06T11:49:19.3001078Z  2026-10-06 11:41:09.762 UTC [73] LOG:  checkpoint complete: wrote 16 buffers (0.1%), wrote 2 SLRU buffers; 0 WAL file(s) added, 0 removed, 0 recycled; write=0.001 s, sync=0.001 s, total=0.004 s; sync files=7, longest=0.001 s, average=0.001 s; distance=13069 kB, estimate=13305 kB; lsn=0/4EF83E8, redo lsn=0/4EF8390
2026-10-06T11:49:19.3001652Z  2026-10-06 11:41:12.179 UTC [73] LOG:  checkpoint starting: immediate force wait
2026-10-06T11:49:19.3002226Z  2026-10-06 11:41:12.182 UTC [73] LOG:  checkpoint complete: wrote 20 buffers (0.1%), wrote 2 SLRU buffers; 0 WAL file(s) added, 0 removed, 1 recycled; write=0.001 s, sync=0.001 s, total=0.004 s; sync files=7, longest=0.001 s, average=0.001 s; distance=13078 kB, estimate=13282 kB; lsn=0/5BBDFB8, redo lsn=0/5BBDF60
2026-10-06T11:49:19.3002800Z  2026-10-06 11:41:12.232 UTC [686] FATAL:  role "root" does not exist
2026-10-06T11:49:19.3003040Z  2026-10-06 11:41:13.606 UTC [73] LOG:  checkpoint starting: immediate force wait
2026-10-06T11:49:19.3003259Z  selecting default "max_connections" ... 100
2026-10-06T11:49:19.3003441Z  selecting default "shared_buffers" ... 128MB
2026-10-06T11:49:19.3003611Z  selecting default time zone ... Etc/UTC
2026-10-06T11:49:19.3003782Z  creating configuration files ... ok
2026-10-06T11:49:19.3003944Z  running bootstrap script ... ok
2026-10-06T11:49:19.3004126Z  performing post-bootstrap initialization ... ok
2026-10-06T11:49:19.3004307Z  syncing data to disk ... ok
2026-10-06T11:49:19.3004444Z  
2026-10-06T11:49:19.3004550Z  
2026-10-06T11:49:19.3004689Z  Success. You can now start the database server using:
2026-10-06T11:49:19.3004865Z  
2026-10-06T11:49:19.3005015Z      pg_ctl -D /var/lib/postgresql/18/docker -l logfile start
2026-10-06T11:49:19.3005199Z  
2026-10-06T11:49:19.3005561Z  waiting for server to start....2026-10-06 11:39:42.197 UTC [53] LOG:  starting PostgreSQL 18.6 (Debian 18.6-1.pgdg12+2) on x86_64-pc-linux-gnu, compiled by gcc (Debian 12.2.0-14+deb12u1) 12.2.0, 64-bit
2026-10-06T11:49:19.3006035Z  2026-10-06 11:39:42.197 UTC [53] LOG:  listening on Unix socket "/var/run/postgresql/.s.PGSQL.5432"
2026-10-06T11:49:19.3006341Z  2026-10-06 11:39:42.200 UTC [59] LOG:  database system was shut down at 2026-10-06 11:39:41 UTC
2026-10-06T11:49:19.3006623Z  2026-10-06 11:39:42.203 UTC [53] LOG:  database system is ready to accept connections
2026-10-06T11:49:19.3006828Z   done
2026-10-06T11:49:19.3006944Z  server started
2026-10-06T11:49:19.3007064Z  CREATE DATABASE
2026-10-06T11:49:19.3007185Z  
2026-10-06T11:49:19.3007283Z  
2026-10-06T11:49:19.3007469Z  /usr/local/bin/docker-entrypoint.sh: ignoring /docker-entrypoint-initdb.d/*
2026-10-06T11:49:19.3007686Z  
2026-10-06T11:49:19.3008200Z  waiting for server to shut down....2026-10-06 11:39:42.372 UTC [53] LOG:  received fast shutdown request
2026-10-06T11:49:19.3008491Z  2026-10-06 11:39:42.373 UTC [53] LOG:  aborting any active transactions
2026-10-06T11:49:19.3008890Z  2026-10-06 11:39:42.374 UTC [53] LOG:  background worker "logical replication launcher" (PID 62) exited with exit code 1
2026-10-06T11:49:19.3009184Z  2026-10-06 11:39:42.375 UTC [57] LOG:  shutting down
2026-10-06T11:49:19.3009413Z  2026-10-06 11:39:42.376 UTC [57] LOG:  checkpoint starting: shutdown immediate
2026-10-06T11:49:19.3010001Z  2026-10-06 11:39:42.442 UTC [57] LOG:  checkpoint complete: wrote 941 buffers (5.7%), wrote 3 SLRU buffers; 0 WAL file(s) added, 0 removed, 0 recycled; write=0.055 s, sync=0.010 s, total=0.067 s; sync files=303, longest=0.010 s, average=0.001 s; distance=4334 kB, estimate=4334 kB; lsn=0/1B94F70, redo lsn=0/1B94F70
2026-10-06T11:49:19.3010574Z  2026-10-06 11:39:42.469 UTC [53] LOG:  database system is shut down
2026-10-06T11:49:19.3010753Z   done
2026-10-06T11:49:19.3010864Z  server stopped
2026-10-06T11:49:19.3010989Z  
2026-10-06T11:49:19.3011128Z  PostgreSQL init process complete; ready for start up.
2026-10-06T11:49:19.3011304Z  
2026-10-06T11:49:19.3011890Z  2026-10-06 11:41:13.611 UTC [73] LOG:  checkpoint complete: wrote 68 buffers (0.4%), wrote 2 SLRU buffers; 0 WAL file(s) added, 0 removed, 1 recycled; write=0.003 s, sync=0.001 s, total=0.006 s; sync files=14, longest=0.001 s, average=0.001 s; distance=13396 kB, estimate=13396 kB; lsn=0/68D32F8, redo lsn=0/68D32A0
2026-10-06T11:49:19.3012473Z  2026-10-06 11:41:14.981 UTC [73] LOG:  checkpoint starting: immediate force wait
2026-10-06T11:49:19.3013048Z  2026-10-06 11:41:14.984 UTC [73] LOG:  checkpoint complete: wrote 20 buffers (0.1%), wrote 2 SLRU buffers; 0 WAL file(s) added, 0 removed, 1 recycled; write=0.001 s, sync=0.001 s, total=0.003 s; sync files=9, longest=0.001 s, average=0.001 s; distance=13088 kB, estimate=13365 kB; lsn=0/759B498, redo lsn=0/759B440
2026-10-06T11:49:19.3013612Z  2026-10-06 11:41:17.279 UTC [922] FATAL:  role "root" does not exist
2026-10-06T11:49:19.3013846Z  2026-10-06 11:41:17.328 UTC [73] LOG:  checkpoint starting: immediate force wait
2026-10-06T11:49:19.3014423Z  2026-10-06 11:41:17.331 UTC [73] LOG:  checkpoint complete: wrote 21 buffers (0.1%), wrote 2 SLRU buffers; 0 WAL file(s) added, 0 removed, 1 recycled; write=0.001 s, sync=0.001 s, total=0.003 s; sync files=9, longest=0.001 s, average=0.001 s; distance=13057 kB, estimate=13335 kB; lsn=0/825B9E0, redo lsn=0/825B988
2026-10-06T11:49:19.3014994Z  2026-10-06 11:41:19.567 UTC [73] LOG:  checkpoint starting: immediate force wait
2026-10-06T11:49:19.3015563Z  2026-10-06 11:41:19.580 UTC [73] LOG:  checkpoint complete: wrote 23 buffers (0.1%), wrote 2 SLRU buffers; 0 WAL file(s) added, 0 removed, 0 recycled; write=0.001 s, sync=0.001 s, total=0.014 s; sync files=9, longest=0.001 s, average=0.001 s; distance=13077 kB, estimate=13309 kB; lsn=0/8F21008, redo lsn=0/8F20FB0
2026-10-06T11:49:19.3016136Z  2026-10-06 11:41:20.794 UTC [73] LOG:  checkpoint starting: immediate force wait
2026-10-06T11:49:19.3016706Z  2026-10-06 11:41:20.797 UTC [73] LOG:  checkpoint complete: wrote 22 buffers (0.1%), wrote 2 SLRU buffers; 0 WAL file(s) added, 0 removed, 1 recycled; write=0.001 s, sync=0.001 s, total=0.003 s; sync files=8, longest=0.001 s, average=0.001 s; distance=13080 kB, estimate=13286 kB; lsn=0/9BE7160, redo lsn=0/9BE7108
2026-10-06T11:49:19.3017275Z  2026-10-06 11:41:22.051 UTC [73] LOG:  checkpoint starting: immediate force wait
2026-10-06T11:49:19.3017845Z  2026-10-06 11:41:22.054 UTC [73] LOG:  checkpoint complete: wrote 27 buffers (0.2%), wrote 2 SLRU buffers; 0 WAL file(s) added, 0 removed, 1 recycled; write=0.001 s, sync=0.001 s, total=0.004 s; sync files=8, longest=0.001 s, average=0.001 s; distance=13109 kB, estimate=13268 kB; lsn=0/A8B48E0, redo lsn=0/A8B4888
2026-10-06T11:49:19.3018533Z  2026-10-06 11:41:22.328 UTC [1202] FATAL:  role "root" does not exist
2026-10-06T11:49:19.3018767Z  2026-10-06 11:41:23.315 UTC [73] LOG:  checkpoint starting: immediate force wait
2026-10-06T11:49:19.3019445Z  2026-10-06 11:41:23.318 UTC [73] LOG:  checkpoint complete: wrote 17 buffers (0.1%), wrote 2 SLRU buffers; 0 WAL file(s) added, 0 removed, 1 recycled; write=0.001 s, sync=0.001 s, total=0.003 s; sync files=7, longest=0.001 s, average=0.001 s; distance=13039 kB, estimate=13245 kB; lsn=0/B5705A0, redo lsn=0/B570548
2026-10-06T11:49:19.3020092Z  2026-10-06 11:41:24.570 UTC [73] LOG:  checkpoint starting: immediate force wait
2026-10-06T11:49:19.3020660Z  2026-10-06 11:41:24.573 UTC [73] LOG:  checkpoint complete: wrote 17 buffers (0.1%), wrote 2 SLRU buffers; 0 WAL file(s) added, 0 removed, 1 recycled; write=0.001 s, sync=0.001 s, total=0.003 s; sync files=7, longest=0.001 s, average=0.001 s; distance=13038 kB, estimate=13225 kB; lsn=0/C22BE60, redo lsn=0/C22BE08
2026-10-06T11:49:19.3021228Z  2026-10-06 11:41:26.706 UTC [73] LOG:  checkpoint starting: immediate force wait
2026-10-06T11:49:19.3021801Z  2026-10-06 11:41:26.708 UTC [73] LOG:  checkpoint complete: wrote 18 buffers (0.1%), wrote 2 SLRU buffers; 0 WAL file(s) added, 0 removed, 0 recycled; write=0.001 s, sync=0.001 s, total=0.003 s; sync files=7, longest=0.001 s, average=0.001 s; distance=13058 kB, estimate=13208 kB; lsn=0/CEECA20, redo lsn=0/CEEC9C8
2026-10-06T11:49:19.3022364Z  2026-10-06 11:41:27.373 UTC [1458] FATAL:  role "root" does not exist
2026-10-06T11:49:19.3022596Z  2026-10-06 11:41:27.937 UTC [73] LOG:  checkpoint starting: immediate force wait
2026-10-06T11:49:19.3023170Z  2026-10-06 11:41:27.941 UTC [73] LOG:  checkpoint complete: wrote 108 buffers (0.7%), wrote 2 SLRU buffers; 0 WAL file(s) added, 0 removed, 1 recycled; write=0.002 s, sync=0.001 s, total=0.004 s; sync files=11, longest=0.001 s, average=0.001 s; distance=13583 kB, estimate=13583 kB; lsn=0/DC307A8, redo lsn=0/DC30750
2026-10-06T11:49:19.3023741Z  2026-10-06 11:41:29.151 UTC [73] LOG:  checkpoint starting: immediate force wait
2026-10-06T11:49:19.3024314Z  2026-10-06 11:41:29.153 UTC [73] LOG:  checkpoint complete: wrote 19 buffers (0.1%), wrote 2 SLRU buffers; 0 WAL file(s) added, 0 removed, 1 recycled; write=0.001 s, sync=0.001 s, total=0.003 s; sync files=10, longest=0.001 s, average=0.001 s; distance=13046 kB, estimate=13529 kB; lsn=0/E8EDFF0, redo lsn=0/E8EDF98
2026-10-06T11:49:19.3024888Z  2026-10-06 11:41:30.346 UTC [73] LOG:  checkpoint starting: immediate force wait
2026-10-06T11:49:19.3025459Z  2026-10-06 11:41:30.348 UTC [73] LOG:  checkpoint complete: wrote 25 buffers (0.2%), wrote 2 SLRU buffers; 0 WAL file(s) added, 0 removed, 1 recycled; write=0.001 s, sync=0.001 s, total=0.003 s; sync files=11, longest=0.001 s, average=0.001 s; distance=13082 kB, estimate=13484 kB; lsn=0/F5B49A8, redo lsn=0/F5B4950
2026-10-06T11:49:19.3026018Z  2026-10-06 11:41:32.421 UTC [1696] FATAL:  role "root" does not exist
2026-10-06T11:49:19.3026253Z  2026-10-06 11:41:33.048 UTC [73] LOG:  checkpoint starting: immediate force wait
2026-10-06T11:49:19.3026829Z  2026-10-06 11:41:33.051 UTC [73] LOG:  checkpoint complete: wrote 23 buffers (0.1%), wrote 2 SLRU buffers; 0 WAL file(s) added, 0 removed, 1 recycled; write=0.001 s, sync=0.001 s, total=0.003 s; sync files=11, longest=0.001 s, average=0.001 s; distance=13089 kB, estimate=13445 kB; lsn=0/1027CFE8, redo lsn=0/1027CF90
2026-10-06T11:49:19.3027403Z  2026-10-06 11:41:34.285 UTC [73] LOG:  checkpoint starting: immediate force wait
2026-10-06T11:49:19.3028120Z  2026-10-06 11:41:34.317 UTC [73] LOG:  checkpoint complete: wrote 26 buffers (0.2%), wrote 2 SLRU buffers; 0 WAL file(s) added, 0 removed, 0 recycled; write=0.001 s, sync=0.001 s, total=0.032 s; sync files=11, longest=0.001 s, average=0.001 s; distance=13106 kB, estimate=13411 kB; lsn=0/10F49A98, redo lsn=0/10F49A40
2026-10-06T11:49:19.3028782Z  2026-10-06 11:41:35.690 UTC [73] LOG:  checkpoint starting: immediate force wait
2026-10-06T11:49:19.3029452Z  2026-10-06 11:41:35.692 UTC [73] LOG:  checkpoint complete: wrote 21 buffers (0.1%), wrote 2 SLRU buffers; 0 WAL file(s) added, 0 removed, 1 recycled; write=0.001 s, sync=0.001 s, total=0.003 s; sync files=10, longest=0.001 s, average=0.001 s; distance=13077 kB, estimate=13378 kB; lsn=0/11C0F020, redo lsn=0/11C0EFC8
2026-10-06T11:49:19.3030112Z  2026-10-06 11:41:37.466 UTC [1971] FATAL:  role "root" does not exist
2026-10-06T11:49:19.3030442Z  2026-10-06 11:41:37.976 UTC [73] LOG:  checkpoint starting: immediate force wait
2026-10-06T11:49:19.3031029Z  2026-10-06 11:41:37.979 UTC [73] LOG:  checkpoint complete: wrote 23 buffers (0.1%), wrote 2 SLRU buffers; 0 WAL file(s) added, 0 removed, 1 recycled; write=0.001 s, sync=0.001 s, total=0.003 s; sync files=9, longest=0.001 s, average=0.001 s; distance=13081 kB, estimate=13348 kB; lsn=0/128D54F8, redo lsn=0/128D54A0
2026-10-06T11:49:19.3031611Z  2026-10-06 11:41:39.329 UTC [73] LOG:  checkpoint starting: immediate force wait
2026-10-06T11:49:19.3032194Z  2026-10-06 11:41:39.333 UTC [73] LOG:  checkpoint complete: wrote 24 buffers (0.1%), wrote 2 SLRU buffers; 0 WAL file(s) added, 0 removed, 1 recycled; write=0.002 s, sync=0.001 s, total=0.004 s; sync files=9, longest=0.001 s, average=0.001 s; distance=13079 kB, estimate=13321 kB; lsn=0/1359B2B8, redo lsn=0/1359B260
2026-10-06T11:49:19.3032773Z  2026-10-06 11:41:40.634 UTC [73] LOG:  checkpoint starting: immediate force wait
2026-10-06T11:49:19.3033355Z  2026-10-06 11:41:40.651 UTC [73] LOG:  checkpoint complete: wrote 27 buffers (0.2%), wrote 2 SLRU buffers; 0 WAL file(s) added, 0 removed, 1 recycled; write=0.001 s, sync=0.001 s, total=0.018 s; sync files=8, longest=0.001 s, average=0.001 s; distance=13107 kB, estimate=13300 kB; lsn=0/142682A8, redo lsn=0/14268250
2026-10-06T11:49:19.3033942Z  2026-10-06 11:41:41.959 UTC [73] LOG:  checkpoint starting: immediate force wait
2026-10-06T11:49:19.3034524Z  2026-10-06 11:41:41.962 UTC [73] LOG:  checkpoint complete: wrote 26 buffers (0.2%), wrote 2 SLRU buffers; 0 WAL file(s) added, 0 removed, 0 recycled; write=0.001 s, sync=0.001 s, total=0.004 s; sync files=8, longest=0.001 s, average=0.001 s; distance=13101 kB, estimate=13280 kB; lsn=0/14F338E8, redo lsn=0/14F33890
2026-10-06T11:49:19.3035085Z  2026-10-06 11:41:42.517 UTC [2130] FATAL:  role "root" does not exist
2026-10-06T11:49:19.3035320Z  2026-10-06 11:41:44.213 UTC [73] LOG:  checkpoint starting: immediate force wait
2026-10-06T11:49:19.3035903Z  2026-10-06 11:41:44.232 UTC [73] LOG:  checkpoint complete: wrote 118 buffers (0.7%), wrote 2 SLRU buffers; 0 WAL file(s) added, 0 removed, 1 recycled; write=0.002 s, sync=0.001 s, total=0.019 s; sync files=11, longest=0.001 s, average=0.001 s; distance=13675 kB, estimate=13675 kB; lsn=0/15C8E5D8, redo lsn=0/15C8E580
2026-10-06T11:49:19.3036477Z  2026-10-06 11:41:45.486 UTC [73] LOG:  checkpoint starting: immediate force wait
2026-10-06T11:49:19.3037054Z  2026-10-06 11:41:45.491 UTC [73] LOG:  checkpoint complete: wrote 19 buffers (0.1%), wrote 2 SLRU buffers; 0 WAL file(s) added, 0 removed, 1 recycled; write=0.001 s, sync=0.001 s, total=0.005 s; sync files=10, longest=0.001 s, average=0.001 s; distance=13057 kB, estimate=13613 kB; lsn=0/1694E9E0, redo lsn=0/1694E988
2026-10-06T11:49:19.3037632Z  2026-10-06 11:41:46.663 UTC [73] LOG:  checkpoint starting: immediate force wait
2026-10-06T11:49:19.3038349Z  2026-10-06 11:41:46.665 UTC [73] LOG:  checkpoint complete: wrote 25 buffers (0.2%), wrote 2 SLRU buffers; 0 WAL file(s) added, 0 removed, 1 recycled; write=0.001 s, sync=0.001 s, total=0.003 s; sync files=11, longest=0.001 s, average=0.001 s; distance=13087 kB, estimate=13560 kB; lsn=0/176169C0, redo lsn=0/17616968
2026-10-06T11:49:19.3038915Z  2026-10-06 11:41:47.560 UTC [2377] FATAL:  role "root" does not exist
2026-10-06T11:49:19.3039134Z  2026-10-06 11:41:52.613 UTC [2565] FATAL:  role "root" does not exist
2026-10-06T11:49:19.3039362Z  2026-10-06 11:41:52.717 UTC [73] LOG:  checkpoint starting: immediate force wait
2026-10-06T11:49:19.3040029Z  2026-10-06 11:41:52.719 UTC [73] LOG:  checkpoint complete: wrote 23 buffers (0.1%), wrote 2 SLRU buffers; 0 WAL file(s) added, 0 removed, 1 recycled; write=0.001 s, sync=0.001 s, total=0.003 s; sync files=11, longest=0.001 s, average=0.001 s; distance=13084 kB, estimate=13513 kB; lsn=0/182DDB10, redo lsn=0/182DDAB8
2026-10-06T11:49:19.3040692Z  2026-10-06 11:41:53.978 UTC [73] LOG:  checkpoint starting: immediate force wait
2026-10-06T11:49:19.3041267Z  2026-10-06 11:41:53.982 UTC [73] LOG:  checkpoint complete: wrote 25 buffers (0.2%), wrote 2 SLRU buffers; 0 WAL file(s) added, 0 removed, 0 recycled; write=0.001 s, sync=0.001 s, total=0.004 s; sync files=11, longest=0.001 s, average=0.001 s; distance=13090 kB, estimate=13470 kB; lsn=0/18FA6618, redo lsn=0/18FA65C0
2026-10-06T11:49:19.3041843Z  2026-10-06 11:41:55.308 UTC [73] LOG:  checkpoint starting: immediate force wait
2026-10-06T11:49:19.3042417Z  2026-10-06 11:41:55.311 UTC [73] LOG:  checkpoint complete: wrote 23 buffers (0.1%), wrote 2 SLRU buffers; 0 WAL file(s) added, 0 removed, 1 recycled; write=0.001 s, sync=0.001 s, total=0.003 s; sync files=11, longest=0.001 s, average=0.001 s; distance=13076 kB, estimate=13431 kB; lsn=0/19C6B668, redo lsn=0/19C6B610
2026-10-06T11:49:19.3042994Z  2026-10-06 11:41:56.475 UTC [73] LOG:  checkpoint starting: immediate force wait
2026-10-06T11:49:19.3043567Z  2026-10-06 11:41:56.478 UTC [73] LOG:  checkpoint complete: wrote 26 buffers (0.2%), wrote 2 SLRU buffers; 0 WAL file(s) added, 0 removed, 1 recycled; write=0.001 s, sync=0.001 s, total=0.004 s; sync files=11, longest=0.001 s, average=0.001 s; distance=13098 kB, estimate=13398 kB; lsn=0/1A936100, redo lsn=0/1A9360A8
2026-10-06T11:49:19.3044131Z  2026-10-06 11:41:57.662 UTC [2648] FATAL:  role "root" does not exist
2026-10-06T11:49:19.3044473Z  2026-10-06 11:42:01.878 UTC [2853] ERROR:  duplicate key value violates unique constraint "uq_capability_grant_principal_id_capability_live"
2026-10-06T11:49:19.3045724Z  2026-10-06 11:42:01.878 UTC [2853] STATEMENT:  INSERT INTO gate.capability_grant (principal_id, team_path, capability, scope, granted_by, reason, not_after) VALUES ($1::VARCHAR, $2::VARCHAR, $3::VARCHAR, $4::JSONB, $5::VARCHAR, $6::VARCHAR, $7::TIMESTAMP WITH TIME ZONE) RETURNING gate.capability_grant.id, gate.capability_grant.principal_id, gate.capability_grant.team_path, gate.capability_grant.capability, gate.capability_grant.scope, gate.capability_grant.granted_by, gate.capability_grant.reason, gate.capability_grant.not_after, gate.capability_grant.created_at, gate.capability_grant.updated_at, gate.capability_grant.deleted_at
2026-10-06T11:49:19.3046972Z  2026-10-06 11:42:01.882 UTC [2853] ERROR:  duplicate key value violates unique constraint "uq_capability_grant_principal_id_capability_live"
2026-10-06T11:49:19.3048329Z  2026-10-06 11:42:01.882 UTC [2853] STATEMENT:  INSERT INTO gate.capability_grant (principal_id, team_path, capability, scope, granted_by, reason, not_after) VALUES ($1::VARCHAR, $2::VARCHAR, $3::VARCHAR, $4::JSONB, $5::VARCHAR, $6::VARCHAR, $7::TIMESTAMP WITH TIME ZONE) RETURNING gate.capability_grant.id, gate.capability_grant.principal_id, gate.capability_grant.team_path, gate.capability_grant.capability, gate.capability_grant.scope, gate.capability_grant.granted_by, gate.capability_grant.reason, gate.capability_grant.not_after, gate.capability_grant.created_at, gate.capability_grant.updated_at, gate.capability_grant.deleted_at
2026-10-06T11:49:19.3049448Z  2026-10-06 11:42:02.716 UTC [2865] FATAL:  role "root" does not exist
2026-10-06T11:49:19.3049685Z  2026-10-06 11:42:03.828 UTC [73] LOG:  checkpoint starting: immediate force wait
2026-10-06T11:49:19.3050265Z  2026-10-06 11:42:03.832 UTC [73] LOG:  checkpoint complete: wrote 93 buffers (0.6%), wrote 5 SLRU buffers; 0 WAL file(s) added, 0 removed, 1 recycled; write=0.002 s, sync=0.001 s, total=0.004 s; sync files=13, longest=0.001 s, average=0.001 s; distance=17061 kB, estimate=17061 kB; lsn=0/1B9DF7D8, redo lsn=0/1B9DF780
2026-10-06T11:49:19.3050840Z  2026-10-06 11:42:06.642 UTC [73] LOG:  checkpoint starting: immediate force wait
2026-10-06T11:49:19.3051504Z  2026-10-06 11:42:06.645 UTC [73] LOG:  checkpoint complete: wrote 20 buffers (0.1%), wrote 4 SLRU buffers; 0 WAL file(s) added, 0 removed, 1 recycled; write=0.001 s, sync=0.001 s, total=0.004 s; sync files=12, longest=0.001 s, average=0.001 s; distance=13164 kB, estimate=16672 kB; lsn=0/1C6BAAF0, redo lsn=0/1C6BAA98
2026-10-06T11:49:19.3052142Z  2026-10-06 11:42:07.764 UTC [3098] FATAL:  role "root" does not exist
2026-10-06T11:49:19.3052371Z  2026-10-06 11:42:08.098 UTC [73] LOG:  checkpoint starting: immediate force wait
2026-10-06T11:49:19.3052941Z  2026-10-06 11:42:08.102 UTC [73] LOG:  checkpoint complete: wrote 24 buffers (0.1%), wrote 4 SLRU buffers; 0 WAL file(s) added, 0 removed, 1 recycled; write=0.002 s, sync=0.001 s, total=0.004 s; sync files=13, longest=0.001 s, average=0.001 s; distance=13166 kB, estimate=16321 kB; lsn=0/1D3963C0, redo lsn=0/1D396368
2026-10-06T11:49:19.3053506Z  2026-10-06 11:42:09.806 UTC [73] LOG:  checkpoint starting: immediate force wait
2026-10-06T11:49:19.3054077Z  2026-10-06 11:42:09.809 UTC [73] LOG:  checkpoint complete: wrote 22 buffers (0.1%), wrote 4 SLRU buffers; 0 WAL file(s) added, 0 removed, 1 recycled; write=0.001 s, sync=0.001 s, total=0.004 s; sync files=13, longest=0.001 s, average=0.001 s; distance=13167 kB, estimate=16006 kB; lsn=0/1E072270, redo lsn=0/1E072218
2026-10-06T11:49:19.3054698Z  2026-10-06 11:42:11.484 UTC [3129] ERROR:  new row violates row-level security policy for table "learned_rule"
2026-10-06T11:49:19.3055173Z  2026-10-06 11:42:11.484 UTC [3129] STATEMENT:  UPDATE mem.learned_rule SET state=$1::VARCHAR, needs_two=$2, updated_at=$3::TIMESTAMP WITH TIME ZONE WHERE mem.learned_rule.memory_id = $4::VARCHAR
2026-10-06T11:49:19.3055593Z  2026-10-06 11:42:11.558 UTC [73] LOG:  checkpoint starting: immediate force wait
2026-10-06T11:49:19.3056164Z  2026-10-06 11:42:11.561 UTC [73] LOG:  checkpoint complete: wrote 24 buffers (0.1%), wrote 4 SLRU buffers; 0 WAL file(s) added, 0 removed, 0 recycled; write=0.001 s, sync=0.001 s, total=0.003 s; sync files=13, longest=0.001 s, average=0.001 s; distance=13183 kB, estimate=15723 kB; lsn=0/1ED52178, redo lsn=0/1ED52120
2026-10-06T11:49:19.3056730Z  2026-10-06 11:42:12.817 UTC [3151] FATAL:  role "root" does not exist
2026-10-06T11:49:19.3056999Z  2026-10-06 11:42:12.904 UTC [3152] FATAL:  terminating autovacuum process due to administrator command
2026-10-06T11:49:19.3057367Z  2026-10-06 11:42:12.904 UTC [3152] CONTEXT:  while vacuuming index "pg_depend_depender_index" of relation "pg_catalog.pg_depend"
2026-10-06T11:49:19.3057692Z  2026-10-06 11:42:13.006 UTC [73] LOG:  checkpoint starting: immediate force wait
2026-10-06T11:49:19.3058393Z  2026-10-06 11:42:13.009 UTC [73] LOG:  checkpoint complete: wrote 22 buffers (0.1%), wrote 4 SLRU buffers; 0 WAL file(s) added, 0 removed, 1 recycled; write=0.001 s, sync=0.001 s, total=0.004 s; sync files=13, longest=0.001 s, average=0.001 s; distance=13342 kB, estimate=15485 kB; lsn=0/1FA59AC8, redo lsn=0/1FA59A70
2026-10-06T11:49:19.3058962Z  2026-10-06 11:42:14.847 UTC [73] LOG:  checkpoint starting: immediate force wait
2026-10-06T11:49:19.3059535Z  2026-10-06 11:42:14.851 UTC [73] LOG:  checkpoint complete: wrote 24 buffers (0.1%), wrote 5 SLRU buffers; 0 WAL file(s) added, 0 removed, 1 recycled; write=0.001 s, sync=0.001 s, total=0.004 s; sync files=13, longest=0.001 s, average=0.001 s; distance=13190 kB, estimate=15256 kB; lsn=0/2073B6B0, redo lsn=0/2073B658
2026-10-06T11:49:19.3060231Z  2026-10-06 11:42:16.484 UTC [3180] ERROR:  new row for relation "learned_rule" violates check constraint "ck_learned_rule_never_promoted_by_its_proposer"
2026-10-06T11:49:19.3060965Z  2026-10-06 11:42:16.484 UTC [3180] STATEMENT:  UPDATE mem.learned_rule SET state=$1::VARCHAR, needs_two=$2, first_by=$3::VARCHAR, first_at=$4::TIMESTAMP WITH TIME ZONE, promoted_by=$5::VARCHAR, promoted_at=$6::TIMESTAMP WITH TIME ZONE, updated_at=$7::TIMESTAMP WITH TIME ZONE WHERE mem.learned_rule.memory_id = $8::VARCHAR
2026-10-06T11:49:19.3061570Z  2026-10-06 11:42:16.604 UTC [73] LOG:  checkpoint starting: immediate force wait
2026-10-06T11:49:19.3062232Z  2026-10-06 11:42:16.608 UTC [73] LOG:  checkpoint complete: wrote 28 buffers (0.2%), wrote 4 SLRU buffers; 0 WAL file(s) added, 0 removed, 1 recycled; write=0.001 s, sync=0.001 s, total=0.004 s; sync files=13, longest=0.001 s, average=0.001 s; distance=13215 kB, estimate=15052 kB; lsn=0/21423338, redo lsn=0/214232E0
2026-10-06T11:49:19.3062871Z  2026-10-06 11:42:17.868 UTC [3225] FATAL:  role "root" does not exist
2026-10-06T11:49:19.3063098Z  2026-10-06 11:42:18.980 UTC [73] LOG:  checkpoint starting: immediate force wait
2026-10-06T11:49:19.3063666Z  2026-10-06 11:42:18.984 UTC [73] LOG:  checkpoint complete: wrote 27 buffers (0.2%), wrote 4 SLRU buffers; 0 WAL file(s) added, 0 removed, 1 recycled; write=0.002 s, sync=0.001 s, total=0.004 s; sync files=11, longest=0.001 s, average=0.001 s; distance=13226 kB, estimate=14869 kB; lsn=0/2210DD20, redo lsn=0/2210DCC8
2026-10-06T11:49:19.3064238Z  2026-10-06 11:42:20.362 UTC [73] LOG:  checkpoint starting: immediate force wait
2026-10-06T11:49:19.3064807Z  2026-10-06 11:42:20.364 UTC [73] LOG:  checkpoint complete: wrote 27 buffers (0.2%), wrote 2 SLRU buffers; 0 WAL file(s) added, 0 removed, 0 recycled; write=0.001 s, sync=0.001 s, total=0.003 s; sync files=10, longest=0.001 s, average=0.001 s; distance=13206 kB, estimate=14703 kB; lsn=0/22DF37D0, redo lsn=0/22DF3778
2026-10-06T11:49:19.3065376Z  2026-10-06 11:42:21.786 UTC [73] LOG:  checkpoint starting: immediate force wait
2026-10-06T11:49:19.3065944Z  2026-10-06 11:42:21.789 UTC [73] LOG:  checkpoint complete: wrote 17 buffers (0.1%), wrote 4 SLRU buffers; 0 WAL file(s) added, 0 removed, 1 recycled; write=0.001 s, sync=0.001 s, total=0.004 s; sync files=10, longest=0.001 s, average=0.001 s; distance=13149 kB, estimate=14547 kB; lsn=0/23ACAF68, redo lsn=0/23ACAF10
2026-10-06T11:49:19.3066504Z  2026-10-06 11:42:22.916 UTC [3445] FATAL:  role "root" does not exist
2026-10-06T11:49:19.3066730Z  2026-10-06 11:42:23.278 UTC [73] LOG:  checkpoint starting: immediate force wait
2026-10-06T11:49:19.3067300Z  2026-10-06 11:42:23.282 UTC [73] LOG:  checkpoint complete: wrote 17 buffers (0.1%), wrote 4 SLRU buffers; 0 WAL file(s) added, 0 removed, 1 recycled; write=0.001 s, sync=0.001 s, total=0.004 s; sync files=10, longest=0.001 s, average=0.001 s; distance=13151 kB, estimate=14408 kB; lsn=0/247A2D98, redo lsn=0/247A2D40
2026-10-06T11:49:19.3067872Z  2026-10-06 11:42:24.667 UTC [73] LOG:  checkpoint starting: immediate force wait
2026-10-06T11:49:19.3068569Z  2026-10-06 11:42:24.670 UTC [73] LOG:  checkpoint complete: wrote 25 buffers (0.2%), wrote 2 SLRU buffers; 0 WAL file(s) added, 0 removed, 1 recycled; write=0.001 s, sync=0.001 s, total=0.004 s; sync files=9, longest=0.001 s, average=0.001 s; distance=13182 kB, estimate=14285 kB; lsn=0/25482870, redo lsn=0/25482818
2026-10-06T11:49:19.3069135Z  2026-10-06 11:42:26.152 UTC [73] LOG:  checkpoint starting: immediate force wait
2026-10-06T11:49:19.3069704Z  2026-10-06 11:42:26.155 UTC [73] LOG:  checkpoint complete: wrote 17 buffers (0.1%), wrote 2 SLRU buffers; 0 WAL file(s) added, 0 removed, 1 recycled; write=0.001 s, sync=0.001 s, total=0.004 s; sync files=7, longest=0.001 s, average=0.001 s; distance=13132 kB, estimate=14170 kB; lsn=0/26155BB0, redo lsn=0/26155B58
2026-10-06T11:49:19.3070276Z  2026-10-06 11:42:27.550 UTC [73] LOG:  checkpoint starting: immediate force wait
2026-10-06T11:49:19.3070842Z  2026-10-06 11:42:27.553 UTC [73] LOG:  checkpoint complete: wrote 21 buffers (0.1%), wrote 2 SLRU buffers; 0 WAL file(s) added, 0 removed, 0 recycled; write=0.001 s, sync=0.001 s, total=0.003 s; sync files=7, longest=0.001 s, average=0.001 s; distance=13151 kB, estimate=14068 kB; lsn=0/26E2D8A8, redo lsn=0/26E2D850
2026-10-06T11:49:19.3071401Z  2026-10-06 11:42:27.961 UTC [3510] FATAL:  role "root" does not exist
2026-10-06T11:49:19.3071626Z  2026-10-06 11:42:29.113 UTC [73] LOG:  checkpoint starting: immediate force wait
2026-10-06T11:49:19.3072281Z  2026-10-06 11:42:29.117 UTC [73] LOG:  checkpoint complete: wrote 160 buffers (1.0%), wrote 2 SLRU buffers; 0 WAL file(s) added, 0 removed, 1 recycled; write=0.002 s, sync=0.001 s, total=0.004 s; sync files=11, longest=0.001 s, average=0.001 s; distance=14025 kB, estimate=14064 kB; lsn=0/27BE0068, redo lsn=0/27BDFFF8
2026-10-06T11:49:19.3072936Z  2026-10-06 11:42:30.603 UTC [73] LOG:  checkpoint starting: immediate force wait
2026-10-06T11:49:19.3073505Z  2026-10-06 11:42:30.606 UTC [73] LOG:  checkpoint complete: wrote 22 buffers (0.1%), wrote 4 SLRU buffers; 0 WAL file(s) added, 0 removed, 1 recycled; write=0.002 s, sync=0.001 s, total=0.004 s; sync files=12, longest=0.001 s, average=0.001 s; distance=13175 kB, estimate=13975 kB; lsn=0/288BDD28, redo lsn=0/288BDCD0
2026-10-06T11:49:19.3074079Z  2026-10-06 11:42:32.196 UTC [73] LOG:  checkpoint starting: immediate force wait
2026-10-06T11:49:19.3074647Z  2026-10-06 11:42:32.199 UTC [73] LOG:  checkpoint complete: wrote 24 buffers (0.1%), wrote 2 SLRU buffers; 0 WAL file(s) added, 0 removed, 1 recycled; write=0.001 s, sync=0.001 s, total=0.004 s; sync files=11, longest=0.001 s, average=0.001 s; distance=13169 kB, estimate=13894 kB; lsn=0/2959A490, redo lsn=0/2959A438
2026-10-06T11:49:19.3075206Z  2026-10-06 11:42:33.016 UTC [3560] FATAL:  role "root" does not exist
2026-10-06T11:49:19.3075435Z  2026-10-06 11:42:34.975 UTC [73] LOG:  checkpoint starting: immediate force wait
2026-10-06T11:49:19.3076005Z  2026-10-06 11:42:35.004 UTC [73] LOG:  checkpoint complete: wrote 26 buffers (0.2%), wrote 2 SLRU buffers; 0 WAL file(s) added, 0 removed, 1 recycled; write=0.001 s, sync=0.015 s, total=0.029 s; sync files=11, longest=0.015 s, average=0.002 s; distance=13119 kB, estimate=13817 kB; lsn=0/2A26A0D8, redo lsn=0/2A26A080
2026-10-06T11:49:19.3076575Z  2026-10-06 11:42:36.398 UTC [73] LOG:  checkpoint starting: immediate force wait
2026-10-06T11:49:19.3077144Z  2026-10-06 11:42:36.401 UTC [73] LOG:  checkpoint complete: wrote 24 buffers (0.1%), wrote 2 SLRU buffers; 0 WAL file(s) added, 0 removed, 0 recycled; write=0.001 s, sync=0.001 s, total=0.003 s; sync files=11, longest=0.001 s, average=0.001 s; distance=13085 kB, estimate=13744 kB; lsn=0/2AF31878, redo lsn=0/2AF31820
2026-10-06T11:49:19.3077713Z  2026-10-06 11:42:37.871 UTC [73] LOG:  checkpoint starting: immediate force wait
2026-10-06T11:49:19.3078415Z  2026-10-06 11:42:37.874 UTC [73] LOG:  checkpoint complete: wrote 26 buffers (0.2%), wrote 2 SLRU buffers; 0 WAL file(s) added, 0 removed, 1 recycled; write=0.001 s, sync=0.001 s, total=0.003 s; sync files=11, longest=0.001 s, average=0.001 s; distance=13113 kB, estimate=13681 kB; lsn=0/2BBFFE08, redo lsn=0/2BBFFDB0
2026-10-06T11:49:19.3078972Z  2026-10-06 11:42:38.060 UTC [3824] FATAL:  role "root" does not exist
2026-10-06T11:49:19.3079202Z  2026-10-06 11:42:39.349 UTC [73] LOG:  checkpoint starting: immediate force wait
2026-10-06T11:49:19.3079779Z  2026-10-06 11:42:39.379 UTC [73] LOG:  checkpoint complete: wrote 24 buffers (0.1%), wrote 2 SLRU buffers; 0 WAL file(s) added, 0 removed, 1 recycled; write=0.001 s, sync=0.014 s, total=0.030 s; sync files=11, longest=0.014 s, average=0.002 s; distance=13100 kB, estimate=13622 kB; lsn=0/2C8CB020, redo lsn=0/2C8CAFC8
2026-10-06T11:49:19.3080354Z  2026-10-06 11:42:40.828 UTC [73] LOG:  checkpoint starting: immediate force wait
2026-10-06T11:49:19.3080926Z  2026-10-06 11:42:40.832 UTC [73] LOG:  checkpoint complete: wrote 28 buffers (0.2%), wrote 2 SLRU buffers; 0 WAL file(s) added, 0 removed, 1 recycled; write=0.001 s, sync=0.001 s, total=0.005 s; sync files=11, longest=0.001 s, average=0.001 s; distance=13111 kB, estimate=13571 kB; lsn=0/2D598CC0, redo lsn=0/2D598C68
2026-10-06T11:49:19.3081494Z  2026-10-06 11:42:42.553 UTC [73] LOG:  checkpoint starting: immediate force wait
2026-10-06T11:49:19.3082058Z  2026-10-06 11:42:42.556 UTC [73] LOG:  checkpoint complete: wrote 24 buffers (0.1%), wrote 2 SLRU buffers; 0 WAL file(s) added, 0 removed, 1 recycled; write=0.001 s, sync=0.001 s, total=0.004 s; sync files=10, longest=0.001 s, average=0.001 s; distance=13100 kB, estimate=13524 kB; lsn=0/2E263E70, redo lsn=0/2E263E18
2026-10-06T11:49:19.3082619Z  2026-10-06 11:42:43.117 UTC [3893] FATAL:  role "root" does not exist
2026-10-06T11:49:19.3082940Z  2026-10-06 11:42:43.856 UTC [73] LOG:  checkpoint starting: immediate force wait
2026-10-06T11:49:19.3083648Z  2026-10-06 11:42:43.860 UTC [73] LOG:  checkpoint complete: wrote 118 buffers (0.7%), wrote 1 SLRU buffers; 0 WAL file(s) added, 0 removed, 0 recycled; write=0.002 s, sync=0.001 s, total=0.004 s; sync files=13, longest=0.001 s, average=0.001 s; distance=13686 kB, estimate=13686 kB; lsn=0/2EFC19C0, redo lsn=0/2EFC1968
2026-10-06T11:49:19.3084220Z  2026-10-06 11:42:46.648 UTC [73] LOG:  checkpoint starting: immediate force wait
2026-10-06T11:49:19.3084790Z  2026-10-06 11:42:46.651 UTC [73] LOG:  checkpoint complete: wrote 22 buffers (0.1%), wrote 4 SLRU buffers; 0 WAL file(s) added, 0 removed, 1 recycled; write=0.001 s, sync=0.001 s, total=0.004 s; sync files=12, longest=0.001 s, average=0.001 s; distance=13193 kB, estimate=13637 kB; lsn=0/2FCA3F78, redo lsn=0/2FCA3F20
2026-10-06T11:49:19.3085358Z  2026-10-06 11:42:47.906 UTC [73] LOG:  checkpoint starting: immediate force wait
2026-10-06T11:49:19.3085928Z  2026-10-06 11:42:47.909 UTC [73] LOG:  checkpoint complete: wrote 23 buffers (0.1%), wrote 1 SLRU buffers; 0 WAL file(s) added, 0 removed, 1 recycled; write=0.001 s, sync=0.001 s, total=0.003 s; sync files=11, longest=0.001 s, average=0.001 s; distance=13057 kB, estimate=13579 kB; lsn=0/309645A8, redo lsn=0/30964550
2026-10-06T11:49:19.3086493Z  2026-10-06 11:42:48.170 UTC [4159] FATAL:  role "root" does not exist
2026-10-06T11:49:19.3086723Z  2026-10-06 11:42:50.608 UTC [73] LOG:  checkpoint starting: immediate force wait
2026-10-06T11:49:19.3087288Z  2026-10-06 11:42:50.611 UTC [73] LOG:  checkpoint complete: wrote 25 buffers (0.2%), wrote 2 SLRU buffers; 0 WAL file(s) added, 0 removed, 1 recycled; write=0.001 s, sync=0.001 s, total=0.004 s; sync files=11, longest=0.001 s, average=0.001 s; distance=13123 kB, estimate=13533 kB; lsn=0/31635558, redo lsn=0/31635500
2026-10-06T11:49:19.3087849Z  2026-10-06 11:42:53.220 UTC [4392] FATAL:  role "root" does not exist
2026-10-06T11:49:19.3088258Z  2026-10-06 11:42:56.186 UTC [73] LOG:  checkpoint starting: immediate force wait
2026-10-06T11:49:19.3088886Z  2026-10-06 11:42:56.189 UTC [73] LOG:  checkpoint complete: wrote 23 buffers (0.1%), wrote 2 SLRU buffers; 0 WAL file(s) added, 0 removed, 1 recycled; write=0.001 s, sync=0.001 s, total=0.003 s; sync files=11, longest=0.001 s, average=0.001 s; distance=13113 kB, estimate=13491 kB; lsn=0/323039F0, redo lsn=0/32303998
2026-10-06T11:49:19.3089460Z  2026-10-06 11:42:57.682 UTC [73] LOG:  checkpoint starting: immediate force wait
2026-10-06T11:49:19.3090028Z  2026-10-06 11:42:57.685 UTC [73] LOG:  checkpoint complete: wrote 25 buffers (0.2%), wrote 2 SLRU buffers; 0 WAL file(s) added, 0 removed, 0 recycled; write=0.001 s, sync=0.001 s, total=0.003 s; sync files=11, longest=0.001 s, average=0.001 s; distance=13126 kB, estimate=13455 kB; lsn=0/32FD5268, redo lsn=0/32FD5210
2026-10-06T11:49:19.3090587Z  2026-10-06 11:42:58.272 UTC [4438] FATAL:  role "root" does not exist
2026-10-06T11:49:19.3090818Z  2026-10-06 11:42:59.117 UTC [73] LOG:  checkpoint starting: immediate force wait
2026-10-06T11:49:19.3091389Z  2026-10-06 11:42:59.120 UTC [73] LOG:  checkpoint complete: wrote 79 buffers (0.5%), wrote 2 SLRU buffers; 0 WAL file(s) added, 0 removed, 1 recycled; write=0.001 s, sync=0.001 s, total=0.004 s; sync files=11, longest=0.001 s, average=0.001 s; distance=13444 kB, estimate=13454 kB; lsn=0/33CF63F0, redo lsn=0/33CF6398
2026-10-06T11:49:19.3091959Z  2026-10-06 11:43:00.363 UTC [73] LOG:  checkpoint starting: immediate force wait
2026-10-06T11:49:19.3092532Z  2026-10-06 11:43:00.365 UTC [73] LOG:  checkpoint complete: wrote 22 buffers (0.1%), wrote 1 SLRU buffers; 0 WAL file(s) added, 0 removed, 1 recycled; write=0.001 s, sync=0.001 s, total=0.003 s; sync files=10, longest=0.001 s, average=0.001 s; distance=13062 kB, estimate=13415 kB; lsn=0/349B7F68, redo lsn=0/349B7F10
2026-10-06T11:49:19.3093096Z  2026-10-06 11:43:03.320 UTC [4501] FATAL:  role "root" does not exist
2026-10-06T11:49:19.3093416Z  2026-10-06 11:43:03.799 UTC [73] LOG:  checkpoint starting: immediate force wait
2026-10-06T11:49:19.3093997Z  2026-10-06 11:43:03.975 UTC [73] LOG:  checkpoint complete: wrote 1045 buffers (6.4%), wrote 1 SLRU buffers; 0 WAL file(s) added, 0 removed, 2 recycled; write=0.033 s, sync=0.141 s, total=0.176 s; sync files=900, longest=0.013 s, average=0.001 s; distance=23367 kB, estimate=23367 kB; lsn=0/36089C68, redo lsn=0/36089C10
2026-10-06T11:49:19.3094657Z  2026-10-06 11:43:05.337 UTC [73] LOG:  checkpoint starting: immediate force wait
2026-10-06T11:49:19.3095224Z  2026-10-06 11:43:05.346 UTC [73] LOG:  checkpoint complete: wrote 25 buffers (0.2%), wrote 1 SLRU buffers; 0 WAL file(s) added, 0 removed, 0 recycled; write=0.003 s, sync=0.002 s, total=0.010 s; sync files=11, longest=0.002 s, average=0.001 s; distance=13291 kB, estimate=22359 kB; lsn=0/36D84938, redo lsn=0/36D848E0
2026-10-06T11:49:19.3095797Z  2026-10-06 11:43:06.713 UTC [73] LOG:  checkpoint starting: immediate force wait
2026-10-06T11:49:19.3096373Z  2026-10-06 11:43:06.716 UTC [73] LOG:  checkpoint complete: wrote 23 buffers (0.1%), wrote 1 SLRU buffers; 0 WAL file(s) added, 0 removed, 1 recycled; write=0.001 s, sync=0.001 s, total=0.004 s; sync files=11, longest=0.001 s, average=0.001 s; distance=13283 kB, estimate=21452 kB; lsn=0/37A7D8E0, redo lsn=0/37A7D888
2026-10-06T11:49:19.3096948Z  2026-10-06 11:43:07.974 UTC [73] LOG:  checkpoint starting: immediate force wait
2026-10-06T11:49:19.3097516Z  2026-10-06 11:43:07.977 UTC [73] LOG:  checkpoint complete: wrote 31 buffers (0.2%), wrote 1 SLRU buffers; 0 WAL file(s) added, 0 removed, 1 recycled; write=0.001 s, sync=0.001 s, total=0.003 s; sync files=11, longest=0.001 s, average=0.001 s; distance=13118 kB, estimate=20618 kB; lsn=0/3874D2D8, redo lsn=0/3874D280
2026-10-06T11:49:19.3098245Z  2026-10-06 11:43:08.369 UTC [4582] FATAL:  role "root" does not exist
2026-10-06T11:49:19.3098477Z  2026-10-06 11:43:09.339 UTC [73] LOG:  checkpoint starting: immediate force wait
2026-10-06T11:49:19.3099047Z  2026-10-06 11:43:09.342 UTC [73] LOG:  checkpoint complete: wrote 26 buffers (0.2%), wrote 1 SLRU buffers; 0 WAL file(s) added, 0 removed, 1 recycled; write=0.001 s, sync=0.001 s, total=0.003 s; sync files=9, longest=0.001 s, average=0.001 s; distance=13311 kB, estimate=19887 kB; lsn=0/3944D050, redo lsn=0/3944CFF8
2026-10-06T11:49:19.3099619Z  2026-10-06 11:43:10.863 UTC [73] LOG:  checkpoint starting: immediate force wait
2026-10-06T11:49:19.3100204Z  2026-10-06 11:43:10.866 UTC [73] LOG:  checkpoint complete: wrote 23 buffers (0.1%), wrote 1 SLRU buffers; 0 WAL file(s) added, 0 removed, 1 recycled; write=0.001 s, sync=0.001 s, total=0.003 s; sync files=9, longest=0.001 s, average=0.001 s; distance=13083 kB, estimate=19207 kB; lsn=0/3A113E18, redo lsn=0/3A113DC0
2026-10-06T11:49:19.3100767Z  2026-10-06 11:43:12.541 UTC [73] LOG:  checkpoint starting: immediate force wait
2026-10-06T11:49:19.3101339Z  2026-10-06 11:43:12.544 UTC [73] LOG:  checkpoint complete: wrote 20 buffers (0.1%), wrote 1 SLRU buffers; 0 WAL file(s) added, 0 removed, 0 recycled; write=0.001 s, sync=0.001 s, total=0.003 s; sync files=9, longest=0.001 s, average=0.001 s; distance=13073 kB, estimate=18594 kB; lsn=0/3ADD84E8, redo lsn=0/3ADD8490
2026-10-06T11:49:19.3101895Z  2026-10-06 11:43:13.417 UTC [4698] FATAL:  role "root" does not exist
2026-10-06T11:49:19.3102182Z  2026-10-06 11:43:13.831 UTC [4702] ERROR:  new row violates row-level security policy for table "manifest_revision"
2026-10-06T11:49:19.3102599Z  2026-10-06 11:43:13.831 UTC [4702] STATEMENT:  INSERT INTO agent.manifest_revision (draft_id, number, body, saved_by) VALUES ($1, 2, '{}', 'u_other')
2026-10-06T11:49:19.3102967Z  2026-10-06 11:43:13.836 UTC [4703] ERROR:  permission denied for table manifest_revision
2026-10-06T11:49:19.3103299Z  2026-10-06 11:43:13.836 UTC [4703] STATEMENT:  UPDATE agent.manifest_revision SET saved_by = 'u_other' WHERE draft_id = $1
2026-10-06T11:49:19.3103633Z  2026-10-06 11:43:13.842 UTC [4704] ERROR:  permission denied for table manifest_revision
2026-10-06T11:49:19.3104020Z  2026-10-06 11:43:13.842 UTC [4704] STATEMENT:  DELETE FROM agent.manifest_revision WHERE draft_id = $1
2026-10-06T11:49:19.3104391Z  2026-10-06 11:43:13.848 UTC [4705] ERROR:  permission denied for table manifest_draft
2026-10-06T11:49:19.3104699Z  2026-10-06 11:43:13.848 UTC [4705] STATEMENT:  UPDATE agent.manifest_draft SET owner_id = 'u_other' WHERE id = $1
2026-10-06T11:49:19.3104998Z  2026-10-06 11:43:13.868 UTC [73] LOG:  checkpoint starting: immediate force wait
2026-10-06T11:49:19.3105579Z  2026-10-06 11:43:13.871 UTC [73] LOG:  checkpoint complete: wrote 112 buffers (0.7%), wrote 1 SLRU buffers; 0 WAL file(s) added, 0 removed, 1 recycled; write=0.001 s, sync=0.001 s, total=0.003 s; sync files=11, longest=0.001 s, average=0.001 s; distance=13624 kB, estimate=18097 kB; lsn=0/3BB265A0, redo lsn=0/3BB26548
2026-10-06T11:49:19.3106157Z  2026-10-06 11:43:15.641 UTC [73] LOG:  checkpoint starting: immediate force wait
2026-10-06T11:49:19.3106730Z  2026-10-06 11:43:15.644 UTC [73] LOG:  checkpoint complete: wrote 32 buffers (0.2%), wrote 1 SLRU buffers; 0 WAL file(s) added, 0 removed, 1 recycled; write=0.001 s, sync=0.001 s, total=0.003 s; sync files=15, longest=0.001 s, average=0.001 s; distance=15653 kB, estimate=17852 kB; lsn=0/3CA6FCC8, redo lsn=0/3CA6FC70
2026-10-06T11:49:19.3107303Z  2026-10-06 11:43:17.011 UTC [73] LOG:  checkpoint starting: immediate force wait
2026-10-06T11:49:19.3107877Z  2026-10-06 11:43:17.014 UTC [73] LOG:  checkpoint complete: wrote 21 buffers (0.1%), wrote 1 SLRU buffers; 0 WAL file(s) added, 0 removed, 1 recycled; write=0.001 s, sync=0.001 s, total=0.003 s; sync files=11, longest=0.001 s, average=0.001 s; distance=13059 kB, estimate=17373 kB; lsn=0/3D730C40, redo lsn=0/3D730BE8
2026-10-06T11:49:19.3108665Z  2026-10-06 11:43:18.466 UTC [4816] FATAL:  role "root" does not exist
2026-10-06T11:49:19.3108881Z  2026-10-06 11:43:23.509 UTC [5053] FATAL:  role "root" does not exist
2026-10-06T11:49:19.3109093Z  2026-10-06 11:43:28.553 UTC [5224] FATAL:  role "root" does not exist
2026-10-06T11:49:19.3109314Z  2026-10-06 11:43:33.598 UTC [5248] FATAL:  role "root" does not exist
2026-10-06T11:49:19.3109530Z  2026-10-06 11:43:38.641 UTC [5256] FATAL:  role "root" does not exist
2026-10-06T11:49:19.3109741Z  2026-10-06 11:43:43.691 UTC [5265] FATAL:  role "root" does not exist
2026-10-06T11:49:19.3109958Z  2026-10-06 11:43:48.736 UTC [5409] FATAL:  role "root" does not exist
2026-10-06T11:49:19.3110166Z  2026-10-06 11:43:53.793 UTC [5459] FATAL:  role "root" does not exist
2026-10-06T11:49:19.3110375Z  2026-10-06 11:43:58.837 UTC [5498] FATAL:  role "root" does not exist
2026-10-06T11:49:19.3110597Z  2026-10-06 11:44:03.881 UTC [5506] FATAL:  role "root" does not exist
2026-10-06T11:49:19.3110807Z  2026-10-06 11:44:08.928 UTC [5514] FATAL:  role "root" does not exist
2026-10-06T11:49:19.3111031Z  2026-10-06 11:44:10.759 UTC [73] LOG:  checkpoint starting: immediate force wait
2026-10-06T11:49:19.3111604Z  2026-10-06 11:44:10.778 UTC [73] LOG:  checkpoint complete: wrote 706 buffers (4.3%), wrote 2 SLRU buffers; 0 WAL file(s) added, 0 removed, 1 recycled; write=0.017 s, sync=0.001 s, total=0.019 s; sync files=79, longest=0.001 s, average=0.001 s; distance=9477 kB, estimate=16583 kB; lsn=0/3E0722E8, redo lsn=0/3E072290
2026-10-06T11:49:19.3112180Z  2026-10-06 11:44:10.849 UTC [73] LOG:  checkpoint starting: immediate force wait
2026-10-06T11:49:19.3112752Z  2026-10-06 11:44:10.851 UTC [73] LOG:  checkpoint complete: wrote 8 buffers (0.0%), wrote 1 SLRU buffers; 0 WAL file(s) added, 0 removed, 0 recycled; write=0.001 s, sync=0.001 s, total=0.003 s; sync files=8, longest=0.001 s, average=0.001 s; distance=4366 kB, estimate=15362 kB; lsn=0/3E4B5B38, redo lsn=0/3E4B5AE0
2026-10-06T11:49:19.3113324Z  2026-10-06 11:44:10.930 UTC [73] LOG:  checkpoint starting: immediate force wait
2026-10-06T11:49:19.3113984Z  2026-10-06 11:44:10.932 UTC [73] LOG:  checkpoint complete: wrote 8 buffers (0.0%), wrote 1 SLRU buffers; 0 WAL file(s) added, 0 removed, 0 recycled; write=0.001 s, sync=0.001 s, total=0.003 s; sync files=8, longest=0.001 s, average=0.001 s; distance=4366 kB, estimate=14262 kB; lsn=0/3E8F9660, redo lsn=0/3E8F9608
2026-10-06T11:49:19.3114660Z  2026-10-06 11:44:11.469 UTC [5547] ERROR:  relation "ops.setting" does not exist at character 73
2026-10-06T11:49:19.3114994Z  2026-10-06 11:44:11.469 UTC [5547] STATEMENT:  SELECT ops.setting.key, ops.setting.value_type, ops.setting.value 
2026-10-06T11:49:19.3115250Z  	FROM ops.setting 
2026-10-06T11:49:19.3115453Z  	WHERE ops.setting.deleted_at IS NULL AND (ops.setting.key LIKE $1::VARCHAR || '%')
2026-10-06T11:49:19.3115751Z  2026-10-06 11:44:11.484 UTC [5548] ERROR:  relation "ops.setting" does not exist at character 121
2026-10-06T11:49:19.3116162Z  2026-10-06 11:44:11.484 UTC [5548] STATEMENT:  SELECT ops.setting.key, ops.setting.value_type, ops.setting.value, ops.setting.updated_by, ops.setting.updated_at 
2026-10-06T11:49:19.3116492Z  	FROM ops.setting 
2026-10-06T11:49:19.3116751Z  	WHERE ops.setting.deleted_at IS NULL AND (ops.setting.key LIKE $1::VARCHAR || '%' ESCAPE '/') ORDER BY ops.setting.key
2026-10-06T11:49:19.3117106Z  2026-10-06 11:44:11.513 UTC [5551] ERROR:  relation "gate.role_grant" does not exist at character 43
2026-10-06T11:49:19.3117398Z  2026-10-06 11:44:11.513 UTC [5551] STATEMENT:  SELECT gate.role_grant.principal_id 
2026-10-06T11:49:19.3117605Z  	FROM gate.role_grant 
2026-10-06T11:49:19.3117799Z  	WHERE gate.role_grant.role = $1::VARCHAR AND gate.role_grant.deleted_at IS NULL
2026-10-06T11:49:19.3118230Z  2026-10-06 11:44:11.525 UTC [5552] ERROR:  relation "ops.custom_connector" does not exist at character 71
2026-10-06T11:49:19.3118568Z  2026-10-06 11:44:11.525 UTC [5552] STATEMENT:  SELECT ops.custom_connector.name, ops.custom_connector.revision 
2026-10-06T11:49:19.3118825Z  	FROM ops.custom_connector 
2026-10-06T11:49:19.3118986Z  	WHERE ops.custom_connector.state = $1::VARCHAR
2026-10-06T11:49:19.3119237Z  2026-10-06 11:44:11.556 UTC [5553] ERROR:  relation "agent.tool_definition" does not exist at character 13
2026-10-06T11:49:19.3120577Z  2026-10-06 11:44:11.556 UTC [5553] STATEMENT:  INSERT INTO agent.tool_definition (name, source, entity, description, required_capability, side_effect, sensitive, sensitive_effect, result_contract, identity_mode) VALUES ($1::VARCHAR, $2::VARCHAR, $3::VARCHAR, $4::VARCHAR, $5::VARCHAR, $6::VARCHAR, $7, $8::VARCHAR, $9::VARCHAR, $10::VARCHAR) ON CONFLICT (name) DO UPDATE SET source = excluded.source, entity = excluded.entity, description = excluded.description, required_capability = excluded.required_capability, side_effect = excluded.side_effect, sensitive = excluded.sensitive, sensitive_effect = excluded.sensitive_effect, result_contract = excluded.result_contract, identity_mode = excluded.identity_mode, updated_at = now()
2026-10-06T11:49:19.3121913Z  2026-10-06 11:44:11.592 UTC [5555] ERROR:  relation "gate.capability_registry" does not exist at character 13
2026-10-06T11:49:19.3127432Z  2026-10-06 11:44:11.592 UTC [5555] STATEMENT:  INSERT INTO gate.capability_registry (capability, description) VALUES ($1::VARCHAR, $2::VARCHAR), ($3::VARCHAR, $4::VARCHAR), ($5::VARCHAR, $6::VARCHAR), ($7::VARCHAR, $8::VARCHAR), ($9::VARCHAR, $10::VARCHAR), ($11::VARCHAR, $12::VARCHAR), ($13::VARCHAR, $14::VARCHAR), ($15::VARCHAR, $16::VARCHAR), ($17::VARCHAR, $18::VARCHAR), ($19::VARCHAR, $20::VARCHAR), ($21::VARCHAR, $22::VARCHAR), ($23::VARCHAR, $24::VARCHAR), ($25::VARCHAR, $26::VARCHAR), ($27::VARCHAR, $28::VARCHAR), ($29::VARCHAR, $30::VARCHAR), ($31::VARCHAR, $32::VARCHAR), ($33::VARCHAR, $34::VARCHAR), ($35::VARCHAR, $36::VARCHAR), ($37::VARCHAR, $38::VARCHAR), ($39::VARCHAR, $40::VARCHAR), ($41::VARCHAR, $42::VARCHAR), ($43::VARCHAR, $44::VARCHAR), ($45::VARCHAR, $46::VARCHAR), ($47::VARCHAR, $48::VARCHAR), ($49::VARCHAR, $50::VARCHAR), ($51::VARCHAR, $52::VARCHAR), ($53::VARCHAR, $54::VARCHAR), ($55::VARCHAR, $56::VARCHAR), ($57::VARCHAR, $58::VARCHAR), ($59::VARCHAR, $60::VARCHAR), ($61::VARCHAR, $62::VARCHAR), ($63::VARCHAR, $64::VARCHAR), ($65::VARCHAR, $66::VARCHAR), ($67::VARCHAR, $68::VARCHAR), ($69::VARCHAR, $70::VARCHAR), ($71::VARCHAR, $72::VARCHAR), ($73::VARCHAR, $74::VARCHAR), ($75::VARCHAR, $76::VARCHAR), ($77::VARCHAR, $78::VARCHAR), ($79::VARCHAR, $80::VARCHAR), ($81::VARCHAR, $82::VARCHAR), ($83::VARCHAR, $84::VARCHAR), ($85::VARCHAR, $86::VARCHAR), ($87::VARCHAR, $88::VARCHAR), ($89::VARCHAR, $90::VARCHAR), ($91::VARCHAR, $92::VARCHAR), ($93::VARCHAR, $94::VARCHAR), ($95::VARCHAR, $96::VARCHAR), ($97::VARCHAR, $98::VARCHAR), ($99::VARCHAR, $100::VARCHAR), ($101::VARCHAR, $102::VARCHAR), ($103::VARCHAR, $104::VARCHAR), ($105::VARCHAR, $106::VARCHAR), ($107::VARCHAR, $108::VARCHAR), ($109::VARCHAR, $110::VARCHAR), ($111::VARCHAR, $112::VARCHAR), ($113::VARCHAR, $114::VARCHAR), ($115::VARCHAR, $116::VARCHAR), ($117::VARCHAR, $118::VARCHAR), ($119::VARCHAR, $120::VARCHAR), ($121::VARCHAR, $122::VARCHAR), ($123::VARCHAR, $124::VARCHAR), ($125::VARCHAR, $126::VARCHAR), ($127::VARCHAR, $128::VARCHAR), ($129::VARCHAR, $130::VARCHAR), ($131::VARCHAR, $132::VARCHAR), ($133::VARCHAR, $134::VARCHAR), ($135::VARCHAR, $136::VARCHAR), ($137::VARCHAR, $138::VARCHAR), ($139::VARCHAR, $140::VARCHAR), ($141::VARCHAR, $142::VARCHAR), ($143::VARCHAR, $144::VARCHAR), ($145::VARCHAR, $146::VARCHAR), ($147::VARCHAR, $148::VARCHAR), ($149::VARCHAR, $150::VARCHAR), ($151::VARCHAR, $152::VARCHAR), ($153::VARCHAR, $154::VARCHAR), ($155::VARCHAR, $156::VARCHAR), ($157::VARCHAR, $158::VARCHAR), ($159::VARCHAR, $160::VARCHAR), ($161::VARCHAR, $162::VARCHAR), ($163::VARCHAR, $164::VARCHAR), ($165::VARCHAR, $166::VARCHAR), ($167::VARCHAR, $168::VARCHAR), ($169::VARCHAR, $170::VARCHAR), ($171::VARCHAR, $172::VARCHAR), ($173::VARCHAR, $174::VARCHAR), ($175::VARCHAR, $176::VARCHAR), ($177::VARCHAR, $178::VARCHAR), ($179::VARCHAR, $180::VARCHAR), ($181::VARCHAR, $182::VARCHAR), ($183::VARCHAR, $184::VARCHAR), ($185::VARCHAR, $186::VARCHAR), ($187::VARCHAR, $188::VARCHAR), ($189::VARCHAR, $190::VARCHAR), ($191::VARCHAR, $192::VARCHAR), ($193::VARCHAR, $194::VARCHAR), ($195::VARCHAR, $196::VARCHAR), ($197::VARCHAR, $198::VARCHAR), ($199::VARCHAR, $200::VARCHAR), ($201::VARCHAR, $202::VARCHAR), ($203::VARCHAR, $204::VARCHAR), ($205::VARCHAR, $206::VARCHAR), ($207::VARCHAR, $208::VARCHAR), ($209::VARCHAR, $210::VARCHAR), ($211::VARCHAR, $212::VARCHAR), ($213::VARCHAR, $214::VARCHAR), ($215::VARCHAR, $216::VARCHAR), ($217::VARCHAR, $218::VARCHAR), ($219::VARCHAR, $220::VARCHAR), ($221::VARCHAR, $222::VARCHAR), ($223::VARCHAR, $224::VARCHAR), ($225::VARCHAR, $226::VARCHAR), ($227::VARCHAR, $228::VARCHAR), ($229::VARCHAR, $230::VARCHAR), ($231::VARCHAR, $232::VARCHAR), ($233::VARCHAR, $234::VARCHAR), ($235::VARCHAR, $236::VARCHAR), ($237::VARCHAR, $238::VARCHAR), ($239::VARCHAR, $240::VARCHAR), ($241::VARCHAR, $242::VARCHAR), ($243::VARCHAR, $244::VARCHAR), ($245::VARCHAR, $246::VARCHAR), ($247::VARCHAR, $248::VARCHAR), ($249::VARCHAR, $250::VARCHAR), ($251::VARCHAR, $252::VARCHAR), ($253::VARCHAR, $254::VARCHAR) ON CONFLICT (capability) WHERE deleted_at IS NULL DO NOTHING RETURNING gate.capability_registry.capability
2026-10-06T11:49:19.3133162Z  2026-10-06 11:44:11.602 UTC [5556] ERROR:  relation "gate.fast_path_rule" does not exist at character 415
2026-10-06T11:49:19.3134040Z  2026-10-06 11:44:11.602 UTC [5556] STATEMENT:  SELECT gate.fast_path_rule.rule_id, gate.fast_path_rule.template, gate.fast_path_rule.slot, gate.fast_path_rule.source, gate.fast_path_rule.entity, gate.fast_path_rule.match_field, gate.fast_path_rule.answer_field, gate.fast_path_rule.created_by, gate.fast_path_rule.department, gate.fast_path_rule.learned_from, gate.fast_path_rule.created_at, gate.fast_path_rule.updated_at, gate.fast_path_rule.deleted_at 
2026-10-06T11:49:19.3134826Z  	FROM gate.fast_path_rule 
2026-10-06T11:49:19.3135101Z  	WHERE gate.fast_path_rule.deleted_at IS NULL AND gate.fast_path_rule.department IS NULL ORDER BY gate.fast_path_rule.rule_id
2026-10-06T11:49:19.3135476Z  2026-10-06 11:44:12.277 UTC [5568] ERROR:  relation "ops.custom_connector" does not exist at character 71
2026-10-06T11:49:19.3135895Z  2026-10-06 11:44:12.277 UTC [5568] STATEMENT:  SELECT ops.custom_connector.name, ops.custom_connector.revision 
2026-10-06T11:49:19.3136148Z  	FROM ops.custom_connector 
2026-10-06T11:49:19.3136410Z  	WHERE ops.custom_connector.state = $1::VARCHAR
2026-10-06T11:49:19.3136648Z  2026-10-06 11:44:12.285 UTC [5569] ERROR:  relation "ops.halt" does not exist at character 155
2026-10-06T11:49:19.3137108Z  2026-10-06 11:44:12.285 UTC [5569] STATEMENT:  SELECT DISTINCT ON (ops.halt.scope, ops.halt.target) ops.halt.scope, ops.halt.target, ops.halt.act, ops.halt.actor_id, ops.halt.reason, ops.halt.at 
2026-10-06T11:49:19.3137548Z  	FROM ops.halt ORDER BY ops.halt.scope, ops.halt.target, ops.halt.at DESC
2026-10-06T11:49:19.3137837Z  2026-10-06 11:44:12.340 UTC [5572] ERROR:  relation "obs.application_log" does not exist at character 13
2026-10-06T11:49:19.3138569Z  2026-10-06 11:44:12.340 UTC [5572] STATEMENT:  INSERT INTO obs.application_log (at, last_at, level, event, origin, repeats, fields) VALUES ($1::TIMESTAMP WITH TIME ZONE, $2::TIMESTAMP WITH TIME ZONE, $3::VARCHAR, $4::VARCHAR, $5::VARCHAR, $6::INTEGER, $7::JSONB) RETURNING obs.application_log.id
2026-10-06T11:49:19.3139136Z  2026-10-06 11:44:12.348 UTC [73] LOG:  checkpoint starting: immediate force wait
2026-10-06T11:49:19.3139721Z  2026-10-06 11:44:12.350 UTC [73] LOG:  checkpoint complete: wrote 11 buffers (0.1%), wrote 1 SLRU buffers; 0 WAL file(s) added, 0 removed, 0 recycled; write=0.001 s, sync=0.001 s, total=0.003 s; sync files=8, longest=0.001 s, average=0.001 s; distance=5273 kB, estimate=13363 kB; lsn=0/3EE1FBF0, redo lsn=0/3EE1FB98
2026-10-06T11:49:19.3140284Z  2026-10-06 11:44:13.977 UTC [5645] FATAL:  role "root" does not exist
2026-10-06T11:49:19.3140520Z  2026-10-06 11:44:17.015 UTC [73] LOG:  checkpoint starting: immediate force wait
2026-10-06T11:49:19.3141100Z  2026-10-06 11:44:17.018 UTC [73] LOG:  checkpoint complete: wrote 36 buffers (0.2%), wrote 1 SLRU buffers; 0 WAL file(s) added, 0 removed, 1 recycled; write=0.001 s, sync=0.001 s, total=0.004 s; sync files=16, longest=0.001 s, average=0.001 s; distance=13128 kB, estimate=13340 kB; lsn=0/3FAF1D80, redo lsn=0/3FAF1D28
2026-10-06T11:49:19.3141765Z  2026-10-06 11:44:18.603 UTC [5707] ERROR:  new row for relation "audit_entry" violates check constraint "ck_audit_entry_ent_hash_shape"
2026-10-06T11:49:19.3142119Z  2026-10-06 11:44:18.603 UTC [5707] CONTEXT:  SQL statement "MERGE INTO obs.audit_entry AS t
2026-10-06T11:49:19.3142344Z  	        USING (SELECT v_seq AS seq) AS s
2026-10-06T11:49:19.3142502Z  	           ON t.seq = s.seq
2026-10-06T11:49:19.3142648Z  	        WHEN NOT MATCHED THEN
2026-10-06T11:49:19.3142836Z  	            INSERT (seq, at, actor_id, action, subject, ent_hash, trace_id,
2026-10-06T11:49:19.3143047Z  	                    details, prev_hash, entry_hash)
2026-10-06T11:49:19.3143240Z  	            VALUES (v_seq, v_at, v_actor, 'setting', v_subject,
2026-10-06T11:49:19.3143446Z  	                    v_ent_hash, v_trace, v_details, v_prev, v_entry)"
2026-10-06T11:49:19.3143684Z  	PL/pgSQL function ops.record_budget_version() line 38 at SQL statement
2026-10-06T11:49:19.3144411Z  2026-10-06 11:44:18.603 UTC [5707] STATEMENT:  INSERT INTO ops.budget_version (level, subject, period, ceiling_minor, version, author, effective_from, reason, alert_fractions) VALUES ($1::VARCHAR, $2::VARCHAR, $3::VARCHAR, $4::BIGINT, $5::INTEGER, $6::VARCHAR, $7::TIMESTAMP WITH TIME ZONE, $8::VARCHAR, $9::DOUBLE PRECISION[]) RETURNING ops.budget_version.id, ops.budget_version.recorded_at
2026-10-06T11:49:19.3145133Z  2026-10-06 11:44:18.616 UTC [73] LOG:  checkpoint starting: immediate force wait
2026-10-06T11:49:19.3145716Z  2026-10-06 11:44:18.619 UTC [73] LOG:  checkpoint complete: wrote 26 buffers (0.2%), wrote 1 SLRU buffers; 0 WAL file(s) added, 0 removed, 1 recycled; write=0.001 s, sync=0.001 s, total=0.003 s; sync files=10, longest=0.001 s, average=0.001 s; distance=13035 kB, estimate=13309 kB; lsn=0/407ACC60, redo lsn=0/407ACC08
2026-10-06T11:49:19.3146278Z  2026-10-06 11:44:19.023 UTC [5716] FATAL:  role "root" does not exist
2026-10-06T11:49:19.3146692Z  2026-10-06 11:44:20.482 UTC [5728] ERROR:  new row for relation "audit_entry" violates check constraint "ck_audit_entry_ent_hash_shape"
2026-10-06T11:49:19.3147127Z  2026-10-06 11:44:20.482 UTC [5728] CONTEXT:  SQL statement "MERGE INTO obs.audit_entry AS t
2026-10-06T11:49:19.3147352Z  	        USING (SELECT v_seq AS seq) AS s
2026-10-06T11:49:19.3147507Z  	           ON t.seq = s.seq
2026-10-06T11:49:19.3147645Z  	        WHEN NOT MATCHED THEN
2026-10-06T11:49:19.3147832Z  	            INSERT (seq, at, actor_id, action, subject, ent_hash, trace_id,
2026-10-06T11:49:19.3148177Z  	                    details, prev_hash, entry_hash)
2026-10-06T11:49:19.3148366Z  	            VALUES (v_seq, v_at, v_actor, 'setting', v_subject,
2026-10-06T11:49:19.3148570Z  	                    v_ent_hash, v_trace, v_details, v_prev, v_entry)"
2026-10-06T11:49:19.3148798Z  	PL/pgSQL function ops.record_budget_version() line 38 at SQL statement
2026-10-06T11:49:19.3149525Z  2026-10-06 11:44:20.482 UTC [5728] STATEMENT:  INSERT INTO ops.budget_version (level, subject, period, ceiling_minor, version, author, effective_from, reason, alert_fractions) VALUES ($1::VARCHAR, $2::VARCHAR, $3::VARCHAR, $4::BIGINT, $5::INTEGER, $6::VARCHAR, $7::TIMESTAMP WITH TIME ZONE, $8::VARCHAR, $9::DOUBLE PRECISION[]) RETURNING ops.budget_version.id, ops.budget_version.recorded_at
2026-10-06T11:49:19.3150247Z  2026-10-06 11:44:20.490 UTC [73] LOG:  checkpoint starting: immediate force wait
2026-10-06T11:49:19.3150826Z  2026-10-06 11:44:20.493 UTC [73] LOG:  checkpoint complete: wrote 23 buffers (0.1%), wrote 1 SLRU buffers; 0 WAL file(s) added, 0 removed, 1 recycled; write=0.001 s, sync=0.001 s, total=0.003 s; sync files=9, longest=0.001 s, average=0.001 s; distance=13029 kB, estimate=13281 kB; lsn=0/41466198, redo lsn=0/41466140
2026-10-06T11:49:19.3151423Z  2026-10-06 11:44:21.415 UTC [5748] ERROR:  ops.budget_version is append-only; UPDATE is refused
2026-10-06T11:49:19.3151754Z  2026-10-06 11:44:21.415 UTC [5748] HINT:  a ceiling is changed by appending its next version, never by editing one
2026-10-06T11:49:19.3152114Z  2026-10-06 11:44:21.415 UTC [5748] CONTEXT:  PL/pgSQL function ops.budget_version_is_append_only() line 3 at RAISE
2026-10-06T11:49:19.3152492Z  2026-10-06 11:44:21.415 UTC [5748] STATEMENT:  UPDATE ops.budget_version SET ceiling_minor = 1 WHERE subject = 'dept_sealed'
2026-10-06T11:49:19.3152836Z  2026-10-06 11:44:21.416 UTC [5748] ERROR:  ops.budget_version is append-only; DELETE is refused
2026-10-06T11:49:19.3153154Z  2026-10-06 11:44:21.416 UTC [5748] HINT:  a ceiling is changed by appending its next version, never by editing one
2026-10-06T11:49:19.3153507Z  2026-10-06 11:44:21.416 UTC [5748] CONTEXT:  PL/pgSQL function ops.budget_version_is_append_only() line 3 at RAISE
2026-10-06T11:49:19.3153854Z  2026-10-06 11:44:21.416 UTC [5748] STATEMENT:  DELETE FROM ops.budget_version WHERE subject = 'dept_sealed'
2026-10-06T11:49:19.3154170Z  2026-10-06 11:44:21.416 UTC [5748] ERROR:  ops.budget_version is append-only; TRUNCATE is refused
2026-10-06T11:49:19.3154493Z  2026-10-06 11:44:21.416 UTC [5748] HINT:  a ceiling is changed by appending its next version, never by editing one
2026-10-06T11:49:19.3154845Z  2026-10-06 11:44:21.416 UTC [5748] CONTEXT:  PL/pgSQL function ops.budget_version_is_append_only() line 3 at RAISE
2026-10-06T11:49:19.3155145Z  2026-10-06 11:44:21.416 UTC [5748] STATEMENT:  TRUNCATE ops.budget_version
2026-10-06T11:49:19.3155396Z  2026-10-06 11:44:21.422 UTC [5749] ERROR:  permission denied for table budget_version
2026-10-06T11:49:19.3155720Z  2026-10-06 11:44:21.422 UTC [5749] STATEMENT:  UPDATE ops.budget_version SET ceiling_minor = 1 WHERE subject = 'dept_sealed'
2026-10-06T11:49:19.3156044Z  2026-10-06 11:44:21.435 UTC [5751] ERROR:  the first version of a ceiling is 1, not 2
2026-10-06T11:49:19.3156359Z  2026-10-06 11:44:21.435 UTC [5751] CONTEXT:  PL/pgSQL function ops.budget_version_follows_the_last() line 13 at RAISE
2026-10-06T11:49:19.3156969Z  2026-10-06 11:44:21.435 UTC [5751] STATEMENT:  INSERT INTO ops.budget_version (level, subject, period, ceiling_minor, version, author, effective_from) VALUES ('department', $1, 'month', 1000, $2, 'u_rupash', $3)
2026-10-06T11:49:19.3157507Z  2026-10-06 11:44:21.448 UTC [5753] ERROR:  version 3 does not follow version 1
2026-10-06T11:49:19.3157812Z  2026-10-06 11:44:21.448 UTC [5753] CONTEXT:  PL/pgSQL function ops.budget_version_follows_the_last() line 18 at RAISE
2026-10-06T11:49:19.3158448Z  2026-10-06 11:44:21.448 UTC [5753] STATEMENT:  INSERT INTO ops.budget_version (level, subject, period, ceiling_minor, version, author, effective_from) VALUES ('department', $1, 'month', 1000, $2, 'u_rupash', $3)
2026-10-06T11:49:19.3158933Z  2026-10-06 11:44:21.455 UTC [5754] ERROR:  version 2 takes effect no later than the version before it
2026-10-06T11:49:19.3159238Z  2026-10-06 11:44:21.455 UTC [5754] HINT:  two versions effective at one instant cannot be ordered
2026-10-06T11:49:19.3159567Z  2026-10-06 11:44:21.455 UTC [5754] CONTEXT:  PL/pgSQL function ops.budget_version_follows_the_last() line 23 at RAISE
2026-10-06T11:49:19.3160078Z  2026-10-06 11:44:21.455 UTC [5754] STATEMENT:  INSERT INTO ops.budget_version (level, subject, period, ceiling_minor, version, author, effective_from) VALUES ('department', $1, 'month', 1000, $2, 'u_rupash', $3)
2026-10-06T11:49:19.3160629Z  2026-10-06 11:44:22.003 UTC [5759] ERROR:  duplicate key value violates unique constraint "uq_budget_version_level_subject_period_version"
2026-10-06T11:49:19.3161051Z  2026-10-06 11:44:22.003 UTC [5759] DETAIL:  Key (level, subject, period, version)=(department, dept_race, month, 2) already exists.
2026-10-06T11:49:19.3161846Z  2026-10-06 11:44:22.003 UTC [5759] STATEMENT:  INSERT INTO ops.budget_version (level, subject, period, ceiling_minor, version, author, effective_from, reason, alert_fractions) VALUES ($1::VARCHAR, $2::VARCHAR, $3::VARCHAR, $4::BIGINT, $5::INTEGER, $6::VARCHAR, $7::TIMESTAMP WITH TIME ZONE, $8::VARCHAR, $9::DOUBLE PRECISION[]) RETURNING ops.budget_version.id, ops.budget_version.recorded_at
2026-10-06T11:49:19.3162560Z  2026-10-06 11:44:22.135 UTC [73] LOG:  checkpoint starting: immediate force wait
2026-10-06T11:49:19.3163146Z  2026-10-06 11:44:22.211 UTC [73] LOG:  checkpoint complete: wrote 983 buffers (6.0%), wrote 1 SLRU buffers; 0 WAL file(s) added, 0 removed, 0 recycled; write=0.063 s, sync=0.013 s, total=0.077 s; sync files=330, longest=0.009 s, average=0.001 s; distance=9018 kB, estimate=12855 kB; lsn=0/41D34BA8, redo lsn=0/41D34B50
2026-10-06T11:49:19.3163725Z  2026-10-06 11:44:22.604 UTC [73] LOG:  checkpoint starting: immediate force wait
2026-10-06T11:49:19.3164294Z  2026-10-06 11:44:22.610 UTC [73] LOG:  checkpoint complete: wrote 6 buffers (0.0%), wrote 1 SLRU buffers; 0 WAL file(s) added, 0 removed, 1 recycled; write=0.001 s, sync=0.001 s, total=0.006 s; sync files=7, longest=0.001 s, average=0.001 s; distance=4679 kB, estimate=12037 kB; lsn=0/421C6968, redo lsn=0/421C6910
2026-10-06T11:49:19.3164867Z  2026-10-06 11:44:22.622 UTC [73] LOG:  checkpoint starting: immediate force wait
2026-10-06T11:49:19.3165426Z  2026-10-06 11:44:22.624 UTC [73] LOG:  checkpoint complete: wrote 3 buffers (0.0%), wrote 1 SLRU buffers; 0 WAL file(s) added, 0 removed, 0 recycled; write=0.001 s, sync=0.001 s, total=0.003 s; sync files=3, longest=0.001 s, average=0.001 s; distance=18 kB, estimate=10835 kB; lsn=0/421CB3D0, redo lsn=0/421CB378
2026-10-06T11:49:19.3165998Z  2026-10-06 11:44:23.524 UTC [73] LOG:  checkpoint starting: immediate force wait
2026-10-06T11:49:19.3166566Z  2026-10-06 11:44:23.526 UTC [73] LOG:  checkpoint complete: wrote 6 buffers (0.0%), wrote 1 SLRU buffers; 0 WAL file(s) added, 0 removed, 0 recycled; write=0.001 s, sync=0.001 s, total=0.003 s; sync files=7, longest=0.001 s, average=0.001 s; distance=5283 kB, estimate=10280 kB; lsn=0/426F4268, redo lsn=0/426F4210
2026-10-06T11:49:19.3167129Z  2026-10-06 11:44:24.065 UTC [73] LOG:  checkpoint starting: immediate force wait
2026-10-06T11:49:19.3167779Z  2026-10-06 11:44:24.067 UTC [73] LOG:  checkpoint complete: wrote 10 buffers (0.1%), wrote 1 SLRU buffers; 0 WAL file(s) added, 0 removed, 0 recycled; write=0.001 s, sync=0.001 s, total=0.003 s; sync files=8, longest=0.001 s, average=0.001 s; distance=5355 kB, estimate=9788 kB; lsn=0/42C2EE68, redo lsn=0/42C2EE10
2026-10-06T11:49:19.3168561Z  2026-10-06 11:44:24.072 UTC [5837] FATAL:  role "root" does not exist
2026-10-06T11:49:19.3168789Z  2026-10-06 11:44:24.756 UTC [73] LOG:  checkpoint starting: immediate force wait
2026-10-06T11:49:19.3169353Z  2026-10-06 11:44:24.759 UTC [73] LOG:  checkpoint complete: wrote 6 buffers (0.0%), wrote 1 SLRU buffers; 0 WAL file(s) added, 0 removed, 1 recycled; write=0.001 s, sync=0.001 s, total=0.003 s; sync files=7, longest=0.001 s, average=0.001 s; distance=4585 kB, estimate=9267 kB; lsn=0/430A9438, redo lsn=0/430A93E0
2026-10-06T11:49:19.3169906Z  2026-10-06 11:44:29.125 UTC [6039] FATAL:  role "root" does not exist
2026-10-06T11:49:19.3170135Z  2026-10-06 11:44:30.297 UTC [73] LOG:  checkpoint starting: immediate force wait
2026-10-06T11:49:19.3170708Z  2026-10-06 11:44:30.299 UTC [73] LOG:  checkpoint complete: wrote 13 buffers (0.1%), wrote 1 SLRU buffers; 0 WAL file(s) added, 0 removed, 0 recycled; write=0.001 s, sync=0.001 s, total=0.003 s; sync files=12, longest=0.001 s, average=0.001 s; distance=4684 kB, estimate=8809 kB; lsn=0/4353C5A0, redo lsn=0/4353C548
2026-10-06T11:49:19.3171268Z  2026-10-06 11:44:34.174 UTC [6213] FATAL:  role "root" does not exist
2026-10-06T11:49:19.3171482Z  2026-10-06 11:44:39.224 UTC [6366] FATAL:  role "root" does not exist
2026-10-06T11:49:19.3171708Z  2026-10-06 11:44:40.574 UTC [73] LOG:  checkpoint starting: immediate force wait
2026-10-06T11:49:19.3172277Z  2026-10-06 11:44:40.577 UTC [73] LOG:  checkpoint complete: wrote 59 buffers (0.4%), wrote 1 SLRU buffers; 0 WAL file(s) added, 0 removed, 1 recycled; write=0.001 s, sync=0.001 s, total=0.004 s; sync files=20, longest=0.001 s, average=0.001 s; distance=13370 kB, estimate=13370 kB; lsn=0/4424B110, redo lsn=0/4424B0B8
2026-10-06T11:49:19.3172845Z  2026-10-06 11:44:41.889 UTC [73] LOG:  checkpoint starting: immediate force wait
2026-10-06T11:49:19.3173421Z  2026-10-06 11:44:41.892 UTC [73] LOG:  checkpoint complete: wrote 26 buffers (0.2%), wrote 1 SLRU buffers; 0 WAL file(s) added, 0 removed, 0 recycled; write=0.001 s, sync=0.001 s, total=0.003 s; sync files=11, longest=0.001 s, average=0.001 s; distance=13051 kB, estimate=13338 kB; lsn=0/44F09E40, redo lsn=0/44F09DE8
2026-10-06T11:49:19.3174173Z  2026-10-06 11:44:43.135 UTC [6419] ERROR:  new row for relation "data_export" violates check constraint "ck_data_export_the_window_is_contiguous"
2026-10-06T11:49:19.3174860Z  2026-10-06 11:44:43.135 UTC [6419] DETAIL:  Failing row contains (cac572b1-7582-4cd4-9148-c31517636c59, audit_trail, u_exporter, regulatory_request, MATTER-1, 2026-10-06 11:44:43.135113+00, 10, 15, 3, t, dddddddddddddddddddddddddddddddddddddddddddddddddddddddddddddddd, chain).
2026-10-06T11:49:19.3175753Z  2026-10-06 11:44:43.135 UTC [6419] STATEMENT:  INSERT INTO ops.data_export (data_set, requested_by, reason, reason_reference, form, first_seq, last_seq, entries, verified, document_digest) VALUES ('audit_trail', 'u_exporter', 'regulatory_request', 'MATTER-1', $1, $2, $3, $4, $5, $6)
2026-10-06T11:49:19.3176437Z  2026-10-06 11:44:43.141 UTC [6420] ERROR:  new row for relation "data_export" violates check constraint "ck_data_export_a_window_names_both_ends_or_neither"
2026-10-06T11:49:19.3177142Z  2026-10-06 11:44:43.141 UTC [6420] DETAIL:  Failing row contains (23d433aa-44b4-49a0-85cb-52be69eac711, audit_trail, u_exporter, regulatory_request, MATTER-1, 2026-10-06 11:44:43.140476+00, null, null, 3, t, dddddddddddddddddddddddddddddddddddddddddddddddddddddddddddddddd, chain).
2026-10-06T11:49:19.3178141Z  2026-10-06 11:44:43.141 UTC [6420] STATEMENT:  INSERT INTO ops.data_export (data_set, requested_by, reason, reason_reference, form, first_seq, last_seq, entries, verified, document_digest) VALUES ('audit_trail', 'u_exporter', 'regulatory_request', 'MATTER-1', $1, $2, $3, $4, $5, $6)
2026-10-06T11:49:19.3178920Z  2026-10-06 11:44:43.146 UTC [6421] ERROR:  new row for relation "data_export" violates check constraint "ck_data_export_a_readable_export_names_no_window"
2026-10-06T11:49:19.3179697Z  2026-10-06 11:44:43.146 UTC [6421] DETAIL:  Failing row contains (2d165bb1-8151-453f-927c-b7d6841f57ac, audit_trail, u_exporter, regulatory_request, MATTER-1, 2026-10-06 11:44:43.145522+00, 10, 15, 3, null, dddddddddddddddddddddddddddddddddddddddddddddddddddddddddddddddd, readable).
2026-10-06T11:49:19.3180590Z  2026-10-06 11:44:43.146 UTC [6421] STATEMENT:  INSERT INTO ops.data_export (data_set, requested_by, reason, reason_reference, form, first_seq, last_seq, entries, verified, document_digest) VALUES ('audit_trail', 'u_exporter', 'regulatory_request', 'MATTER-1', $1, $2, $3, $4, $5, $6)
2026-10-06T11:49:19.3181270Z  2026-10-06 11:44:43.151 UTC [6422] ERROR:  new row for relation "data_export" violates check constraint "ck_data_export_only_a_chain_says_whether_it_verified"
2026-10-06T11:49:19.3181989Z  2026-10-06 11:44:43.151 UTC [6422] DETAIL:  Failing row contains (16e1e456-4cc4-41ea-a1ba-ad49bb7974e4, audit_trail, u_exporter, regulatory_request, MATTER-1, 2026-10-06 11:44:43.150586+00, null, null, 3, f, dddddddddddddddddddddddddddddddddddddddddddddddddddddddddddddddd, readable).
2026-10-06T11:49:19.3182893Z  2026-10-06 11:44:43.151 UTC [6422] STATEMENT:  INSERT INTO ops.data_export (data_set, requested_by, reason, reason_reference, form, first_seq, last_seq, entries, verified, document_digest) VALUES ('audit_trail', 'u_exporter', 'regulatory_request', 'MATTER-1', $1, $2, $3, $4, $5, $6)
2026-10-06T11:49:19.3183581Z  2026-10-06 11:44:43.156 UTC [6423] ERROR:  new row for relation "data_export" violates check constraint "ck_data_export_only_a_chain_says_whether_it_verified"
2026-10-06T11:49:19.3184281Z  2026-10-06 11:44:43.156 UTC [6423] DETAIL:  Failing row contains (18fb4744-a631-4e91-93b0-8a70e3ad1f14, audit_trail, u_exporter, regulatory_request, MATTER-1, 2026-10-06 11:44:43.155533+00, 10, 12, 3, null, dddddddddddddddddddddddddddddddddddddddddddddddddddddddddddddddd, chain).
2026-10-06T11:49:19.3185282Z  2026-10-06 11:44:43.156 UTC [6423] STATEMENT:  INSERT INTO ops.data_export (data_set, requested_by, reason, reason_reference, form, first_seq, last_seq, entries, verified, document_digest) VALUES ('audit_trail', 'u_exporter', 'regulatory_request', 'MATTER-1', $1, $2, $3, $4, $5, $6)
2026-10-06T11:49:19.3185927Z  2026-10-06 11:44:43.161 UTC [6424] ERROR:  new row for relation "data_export" violates check constraint "ck_data_export_form"
2026-10-06T11:49:19.3186673Z  2026-10-06 11:44:43.161 UTC [6424] DETAIL:  Failing row contains (0997c743-e37a-46f3-9d3e-c32b325fcb4c, audit_trail, u_exporter, regulatory_request, MATTER-1, 2026-10-06 11:44:43.160538+00, null, null, 3, null, dddddddddddddddddddddddddddddddddddddddddddddddddddddddddddddddd, sample).
2026-10-06T11:49:19.3187792Z  2026-10-06 11:44:43.161 UTC [6424] STATEMENT:  INSERT INTO ops.data_export (data_set, requested_by, reason, reason_reference, form, first_seq, last_seq, entries, verified, document_digest) VALUES ('audit_trail', 'u_exporter', 'regulatory_request', 'MATTER-1', $1, $2, $3, $4, $5, $6)
2026-10-06T11:49:19.3188531Z  2026-10-06 11:44:43.166 UTC [73] LOG:  checkpoint starting: immediate force wait
2026-10-06T11:49:19.3189208Z  2026-10-06 11:44:43.169 UTC [73] LOG:  checkpoint complete: wrote 27 buffers (0.2%), wrote 1 SLRU buffers; 0 WAL file(s) added, 0 removed, 1 recycled; write=0.001 s, sync=0.001 s, total=0.003 s; sync files=10, longest=0.001 s, average=0.001 s; distance=13066 kB, estimate=13311 kB; lsn=0/45BCC940, redo lsn=0/45BCC8E8
2026-10-06T11:49:19.3189771Z  2026-10-06 11:44:44.273 UTC [6443] FATAL:  role "root" does not exist
2026-10-06T11:49:19.3190008Z  2026-10-06 11:44:44.509 UTC [73] LOG:  checkpoint starting: immediate force wait
2026-10-06T11:49:19.3190671Z  2026-10-06 11:44:44.512 UTC [73] LOG:  checkpoint complete: wrote 19 buffers (0.1%), wrote 1 SLRU buffers; 0 WAL file(s) added, 0 removed, 1 recycled; write=0.001 s, sync=0.001 s, total=0.003 s; sync files=8, longest=0.001 s, average=0.001 s; distance=13022 kB, estimate=13282 kB; lsn=0/46884390, redo lsn=0/46884338
2026-10-06T11:49:19.3191308Z  2026-10-06 11:44:49.319 UTC [6473] FATAL:  role "root" does not exist
2026-10-06T11:49:19.3191541Z  2026-10-06 11:44:51.259 UTC [73] LOG:  checkpoint starting: immediate force wait
2026-10-06T11:49:19.3192112Z  2026-10-06 11:44:51.262 UTC [73] LOG:  checkpoint complete: wrote 20 buffers (0.1%), wrote 1 SLRU buffers; 0 WAL file(s) added, 0 removed, 1 recycled; write=0.001 s, sync=0.001 s, total=0.003 s; sync files=9, longest=0.001 s, average=0.001 s; distance=13015 kB, estimate=13256 kB; lsn=0/4753A0A8, redo lsn=0/4753A050
2026-10-06T11:49:19.3192698Z  2026-10-06 11:44:51.394 UTC [6495] ERROR:  permission denied to set role "postgres"
2026-10-06T11:49:19.3192945Z  2026-10-06 11:44:51.394 UTC [6495] STATEMENT:  SET ROLE "postgres"
2026-10-06T11:49:19.3193179Z  2026-10-06 11:44:51.427 UTC [73] LOG:  checkpoint starting: immediate force wait
2026-10-06T11:49:19.3193753Z  2026-10-06 11:44:51.429 UTC [73] LOG:  checkpoint complete: wrote 16 buffers (0.1%), wrote 1 SLRU buffers; 0 WAL file(s) added, 0 removed, 0 recycled; write=0.001 s, sync=0.001 s, total=0.003 s; sync files=15, longest=0.001 s, average=0.001 s; distance=4397 kB, estimate=12370 kB; lsn=0/47985660, redo lsn=0/47985608
2026-10-06T11:49:19.3194330Z  2026-10-06 11:44:52.669 UTC [73] LOG:  checkpoint starting: immediate force wait
2026-10-06T11:49:19.3194906Z  2026-10-06 11:44:52.671 UTC [73] LOG:  checkpoint complete: wrote 20 buffers (0.1%), wrote 1 SLRU buffers; 0 WAL file(s) added, 0 removed, 1 recycled; write=0.001 s, sync=0.001 s, total=0.003 s; sync files=10, longest=0.001 s, average=0.001 s; distance=12999 kB, estimate=12999 kB; lsn=0/486374E8, redo lsn=0/48637490
2026-10-06T11:49:19.3195506Z  2026-10-06 11:44:53.859 UTC [6526] ERROR:  a deny reason is one of DenyReason, not felt_like_it
2026-10-06T11:49:19.3195838Z  2026-10-06 11:44:53.859 UTC [6526] CONTEXT:  PL/pgSQL function gate.record_denial(text,text,text) line 15 at RAISE
2026-10-06T11:49:19.3196223Z  2026-10-06 11:44:53.859 UTC [6526] STATEMENT:  SELECT gate.record_denial('entity:price_list', 'read:price_list', 'felt_like_it')
2026-10-06T11:49:19.3196549Z  2026-10-06 11:44:53.865 UTC [73] LOG:  checkpoint starting: immediate force wait
2026-10-06T11:49:19.3197129Z  2026-10-06 11:44:53.869 UTC [73] LOG:  checkpoint complete: wrote 76 buffers (0.5%), wrote 1 SLRU buffers; 0 WAL file(s) added, 0 removed, 1 recycled; write=0.001 s, sync=0.001 s, total=0.004 s; sync files=11, longest=0.001 s, average=0.001 s; distance=13370 kB, estimate=13370 kB; lsn=0/49345F18, redo lsn=0/49345EC0
2026-10-06T11:49:19.3197694Z  2026-10-06 11:44:54.377 UTC [6545] FATAL:  role "root" does not exist
2026-10-06T11:49:19.3197923Z  2026-10-06 11:44:55.073 UTC [73] LOG:  checkpoint starting: immediate force wait
2026-10-06T11:49:19.3198639Z  2026-10-06 11:44:55.076 UTC [73] LOG:  checkpoint complete: wrote 22 buffers (0.1%), wrote 1 SLRU buffers; 0 WAL file(s) added, 0 removed, 0 recycled; write=0.001 s, sync=0.001 s, total=0.003 s; sync files=10, longest=0.001 s, average=0.001 s; distance=13032 kB, estimate=13336 kB; lsn=0/49FFFF18, redo lsn=0/49FFFEC0
2026-10-06T11:49:19.3199217Z  2026-10-06 11:44:56.411 UTC [73] LOG:  checkpoint starting: immediate force wait
2026-10-06T11:49:19.3199792Z  2026-10-06 11:44:56.414 UTC [73] LOG:  checkpoint complete: wrote 24 buffers (0.1%), wrote 1 SLRU buffers; 0 WAL file(s) added, 0 removed, 1 recycled; write=0.001 s, sync=0.001 s, total=0.003 s; sync files=10, longest=0.001 s, average=0.001 s; distance=13031 kB, estimate=13306 kB; lsn=0/4ACB9DD8, redo lsn=0/4ACB9D80
2026-10-06T11:49:19.3200400Z  2026-10-06 11:44:57.791 UTC [73] LOG:  checkpoint starting: immediate force wait
2026-10-06T11:49:19.3201080Z  2026-10-06 11:44:57.793 UTC [73] LOG:  checkpoint complete: wrote 22 buffers (0.1%), wrote 1 SLRU buffers; 0 WAL file(s) added, 0 removed, 1 recycled; write=0.001 s, sync=0.001 s, total=0.003 s; sync files=10, longest=0.001 s, average=0.001 s; distance=13033 kB, estimate=13278 kB; lsn=0/4B974538, redo lsn=0/4B9744E0
2026-10-06T11:49:19.3201746Z  2026-10-06 11:44:59.064 UTC [73] LOG:  checkpoint starting: immediate force wait
2026-10-06T11:49:19.3202341Z  2026-10-06 11:44:59.067 UTC [73] LOG:  checkpoint complete: wrote 28 buffers (0.2%), wrote 1 SLRU buffers; 0 WAL file(s) added, 0 removed, 1 recycled; write=0.001 s, sync=0.001 s, total=0.003 s; sync files=11, longest=0.001 s, average=0.001 s; distance=13056 kB, estimate=13256 kB; lsn=0/4C634590, redo lsn=0/4C634538
2026-10-06T11:49:19.3202929Z  2026-10-06 11:44:59.427 UTC [6618] FATAL:  role "root" does not exist
2026-10-06T11:49:19.3203162Z  2026-10-06 11:45:00.392 UTC [73] LOG:  checkpoint starting: immediate force wait
2026-10-06T11:49:19.3203742Z  2026-10-06 11:45:00.394 UTC [73] LOG:  checkpoint complete: wrote 25 buffers (0.2%), wrote 1 SLRU buffers; 0 WAL file(s) added, 0 removed, 1 recycled; write=0.001 s, sync=0.001 s, total=0.003 s; sync files=9, longest=0.001 s, average=0.001 s; distance=13054 kB, estimate=13236 kB; lsn=0/4D2F3E38, redo lsn=0/4D2F3DE0
2026-10-06T11:49:19.3204316Z  2026-10-06 11:45:01.572 UTC [73] LOG:  checkpoint starting: immediate force wait
2026-10-06T11:49:19.3204891Z  2026-10-06 11:45:01.575 UTC [73] LOG:  checkpoint complete: wrote 25 buffers (0.2%), wrote 1 SLRU buffers; 0 WAL file(s) added, 0 removed, 0 recycled; write=0.001 s, sync=0.001 s, total=0.003 s; sync files=9, longest=0.001 s, average=0.001 s; distance=13051 kB, estimate=13217 kB; lsn=0/4DFB2BA8, redo lsn=0/4DFB2B50
2026-10-06T11:49:19.3205451Z  2026-10-06 11:45:04.471 UTC [6742] FATAL:  role "root" does not exist
2026-10-06T11:49:19.3205671Z  2026-10-06 11:45:09.516 UTC [6916] FATAL:  role "root" does not exist
2026-10-06T11:49:19.3205889Z  2026-10-06 11:45:14.558 UTC [6973] FATAL:  role "root" does not exist
2026-10-06T11:49:19.3206103Z  2026-10-06 11:45:19.606 UTC [7085] FATAL:  role "root" does not exist
2026-10-06T11:49:19.3206319Z  2026-10-06 11:45:24.651 UTC [7208] FATAL:  role "root" does not exist
2026-10-06T11:49:19.3206530Z  2026-10-06 11:45:29.700 UTC [7243] FATAL:  role "root" does not exist
2026-10-06T11:49:19.3206748Z  2026-10-06 11:45:34.749 UTC [7398] FATAL:  role "root" does not exist
2026-10-06T11:49:19.3206961Z  2026-10-06 11:45:39.795 UTC [7561] FATAL:  role "root" does not exist
2026-10-06T11:49:19.3207170Z  2026-10-06 11:45:44.843 UTC [7719] FATAL:  role "root" does not exist
2026-10-06T11:49:19.3207397Z  2026-10-06 11:45:47.200 UTC [73] LOG:  checkpoint starting: immediate force wait
2026-10-06T11:49:19.3208047Z  2026-10-06 11:45:47.204 UTC [73] LOG:  checkpoint complete: wrote 122 buffers (0.7%), wrote 1 SLRU buffers; 0 WAL file(s) added, 0 removed, 1 recycled; write=0.002 s, sync=0.001 s, total=0.004 s; sync files=27, longest=0.001 s, average=0.001 s; distance=14263 kB, estimate=14263 kB; lsn=0/4EDA0920, redo lsn=0/4EDA08C8
2026-10-06T11:49:19.3208630Z  2026-10-06 11:45:48.505 UTC [73] LOG:  checkpoint starting: immediate force wait
2026-10-06T11:49:19.3209211Z  2026-10-06 11:45:48.508 UTC [73] LOG:  checkpoint complete: wrote 26 buffers (0.2%), wrote 1 SLRU buffers; 0 WAL file(s) added, 0 removed, 1 recycled; write=0.001 s, sync=0.001 s, total=0.003 s; sync files=11, longest=0.001 s, average=0.001 s; distance=13267 kB, estimate=14163 kB; lsn=0/4FA95700, redo lsn=0/4FA956A8
2026-10-06T11:49:19.3209792Z  2026-10-06 11:45:49.731 UTC [73] LOG:  checkpoint starting: immediate force wait
2026-10-06T11:49:19.3210364Z  2026-10-06 11:45:49.733 UTC [73] LOG:  checkpoint complete: wrote 27 buffers (0.2%), wrote 1 SLRU buffers; 0 WAL file(s) added, 0 removed, 1 recycled; write=0.001 s, sync=0.001 s, total=0.003 s; sync files=10, longest=0.001 s, average=0.001 s; distance=13079 kB, estimate=14055 kB; lsn=0/5075B3D0, redo lsn=0/5075B378
2026-10-06T11:49:19.3210928Z  2026-10-06 11:45:49.893 UTC [7803] FATAL:  role "root" does not exist
2026-10-06T11:49:19.3211159Z  2026-10-06 11:45:51.044 UTC [73] LOG:  checkpoint starting: immediate force wait
2026-10-06T11:49:19.3211816Z  2026-10-06 11:45:51.046 UTC [73] LOG:  checkpoint complete: wrote 19 buffers (0.1%), wrote 1 SLRU buffers; 0 WAL file(s) added, 0 removed, 1 recycled; write=0.001 s, sync=0.001 s, total=0.003 s; sync files=8, longest=0.001 s, average=0.001 s; distance=13234 kB, estimate=13973 kB; lsn=0/51447E40, redo lsn=0/51447DE8
2026-10-06T11:49:19.3212473Z  2026-10-06 11:45:52.448 UTC [73] LOG:  checkpoint starting: immediate force wait
2026-10-06T11:49:19.3213053Z  2026-10-06 11:45:52.451 UTC [73] LOG:  checkpoint complete: wrote 20 buffers (0.1%), wrote 1 SLRU buffers; 0 WAL file(s) added, 0 removed, 1 recycled; write=0.001 s, sync=0.001 s, total=0.004 s; sync files=9, longest=0.001 s, average=0.001 s; distance=13233 kB, estimate=13899 kB; lsn=0/52134338, redo lsn=0/521342E0
2026-10-06T11:49:19.3213636Z  2026-10-06 11:45:53.761 UTC [73] LOG:  checkpoint starting: immediate force wait
2026-10-06T11:49:19.3214218Z  2026-10-06 11:45:53.764 UTC [73] LOG:  checkpoint complete: wrote 75 buffers (0.5%), wrote 1 SLRU buffers; 0 WAL file(s) added, 0 removed, 0 recycled; write=0.001 s, sync=0.001 s, total=0.003 s; sync files=13, longest=0.001 s, average=0.001 s; distance=13593 kB, estimate=13868 kB; lsn=0/52E7AAC0, redo lsn=0/52E7AA68
2026-10-06T11:49:19.3214789Z  2026-10-06 11:45:54.944 UTC [7863] FATAL:  role "root" does not exist
2026-10-06T11:49:19.3215018Z  2026-10-06 11:45:55.094 UTC [73] LOG:  checkpoint starting: immediate force wait
2026-10-06T11:49:19.3215597Z  2026-10-06 11:45:55.096 UTC [73] LOG:  checkpoint complete: wrote 19 buffers (0.1%), wrote 1 SLRU buffers; 0 WAL file(s) added, 0 removed, 1 recycled; write=0.001 s, sync=0.001 s, total=0.003 s; sync files=10, longest=0.001 s, average=0.001 s; distance=13232 kB, estimate=13805 kB; lsn=0/53B66EA0, redo lsn=0/53B66E48
2026-10-06T11:49:19.3216179Z  2026-10-06 11:45:55.854 UTC [73] LOG:  checkpoint starting: immediate force wait
2026-10-06T11:49:19.3216755Z  2026-10-06 11:45:55.857 UTC [73] LOG:  checkpoint complete: wrote 14 buffers (0.1%), wrote 1 SLRU buffers; 0 WAL file(s) added, 0 removed, 1 recycled; write=0.001 s, sync=0.001 s, total=0.003 s; sync files=8, longest=0.001 s, average=0.001 s; distance=5393 kB, estimate=12963 kB; lsn=0/540AB370, redo lsn=0/540AB318
2026-10-06T11:49:19.3217334Z  2026-10-06 11:45:56.532 UTC [73] LOG:  checkpoint starting: immediate force wait
2026-10-06T11:49:19.3217911Z  2026-10-06 11:45:56.554 UTC [73] LOG:  checkpoint complete: wrote 16 buffers (0.1%), wrote 1 SLRU buffers; 0 WAL file(s) added, 0 removed, 0 recycled; write=0.001 s, sync=0.001 s, total=0.022 s; sync files=9, longest=0.001 s, average=0.001 s; distance=5377 kB, estimate=12205 kB; lsn=0/545EBA18, redo lsn=0/545EB9C0
2026-10-06T11:49:19.3218550Z  2026-10-06 11:45:57.305 UTC [73] LOG:  checkpoint starting: immediate force wait
2026-10-06T11:49:19.3219125Z  2026-10-06 11:45:57.307 UTC [73] LOG:  checkpoint complete: wrote 12 buffers (0.1%), wrote 1 SLRU buffers; 0 WAL file(s) added, 0 removed, 0 recycled; write=0.001 s, sync=0.001 s, total=0.003 s; sync files=8, longest=0.001 s, average=0.001 s; distance=5369 kB, estimate=11521 kB; lsn=0/54B29F00, redo lsn=0/54B29EA8
2026-10-06T11:49:19.3219698Z  2026-10-06 11:45:58.105 UTC [73] LOG:  checkpoint starting: immediate force wait
2026-10-06T11:49:19.3220271Z  2026-10-06 11:45:58.108 UTC [73] LOG:  checkpoint complete: wrote 13 buffers (0.1%), wrote 1 SLRU buffers; 0 WAL file(s) added, 0 removed, 1 recycled; write=0.001 s, sync=0.001 s, total=0.003 s; sync files=8, longest=0.001 s, average=0.001 s; distance=5379 kB, estimate=10907 kB; lsn=0/5506AB10, redo lsn=0/5506AAB8
2026-10-06T11:49:19.3220843Z  2026-10-06 11:45:58.892 UTC [73] LOG:  checkpoint starting: immediate force wait
2026-10-06T11:49:19.3221417Z  2026-10-06 11:45:58.894 UTC [73] LOG:  checkpoint complete: wrote 11 buffers (0.1%), wrote 1 SLRU buffers; 0 WAL file(s) added, 0 removed, 0 recycled; write=0.001 s, sync=0.001 s, total=0.003 s; sync files=7, longest=0.001 s, average=0.001 s; distance=5378 kB, estimate=10354 kB; lsn=0/555AB658, redo lsn=0/555AB600
2026-10-06T11:49:19.3222071Z  2026-10-06 11:45:59.646 UTC [73] LOG:  checkpoint starting: immediate force wait
2026-10-06T11:49:19.3222725Z  2026-10-06 11:45:59.649 UTC [73] LOG:  checkpoint complete: wrote 15 buffers (0.1%), wrote 1 SLRU buffers; 0 WAL file(s) added, 0 removed, 0 recycled; write=0.001 s, sync=0.001 s, total=0.003 s; sync files=8, longest=0.001 s, average=0.001 s; distance=5387 kB, estimate=9857 kB; lsn=0/55AEE4A8, redo lsn=0/55AEE450
2026-10-06T11:49:19.3223294Z  2026-10-06 11:45:59.993 UTC [8056] FATAL:  role "root" does not exist
2026-10-06T11:49:19.3223525Z  2026-10-06 11:46:00.384 UTC [73] LOG:  checkpoint starting: immediate force wait
2026-10-06T11:49:19.3224098Z  2026-10-06 11:46:00.387 UTC [73] LOG:  checkpoint complete: wrote 11 buffers (0.1%), wrote 1 SLRU buffers; 0 WAL file(s) added, 0 removed, 1 recycled; write=0.001 s, sync=0.001 s, total=0.003 s; sync files=7, longest=0.001 s, average=0.001 s; distance=5359 kB, estimate=9407 kB; lsn=0/5602A0E8, redo lsn=0/5602A090
2026-10-06T11:49:19.3224675Z  2026-10-06 11:46:01.138 UTC [73] LOG:  checkpoint starting: immediate force wait
2026-10-06T11:49:19.3225253Z  2026-10-06 11:46:01.140 UTC [73] LOG:  checkpoint complete: wrote 12 buffers (0.1%), wrote 1 SLRU buffers; 0 WAL file(s) added, 0 removed, 0 recycled; write=0.001 s, sync=0.001 s, total=0.003 s; sync files=7, longest=0.001 s, average=0.001 s; distance=5375 kB, estimate=9004 kB; lsn=0/56569FF0, redo lsn=0/56569F98
2026-10-06T11:49:19.3225819Z  2026-10-06 11:46:05.039 UTC [8123] FATAL:  role "root" does not exist
2026-10-06T11:49:19.3226048Z  2026-10-06 11:46:06.993 UTC [73] LOG:  checkpoint starting: immediate force wait
2026-10-06T11:49:19.3226625Z  2026-10-06 11:46:06.996 UTC [73] LOG:  checkpoint complete: wrote 13 buffers (0.1%), wrote 1 SLRU buffers; 0 WAL file(s) added, 0 removed, 0 recycled; write=0.001 s, sync=0.001 s, total=0.003 s; sync files=8, longest=0.001 s, average=0.001 s; distance=5392 kB, estimate=8643 kB; lsn=0/56AAE058, redo lsn=0/56AADFE8
2026-10-06T11:49:19.3227281Z  2026-10-06 11:46:07.666 UTC [8159] ERROR:  new row for relation "item" violates check constraint "ck_item_department_is_a_slug"
2026-10-06T11:49:19.3227808Z  2026-10-06 11:46:07.666 UTC [8159] DETAIL:  Failing row contains (kb.comma, , u_owner, department, web,ops, published, null, null, null, null, 2026-10-06 11:46:07.66622+00, 2026-10-06 11:46:07.66622+00, null, null, null).
2026-10-06T11:49:19.3228532Z  2026-10-06 11:46:07.666 UTC [8159] STATEMENT:  INSERT INTO know.item (item_id, owner_id, visibility, department, state, verified_by) VALUES ($1, 'u_owner', 'department', $2, 'published', $3)
2026-10-06T11:49:19.3229069Z  2026-10-06 11:46:07.671 UTC [8160] ERROR:  new row for relation "item" violates check constraint "ck_item_a_department_item_names_its_department"
2026-10-06T11:49:19.3229624Z  2026-10-06 11:46:07.671 UTC [8160] DETAIL:  Failing row contains (kb.nowhere, , u_owner, department, null, published, null, null, null, null, 2026-10-06 11:46:07.671157+00, 2026-10-06 11:46:07.671157+00, null, null, null).
2026-10-06T11:49:19.3230252Z  2026-10-06 11:46:07.671 UTC [8160] STATEMENT:  INSERT INTO know.item (item_id, owner_id, visibility, department, state, verified_by) VALUES ($1, 'u_owner', 'department', $2, 'published', $3)
2026-10-06T11:49:19.3230778Z  2026-10-06 11:46:07.676 UTC [8161] ERROR:  new row for relation "item" violates check constraint "ck_item_a_verification_is_a_person_and_a_date"
2026-10-06T11:49:19.3231331Z  2026-10-06 11:46:07.676 UTC [8161] DETAIL:  Failing row contains (kb.half, , u_owner, department, web, published, u_verifier, null, null, null, 2026-10-06 11:46:07.675986+00, 2026-10-06 11:46:07.675986+00, null, null, null).
2026-10-06T11:49:19.3231955Z  2026-10-06 11:46:07.676 UTC [8161] STATEMENT:  INSERT INTO know.item (item_id, owner_id, visibility, department, state, verified_by) VALUES ($1, 'u_owner', 'department', $2, 'published', $3)
2026-10-06T11:49:19.3232377Z  2026-10-06 11:46:07.691 UTC [73] LOG:  checkpoint starting: immediate force wait
2026-10-06T11:49:19.3233046Z  2026-10-06 11:46:07.727 UTC [73] LOG:  checkpoint complete: wrote 12 buffers (0.1%), wrote 1 SLRU buffers; 0 WAL file(s) added, 0 removed, 0 recycled; write=0.001 s, sync=0.001 s, total=0.037 s; sync files=7, longest=0.001 s, average=0.001 s; distance=5376 kB, estimate=8316 kB; lsn=0/56FEE060, redo lsn=0/56FEDFF0
2026-10-06T11:49:19.3233704Z  2026-10-06 11:46:08.485 UTC [73] LOG:  checkpoint starting: immediate force wait
2026-10-06T11:49:19.3234292Z  2026-10-06 11:46:08.568 UTC [73] LOG:  checkpoint complete: wrote 1084 buffers (6.6%), wrote 1 SLRU buffers; 0 WAL file(s) added, 0 removed, 1 recycled; write=0.047 s, sync=0.035 s, total=0.083 s; sync files=436, longest=0.009 s, average=0.001 s; distance=10073 kB, estimate=10073 kB; lsn=0/579C4508, redo lsn=0/579C44B0
2026-10-06T11:49:19.3234879Z  2026-10-06 11:46:08.580 UTC [73] LOG:  checkpoint starting: immediate force wait
2026-10-06T11:49:19.3235447Z  2026-10-06 11:46:08.583 UTC [73] LOG:  checkpoint complete: wrote 7 buffers (0.0%), wrote 1 SLRU buffers; 0 WAL file(s) added, 0 removed, 0 recycled; write=0.001 s, sync=0.001 s, total=0.003 s; sync files=4, longest=0.001 s, average=0.001 s; distance=19 kB, estimate=9067 kB; lsn=0/579C9210, redo lsn=0/579C91B8
2026-10-06T11:49:19.3236018Z  2026-10-06 11:46:09.378 UTC [73] LOG:  checkpoint starting: immediate force wait
2026-10-06T11:49:19.3236597Z  2026-10-06 11:46:09.380 UTC [73] LOG:  checkpoint complete: wrote 13 buffers (0.1%), wrote 1 SLRU buffers; 0 WAL file(s) added, 0 removed, 0 recycled; write=0.001 s, sync=0.001 s, total=0.003 s; sync files=8, longest=0.001 s, average=0.001 s; distance=5415 kB, estimate=8702 kB; lsn=0/57F12FE0, redo lsn=0/57F12F88
2026-10-06T11:49:19.3237157Z  2026-10-06 11:46:10.081 UTC [8250] FATAL:  role "root" does not exist
2026-10-06T11:49:19.3237376Z  2026-10-06 11:46:15.126 UTC [8371] FATAL:  role "root" does not exist
2026-10-06T11:49:19.3237593Z  2026-10-06 11:46:20.170 UTC [8394] FATAL:  role "root" does not exist
2026-10-06T11:49:19.3237811Z  2026-10-06 11:46:25.214 UTC [8519] FATAL:  role "root" does not exist
2026-10-06T11:49:19.3238087Z  2026-10-06 11:46:30.260 UTC [8653] FATAL:  role "root" does not exist
2026-10-06T11:49:19.3238319Z  2026-10-06 11:46:34.631 UTC [73] LOG:  checkpoint starting: immediate force wait
2026-10-06T11:49:19.3238898Z  2026-10-06 11:46:34.634 UTC [73] LOG:  checkpoint complete: wrote 50 buffers (0.3%), wrote 1 SLRU buffers; 0 WAL file(s) added, 0 removed, 1 recycled; write=0.001 s, sync=0.001 s, total=0.004 s; sync files=19, longest=0.001 s, average=0.001 s; distance=13227 kB, estimate=13227 kB; lsn=0/58BFDEC0, redo lsn=0/58BFDE68
2026-10-06T11:49:19.3239465Z  2026-10-06 11:46:35.307 UTC [8772] FATAL:  role "root" does not exist
2026-10-06T11:49:19.3239693Z  2026-10-06 11:46:35.918 UTC [73] LOG:  checkpoint starting: immediate force wait
2026-10-06T11:49:19.3240274Z  2026-10-06 11:46:35.920 UTC [73] LOG:  checkpoint complete: wrote 21 buffers (0.1%), wrote 1 SLRU buffers; 0 WAL file(s) added, 0 removed, 1 recycled; write=0.001 s, sync=0.001 s, total=0.003 s; sync files=10, longest=0.001 s, average=0.001 s; distance=13019 kB, estimate=13206 kB; lsn=0/598B4E88, redo lsn=0/598B4E30
2026-10-06T11:49:19.3240840Z  2026-10-06 11:46:40.352 UTC [8804] FATAL:  role "root" does not exist
2026-10-06T11:49:19.3241069Z  2026-10-06 11:46:42.285 UTC [73] LOG:  checkpoint starting: immediate force wait
2026-10-06T11:49:19.3241648Z  2026-10-06 11:46:42.288 UTC [73] LOG:  checkpoint complete: wrote 40 buffers (0.2%), wrote 1 SLRU buffers; 0 WAL file(s) added, 0 removed, 1 recycled; write=0.001 s, sync=0.001 s, total=0.003 s; sync files=10, longest=0.001 s, average=0.001 s; distance=13186 kB, estimate=13204 kB; lsn=0/5A5958D0, redo lsn=0/5A595878
2026-10-06T11:49:19.3242225Z  2026-10-06 11:46:43.577 UTC [73] LOG:  checkpoint starting: immediate force wait
2026-10-06T11:49:19.3242888Z  2026-10-06 11:46:43.580 UTC [73] LOG:  checkpoint complete: wrote 28 buffers (0.2%), wrote 1 SLRU buffers; 0 WAL file(s) added, 0 removed, 1 recycled; write=0.001 s, sync=0.001 s, total=0.003 s; sync files=11, longest=0.001 s, average=0.001 s; distance=13064 kB, estimate=13190 kB; lsn=0/5B257B40, redo lsn=0/5B257AE8
2026-10-06T11:49:19.3243551Z  2026-10-06 11:46:44.912 UTC [73] LOG:  checkpoint starting: immediate force wait
2026-10-06T11:49:19.3244128Z  2026-10-06 11:46:44.916 UTC [73] LOG:  checkpoint complete: wrote 27 buffers (0.2%), wrote 1 SLRU buffers; 0 WAL file(s) added, 0 removed, 0 recycled; write=0.001 s, sync=0.001 s, total=0.005 s; sync files=10, longest=0.001 s, average=0.001 s; distance=13075 kB, estimate=13179 kB; lsn=0/5BF1CAA0, redo lsn=0/5BF1CA48
2026-10-06T11:49:19.3244696Z  2026-10-06 11:46:45.404 UTC [8872] FATAL:  role "root" does not exist
2026-10-06T11:49:19.3244925Z  2026-10-06 11:46:46.395 UTC [73] LOG:  checkpoint starting: immediate force wait
2026-10-06T11:49:19.3245505Z  2026-10-06 11:46:46.398 UTC [73] LOG:  checkpoint complete: wrote 18 buffers (0.1%), wrote 1 SLRU buffers; 0 WAL file(s) added, 0 removed, 1 recycled; write=0.001 s, sync=0.001 s, total=0.004 s; sync files=8, longest=0.001 s, average=0.001 s; distance=13022 kB, estimate=13163 kB; lsn=0/5CBD44F0, redo lsn=0/5CBD4498
2026-10-06T11:49:19.3246086Z  2026-10-06 11:46:47.850 UTC [73] LOG:  checkpoint starting: immediate force wait
2026-10-06T11:49:19.3246660Z  2026-10-06 11:46:47.882 UTC [73] LOG:  checkpoint complete: wrote 22 buffers (0.1%), wrote 2 SLRU buffers; 0 WAL file(s) added, 0 removed, 1 recycled; write=0.001 s, sync=0.015 s, total=0.033 s; sync files=9, longest=0.015 s, average=0.002 s; distance=13023 kB, estimate=13149 kB; lsn=0/5D88C428, redo lsn=0/5D88C3D0
2026-10-06T11:49:19.3247237Z  2026-10-06 11:46:49.214 UTC [73] LOG:  checkpoint starting: immediate force wait
2026-10-06T11:49:19.3247813Z  2026-10-06 11:46:49.217 UTC [73] LOG:  checkpoint complete: wrote 18 buffers (0.1%), wrote 1 SLRU buffers; 0 WAL file(s) added, 0 removed, 1 recycled; write=0.001 s, sync=0.001 s, total=0.004 s; sync files=8, longest=0.001 s, average=0.001 s; distance=13009 kB, estimate=13135 kB; lsn=0/5E540A08, redo lsn=0/5E5409B0
2026-10-06T11:49:19.3248440Z  2026-10-06 11:46:50.450 UTC [8968] FATAL:  role "root" does not exist
2026-10-06T11:49:19.3248673Z  2026-10-06 11:46:50.579 UTC [73] LOG:  checkpoint starting: immediate force wait
2026-10-06T11:49:19.3249246Z  2026-10-06 11:46:50.582 UTC [73] LOG:  checkpoint complete: wrote 23 buffers (0.1%), wrote 1 SLRU buffers; 0 WAL file(s) added, 0 removed, 1 recycled; write=0.001 s, sync=0.001 s, total=0.003 s; sync files=9, longest=0.001 s, average=0.001 s; distance=13028 kB, estimate=13124 kB; lsn=0/5F1F9AC8, redo lsn=0/5F1F9A70
2026-10-06T11:49:19.3249825Z  2026-10-06 11:46:51.983 UTC [73] LOG:  checkpoint starting: immediate force wait
2026-10-06T11:49:19.3250404Z  2026-10-06 11:46:51.986 UTC [73] LOG:  checkpoint complete: wrote 17 buffers (0.1%), wrote 1 SLRU buffers; 0 WAL file(s) added, 0 removed, 0 recycled; write=0.001 s, sync=0.001 s, total=0.003 s; sync files=8, longest=0.001 s, average=0.001 s; distance=13003 kB, estimate=13112 kB; lsn=0/5FEACA38, redo lsn=0/5FEAC9E0
2026-10-06T11:49:19.3251024Z  2026-10-06 11:46:54.356 UTC [9140] ERROR:  new row violates row-level security policy for table "merge"
2026-10-06T11:49:19.3251652Z  2026-10-06 11:46:54.356 UTC [9140] STATEMENT:  INSERT INTO er.merge (merge_id, survivor_id, merged_id, decided_at, decided_by, automatic, review_ref, evidence, money_left, money_right, reason, pre_image) VALUES ($1, 'm7_kept', 'm7_gone', $2, $3, false, 'rev', '[]', 'not checked', 'not checked', '', '{}')
2026-10-06T11:49:19.3252237Z  2026-10-06 11:46:54.357 UTC [9140] ERROR:  permission denied for table merge
2026-10-06T11:49:19.3252499Z  2026-10-06 11:46:54.357 UTC [9140] STATEMENT:  UPDATE er.merge SET reason = 'rewritten'
2026-10-06T11:49:19.3252846Z  2026-10-06 11:46:54.416 UTC [9150] ERROR:  new row for relation "merge" violates check constraint "ck_merge_pre_image_keys_are_digests"
2026-10-06T11:49:19.3253646Z  2026-10-06 11:46:54.416 UTC [9150] STATEMENT:  INSERT INTO er.merge (merge_id, survivor_id, merged_id, decided_at, decided_by, automatic, review_ref, evidence, money_left, money_right, reason, pre_image) VALUES ($1, 'm8_kept', 'm8_gone', $2, 'u_actor', false, 'rev', $3, 'not checked', 'not checked', '', $4)
2026-10-06T11:49:19.3254408Z  2026-10-06 11:46:54.416 UTC [9150] ERROR:  new row for relation "merge" violates check constraint "ck_merge_evidence_is_names_and_weights"
2026-10-06T11:49:19.3255093Z  2026-10-06 11:46:54.416 UTC [9150] STATEMENT:  INSERT INTO er.merge (merge_id, survivor_id, merged_id, decided_at, decided_by, automatic, review_ref, evidence, money_left, money_right, reason, pre_image) VALUES ($1, 'm8_kept', 'm8_gone', $2, 'u_actor', false, 'rev', $3, 'not checked', 'not checked', '', $4)
2026-10-06T11:49:19.3255676Z  2026-10-06 11:46:54.946 UTC [73] LOG:  checkpoint starting: immediate force wait
2026-10-06T11:49:19.3256262Z  2026-10-06 11:46:54.954 UTC [73] LOG:  checkpoint complete: wrote 99 buffers (0.6%), wrote 1 SLRU buffers; 0 WAL file(s) added, 0 removed, 1 recycled; write=0.001 s, sync=0.001 s, total=0.008 s; sync files=11, longest=0.001 s, average=0.001 s; distance=13619 kB, estimate=13619 kB; lsn=0/60BF96A0, redo lsn=0/60BF9648
2026-10-06T11:49:19.3256836Z  2026-10-06 11:46:55.499 UTC [9227] FATAL:  role "root" does not exist
2026-10-06T11:49:19.3257069Z  2026-10-06 11:46:56.763 UTC [73] LOG:  checkpoint starting: immediate force wait
2026-10-06T11:49:19.3257653Z  2026-10-06 11:46:56.765 UTC [73] LOG:  checkpoint complete: wrote 21 buffers (0.1%), wrote 1 SLRU buffers; 0 WAL file(s) added, 0 removed, 1 recycled; write=0.001 s, sync=0.001 s, total=0.003 s; sync files=10, longest=0.001 s, average=0.001 s; distance=13307 kB, estimate=13587 kB; lsn=0/618F83B0, redo lsn=0/618F8358
2026-10-06T11:49:19.3258305Z  2026-10-06 11:46:58.194 UTC [73] LOG:  checkpoint starting: immediate force wait
2026-10-06T11:49:19.3258884Z  2026-10-06 11:46:58.197 UTC [73] LOG:  checkpoint complete: wrote 25 buffers (0.2%), wrote 1 SLRU buffers; 0 WAL file(s) added, 0 removed, 1 recycled; write=0.001 s, sync=0.001 s, total=0.003 s; sync files=10, longest=0.001 s, average=0.001 s; distance=13066 kB, estimate=13535 kB; lsn=0/625BAD58, redo lsn=0/625BAD00
2026-10-06T11:49:19.3259562Z  2026-10-06 11:46:59.498 UTC [9312] ERROR:  duplicate key value violates unique constraint "uq_team_membership_team_id_principal_id_live"
2026-10-06T11:49:19.3260095Z  2026-10-06 11:46:59.498 UTC [9312] STATEMENT:  INSERT INTO gate.team_membership (team_id, principal_id, added_by) VALUES ($1::UUID, $2::VARCHAR, $3::VARCHAR) RETURNING gate.team_membership.added_at
2026-10-06T11:49:19.3260523Z  2026-10-06 11:46:59.540 UTC [73] LOG:  checkpoint starting: immediate force wait
2026-10-06T11:49:19.3261108Z  2026-10-06 11:46:59.543 UTC [73] LOG:  checkpoint complete: wrote 19 buffers (0.1%), wrote 1 SLRU buffers; 0 WAL file(s) added, 0 removed, 1 recycled; write=0.001 s, sync=0.001 s, total=0.003 s; sync files=10, longest=0.001 s, average=0.001 s; distance=13023 kB, estimate=13484 kB; lsn=0/63272BD8, redo lsn=0/63272B80
2026-10-06T11:49:19.3261859Z  2026-10-06 11:47:00.552 UTC [9336] FATAL:  role "root" does not exist
2026-10-06T11:49:19.3262090Z  2026-10-06 11:47:00.939 UTC [73] LOG:  checkpoint starting: immediate force wait
2026-10-06T11:49:19.3262669Z  2026-10-06 11:47:00.942 UTC [73] LOG:  checkpoint complete: wrote 26 buffers (0.2%), wrote 1 SLRU buffers; 0 WAL file(s) added, 0 removed, 0 recycled; write=0.001 s, sync=0.001 s, total=0.003 s; sync files=11, longest=0.001 s, average=0.001 s; distance=13067 kB, estimate=13442 kB; lsn=0/63F358C8, redo lsn=0/63F35870
2026-10-06T11:49:19.3263259Z  2026-10-06 11:47:01.491 UTC [9387] ERROR:  permission denied for table outbox_event
2026-10-06T11:49:19.3263585Z  2026-10-06 11:47:01.491 UTC [9387] STATEMENT:  UPDATE ops.outbox_event SET record_id = 'op_2' WHERE event_id = 'ev_role'
2026-10-06T11:49:19.3263955Z  2026-10-06 11:47:01.651 UTC [9405] ERROR:  new row violates row-level security policy for table "outbox_delivery"
2026-10-06T11:49:19.3264527Z  2026-10-06 11:47:01.651 UTC [9405] STATEMENT:  INSERT INTO ops.outbox_delivery (event_id, subscriber_id, attempts, state, last_attempt_at) VALUES ('ev_second', 'sub_finance', $1, $2, $3)
2026-10-06T11:49:19.3265029Z  2026-10-06 11:47:01.916 UTC [73] LOG:  checkpoint starting: immediate force wait
2026-10-06T11:49:19.3265617Z  2026-10-06 11:47:01.946 UTC [73] LOG:  checkpoint complete: wrote 990 buffers (6.0%), wrote 1 SLRU buffers; 0 WAL file(s) added, 0 removed, 1 recycled; write=0.023 s, sync=0.004 s, total=0.030 s; sync files=469, longest=0.002 s, average=0.001 s; distance=9122 kB, estimate=13010 kB; lsn=0/6481E178, redo lsn=0/6481E120
2026-10-06T11:49:19.3266201Z  2026-10-06 11:47:02.396 UTC [73] LOG:  checkpoint starting: immediate force wait
2026-10-06T11:49:19.3266774Z  2026-10-06 11:47:02.398 UTC [73] LOG:  checkpoint complete: wrote 11 buffers (0.1%), wrote 1 SLRU buffers; 0 WAL file(s) added, 0 removed, 0 recycled; write=0.001 s, sync=0.001 s, total=0.003 s; sync files=8, longest=0.001 s, average=0.001 s; distance=4724 kB, estimate=12182 kB; lsn=0/64CBB468, redo lsn=0/64CBB410
2026-10-06T11:49:19.3267356Z  2026-10-06 11:47:02.409 UTC [73] LOG:  checkpoint starting: immediate force wait
2026-10-06T11:49:19.3267930Z  2026-10-06 11:47:02.411 UTC [73] LOG:  checkpoint complete: wrote 4 buffers (0.0%), wrote 1 SLRU buffers; 0 WAL file(s) added, 0 removed, 0 recycled; write=0.001 s, sync=0.001 s, total=0.002 s; sync files=3, longest=0.001 s, average=0.001 s; distance=9 kB, estimate=10964 kB; lsn=0/64CBDAC8, redo lsn=0/64CBDA70
2026-10-06T11:49:19.3268568Z  2026-10-06 11:47:05.102 UTC [73] LOG:  checkpoint starting: immediate force wait
2026-10-06T11:49:19.3269142Z  2026-10-06 11:47:05.105 UTC [73] LOG:  checkpoint complete: wrote 30 buffers (0.2%), wrote 1 SLRU buffers; 0 WAL file(s) added, 0 removed, 1 recycled; write=0.001 s, sync=0.001 s, total=0.003 s; sync files=11, longest=0.001 s, average=0.001 s; distance=13128 kB, estimate=13128 kB; lsn=0/6598FDF8, redo lsn=0/6598FDA0
2026-10-06T11:49:19.3269711Z  2026-10-06 11:47:05.599 UTC [9517] FATAL:  role "root" does not exist
2026-10-06T11:49:19.3269949Z  2026-10-06 11:47:07.019 UTC [73] LOG:  checkpoint starting: immediate force wait
2026-10-06T11:49:19.3270527Z  2026-10-06 11:47:07.022 UTC [73] LOG:  checkpoint complete: wrote 23 buffers (0.1%), wrote 1 SLRU buffers; 0 WAL file(s) added, 0 removed, 1 recycled; write=0.001 s, sync=0.001 s, total=0.003 s; sync files=9, longest=0.001 s, average=0.001 s; distance=13087 kB, estimate=13124 kB; lsn=0/66657D80, redo lsn=0/66657D28
2026-10-06T11:49:19.3271102Z  2026-10-06 11:47:09.268 UTC [73] LOG:  checkpoint starting: immediate force wait
2026-10-06T11:49:19.3271680Z  2026-10-06 11:47:09.271 UTC [73] LOG:  checkpoint complete: wrote 83 buffers (0.5%), wrote 1 SLRU buffers; 0 WAL file(s) added, 0 removed, 1 recycled; write=0.001 s, sync=0.001 s, total=0.003 s; sync files=11, longest=0.001 s, average=0.001 s; distance=13720 kB, estimate=13720 kB; lsn=0/673BE0E8, redo lsn=0/673BE090
2026-10-06T11:49:19.3272245Z  2026-10-06 11:47:10.648 UTC [9625] FATAL:  role "root" does not exist
2026-10-06T11:49:19.3272784Z  2026-10-06 11:47:11.234 UTC [9638] ERROR:  permission denied for table item
2026-10-06T11:49:19.3273118Z  2026-10-06 11:47:11.234 UTC [9638] STATEMENT:  SELECT owner_id FROM know.item
2026-10-06T11:49:19.3286164Z  2026-10-06 11:47:11.240 UTC [73] LOG:  checkpoint starting: immediate force wait
2026-10-06T11:49:19.3286783Z  2026-10-06 11:47:11.242 UTC [73] LOG:  checkpoint complete: wrote 21 buffers (0.1%), wrote 1 SLRU buffers; 0 WAL file(s) added, 0 removed, 1 recycled; write=0.001 s, sync=0.001 s, total=0.003 s; sync files=10, longest=0.001 s, average=0.001 s; distance=13067 kB, estimate=13655 kB; lsn=0/68080D90, redo lsn=0/68080D38
2026-10-06T11:49:19.3287381Z  2026-10-06 11:47:13.074 UTC [73] LOG:  checkpoint starting: immediate force wait
2026-10-06T11:49:19.3288180Z  2026-10-06 11:47:13.077 UTC [73] LOG:  checkpoint complete: wrote 24 buffers (0.1%), wrote 1 SLRU buffers; 0 WAL file(s) added, 0 removed, 0 recycled; write=0.001 s, sync=0.001 s, total=0.003 s; sync files=11, longest=0.001 s, average=0.001 s; distance=13073 kB, estimate=13597 kB; lsn=0/68D45238, redo lsn=0/68D451E0
2026-10-06T11:49:19.3288872Z  2026-10-06 11:47:15.086 UTC [73] LOG:  checkpoint starting: immediate force wait
2026-10-06T11:49:19.3289458Z  2026-10-06 11:47:15.088 UTC [73] LOG:  checkpoint complete: wrote 25 buffers (0.2%), wrote 1 SLRU buffers; 0 WAL file(s) added, 0 removed, 1 recycled; write=0.001 s, sync=0.001 s, total=0.003 s; sync files=10, longest=0.001 s, average=0.001 s; distance=13055 kB, estimate=13543 kB; lsn=0/69A04F30, redo lsn=0/69A04ED8
2026-10-06T11:49:19.3290038Z  2026-10-06 11:47:15.695 UTC [9715] FATAL:  role "root" does not exist
2026-10-06T11:49:19.3290275Z  2026-10-06 11:47:16.402 UTC [73] LOG:  checkpoint starting: immediate force wait
2026-10-06T11:49:19.3290866Z  2026-10-06 11:47:16.404 UTC [73] LOG:  checkpoint complete: wrote 20 buffers (0.1%), wrote 1 SLRU buffers; 0 WAL file(s) added, 0 removed, 1 recycled; write=0.001 s, sync=0.001 s, total=0.003 s; sync files=10, longest=0.001 s, average=0.001 s; distance=13020 kB, estimate=13490 kB; lsn=0/6A6BC0D0, redo lsn=0/6A6BC078
2026-10-06T11:49:19.3291454Z  2026-10-06 11:47:17.674 UTC [73] LOG:  checkpoint starting: immediate force wait
2026-10-06T11:49:19.3292043Z  2026-10-06 11:47:17.677 UTC [73] LOG:  checkpoint complete: wrote 33 buffers (0.2%), wrote 1 SLRU buffers; 0 WAL file(s) added, 0 removed, 1 recycled; write=0.001 s, sync=0.001 s, total=0.003 s; sync files=11, longest=0.001 s, average=0.001 s; distance=13089 kB, estimate=13450 kB; lsn=0/6B3846E0, redo lsn=0/6B384688
2026-10-06T11:49:19.3292628Z  2026-10-06 11:47:19.061 UTC [73] LOG:  checkpoint starting: immediate force wait
2026-10-06T11:49:19.3293216Z  2026-10-06 11:47:19.064 UTC [73] LOG:  checkpoint complete: wrote 30 buffers (0.2%), wrote 1 SLRU buffers; 0 WAL file(s) added, 0 removed, 1 recycled; write=0.001 s, sync=0.001 s, total=0.003 s; sync files=9, longest=0.001 s, average=0.001 s; distance=13086 kB, estimate=13414 kB; lsn=0/6C04BF10, redo lsn=0/6C04BEB8
2026-10-06T11:49:19.3293791Z  2026-10-06 11:47:20.740 UTC [9771] FATAL:  role "root" does not exist
2026-10-06T11:49:19.3294009Z  2026-10-06 11:47:25.784 UTC [9780] FATAL:  role "root" does not exist
2026-10-06T11:49:19.3294229Z  2026-10-06 11:47:30.829 UTC [9788] FATAL:  role "root" does not exist
2026-10-06T11:49:19.3294444Z  2026-10-06 11:47:35.879 UTC [9796] FATAL:  role "root" does not exist
2026-10-06T11:49:19.3294657Z  2026-10-06 11:47:40.929 UTC [9805] FATAL:  role "root" does not exist
2026-10-06T11:49:19.3294889Z  2026-10-06 11:47:45.010 UTC [73] LOG:  checkpoint starting: immediate force wait
2026-10-06T11:49:19.3295477Z  2026-10-06 11:47:45.026 UTC [73] LOG:  checkpoint complete: wrote 89 buffers (0.5%), wrote 1 SLRU buffers; 0 WAL file(s) added, 0 removed, 0 recycled; write=0.002 s, sync=0.001 s, total=0.016 s; sync files=21, longest=0.001 s, average=0.001 s; distance=13560 kB, estimate=13560 kB; lsn=0/6CD8A0B0, redo lsn=0/6CD8A058
2026-10-06T11:49:19.3296048Z  2026-10-06 11:47:45.979 UTC [9850] FATAL:  role "root" does not exist
2026-10-06T11:49:19.3296283Z  2026-10-06 11:47:46.651 UTC [73] LOG:  checkpoint starting: immediate force wait
2026-10-06T11:49:19.3296875Z  2026-10-06 11:47:46.654 UTC [73] LOG:  checkpoint complete: wrote 28 buffers (0.2%), wrote 1 SLRU buffers; 0 WAL file(s) added, 0 removed, 1 recycled; write=0.001 s, sync=0.001 s, total=0.003 s; sync files=12, longest=0.001 s, average=0.001 s; distance=13945 kB, estimate=13945 kB; lsn=0/6DB28788, redo lsn=0/6DB28730
2026-10-06T11:49:19.3297459Z  2026-10-06 11:47:47.935 UTC [73] LOG:  checkpoint starting: immediate force wait
2026-10-06T11:49:19.3298125Z  2026-10-06 11:47:47.938 UTC [73] LOG:  checkpoint complete: wrote 31 buffers (0.2%), wrote 1 SLRU buffers; 0 WAL file(s) added, 0 removed, 1 recycled; write=0.001 s, sync=0.001 s, total=0.003 s; sync files=15, longest=0.001 s, average=0.001 s; distance=13066 kB, estimate=13857 kB; lsn=0/6E7EB168, redo lsn=0/6E7EB110
2026-10-06T11:49:19.3298697Z  2026-10-06 11:47:51.022 UTC [9954] FATAL:  role "root" does not exist
2026-10-06T11:49:19.3299007Z  2026-10-06 11:47:56.066 UTC [10075] FATAL:  role "root" does not exist
2026-10-06T11:49:19.3299310Z  2026-10-06 11:48:01.110 UTC [10193] FATAL:  role "root" does not exist
2026-10-06T11:49:19.3299527Z  2026-10-06 11:48:06.156 UTC [10265] FATAL:  role "root" does not exist
2026-10-06T11:49:19.3299747Z  2026-10-06 11:48:11.202 UTC [10308] FATAL:  role "root" does not exist
2026-10-06T11:49:19.3299979Z  2026-10-06 11:48:14.848 UTC [73] LOG:  checkpoint starting: immediate force wait
2026-10-06T11:49:19.3300602Z  2026-10-06 11:48:15.091 UTC [73] LOG:  checkpoint complete: wrote 1768 buffers (10.8%), wrote 1 SLRU buffers; 0 WAL file(s) added, 0 removed, 2 recycled; write=0.083 s, sync=0.159 s, total=0.244 s; sync files=1085, longest=0.019 s, average=0.001 s; distance=26424 kB, estimate=26424 kB; lsn=0/701B9548, redo lsn=0/701B94F0
2026-10-06T11:49:19.3301187Z  2026-10-06 11:48:16.247 UTC [10435] FATAL:  role "root" does not exist
2026-10-06T11:49:19.3301423Z  2026-10-06 11:48:16.548 UTC [73] LOG:  checkpoint starting: immediate force wait
2026-10-06T11:49:19.3302010Z  2026-10-06 11:48:16.551 UTC [73] LOG:  checkpoint complete: wrote 28 buffers (0.2%), wrote 1 SLRU buffers; 0 WAL file(s) added, 0 removed, 0 recycled; write=0.001 s, sync=0.001 s, total=0.004 s; sync files=10, longest=0.001 s, average=0.001 s; distance=13088 kB, estimate=25091 kB; lsn=0/70E81870, redo lsn=0/70E81818
2026-10-06T11:49:19.3302602Z  2026-10-06 11:48:16.577 UTC [73] LOG:  checkpoint starting: immediate force wait
2026-10-06T11:49:19.3303180Z  2026-10-06 11:48:16.580 UTC [73] LOG:  checkpoint complete: wrote 9 buffers (0.1%), wrote 1 SLRU buffers; 0 WAL file(s) added, 0 removed, 0 recycled; write=0.001 s, sync=0.001 s, total=0.003 s; sync files=4, longest=0.001 s, average=0.001 s; distance=94 kB, estimate=22591 kB; lsn=0/70E99330, redo lsn=0/70E992D8
2026-10-06T11:49:19.3303760Z  2026-10-06 11:48:18.638 UTC [73] LOG:  checkpoint starting: immediate force wait
2026-10-06T11:49:19.3304350Z  2026-10-06 11:48:18.641 UTC [73] LOG:  checkpoint complete: wrote 17 buffers (0.1%), wrote 1 SLRU buffers; 0 WAL file(s) added, 0 removed, 1 recycled; write=0.001 s, sync=0.001 s, total=0.003 s; sync files=8, longest=0.001 s, average=0.001 s; distance=13028 kB, estimate=21635 kB; lsn=0/71B524F0, redo lsn=0/71B52498
2026-10-06T11:49:19.3304929Z  2026-10-06 11:48:21.299 UTC [10566] FATAL:  role "root" does not exist
2026-10-06T11:49:19.3305161Z  2026-10-06 11:48:21.566 UTC [73] LOG:  checkpoint starting: immediate force wait
2026-10-06T11:49:19.3305747Z  2026-10-06 11:48:21.568 UTC [73] LOG:  checkpoint complete: wrote 22 buffers (0.1%), wrote 1 SLRU buffers; 0 WAL file(s) added, 0 removed, 1 recycled; write=0.001 s, sync=0.001 s, total=0.003 s; sync files=9, longest=0.001 s, average=0.001 s; distance=13066 kB, estimate=20778 kB; lsn=0/72814DA8, redo lsn=0/72814D50
2026-10-06T11:49:19.3306330Z  2026-10-06 11:48:24.077 UTC [73] LOG:  checkpoint starting: immediate force wait
2026-10-06T11:49:19.3306913Z  2026-10-06 11:48:24.079 UTC [73] LOG:  checkpoint complete: wrote 8 buffers (0.0%), wrote 1 SLRU buffers; 0 WAL file(s) added, 0 removed, 0 recycled; write=0.001 s, sync=0.001 s, total=0.003 s; sync files=7, longest=0.001 s, average=0.001 s; distance=5195 kB, estimate=19220 kB; lsn=0/72D27A10, redo lsn=0/72D279B8
2026-10-06T11:49:19.3307497Z  2026-10-06 11:48:25.008 UTC [73] LOG:  checkpoint starting: immediate force wait
2026-10-06T11:49:19.3308142Z  2026-10-06 11:48:25.011 UTC [73] LOG:  checkpoint complete: wrote 7 buffers (0.0%), wrote 1 SLRU buffers; 0 WAL file(s) added, 0 removed, 1 recycled; write=0.001 s, sync=0.001 s, total=0.003 s; sync files=7, longest=0.001 s, average=0.001 s; distance=5192 kB, estimate=17817 kB; lsn=0/73239E00, redo lsn=0/73239DA8
2026-10-06T11:49:19.3308726Z  2026-10-06 11:48:25.823 UTC [73] LOG:  checkpoint starting: immediate force wait
2026-10-06T11:49:19.3309390Z  2026-10-06 11:48:25.825 UTC [73] LOG:  checkpoint complete: wrote 8 buffers (0.0%), wrote 1 SLRU buffers; 0 WAL file(s) added, 0 removed, 0 recycled; write=0.001 s, sync=0.001 s, total=0.003 s; sync files=7, longest=0.001 s, average=0.001 s; distance=5199 kB, estimate=16555 kB; lsn=0/7374DBB8, redo lsn=0/7374DB60
2026-10-06T11:49:19.3310046Z  2026-10-06 11:48:26.350 UTC [10705] FATAL:  role "root" does not exist
2026-10-06T11:49:19.3310280Z  2026-10-06 11:48:26.937 UTC [73] LOG:  checkpoint starting: immediate force wait
2026-10-06T11:49:19.3310860Z  2026-10-06 11:48:26.951 UTC [73] LOG:  checkpoint complete: wrote 10 buffers (0.1%), wrote 1 SLRU buffers; 0 WAL file(s) added, 0 removed, 0 recycled; write=0.003 s, sync=0.002 s, total=0.014 s; sync files=8, longest=0.001 s, average=0.001 s; distance=5216 kB, estimate=15421 kB; lsn=0/73C65BB8, redo lsn=0/73C65B60
2026-10-06T11:49:19.3311540Z  2026-10-06 11:48:28.311 UTC [10745] ERROR:  new row for relation "message" violates check constraint "ck_message_run_state_on_an_answer"
2026-10-06T11:49:19.3312164Z  2026-10-06 11:48:28.311 UTC [10745] DETAIL:  Failing row contains (fcf2e172-4859-4316-a96b-aaf1a7465033, c24fc0d9-c3a3-43ab-9d7b-3a3d77dd1c9d, user, console, , [], 2026-10-06 11:48:28.310827+00, 2026-10-06 11:48:28.310827+00, null, null, failed).
2026-10-06T11:49:19.3312852Z  2026-10-06 11:48:28.311 UTC [10745] STATEMENT:  INSERT INTO chat.message (conversation_id, role, channel, run_state) SELECT id, 'user', 'console', 'failed' FROM chat.conversation LIMIT 1
2026-10-06T11:49:19.3313324Z  2026-10-06 11:48:28.318 UTC [10740] FATAL:  terminating autovacuum process due to administrator command
2026-10-06T11:49:19.3313614Z  2026-10-06 11:48:28.426 UTC [73] LOG:  checkpoint starting: immediate force wait
2026-10-06T11:49:19.3314201Z  2026-10-06 11:48:28.442 UTC [73] LOG:  checkpoint complete: wrote 18 buffers (0.1%), wrote 1 SLRU buffers; 0 WAL file(s) added, 0 removed, 1 recycled; write=0.001 s, sync=0.001 s, total=0.017 s; sync files=8, longest=0.001 s, average=0.001 s; distance=13090 kB, estimate=15188 kB; lsn=0/7492E3F8, redo lsn=0/7492E3A0
2026-10-06T11:49:19.3314791Z  2026-10-06 11:48:30.070 UTC [73] LOG:  checkpoint starting: immediate force wait
2026-10-06T11:49:19.3315378Z  2026-10-06 11:48:30.103 UTC [73] LOG:  checkpoint complete: wrote 23 buffers (0.1%), wrote 1 SLRU buffers; 0 WAL file(s) added, 0 removed, 1 recycled; write=0.001 s, sync=0.002 s, total=0.033 s; sync files=9, longest=0.001 s, average=0.001 s; distance=13019 kB, estimate=14971 kB; lsn=0/755E5198, redo lsn=0/755E5140
2026-10-06T11:49:19.3315958Z  2026-10-06 11:48:31.396 UTC [10784] FATAL:  role "root" does not exist
2026-10-06T11:49:19.3316193Z  2026-10-06 11:48:31.800 UTC [73] LOG:  checkpoint starting: immediate force wait
2026-10-06T11:49:19.3316777Z  2026-10-06 11:48:31.818 UTC [73] LOG:  checkpoint complete: wrote 16 buffers (0.1%), wrote 1 SLRU buffers; 0 WAL file(s) added, 0 removed, 1 recycled; write=0.001 s, sync=0.001 s, total=0.019 s; sync files=8, longest=0.001 s, average=0.001 s; distance=12992 kB, estimate=14773 kB; lsn=0/76295278, redo lsn=0/76295220
2026-10-06T11:49:19.3317365Z  2026-10-06 11:48:33.493 UTC [73] LOG:  checkpoint starting: immediate force wait
2026-10-06T11:49:19.3318057Z  2026-10-06 11:48:33.510 UTC [73] LOG:  checkpoint complete: wrote 22 buffers (0.1%), wrote 1 SLRU buffers; 0 WAL file(s) added, 0 removed, 0 recycled; write=0.001 s, sync=0.001 s, total=0.017 s; sync files=9, longest=0.001 s, average=0.001 s; distance=13018 kB, estimate=14598 kB; lsn=0/76F4BE70, redo lsn=0/76F4BE18
2026-10-06T11:49:19.3318651Z  2026-10-06 11:48:35.213 UTC [73] LOG:  checkpoint starting: immediate force wait
2026-10-06T11:49:19.3319233Z  2026-10-06 11:48:35.222 UTC [73] LOG:  checkpoint complete: wrote 19 buffers (0.1%), wrote 1 SLRU buffers; 0 WAL file(s) added, 0 removed, 1 recycled; write=0.001 s, sync=0.002 s, total=0.009 s; sync files=8, longest=0.001 s, average=0.001 s; distance=13002 kB, estimate=14438 kB; lsn=0/77BFEA40, redo lsn=0/77BFE9E8
2026-10-06T11:49:19.3319807Z  2026-10-06 11:48:36.445 UTC [10850] FATAL:  role "root" does not exist
2026-10-06T11:49:19.3320170Z  2026-10-06 11:48:36.726 UTC [73] LOG:  checkpoint starting: immediate force wait
2026-10-06T11:49:19.3320756Z  2026-10-06 11:48:36.728 UTC [73] LOG:  checkpoint complete: wrote 21 buffers (0.1%), wrote 1 SLRU buffers; 0 WAL file(s) added, 0 removed, 1 recycled; write=0.001 s, sync=0.001 s, total=0.003 s; sync files=9, longest=0.001 s, average=0.001 s; distance=13008 kB, estimate=14295 kB; lsn=0/788B2C98, redo lsn=0/788B2C40
2026-10-06T11:49:19.3321426Z  2026-10-06 11:48:38.269 UTC [73] LOG:  checkpoint starting: immediate force wait
2026-10-06T11:49:19.3322010Z  2026-10-06 11:48:38.272 UTC [73] LOG:  checkpoint complete: wrote 20 buffers (0.1%), wrote 1 SLRU buffers; 0 WAL file(s) added, 0 removed, 1 recycled; write=0.001 s, sync=0.001 s, total=0.003 s; sync files=8, longest=0.001 s, average=0.001 s; distance=13013 kB, estimate=14167 kB; lsn=0/79568148, redo lsn=0/795680F0
2026-10-06T11:49:19.3322593Z  2026-10-06 11:48:39.591 UTC [73] LOG:  checkpoint starting: immediate force wait
2026-10-06T11:49:19.3323176Z  2026-10-06 11:48:39.594 UTC [73] LOG:  checkpoint complete: wrote 20 buffers (0.1%), wrote 1 SLRU buffers; 0 WAL file(s) added, 0 removed, 1 recycled; write=0.001 s, sync=0.001 s, total=0.003 s; sync files=9, longest=0.001 s, average=0.001 s; distance=13004 kB, estimate=14051 kB; lsn=0/7A21B3C0, redo lsn=0/7A21B368
2026-10-06T11:49:19.3323767Z  2026-10-06 11:48:41.036 UTC [73] LOG:  checkpoint starting: immediate force wait
2026-10-06T11:49:19.3324354Z  2026-10-06 11:48:41.038 UTC [73] LOG:  checkpoint complete: wrote 19 buffers (0.1%), wrote 1 SLRU buffers; 0 WAL file(s) added, 0 removed, 0 recycled; write=0.001 s, sync=0.001 s, total=0.003 s; sync files=8, longest=0.001 s, average=0.001 s; distance=13024 kB, estimate=13948 kB; lsn=0/7AED3458, redo lsn=0/7AED3400
2026-10-06T11:49:19.3324929Z  2026-10-06 11:48:41.501 UTC [10934] FATAL:  role "root" does not exist
2026-10-06T11:49:19.3325161Z  2026-10-06 11:48:44.025 UTC [73] LOG:  checkpoint starting: immediate force wait
2026-10-06T11:49:19.3325756Z  2026-10-06 11:48:44.040 UTC [73] LOG:  checkpoint complete: wrote 160 buffers (1.0%), wrote 1 SLRU buffers; 0 WAL file(s) added, 0 removed, 1 recycled; write=0.002 s, sync=0.001 s, total=0.015 s; sync files=14, longest=0.001 s, average=0.001 s; distance=14119 kB, estimate=14119 kB; lsn=0/7BC9D1A8, redo lsn=0/7BC9D150
2026-10-06T11:49:19.3326340Z  2026-10-06 11:48:46.547 UTC [11044] FATAL:  role "root" does not exist
2026-10-06T11:49:19.3326559Z  2026-10-06 11:48:51.594 UTC [11123] FATAL:  role "root" does not exist
2026-10-06T11:49:19.3326793Z  2026-10-06 11:48:55.748 UTC [73] LOG:  checkpoint starting: immediate force wait
2026-10-06T11:49:19.3327382Z  2026-10-06 11:48:55.751 UTC [73] LOG:  checkpoint complete: wrote 26 buffers (0.2%), wrote 1 SLRU buffers; 0 WAL file(s) added, 0 removed, 1 recycled; write=0.001 s, sync=0.001 s, total=0.003 s; sync files=15, longest=0.001 s, average=0.001 s; distance=13059 kB, estimate=14013 kB; lsn=0/7C95DEE8, redo lsn=0/7C95DE90
2026-10-06T11:49:19.3328024Z  2026-10-06 11:48:56.649 UTC [11152] FATAL:  role "root" does not exist
2026-10-06T11:49:19.3328263Z  2026-10-06 11:48:57.265 UTC [73] LOG:  checkpoint starting: immediate force wait
2026-10-06T11:49:19.3328850Z  2026-10-06 11:48:57.268 UTC [73] LOG:  checkpoint complete: wrote 26 buffers (0.2%), wrote 1 SLRU buffers; 0 WAL file(s) added, 0 removed, 1 recycled; write=0.001 s, sync=0.001 s, total=0.004 s; sync files=11, longest=0.001 s, average=0.001 s; distance=13042 kB, estimate=13916 kB; lsn=0/7D61A768, redo lsn=0/7D61A710
2026-10-06T11:49:19.3329520Z  2026-10-06 11:48:58.750 UTC [11183] ERROR:  duplicate key value violates unique constraint "uq_webhook_change_one_replay"
2026-10-06T11:49:19.3330209Z  2026-10-06 11:48:58.750 UTC [11183] STATEMENT:  INSERT INTO ops.webhook_change (subscriber_id, change, changed_by, changed_at, secret_written_at, event_id) VALUES ($1::VARCHAR, $2::VARCHAR, $3::VARCHAR, $4::TIMESTAMP WITH TIME ZONE, $5::TIMESTAMP WITH TIME ZONE, $6::VARCHAR) RETURNING ops.webhook_change.id
2026-10-06T11:49:19.3330899Z  2026-10-06 11:48:58.798 UTC [73] LOG:  checkpoint starting: immediate force wait
2026-10-06T11:49:19.3331493Z  2026-10-06 11:48:58.801 UTC [73] LOG:  checkpoint complete: wrote 51 buffers (0.3%), wrote 1 SLRU buffers; 0 WAL file(s) added, 0 removed, 1 recycled; write=0.001 s, sync=0.001 s, total=0.003 s; sync files=11, longest=0.001 s, average=0.001 s; distance=13230 kB, estimate=13847 kB; lsn=0/7E3062F8, redo lsn=0/7E3062A0
2026-10-06T11:49:19.3332155Z  2026-10-06 11:49:01.694 UTC [11196] FATAL:  role "root" does not exist
2026-10-06T11:49:19.3332376Z  2026-10-06 11:49:06.737 UTC [11204] FATAL:  role "root" does not exist
2026-10-06T11:49:19.3332592Z  2026-10-06 11:49:11.783 UTC [11212] FATAL:  role "root" does not exist
2026-10-06T11:49:19.3332814Z  2026-10-06 11:49:16.827 UTC [11221] FATAL:  role "root" does not exist
2026-10-06T11:49:19.3338931Z Stop and remove container: 1367f188937942bc945bcbd52bc232f3_pgvectorpgvectorpg18_eb58aa
2026-10-06T11:49:19.3342733Z ##[command]/usr/bin/docker rm --force 3c68478695679388beecbc8bed1945fe77c76131257615e7417b28ab675f30d7
2026-10-06T11:49:19.5442252Z 3c68478695679388beecbc8bed1945fe77c76131257615e7417b28ab675f30d7
2026-10-06T11:49:19.5474111Z Remove container network: github_network_50a5abf91ff94a76946f01732f9d6e88
2026-10-06T11:49:19.5476942Z ##[command]/usr/bin/docker network rm github_network_50a5abf91ff94a76946f01732f9d6e88
2026-10-06T11:49:19.6499594Z github_network_50a5abf91ff94a76946f01732f9d6e88
2026-10-06T11:49:19.6555063Z Cleaning up orphan processes
2026-10-06T11:49:19.6726488Z ##[warning]Node.js 20 is deprecated. The following actions target Node.js 20 but are being forced to run on Node.js 24: actions/checkout@v4, actions/setup-node@v4, actions/upload-artifact@v4, astral-sh/setup-uv@v5. For more information see: https://github.blog/changelog/2025-09-19-deprecation-of-node-20-on-github-actions-runners/
